{"type":"FeatureCollection","name":"PolygMasseDEauSouterraine_FXX","crs":{"type":"name","properties":{"name":"urn:ogc:def:crs:OGC:1.3:CRS84"}},"xy_coordinate_resolution":0.00001,"features":[{"type":"Feature","properties":{"code":"FRHG001","nom":"Alluvions de la Seine moyenne et aval","horizon":1,"type":"A","milieu":"1","karstique":0,"multicouches":0,"nature_ecoulement":"1"},"geometry":{"type":"MultiPolygon","coordinates":[[[[1.69925,49.05448],[1.69882,49.05467],[1.69852,49.05471],[1.69858,49.0548],[1.69794,49.05504],[1.69713,49.05537],[1.69464,49.05606],[1.69503,49.05637],[1.69356,49.05681],[1.6939,49.05738],[1.69426,49.05786],[1.69515,49.05891],[1.69589,49.06001],[1.69618,49.06066],[1.69622,49.06088],[1.69617,49.0615],[1.6961,49.06181],[1.69604,49.0624],[1.69603,49.06283],[1.6961,49.06315],[1.69624,49.06342],[1.69646,49.06367],[1.69669,49.06398],[1.69693,49.06411],[1.69712,49.06438],[1.69729,49.06483],[1.69732,49.06518],[1.6973,49.06552],[1.69723,49.06567],[1.69699,49.06595],[1.69642,49.06641],[1.69596,49.06673],[1.69574,49.06681],[1.69557,49.06692],[1.69525,49.06759],[1.69486,49.06786],[1.69418,49.06837],[1.69304,49.06919],[1.69234,49.06962],[1.69064,49.07053],[1.69013,49.07083],[1.68927,49.07121],[1.68845,49.07154],[1.68766,49.07181],[1.68748,49.07186],[1.68662,49.0721],[1.68611,49.07227],[1.68546,49.07256],[1.68507,49.07277],[1.68458,49.073],[1.68394,49.07332],[1.68289,49.07397],[1.6822,49.07436],[1.68122,49.0748],[1.68,49.07547],[1.67966,49.07566],[1.67911,49.07587],[1.67793,49.07619],[1.6774,49.0763],[1.67611,49.07682],[1.67549,49.07705],[1.67513,49.07722],[1.67436,49.0776],[1.67305,49.07831],[1.67238,49.07854],[1.67147,49.07871],[1.66967,49.07901],[1.66927,49.07909],[1.66897,49.07911],[1.66862,49.0791],[1.66816,49.07905],[1.66782,49.07896],[1.66739,49.07893],[1.66705,49.07893],[1.6667,49.07898],[1.66593,49.07914],[1.66478,49.07929],[1.66397,49.07942],[1.66267,49.07976],[1.66217,49.0799],[1.66187,49.08002],[1.66133,49.08029],[1.6605,49.08081],[1.66014,49.081],[1.65985,49.08111],[1.65952,49.08119],[1.65882,49.08129],[1.65837,49.08129],[1.6574,49.08126],[1.65654,49.08128],[1.6562,49.08134],[1.65507,49.08146],[1.65354,49.08178],[1.65269,49.08191],[1.65184,49.08194],[1.65143,49.08192],[1.65091,49.08186],[1.65009,49.08172],[1.64947,49.08157],[1.64915,49.08143],[1.64877,49.08129],[1.6485,49.08125],[1.64808,49.0813],[1.64775,49.08132],[1.64726,49.08137],[1.64676,49.08139],[1.64661,49.08148],[1.64603,49.08142],[1.64575,49.08146],[1.64489,49.08151],[1.64445,49.08156],[1.64404,49.08155],[1.6434,49.08134],[1.64306,49.08126],[1.64267,49.08119],[1.64228,49.08106],[1.64127,49.08067],[1.64019,49.08036],[1.64007,49.08016],[1.64042,49.07933],[1.64033,49.07904],[1.63613,49.07912],[1.63376,49.07919],[1.63238,49.07897],[1.6309,49.07863],[1.6295,49.07827],[1.62861,49.07799],[1.62784,49.07766],[1.62714,49.07733],[1.62481,49.07615],[1.62013,49.07383],[1.61695,49.07235],[1.61587,49.0719],[1.61543,49.07171],[1.61442,49.07119],[1.61358,49.07186],[1.61229,49.07275],[1.6128,49.07308],[1.6119,49.07355],[1.61192,49.07357],[1.61206,49.07396],[1.6124,49.07442],[1.61365,49.07486],[1.6142,49.07569],[1.6152,49.07623],[1.61576,49.07641],[1.61617,49.07667],[1.61662,49.07706],[1.61707,49.07734],[1.61749,49.0775],[1.61832,49.07771],[1.62303,49.07952],[1.62449,49.08026],[1.62702,49.08113],[1.62829,49.08163],[1.63085,49.08238],[1.63144,49.08242],[1.63272,49.08263],[1.63316,49.08291],[1.63361,49.08308],[1.63409,49.08304],[1.63489,49.08308],[1.63646,49.08348],[1.64012,49.08389],[1.6435,49.08435],[1.64422,49.0844],[1.64868,49.0844],[1.64962,49.08445],[1.6507,49.08457],[1.65168,49.08449],[1.65235,49.08449],[1.6528,49.08459],[1.65363,49.08477],[1.65434,49.08447],[1.65507,49.08416],[1.65738,49.0839],[1.65826,49.0834],[1.65921,49.0832],[1.65983,49.08325],[1.66032,49.08323],[1.66103,49.08307],[1.66215,49.08271],[1.66335,49.08248],[1.6643,49.08241],[1.665,49.08219],[1.6656,49.08194],[1.66717,49.08179],[1.66718,49.08179],[1.66773,49.08163],[1.66864,49.0812],[1.66931,49.08095],[1.67047,49.08061],[1.67148,49.08025],[1.67264,49.07973],[1.67363,49.07937],[1.67457,49.07885],[1.67701,49.07798],[1.67856,49.07748],[1.68021,49.07669],[1.6814,49.07633],[1.68241,49.07617],[1.68428,49.07504],[1.68558,49.07438],[1.6873,49.07333],[1.6886,49.07267],[1.69044,49.07189],[1.69202,49.0711],[1.69333,49.07017],[1.69593,49.06844],[1.69731,49.06736],[1.69775,49.06681],[1.69792,49.06631],[1.69818,49.06601],[1.69839,49.06576],[1.69891,49.06528],[1.6997,49.06434],[1.6999,49.06399],[1.70008,49.0638],[1.70093,49.06287],[1.70145,49.06201],[1.70157,49.06152],[1.70146,49.06113],[1.70156,49.06115],[1.70118,49.06044],[1.7008,49.05917],[1.70033,49.05711],[1.69991,49.05608],[1.69968,49.05503],[1.69926,49.05447],[1.69925,49.05448]]],[[[2.29194,48.95198],[2.29222,48.95147],[2.29081,48.95109],[2.28796,48.95076],[2.28546,48.95042],[2.28505,48.95037],[2.28149,48.94976],[2.279,48.94904],[2.27508,48.948],[2.27247,48.9474],[2.27067,48.94706],[2.26969,48.94682],[2.26909,48.94669],[2.26861,48.94653],[2.26815,48.94634],[2.26715,48.94593],[2.26671,48.94573],[2.26517,48.94498],[2.2636,48.94439],[2.26316,48.9442],[2.26216,48.94388],[2.26177,48.94376],[2.26092,48.94344],[2.26027,48.94314],[2.25982,48.94295],[2.25898,48.94254],[2.25863,48.94235],[2.25791,48.94192],[2.25708,48.94137],[2.25641,48.94084],[2.25607,48.9406],[2.25558,48.94019],[2.25527,48.94007],[2.25373,48.93944],[2.25289,48.93911],[2.25221,48.93883],[2.2517,48.93861],[2.251,48.93832],[2.25034,48.93803],[2.24905,48.93741],[2.24856,48.93721],[2.24756,48.93674],[2.24727,48.9366],[2.24587,48.93583],[2.24458,48.93485],[2.2442,48.93459],[2.2435,48.93405],[2.24264,48.93342],[2.24177,48.93285],[2.23888,48.93156],[2.23768,48.93109],[2.23687,48.93072],[2.23609,48.9304],[2.23494,48.92977],[2.23301,48.92877],[2.23175,48.92808],[2.23114,48.92773],[2.23027,48.92713],[2.22784,48.9255],[2.22675,48.92474],[2.2246,48.92329],[2.22406,48.92293],[2.22297,48.92224],[2.2204,48.92061],[2.2191,48.91979],[2.21672,48.91822],[2.21547,48.91741],[2.2142,48.91656],[2.21386,48.91628],[2.21316,48.9157],[2.21257,48.9151],[2.21214,48.9147],[2.2112,48.91398],[2.211,48.91386],[2.20972,48.91299],[2.20829,48.91206],[2.20767,48.91169],[2.2068,48.91124],[2.20598,48.91084],[2.20545,48.91064],[2.20447,48.91024],[2.20357,48.9099],[2.2022,48.90933],[2.20121,48.90896],[2.20047,48.90863],[2.19821,48.91204],[2.19942,48.91262],[2.20023,48.91296],[2.20064,48.91325],[2.20113,48.91341],[2.2023,48.91388],[2.20386,48.91454],[2.20364,48.91479],[2.20406,48.91495],[2.20518,48.91538],[2.20568,48.91557],[2.20595,48.91567],[2.2062,48.91576],[2.20644,48.91584],[2.20666,48.91592],[2.20682,48.91597],[2.20699,48.91602],[2.20717,48.91608],[2.20736,48.91613],[2.20772,48.91623],[2.20857,48.91645],[2.20879,48.91651],[2.20899,48.91657],[2.20919,48.91663],[2.20938,48.91669],[2.20955,48.91674],[2.20972,48.9168],[2.21035,48.91703],[2.21055,48.9171],[2.21073,48.91717],[2.21091,48.91725],[2.21108,48.91732],[2.21124,48.91739],[2.21138,48.91746],[2.21152,48.91754],[2.21167,48.91762],[2.21182,48.91771],[2.21197,48.91782],[2.21212,48.91792],[2.21227,48.91803],[2.21285,48.91845],[2.21302,48.91858],[2.2132,48.91872],[2.21337,48.91886],[2.21339,48.91887],[2.21338,48.91887],[2.21337,48.91887],[2.21303,48.91884],[2.21252,48.9188],[2.21204,48.91876],[2.21204,48.91876],[2.21199,48.91876],[2.21152,48.91871],[2.21102,48.91865],[2.21054,48.91859],[2.21001,48.91853],[2.20954,48.91847],[2.20948,48.91846],[2.20911,48.91841],[2.20874,48.91835],[2.20858,48.91831],[2.20824,48.91825],[2.20816,48.91824],[2.20777,48.91815],[2.20766,48.91813],[2.2072,48.91802],[2.20675,48.91789],[2.20584,48.91763],[2.20518,48.91743],[2.20478,48.9173],[2.20431,48.91714],[2.2037,48.91693],[2.20327,48.91678],[2.20286,48.9166],[2.20246,48.91642],[2.20229,48.91633],[2.20222,48.91641],[2.2015,48.91726],[2.20112,48.91769],[2.20082,48.91801],[2.20043,48.9183],[2.1998,48.91873],[2.19919,48.91897],[2.19956,48.91919],[2.20105,48.92015],[2.20209,48.92081],[2.20239,48.92097],[2.20363,48.92144],[2.20472,48.92183],[2.20517,48.92203],[2.20501,48.92225],[2.20511,48.92225],[2.20479,48.92271],[2.20492,48.92275],[2.20438,48.92362],[2.20462,48.92368],[2.20407,48.92455],[2.20432,48.92451],[2.20398,48.92507],[2.20462,48.92522],[2.20396,48.92618],[2.20416,48.92626],[2.20449,48.92637],[2.20489,48.92648],[2.2052,48.9266],[2.20561,48.92673],[2.20602,48.92685],[2.20633,48.92696],[2.20665,48.92705],[2.20706,48.92714],[2.20748,48.92723],[2.20788,48.92732],[2.2082,48.9274],[2.2086,48.92753],[2.20891,48.92763],[2.20933,48.92769],[2.20974,48.92769],[2.21013,48.9277],[2.21047,48.92776],[2.21081,48.92794],[2.21105,48.92814],[2.21126,48.92834],[2.21153,48.92854],[2.21181,48.9287],[2.2122,48.92883],[2.21253,48.92892],[2.21286,48.92898],[2.21325,48.92904],[2.21351,48.92908],[2.21366,48.92911],[2.21402,48.92916],[2.21438,48.92923],[2.2148,48.92934],[2.21522,48.92946],[2.21556,48.92957],[2.21593,48.9297],[2.21625,48.92982],[2.21658,48.92992],[2.21695,48.93005],[2.21729,48.93016],[2.21765,48.93026],[2.21802,48.93036],[2.21842,48.93045],[2.21883,48.9305],[2.21926,48.93057],[2.21966,48.93067],[2.21998,48.93078],[2.22037,48.93089],[2.22079,48.93103],[2.22121,48.93113],[2.22162,48.93119],[2.22203,48.93124],[2.22245,48.93125],[2.22288,48.93125],[2.22328,48.93125],[2.22368,48.93123],[2.2241,48.9312],[2.22451,48.93115],[2.22492,48.93112],[2.22535,48.9311],[2.22577,48.93114],[2.22607,48.93129],[2.22637,48.93154],[2.22656,48.93183],[2.2266,48.9321],[2.22652,48.93238],[2.2264,48.93266],[2.22628,48.9329],[2.22611,48.93319],[2.22592,48.93346],[2.22578,48.93367],[2.22562,48.93387],[2.22545,48.93414],[2.22529,48.93441],[2.22517,48.93469],[2.22509,48.93493],[2.22501,48.93523],[2.22497,48.9355],[2.22498,48.93579],[2.22501,48.93603],[2.22508,48.93633],[2.22514,48.93655],[2.22531,48.93677],[2.22576,48.93698],[2.22614,48.93689],[2.22638,48.93673],[2.2266,48.93648],[2.2268,48.93617],[2.22691,48.93593],[2.22701,48.93565],[2.22709,48.93539],[2.22715,48.93511],[2.22722,48.93484],[2.22742,48.93456],[2.22783,48.93442],[2.22824,48.93442],[2.22864,48.93447],[2.22896,48.93456],[2.22937,48.9347],[2.22966,48.93484],[2.2299,48.935],[2.23017,48.93524],[2.2304,48.93551],[2.23059,48.93579],[2.23073,48.936],[2.23093,48.93626],[2.23114,48.93652],[2.23138,48.93674],[2.23179,48.93702],[2.23218,48.93711],[2.23258,48.937],[2.23295,48.93676],[2.2332,48.93659],[2.23362,48.93657],[2.23404,48.93661],[2.23452,48.93675],[2.23481,48.93688],[2.2351,48.93702],[2.23547,48.9372],[2.2359,48.93743],[2.23619,48.93756],[2.23648,48.9377],[2.23678,48.93783],[2.23708,48.93797],[2.2374,48.93811],[2.23776,48.93825],[2.23805,48.93837],[2.23843,48.93851],[2.23883,48.93865],[2.23926,48.93879],[2.23961,48.93893],[2.24003,48.9392],[2.24029,48.93947],[2.24055,48.93975],[2.2409,48.94007],[2.24096,48.94013],[2.24118,48.94032],[2.24159,48.94062],[2.24199,48.94079],[2.2424,48.94089],[2.24284,48.94093],[2.24325,48.94097],[2.24365,48.94099],[2.24406,48.94098],[2.24448,48.94096],[2.24489,48.94094],[2.24531,48.94094],[2.24572,48.94095],[2.24612,48.94095],[2.24654,48.94094],[2.24697,48.94093],[2.24738,48.94096],[2.24778,48.941],[2.24821,48.94107],[2.24854,48.94116],[2.24887,48.94129],[2.24925,48.94146],[2.24964,48.94166],[2.24996,48.94184],[2.25027,48.94207],[2.2505,48.94224],[2.25089,48.94252],[2.25131,48.94277],[2.25159,48.94292],[2.25194,48.9431],[2.25239,48.94334],[2.25276,48.94356],[2.25297,48.94375],[2.25321,48.94401],[2.25344,48.94429],[2.2536,48.94448],[2.25371,48.94473],[2.2538,48.94501],[2.25385,48.94528],[2.25387,48.94553],[2.25387,48.94583],[2.25387,48.94611],[2.25385,48.94638],[2.25378,48.94664],[2.25365,48.94692],[2.25347,48.94714],[2.25323,48.94734],[2.25291,48.94752],[2.25263,48.94765],[2.2523,48.94778],[2.25199,48.94791],[2.25165,48.94808],[2.25137,48.94824],[2.25106,48.94843],[2.25085,48.9487],[2.25101,48.9489],[2.25134,48.94903],[2.25176,48.94899],[2.25207,48.94889],[2.25238,48.94875],[2.25264,48.94859],[2.2529,48.94843],[2.25324,48.94823],[2.25354,48.94804],[2.2538,48.94786],[2.25404,48.94769],[2.25427,48.94748],[2.25452,48.94725],[2.25472,48.94702],[2.25488,48.9468],[2.25509,48.94655],[2.25524,48.94632],[2.25542,48.94612],[2.2556,48.94592],[2.2558,48.94573],[2.25603,48.94551],[2.25631,48.94528],[2.25657,48.9451],[2.25686,48.9449],[2.25714,48.94474],[2.25745,48.9446],[2.25775,48.94446],[2.25807,48.94433],[2.25813,48.94435],[2.2585,48.94451],[2.25887,48.94468],[2.25967,48.94505],[2.26002,48.94521],[2.26022,48.94529],[2.2604,48.94537],[2.26058,48.94544],[2.26075,48.94551],[2.26091,48.94557],[2.26107,48.94563],[2.26125,48.94569],[2.26142,48.94575],[2.26161,48.94581],[2.2618,48.94586],[2.26199,48.94592],[2.2622,48.94598],[2.26252,48.94606],[2.26258,48.94608],[2.26301,48.94619],[2.26345,48.94629],[2.2646,48.94657],[2.26495,48.94665],[2.26525,48.94673],[2.2656,48.94682],[2.26592,48.94691],[2.26622,48.947],[2.2665,48.94709],[2.26684,48.94721],[2.26721,48.94734],[2.26764,48.9475],[2.26854,48.94784],[2.26894,48.94799],[2.26936,48.94814],[2.26974,48.94827],[2.27027,48.94844],[2.27083,48.94862],[2.27141,48.94879],[2.27203,48.94897],[2.27267,48.94915],[2.27335,48.94934],[2.2741,48.94954],[2.27495,48.94976],[2.27533,48.94985],[2.27572,48.94995],[2.27613,48.95005],[2.27657,48.95015],[2.27741,48.95034],[2.27895,48.95067],[2.27955,48.95081],[2.28017,48.95094],[2.28072,48.95107],[2.28096,48.95113],[2.28126,48.95121],[2.28138,48.95124],[2.28146,48.95125],[2.28237,48.95149],[2.28285,48.9516],[2.28335,48.95172],[2.28358,48.95177],[2.2838,48.95182],[2.28412,48.95189],[2.28446,48.95195],[2.28481,48.95202],[2.28519,48.95208],[2.28592,48.95221],[2.28754,48.95247],[2.28907,48.95272],[2.28994,48.95286],[2.29037,48.95293],[2.29076,48.95299],[2.29114,48.95304],[2.29132,48.95306],[2.29194,48.95198]]],[[[2.17515,48.95238],[2.17519,48.95243],[2.17333,48.95348],[2.17447,48.95429],[2.17481,48.95464],[2.1755,48.95534],[2.1759,48.95579],[2.17638,48.95638],[2.1769,48.95708],[2.1775,48.95784],[2.17777,48.95832],[2.178,48.95881],[2.17813,48.95902],[2.17822,48.95964],[2.17826,48.95993],[2.1783,48.96068],[2.17826,48.96119],[2.17811,48.96238],[2.17805,48.96327],[2.1782,48.96388],[2.17854,48.96492],[2.17882,48.96573],[2.17905,48.96609],[2.17847,48.96628],[2.178,48.96646],[2.17781,48.9666],[2.17755,48.96687],[2.17733,48.96719],[2.17717,48.9675],[2.17713,48.96776],[2.17717,48.96799],[2.17712,48.96848],[2.17693,48.96889],[2.17685,48.96904],[2.1764,48.9695],[2.1761,48.96998],[2.17563,48.97128],[2.1755,48.97174],[2.17549,48.97199],[2.17554,48.97226],[2.17557,48.97292],[2.17527,48.97358],[2.17472,48.9741],[2.1743,48.97453],[2.17382,48.97505],[2.17322,48.97557],[2.1726,48.97609],[2.17163,48.97707],[2.17064,48.97822],[2.17055,48.97839],[2.17044,48.97844],[2.16995,48.97859],[2.16948,48.97881],[2.16894,48.9791],[2.16834,48.97947],[2.16669,48.98046],[2.16627,48.98081],[2.16602,48.98111],[2.1659,48.9813],[2.16562,48.9816],[2.16468,48.98215],[2.16412,48.98238],[2.16338,48.98251],[2.16271,48.98266],[2.16237,48.98277],[2.16202,48.98284],[2.16157,48.98297],[2.16111,48.98319],[2.16091,48.98325],[2.16049,48.98346],[2.15922,48.98397],[2.1583,48.98421],[2.15634,48.9849],[2.15609,48.98508],[2.15589,48.98536],[2.1557,48.98559],[2.15047,48.98646],[2.1498,48.98639],[2.14894,48.98644],[2.14831,48.9865],[2.14768,48.98661],[2.14735,48.98669],[2.14623,48.98702],[2.14445,48.9875],[2.14346,48.98776],[2.14265,48.98794],[2.14163,48.98812],[2.14015,48.98828],[2.13808,48.98829],[2.13763,48.98829],[2.13693,48.9883],[2.13616,48.98837],[2.13539,48.98849],[2.13481,48.98854],[2.13412,48.98862],[2.13326,48.98869],[2.13214,48.98869],[2.13015,48.98878],[2.12881,48.98888],[2.12816,48.98896],[2.12763,48.98906],[2.127,48.98924],[2.12653,48.98941],[2.12626,48.98954],[2.1259,48.98979],[2.12556,48.99006],[2.12497,48.99066],[2.12454,48.99102],[2.12393,48.99148],[2.12364,48.99166],[2.1238,48.9925],[2.12657,48.9922],[2.12814,48.99203],[2.12862,48.99197],[2.12911,48.99192],[2.1296,48.99186],[2.12961,48.99186],[2.13005,48.99183],[2.13055,48.99178],[2.13057,48.99178],[2.13109,48.99176],[2.13152,48.99175],[2.13253,48.99172],[2.133,48.9917],[2.13347,48.99165],[2.13398,48.9916],[2.13496,48.9915],[2.13545,48.99151],[2.13561,48.99153],[2.13622,48.99161],[2.1367,48.99167],[2.13724,48.9917],[2.13767,48.99172],[2.13812,48.99174],[2.13814,48.99174],[2.13863,48.99175],[2.13863,48.99175],[2.13918,48.99177],[2.1397,48.99178],[2.13986,48.99178],[2.14014,48.99179],[2.14016,48.99179],[2.14061,48.99176],[2.14101,48.9917],[2.14158,48.99162],[2.14205,48.99155],[2.14207,48.99155],[2.14253,48.99145],[2.14302,48.99135],[2.1435,48.99126],[2.14428,48.9911],[2.14441,48.99107],[2.14443,48.99107],[2.14496,48.99093],[2.14498,48.99093],[2.14618,48.99054],[2.14648,48.99045],[2.1469,48.99035],[2.14718,48.99029],[2.14792,48.99012],[2.14844,48.99],[2.1489,48.9899],[2.14925,48.98979],[2.14963,48.98967],[2.15015,48.98951],[2.15064,48.98936],[2.15125,48.98917],[2.15182,48.989],[2.15238,48.98883],[2.1528,48.98868],[2.15296,48.98862],[2.1533,48.9885],[2.15372,48.98835],[2.15407,48.98822],[2.15453,48.98806],[2.15551,48.98771],[2.15588,48.98758],[2.15768,48.98694],[2.15812,48.98678],[2.15951,48.98653],[2.16197,48.9861],[2.16402,48.9856],[2.16579,48.98475],[2.16873,48.98314],[2.16977,48.98251],[2.17066,48.98206],[2.17114,48.98171],[2.17176,48.98108],[2.17326,48.97991],[2.17415,48.9791],[2.17498,48.97825],[2.17587,48.97704],[2.17642,48.97609],[2.17676,48.97568],[2.17738,48.97474],[2.17793,48.97344],[2.17827,48.97299],[2.17888,48.97254],[2.17937,48.97164],[2.18044,48.97008],[2.1806,48.96985],[2.18062,48.96976],[2.18088,48.9688],[2.18103,48.96824],[2.18108,48.96805],[2.18129,48.96774],[2.18154,48.96615],[2.18166,48.96541],[2.18166,48.96444],[2.18161,48.9636],[2.18143,48.96299],[2.181,48.96149],[2.18064,48.96026],[2.1792,48.95755],[2.17784,48.95573],[2.17783,48.95572],[2.1761,48.95394],[2.17622,48.95387],[2.17635,48.95379],[2.17647,48.95363],[2.17644,48.95361],[2.17526,48.95233],[2.17515,48.95238]]]]}},{"type":"Feature","properties":{"code":"FRHG002","nom":"Alluvions de l'Oise","horizon":1,"type":"A","milieu":"1","karstique":0,"multicouches":0,"nature_ecoulement":"1"},"geometry":{"type":"MultiPolygon","coordinates":[[[[2.35498,49.15217],[2.35488,49.15175],[2.35342,49.15116],[2.35379,49.15085],[2.35487,49.1495],[2.35509,49.14926],[2.35546,49.14904],[2.35598,49.14869],[2.35636,49.14895],[2.35747,49.14835],[2.35757,49.14833],[2.35765,49.14845],[2.35834,49.14826],[2.35799,49.14806],[2.35934,49.14733],[2.35954,49.14746],[2.35979,49.14767],[2.3601,49.14797],[2.36037,49.14825],[2.36106,49.14912],[2.36131,49.14948],[2.36177,49.15019],[2.36201,49.15067],[2.36219,49.15118],[2.36225,49.15148],[2.36227,49.15181],[2.36226,49.15217],[2.36221,49.15254],[2.36308,49.15251],[2.36351,49.15239],[2.36384,49.15248],[2.36402,49.15248],[2.36436,49.15233],[2.36487,49.15229],[2.36504,49.15235],[2.36492,49.15245],[2.36502,49.15286],[2.365,49.15297],[2.36488,49.15314],[2.365,49.15333],[2.36487,49.15355],[2.36512,49.15372],[2.36519,49.15403],[2.3653,49.1541],[2.36565,49.15402],[2.36596,49.154],[2.3663,49.1539],[2.36654,49.15397],[2.36654,49.15423],[2.36664,49.15443],[2.36651,49.15452],[2.36634,49.15447],[2.36619,49.15451],[2.36605,49.1548],[2.36621,49.15495],[2.36649,49.15485],[2.36661,49.15528],[2.36699,49.1554],[2.36704,49.15546],[2.36708,49.1558],[2.36716,49.15587],[2.36737,49.1558],[2.36752,49.1557],[2.36762,49.15576],[2.36773,49.15603],[2.36793,49.15608],[2.36827,49.15593],[2.36839,49.15606],[2.36871,49.15628],[2.36889,49.15632],[2.36928,49.15616],[2.3695,49.15619],[2.36962,49.15624],[2.36981,49.15643],[2.3698,49.15658],[2.3697,49.15679],[2.36971,49.15689],[2.36985,49.15692],[2.37005,49.15681],[2.37027,49.15685],[2.3703,49.15693],[2.37025,49.15703],[2.37279,49.15654],[2.37193,49.15604],[2.37111,49.15532],[2.3709,49.15487],[2.37104,49.15442],[2.37166,49.15401],[2.37237,49.15383],[2.37347,49.15295],[2.37323,49.15154],[2.37262,49.15118],[2.37248,49.15082],[2.37248,49.15051],[2.37261,49.15016],[2.37276,49.14974],[2.3729,49.14907],[2.37262,49.14866],[2.37166,49.14799],[2.37146,49.14767],[2.37166,49.14736],[2.37207,49.14718],[2.37262,49.14722],[2.3742,49.14826],[2.37447,49.1483],[2.37447,49.14803],[2.37434,49.14776],[2.37454,49.14754],[2.37509,49.14731],[2.37509,49.14723],[2.37434,49.14691],[2.37358,49.14668],[2.37091,49.14619],[2.3704,49.14608],[2.36926,49.14583],[2.36916,49.14579],[2.36748,49.1452],[2.36652,49.14457],[2.36584,49.14345],[2.36536,49.14309],[2.36467,49.14291],[2.36344,49.14273],[2.36241,49.14237],[2.36124,49.1416],[2.35972,49.1401],[2.35955,49.13994],[2.35919,49.13943],[2.35859,49.13886],[2.3584,49.1383],[2.3581,49.1379],[2.35788,49.13771],[2.35733,49.13751],[2.35472,49.13688],[2.35381,49.13672],[2.35268,49.13679],[2.35144,49.13678],[2.34989,49.13658],[2.34785,49.13623],[2.34712,49.13623],[2.34604,49.13638],[2.34452,49.1368],[2.34351,49.13701],[2.34069,49.13742],[2.33986,49.13763],[2.33891,49.13814],[2.33825,49.13833],[2.33602,49.13876],[2.33486,49.1389],[2.33199,49.13944],[2.33153,49.13997],[2.3308,49.14043],[2.32833,49.14154],[2.3272,49.14185],[2.32617,49.14248],[2.32555,49.14302],[2.32487,49.14338],[2.32411,49.14405],[2.32399,49.14426],[2.32311,49.14479],[2.32173,49.14528],[2.32002,49.14577],[2.31999,49.14579],[2.31954,49.14595],[2.3183,49.14627],[2.31721,49.14645],[2.31261,49.14671],[2.31062,49.14703],[2.30904,49.14761],[2.3076,49.14788],[2.30595,49.14806],[2.30197,49.14806],[2.29903,49.14761],[2.29834,49.14761],[2.29601,49.1481],[2.29518,49.14814],[2.2934,49.14774],[2.2908,49.14724],[2.28901,49.14679],[2.28718,49.14599],[2.28594,49.14507],[2.28564,49.14495],[2.2849,49.14449],[2.28258,49.14359],[2.28114,49.14319],[2.27553,49.14019],[2.27499,49.13962],[2.27429,49.13842],[2.27383,49.13785],[2.27299,49.13738],[2.27156,49.13678],[2.2712,49.13638],[2.26774,49.13417],[2.26689,49.13412],[2.26603,49.13396],[2.26445,49.13336],[2.26262,49.13241],[2.26217,49.13223],[2.26088,49.13196],[2.25859,49.1316],[2.25762,49.13136],[2.25556,49.1312],[2.25549,49.13119],[2.25448,49.13103],[2.25321,49.13056],[2.25189,49.1302],[2.25136,49.13005],[2.25029,49.12985],[2.24941,49.12975],[2.24613,49.12965],[2.24568,49.12956],[2.24053,49.12923],[2.24058,49.12921],[2.24128,49.12883],[2.24139,49.12875],[2.24151,49.12865],[2.24212,49.12802],[2.24228,49.12767],[2.24233,49.12737],[2.24244,49.12665],[2.24284,49.12572],[2.24343,49.1246],[2.24374,49.12417],[2.24402,49.1238],[2.24445,49.12345],[2.2454,49.123],[2.24583,49.12267],[2.24603,49.12234],[2.24611,49.12187],[2.24608,49.12149],[2.24606,49.12142],[2.24599,49.12107],[2.24567,49.12035],[2.24529,49.11978],[2.24453,49.11886],[2.24392,49.11832],[2.24367,49.11816],[2.24285,49.11767],[2.24158,49.11711],[2.24059,49.11675],[2.2397,49.11654],[2.23927,49.11647],[2.23701,49.11632],[2.2359,49.11614],[2.23493,49.11584],[2.23477,49.11576],[2.23423,49.11543],[2.23357,49.11491],[2.23299,49.11434],[2.2315,49.11263],[2.23076,49.11185],[2.23031,49.1115],[2.22988,49.11128],[2.2295,49.11112],[2.22817,49.11075],[2.22739,49.11045],[2.22636,49.11003],[2.22525,49.10944],[2.22412,49.10872],[2.22368,49.10835],[2.22326,49.10788],[2.22319,49.10778],[2.22282,49.10726],[2.22248,49.10687],[2.2219,49.10639],[2.22143,49.10604],[2.22027,49.10499],[2.21941,49.10411],[2.21919,49.10364],[2.21905,49.10325],[2.21895,49.10233],[2.21884,49.10205],[2.2186,49.10158],[2.21828,49.1013],[2.21751,49.10084],[2.21611,49.10221],[2.2163,49.10159],[2.2164,49.1009],[2.21641,49.10053],[2.21641,49.10004],[2.21629,49.09933],[2.21607,49.09876],[2.21526,49.09748],[2.21489,49.09704],[2.2145,49.09659],[2.21395,49.09573],[2.21325,49.095],[2.21293,49.09442],[2.21235,49.09389],[2.21049,49.09176],[2.21005,49.09113],[2.2097,49.09034],[2.20962,49.08991],[2.20965,49.08962],[2.20666,49.08493],[2.20613,49.08371],[2.20588,49.08332],[2.20524,49.08258],[2.20503,49.08209],[2.20475,49.08166],[2.20383,49.08083],[2.20351,49.08042],[2.20265,49.07881],[2.20158,49.07733],[2.20099,49.07664],[2.2,49.07572],[2.19878,49.07471],[2.1981,49.07426],[2.19724,49.0738],[2.19605,49.07299],[2.19549,49.07267],[2.19477,49.07235],[2.19324,49.07183],[2.19273,49.07154],[2.19252,49.07112],[2.19254,49.07071],[2.19244,49.07045],[2.19223,49.07023],[2.19181,49.07016],[2.19053,49.0704],[2.18972,49.07036],[2.18715,49.06987],[2.18618,49.06975],[2.18155,49.0688],[2.18169,49.06858],[2.18034,49.06791],[2.17452,49.06445],[2.17339,49.06395],[2.17288,49.06383],[2.17234,49.06374],[2.17229,49.06374],[2.16962,49.06332],[2.16953,49.06331],[2.16949,49.0633],[2.16945,49.0633],[2.16943,49.0633],[2.16925,49.0633],[2.16651,49.06332],[2.16649,49.06332],[2.16568,49.06325],[2.16556,49.06322],[2.16526,49.06313],[2.165,49.06292],[2.16445,49.06198],[2.16424,49.06173],[2.16405,49.06162],[2.16357,49.06154],[2.16335,49.06159],[2.16316,49.06176],[2.16264,49.06314],[2.16241,49.06346],[2.16201,49.06376],[2.16186,49.0638],[2.16177,49.06383],[2.16105,49.06384],[2.16103,49.06384],[2.16064,49.06382],[2.15976,49.06377],[2.15858,49.06371],[2.15855,49.06371],[2.15823,49.06373],[2.15575,49.06388],[2.1557,49.06388],[2.15568,49.06388],[2.15566,49.06388],[2.15561,49.06388],[2.15418,49.06382],[2.15327,49.06379],[2.1522,49.06381],[2.15218,49.06381],[2.15216,49.06381],[2.15161,49.06376],[2.1513,49.06373],[2.15112,49.06368],[2.15111,49.06368],[2.15095,49.06363],[2.14999,49.06345],[2.14984,49.06343],[2.14944,49.06337],[2.14886,49.06328],[2.14751,49.06308],[2.14749,49.06307],[2.14689,49.06292],[2.14641,49.06279],[2.14637,49.06279],[2.14218,49.06273],[2.14216,49.06274],[2.14173,49.06276],[2.14162,49.06275],[2.14095,49.0627],[2.14042,49.06265],[2.13982,49.0626],[2.13916,49.06255],[2.139,49.06254],[2.13859,49.06245],[2.13845,49.06242],[2.13773,49.06227],[2.13758,49.06223],[2.13716,49.06212],[2.13681,49.06203],[2.13679,49.06202],[2.13516,49.06142],[2.13501,49.06137],[2.13456,49.06123],[2.13385,49.06101],[2.13367,49.06094],[2.13317,49.06075],[2.13277,49.06064],[2.13223,49.0605],[2.13173,49.06037],[2.13086,49.06014],[2.13084,49.06013],[2.13042,49.0599],[2.12975,49.05953],[2.12962,49.05946],[2.1296,49.05945],[2.12926,49.05923],[2.12718,49.05792],[2.12685,49.05772],[2.12684,49.05771],[2.1265,49.05748],[2.1262,49.05727],[2.12574,49.05695],[2.12535,49.05669],[2.12534,49.05668],[2.1249,49.05642],[2.12466,49.05627],[2.12449,49.05617],[2.12436,49.05607],[2.12371,49.05559],[2.12344,49.05539],[2.12311,49.05515],[2.12296,49.05509],[2.12294,49.05508],[2.12283,49.05504],[2.12211,49.05473],[2.12195,49.05466],[2.12144,49.05445],[2.12076,49.05424],[2.12075,49.05423],[2.12048,49.05397],[2.12038,49.05387],[2.12034,49.05383],[2.12027,49.05376],[2.12005,49.05355],[2.11946,49.05299],[2.11937,49.0529],[2.1183,49.0516],[2.11828,49.05157],[2.11813,49.05082],[2.11816,49.05053],[2.11819,49.05026],[2.11836,49.04973],[2.1186,49.04924],[2.119,49.04879],[2.1186,49.04825],[2.11679,49.04593],[2.11652,49.04557],[2.11644,49.04547],[2.11634,49.04547],[2.11588,49.04547],[2.11568,49.04549],[2.11493,49.04553],[2.11439,49.04557],[2.11381,49.0456],[2.11366,49.0456],[2.1131,49.04561],[2.11295,49.0456],[2.11261,49.04559],[2.11238,49.04558],[2.11222,49.04556],[2.11108,49.0454],[2.11105,49.04539],[2.11042,49.04522],[2.11037,49.0452],[2.11021,49.04514],[2.10973,49.04496],[2.10926,49.04479],[2.10878,49.04461],[2.10845,49.04449],[2.10844,49.04448],[2.10801,49.04426],[2.1076,49.04405],[2.10661,49.04337],[2.10653,49.04331],[2.10597,49.04265],[2.10564,49.04205],[2.10544,49.04171],[2.1053,49.04146],[2.10525,49.04135],[2.10509,49.041],[2.10479,49.04033],[2.10425,49.03853],[2.10393,49.03765],[2.10338,49.03609],[2.10336,49.03605],[2.10335,49.036],[2.10312,49.03537],[2.103,49.03502],[2.10296,49.03491],[2.10272,49.03402],[2.10259,49.03355],[2.10246,49.03308],[2.10237,49.03275],[2.1023,49.03262],[2.10186,49.03168],[2.1017,49.03135],[2.10166,49.03128],[2.10161,49.03119],[2.10144,49.03084],[2.10089,49.02992],[2.10064,49.02959],[2.10056,49.02949],[2.10038,49.02932],[2.09978,49.02876],[2.09945,49.02847],[2.0982,49.02759],[2.09808,49.02751],[2.09796,49.02744],[2.09755,49.0272],[2.09702,49.02688],[2.0965,49.02657],[2.09568,49.02609],[2.09514,49.02577],[2.09503,49.0257],[2.09473,49.02555],[2.09456,49.02549],[2.09408,49.02532],[2.09357,49.02513],[2.09353,49.02507],[2.09326,49.02472],[2.09301,49.0244],[2.0927,49.02407],[2.09247,49.02384],[2.09138,49.02232],[2.09113,49.02198],[2.0908,49.02166],[2.09053,49.02141],[2.09037,49.02133],[2.08978,49.02104],[2.08943,49.02087],[2.08875,49.02046],[2.08822,49.02014],[2.08783,49.0199],[2.08697,49.01949],[2.08644,49.01924],[2.08597,49.01907],[2.08579,49.01902],[2.08564,49.01898],[2.08473,49.01893],[2.0847,49.01893],[2.08468,49.01893],[2.08415,49.01885],[2.08369,49.01878],[2.08321,49.01871],[2.08319,49.0187],[2.0815,49.01816],[2.08149,49.01816],[2.08134,49.01813],[2.08102,49.01806],[2.081,49.01806],[2.07999,49.01804],[2.07997,49.01804],[2.07949,49.01805],[2.07899,49.01807],[2.07845,49.01809],[2.07803,49.0181],[2.07753,49.01812],[2.0775,49.01812],[2.07588,49.01834],[2.07586,49.01834],[2.07518,49.01855],[2.07504,49.0186],[2.07462,49.01869],[2.0741,49.0188],[2.0736,49.01891],[2.07264,49.01911],[2.07171,49.01931],[2.07169,49.01932],[2.07103,49.0195],[2.07047,49.01967],[2.07045,49.01967],[2.06949,49.02004],[2.06945,49.02006],[2.06851,49.02058],[2.06837,49.02067],[2.06801,49.02091],[2.06705,49.02153],[2.06607,49.02229],[2.06514,49.02324],[2.06343,49.02517],[2.06291,49.02565],[2.0618,49.02646],[2.06027,49.02741],[2.05852,49.0275],[2.05778,49.02745],[2.057,49.02726],[2.05612,49.02807],[2.05345,49.02941],[2.04918,49.03032],[2.04722,49.0308],[2.04555,49.03105],[2.04487,49.03052],[2.04523,49.02973],[2.04551,49.02948],[2.04628,49.02883],[2.04809,49.02729],[2.05151,49.02547],[2.05444,49.0227],[2.05438,49.02249],[2.05439,49.02161],[2.05446,49.02133],[2.05533,49.01939],[2.05572,49.01872],[2.05584,49.01852],[2.05631,49.01793],[2.05744,49.017],[2.05792,49.01652],[2.0611,49.01414],[2.06173,49.01372],[2.0627,49.01321],[2.06282,49.01315],[2.06531,49.01169],[2.06553,49.01153],[2.06565,49.01145],[2.06604,49.01117],[2.06788,49.0093],[2.06845,49.00872],[2.06873,49.00844],[2.07056,49.00682],[2.07136,49.00613],[2.07145,49.00603],[2.07187,49.00556],[2.07221,49.0052],[2.0724,49.00491],[2.07259,49.00464],[2.07271,49.00436],[2.07284,49.00408],[2.07297,49.00378],[2.07305,49.00351],[2.07313,49.00322],[2.07315,49.00293],[2.07318,49.00265],[2.07316,49.00237],[2.07315,49.00208],[2.07313,49.00181],[2.07312,49.00176],[2.07274,49.00178],[2.07171,49.0014],[2.07116,49.00243],[2.07083,49.00295],[2.0705,49.00338],[2.07009,49.00386],[2.06935,49.0046],[2.06869,49.00525],[2.06805,49.00584],[2.06754,49.00622],[2.0671,49.00651],[2.06657,49.0068],[2.06516,49.00772],[2.06471,49.00802],[2.06413,49.00846],[2.06369,49.00814],[2.06324,49.00792],[2.06236,49.00754],[2.06182,49.00731],[2.06164,49.00721],[2.06036,49.00669],[2.05939,49.00626],[2.05775,49.00583],[2.05695,49.00684],[2.05588,49.00835],[2.05529,49.00949],[2.05634,49.01122],[2.05593,49.01191],[2.05445,49.01297],[2.05346,49.01386],[2.05198,49.01507],[2.0509,49.01584],[2.04871,49.01713],[2.04694,49.01808],[2.04633,49.01848],[2.04524,49.01937],[2.04414,49.02007],[2.04364,49.02049],[2.04277,49.02096],[2.04186,49.0216],[2.04148,49.02209],[2.04087,49.02339],[2.04058,49.02371],[2.03995,49.02408],[2.03943,49.02451],[2.03865,49.02531],[2.03772,49.0264],[2.03694,49.02707],[2.03665,49.02739],[2.03607,49.02815],[2.03496,49.02964],[2.03466,49.03028],[2.03435,49.03157],[2.03454,49.03381],[2.03464,49.03413],[2.03506,49.03511],[2.03527,49.03543],[2.03593,49.03609],[2.03633,49.03639],[2.03716,49.03688],[2.03836,49.03741],[2.04055,49.03858],[2.04154,49.03916],[2.04168,49.03922],[2.04397,49.04015],[2.04531,49.0406],[2.04616,49.04097],[2.04714,49.04127],[2.04861,49.04189],[2.04863,49.0419],[2.04867,49.04191],[2.0491,49.04199],[2.04977,49.04205],[2.05058,49.04212],[2.05154,49.04204],[2.05254,49.04189],[2.05317,49.04174],[2.0532,49.04173],[2.054,49.04154],[2.05479,49.04128],[2.05483,49.04126],[2.05555,49.04096],[2.05647,49.04046],[2.05705,49.04],[2.05736,49.03968],[2.05781,49.03888],[2.05809,49.03776],[2.05825,49.03679],[2.05863,49.03583],[2.05899,49.03518],[2.06047,49.0331],[2.06141,49.0321],[2.0619,49.03168],[2.06275,49.03116],[2.06433,49.03052],[2.06484,49.03027],[2.06583,49.02951],[2.067,49.02876],[2.06818,49.02823],[2.06945,49.02764],[2.07296,49.02589],[2.07557,49.02541],[2.07751,49.02505],[2.07895,49.02479],[2.0808,49.0245],[2.08088,49.02449],[2.08104,49.0245],[2.08168,49.02454],[2.08185,49.02455],[2.08276,49.02465],[2.08389,49.02477],[2.08399,49.02478],[2.08498,49.02501],[2.08553,49.02516],[2.08675,49.02553],[2.08703,49.02589],[2.08745,49.02645],[2.08753,49.02654],[2.08814,49.02716],[2.08825,49.02727],[2.08874,49.02792],[2.08911,49.02861],[2.08935,49.0289],[2.08961,49.02922],[2.08966,49.02932],[2.08985,49.02968],[2.09041,49.03028],[2.09065,49.03053],[2.09109,49.03116],[2.09149,49.03173],[2.09208,49.03256],[2.09242,49.03304],[2.09256,49.03329],[2.09272,49.03356],[2.09355,49.03498],[2.09376,49.03546],[2.09452,49.03725],[2.09482,49.03807],[2.09485,49.0382],[2.09492,49.03846],[2.09498,49.03872],[2.09507,49.03914],[2.09516,49.03953],[2.09524,49.03991],[2.09532,49.04027],[2.0961,49.04221],[2.09624,49.04247],[2.09661,49.04311],[2.09678,49.0434],[2.09687,49.04367],[2.09963,49.04707],[2.09992,49.04731],[2.10159,49.04928],[2.10188,49.04962],[2.10198,49.04973],[2.10201,49.04977],[2.10313,49.05085],[2.10318,49.05091],[2.10649,49.05354],[2.10698,49.05349],[2.1073,49.05355],[2.10736,49.05356],[2.1074,49.05358],[2.10804,49.05394],[2.10805,49.05394],[2.10833,49.05418],[2.10856,49.05438],[2.1088,49.0546],[2.1091,49.05486],[2.10939,49.05508],[2.11175,49.05691],[2.11241,49.05752],[2.11283,49.05791],[2.11294,49.05802],[2.11349,49.05842],[2.1135,49.05843],[2.1138,49.05863],[2.11381,49.05864],[2.11414,49.0588],[2.11445,49.05896],[2.11568,49.05958],[2.11569,49.05959],[2.11597,49.05975],[2.11627,49.05994],[2.11657,49.06013],[2.11688,49.06033],[2.11689,49.06034],[2.11723,49.06051],[2.11798,49.06088],[2.11813,49.06095],[2.11845,49.06116],[2.11874,49.06135],[2.11903,49.06154],[2.11935,49.06175],[2.11967,49.06195],[2.11968,49.06196],[2.11996,49.06212],[2.12041,49.06238],[2.12087,49.06264],[2.12119,49.06282],[2.12166,49.06309],[2.1221,49.06334],[2.12243,49.06353],[2.12256,49.0636],[2.1235,49.0641],[2.12355,49.06413],[2.12412,49.06443],[2.1247,49.06474],[2.12516,49.06498],[2.12561,49.06522],[2.12609,49.06547],[2.12622,49.06557],[2.12639,49.06571],[2.1264,49.06572],[2.12645,49.06584],[2.1288,49.06672],[2.13068,49.06743],[2.13069,49.06744],[2.1312,49.06752],[2.13178,49.06761],[2.13196,49.06764],[2.13314,49.06789],[2.13378,49.06803],[2.13384,49.06804],[2.13396,49.06807],[2.13416,49.06814],[2.13486,49.06838],[2.13503,49.06844],[2.1355,49.06858],[2.1362,49.06878],[2.13761,49.0692],[2.13816,49.06935],[2.13858,49.06944],[2.13898,49.06947],[2.14021,49.06958],[2.14067,49.06963],[2.14129,49.06968],[2.14268,49.06981],[2.14283,49.06982],[2.14316,49.06985],[2.1436,49.06989],[2.14378,49.06991],[2.14429,49.06995],[2.14484,49.07001],[2.14526,49.07004],[2.14527,49.07005],[2.14578,49.07012],[2.14714,49.07032],[2.14721,49.07033],[2.14733,49.07034],[2.14856,49.07041],[2.14912,49.07044],[2.14973,49.07047],[2.14975,49.07048],[2.15022,49.07049],[2.15118,49.07051],[2.15119,49.07051],[2.15128,49.07051],[2.15158,49.0705],[2.15428,49.07046],[2.15431,49.07045],[2.1554,49.07039],[2.15581,49.07037],[2.15675,49.07023],[2.15678,49.07023],[2.15844,49.0699],[2.15946,49.0698],[2.16094,49.06964],[2.1617,49.06961],[2.16172,49.06961],[2.16273,49.06968],[2.16275,49.06968],[2.16383,49.06989],[2.16519,49.07015],[2.1652,49.07015],[2.16717,49.07044],[2.16719,49.07045],[2.16781,49.07065],[2.16797,49.07071],[2.16806,49.07078],[2.16827,49.07094],[2.17169,49.07121],[2.17173,49.07121],[2.17211,49.07113],[2.17262,49.07112],[2.17267,49.07112],[2.17268,49.07112],[2.17415,49.07125],[2.17569,49.07129],[2.17571,49.07129],[2.17637,49.0714],[2.17639,49.0714],[2.1783,49.07189],[2.17832,49.07189],[2.18002,49.07212],[2.18004,49.07212],[2.18007,49.07213],[2.18345,49.0732],[2.18362,49.07325],[2.1841,49.07346],[2.18411,49.07346],[2.1843,49.07356],[2.18681,49.07486],[2.18682,49.07487],[2.18778,49.07531],[2.1878,49.07532],[2.18863,49.07557],[2.18865,49.07558],[2.18871,49.0756],[2.18878,49.07563],[2.18891,49.07568],[2.18998,49.07612],[2.1911,49.07675],[2.19148,49.07705],[2.19149,49.07706],[2.19172,49.07737],[2.19217,49.07795],[2.19255,49.0783],[2.19316,49.07878],[2.1941,49.07952],[2.19411,49.07953],[2.19502,49.08035],[2.19503,49.08036],[2.19553,49.08083],[2.19553,49.08084],[2.1958,49.08116],[2.19594,49.08143],[2.196,49.08181],[2.19603,49.08208],[2.19612,49.08255],[2.1962,49.08443],[2.19635,49.08539],[2.19658,49.08606],[2.197,49.08683],[2.19745,49.0884],[2.19754,49.08906],[2.1974,49.08981],[2.19718,49.09054],[2.19872,49.09398],[2.19921,49.09403],[2.19967,49.09419],[2.20157,49.09445],[2.20415,49.09445],[2.20499,49.09462],[2.2054,49.09481],[2.20575,49.09504],[2.20629,49.0956],[2.20652,49.09595],[2.20693,49.09684],[2.20711,49.09737],[2.20721,49.09803],[2.20704,49.09947],[2.20703,49.10018],[2.20718,49.10109],[2.20743,49.10183],[2.20747,49.1019],[2.20799,49.103],[2.20836,49.10431],[2.20837,49.10467],[2.20842,49.10604],[2.20835,49.10668],[2.20794,49.10823],[2.20781,49.10893],[2.20789,49.10985],[2.20793,49.10999],[2.20844,49.11152],[2.20868,49.11226],[2.20958,49.11381],[2.2097,49.11402],[2.20982,49.11423],[2.20993,49.11441],[2.21002,49.11457],[2.21004,49.11461],[2.21013,49.11479],[2.21021,49.11497],[2.21028,49.11514],[2.2103,49.11526],[2.21032,49.11538],[2.21042,49.11594],[2.2105,49.11702],[2.21055,49.11756],[2.21052,49.11819],[2.21051,49.11831],[2.21053,49.11841],[2.21061,49.11899],[2.21087,49.11995],[2.21101,49.12048],[2.21188,49.12321],[2.21205,49.12358],[2.2121,49.12368],[2.21222,49.12388],[2.2123,49.12402],[2.21254,49.12441],[2.21272,49.12463],[2.21287,49.12479],[2.21293,49.12487],[2.21305,49.12499],[2.21308,49.12502],[2.21312,49.12505],[2.21433,49.12628],[2.21482,49.12626],[2.21489,49.12626],[2.21496,49.12626],[2.21503,49.12626],[2.21509,49.12626],[2.2151,49.12625],[2.21571,49.12632],[2.21578,49.12633],[2.2158,49.12633],[2.21588,49.12635],[2.21598,49.12638],[2.21608,49.12641],[2.21623,49.12646],[2.2164,49.12654],[2.21652,49.1266],[2.21667,49.12668],[2.21678,49.12675],[2.21748,49.12724],[2.21759,49.12731],[2.21777,49.12743],[2.21827,49.12764],[2.21963,49.12784],[2.21977,49.1279],[2.21979,49.1279],[2.22038,49.12812],[2.2204,49.12813],[2.2208,49.12834],[2.22082,49.12835],[2.22137,49.12864],[2.22279,49.12972],[2.2235,49.13031],[2.2243,49.13111],[2.22434,49.13115],[2.22472,49.13143],[2.22473,49.13144],[2.2251,49.1317],[2.22628,49.13222],[2.22698,49.13245],[2.22875,49.13285],[2.22878,49.13285],[2.22877,49.13284],[2.22996,49.13304],[2.22997,49.13304],[2.22998,49.13304],[2.23,49.13305],[2.23003,49.13305],[2.23115,49.13329],[2.23123,49.13331],[2.23168,49.13343],[2.2324,49.13371],[2.23329,49.13419],[2.23437,49.13485],[2.23529,49.13564],[2.23587,49.13616],[2.23714,49.13717],[2.23724,49.13725],[2.23747,49.13743],[2.23884,49.1381],[2.24114,49.13926],[2.24245,49.13993],[2.24306,49.14036],[2.24525,49.14166],[2.2469,49.14239],[2.2482,49.14284],[2.24875,49.14315],[2.24888,49.14351],[2.24881,49.14387],[2.24874,49.14432],[2.24915,49.14459],[2.25093,49.14505],[2.25162,49.14536],[2.2521,49.14586],[2.2521,49.14594],[2.2521,49.14599],[2.2523,49.14644],[2.25264,49.14689],[2.25271,49.14716],[2.2523,49.1477],[2.25216,49.14792],[2.25257,49.14824],[2.25325,49.14824],[2.25353,49.14819],[2.25518,49.14824],[2.25579,49.14833],[2.25867,49.14896],[2.2597,49.14928],[2.26326,49.15108],[2.26369,49.15162],[2.26369,49.15162],[2.26362,49.15189],[2.26328,49.15257],[2.26251,49.15324],[2.26654,49.15427],[2.26677,49.15419],[2.26862,49.15397],[2.26972,49.15406],[2.27219,49.15393],[2.27404,49.1537],[2.27452,49.15379],[2.27534,49.15406],[2.27733,49.15447],[2.27884,49.15452],[2.27953,49.15461],[2.2811,49.15501],[2.28357,49.15537],[2.28453,49.15564],[2.28837,49.1574],[2.28988,49.15803],[2.2907,49.1583],[2.29084,49.15839],[2.29221,49.15866],[2.29351,49.15884],[2.29468,49.15893],[2.29632,49.15902],[2.29955,49.15903],[2.30085,49.15889],[2.30188,49.15871],[2.30401,49.15822],[2.30758,49.15723],[2.30998,49.15642],[2.31341,49.15535],[2.31437,49.15517],[2.31588,49.15503],[2.31719,49.15503],[2.31787,49.15481],[2.31822,49.15441],[2.31863,49.15369],[2.31904,49.15346],[2.32165,49.15229],[2.32206,49.15193],[2.32303,49.15144],[2.3246,49.1509],[2.32598,49.15059],[2.32728,49.15045],[2.32817,49.15027],[2.33078,49.15018],[2.33174,49.15],[2.33407,49.14915],[2.33524,49.14902],[2.33682,49.14897],[2.33744,49.14875],[2.33805,49.14825],[2.3384,49.14776],[2.33888,49.14744],[2.33984,49.1474],[2.34162,49.14763],[2.34279,49.14798],[2.34443,49.1492],[2.34614,49.15005],[2.34786,49.15068],[2.35511,49.1526],[2.35498,49.15217]]],[[[2.37016,49.15807],[2.37019,49.15836],[2.37005,49.15853],[2.37001,49.15871],[2.3701,49.1588],[2.37023,49.1588],[2.3704,49.15867],[2.37071,49.15866],[2.3709,49.1588],[2.37094,49.15897],[2.37093,49.1592],[2.37109,49.15926],[2.37229,49.15938],[2.37276,49.15946],[2.37286,49.15946],[2.3732,49.15925],[2.37238,49.15925],[2.37107,49.15897],[2.37073,49.15852],[2.37052,49.15848],[2.37034,49.15791],[2.37016,49.15807]]]]}},{"type":"Feature","properties":{"code":"FRHG102","nom":"Craie et Tertiaire du Mantois à l’Hurepoix","horizon":1,"type":"DS","milieu":"10","karstique":0,"multicouches":1,"nature_ecoulement":"3"},"geometry":{"type":"MultiPolygon","coordinates":[[[[2.1763,48.97628],[2.1762,48.97646],[2.17623,48.97643],[2.1763,48.97628]]],[[[2.17426,48.97899],[2.17415,48.9791],[2.17326,48.97991],[2.17176,48.98108],[2.17114,48.98171],[2.17066,48.98206],[2.16977,48.98251],[2.16873,48.98314],[2.16579,48.98475],[2.16495,48.98516],[2.16697,48.98448],[2.16907,48.9834],[2.17082,48.98226],[2.17236,48.98104],[2.17396,48.97943],[2.17426,48.97899]]],[[[2.16158,48.98616],[2.15951,48.98653],[2.15889,48.98664],[2.15891,48.98664],[2.15898,48.98663],[2.15999,48.98654],[2.1608,48.98635],[2.16158,48.98616]]]]}},{"type":"Feature","properties":{"code":"FRHG102","nom":"Craie et Tertiaire du Mantois à l’Hurepoix","horizon":2,"type":"DS","milieu":"10","karstique":0,"multicouches":1,"nature_ecoulement":"3"},"geometry":{"type":"MultiPolygon","coordinates":[[[[1.69794,49.05504],[1.69713,49.05537],[1.69464,49.05606],[1.69503,49.05637],[1.69356,49.05681],[1.6939,49.05738],[1.69426,49.05786],[1.69515,49.05891],[1.69589,49.06001],[1.69618,49.06066],[1.69622,49.06088],[1.69617,49.0615],[1.6961,49.06181],[1.69604,49.0624],[1.69603,49.06283],[1.6961,49.06315],[1.69624,49.06342],[1.69646,49.06367],[1.69669,49.06398],[1.69693,49.06411],[1.69712,49.06438],[1.69729,49.06483],[1.69732,49.06518],[1.6973,49.06552],[1.69723,49.06567],[1.69699,49.06595],[1.69642,49.06641],[1.69596,49.06673],[1.69574,49.06681],[1.69557,49.06692],[1.69542,49.06723],[1.69554,49.06717],[1.69635,49.06684],[1.69722,49.06636],[1.69766,49.06608],[1.69837,49.06552],[1.69926,49.06455],[1.69956,49.06403],[1.69988,49.06328],[1.70027,49.06167],[1.70028,49.0614],[1.70038,49.06087],[1.70033,49.06017],[1.7003,49.05994],[1.69972,49.05841],[1.69938,49.05709],[1.6992,49.05654],[1.69917,49.05645],[1.69891,49.05584],[1.69879,49.0556],[1.69831,49.0549],[1.69794,49.05504]]],[[[1.68766,49.07181],[1.68748,49.07186],[1.68662,49.0721],[1.68611,49.07227],[1.68546,49.07256],[1.68507,49.07277],[1.68458,49.073],[1.68394,49.07332],[1.68289,49.07397],[1.6822,49.07436],[1.68122,49.0748],[1.68,49.07547],[1.67966,49.07566],[1.67911,49.07587],[1.67793,49.07619],[1.6774,49.0763],[1.67611,49.07682],[1.67549,49.07705],[1.67513,49.07722],[1.67436,49.0776],[1.67305,49.07831],[1.67238,49.07854],[1.67147,49.07871],[1.66967,49.07901],[1.66927,49.07909],[1.66897,49.07911],[1.66862,49.0791],[1.66816,49.07905],[1.66782,49.07896],[1.66739,49.07893],[1.66705,49.07893],[1.6667,49.07898],[1.66593,49.07914],[1.66478,49.07929],[1.66397,49.07942],[1.66267,49.07976],[1.66217,49.0799],[1.66187,49.08002],[1.66133,49.08029],[1.6605,49.08081],[1.66014,49.081],[1.65985,49.08111],[1.65952,49.08119],[1.65882,49.08129],[1.65837,49.08129],[1.6574,49.08126],[1.65654,49.08128],[1.6562,49.08134],[1.65507,49.08146],[1.65354,49.08178],[1.65269,49.08191],[1.65184,49.08194],[1.65143,49.08192],[1.65091,49.08186],[1.65009,49.08172],[1.64947,49.08157],[1.64915,49.08143],[1.64877,49.08129],[1.6485,49.08125],[1.64808,49.0813],[1.64798,49.08131],[1.64808,49.08138],[1.64838,49.08162],[1.64913,49.08208],[1.64951,49.08225],[1.65013,49.08242],[1.65039,49.08243],[1.6506,49.08244],[1.65155,49.08228],[1.65445,49.08198],[1.65543,49.08195],[1.65557,49.08189],[1.65597,49.08182],[1.65712,49.0817],[1.6583,49.08161],[1.66048,49.08135],[1.66074,49.0813],[1.66098,49.08122],[1.66126,49.08115],[1.66187,49.08091],[1.66264,49.08054],[1.66423,49.07989],[1.6658,49.07941],[1.66665,49.07921],[1.66712,49.07916],[1.66857,49.07912],[1.67106,49.07916],[1.6713,49.07914],[1.672,49.07898],[1.67285,49.07889],[1.67344,49.07876],[1.67404,49.07857],[1.67503,49.07811],[1.67536,49.07798],[1.67694,49.07709],[1.67756,49.07683],[1.67788,49.0767],[1.67917,49.07616],[1.68113,49.07553],[1.6813,49.07546],[1.68244,49.07495],[1.6826,49.07487],[1.68362,49.07428],[1.68477,49.07371],[1.68545,49.07331],[1.68577,49.07317],[1.68765,49.07203],[1.68838,49.07156],[1.68766,49.07181]]],[[[1.64042,49.07933],[1.64033,49.07904],[1.63613,49.07912],[1.63376,49.07919],[1.63238,49.07897],[1.6309,49.07863],[1.6295,49.07827],[1.62861,49.07799],[1.62784,49.07766],[1.62714,49.07733],[1.62481,49.07615],[1.62013,49.07383],[1.61695,49.07235],[1.61587,49.0719],[1.61543,49.07171],[1.61442,49.07119],[1.61359,49.07185],[1.61472,49.07256],[1.61562,49.07302],[1.61736,49.07379],[1.6205,49.07499],[1.621,49.07518],[1.62249,49.07583],[1.62355,49.07635],[1.62508,49.07704],[1.62724,49.07814],[1.62861,49.07873],[1.62906,49.07891],[1.63025,49.0793],[1.63117,49.07951],[1.63338,49.07975],[1.63398,49.07981],[1.64013,49.08003],[1.64042,49.07933]]],[[[2.29194,48.95198],[2.29222,48.95147],[2.29081,48.95109],[2.28796,48.95076],[2.28546,48.95042],[2.28505,48.95037],[2.28149,48.94976],[2.279,48.94904],[2.27508,48.948],[2.27247,48.9474],[2.27067,48.94706],[2.26969,48.94682],[2.26909,48.94669],[2.26861,48.94653],[2.26815,48.94634],[2.26715,48.94593],[2.26671,48.94573],[2.26517,48.94498],[2.2636,48.94439],[2.26316,48.9442],[2.26216,48.94388],[2.26177,48.94376],[2.26092,48.94344],[2.26027,48.94314],[2.25982,48.94295],[2.25898,48.94254],[2.25863,48.94235],[2.25791,48.94192],[2.25708,48.94137],[2.25641,48.94084],[2.25607,48.9406],[2.25558,48.94019],[2.25527,48.94007],[2.25373,48.93944],[2.25289,48.93911],[2.25221,48.93883],[2.2517,48.93861],[2.251,48.93832],[2.25034,48.93803],[2.24905,48.93741],[2.24856,48.93721],[2.24756,48.93674],[2.24727,48.9366],[2.24587,48.93583],[2.24458,48.93485],[2.2442,48.93459],[2.2435,48.93405],[2.24264,48.93342],[2.24177,48.93285],[2.23888,48.93156],[2.23768,48.93109],[2.23687,48.93072],[2.23609,48.9304],[2.23494,48.92977],[2.23301,48.92877],[2.23175,48.92808],[2.23114,48.92773],[2.23027,48.92713],[2.22784,48.9255],[2.22675,48.92474],[2.2246,48.92329],[2.22406,48.92293],[2.22297,48.92224],[2.2204,48.92061],[2.2191,48.91979],[2.21672,48.91822],[2.21547,48.91741],[2.2142,48.91656],[2.21386,48.91628],[2.21316,48.9157],[2.21257,48.9151],[2.21214,48.9147],[2.2112,48.91398],[2.211,48.91386],[2.20972,48.91299],[2.20829,48.91206],[2.20767,48.91169],[2.2068,48.91124],[2.20598,48.91084],[2.20545,48.91064],[2.20447,48.91024],[2.20357,48.9099],[2.2022,48.90933],[2.20121,48.90896],[2.20047,48.90863],[2.19905,48.91077],[2.20015,48.91121],[2.20124,48.91164],[2.20169,48.91193],[2.20345,48.9131],[2.20438,48.9135],[2.20499,48.91376],[2.20604,48.9142],[2.20826,48.91518],[2.20992,48.91604],[2.21166,48.91679],[2.21425,48.918],[2.21593,48.91909],[2.21787,48.92036],[2.22079,48.92244],[2.22393,48.92427],[2.22623,48.92593],[2.22897,48.92755],[2.23158,48.92905],[2.2331,48.93],[2.23388,48.93049],[2.23466,48.93084],[2.236,48.93145],[2.23753,48.93215],[2.2408,48.93378],[2.24592,48.93688],[2.25019,48.93909],[2.25172,48.93981],[2.25442,48.94107],[2.25752,48.94278],[2.2615,48.94464],[2.2656,48.94618],[2.26831,48.94716],[2.27166,48.94822],[2.27518,48.94903],[2.27904,48.95007],[2.28272,48.95087],[2.28589,48.95139],[2.28635,48.95146],[2.28995,48.95191],[2.29177,48.95212],[2.29186,48.95212],[2.29194,48.95198]]],[[[2.17333,48.95348],[2.17447,48.95429],[2.17481,48.95464],[2.1755,48.95534],[2.1759,48.95579],[2.17638,48.95638],[2.1769,48.95708],[2.1775,48.95784],[2.17777,48.95832],[2.178,48.95881],[2.17813,48.95902],[2.17822,48.95964],[2.17826,48.95993],[2.1783,48.96068],[2.17826,48.96119],[2.17811,48.96238],[2.17805,48.96327],[2.1782,48.96388],[2.17854,48.96492],[2.17882,48.96573],[2.17905,48.96609],[2.17847,48.96628],[2.178,48.96646],[2.17781,48.9666],[2.17755,48.96687],[2.17733,48.96719],[2.17717,48.9675],[2.17713,48.96776],[2.17717,48.96799],[2.17712,48.96848],[2.17693,48.96889],[2.17685,48.96904],[2.1764,48.9695],[2.1761,48.96998],[2.17563,48.97128],[2.1755,48.97174],[2.17549,48.97199],[2.17554,48.97226],[2.17557,48.97292],[2.17527,48.97358],[2.17472,48.9741],[2.1743,48.97453],[2.17382,48.97505],[2.17322,48.97557],[2.1726,48.97609],[2.17163,48.97707],[2.17064,48.97822],[2.17055,48.97839],[2.17044,48.97844],[2.16995,48.97859],[2.16948,48.97881],[2.16894,48.9791],[2.16834,48.97947],[2.16669,48.98046],[2.16627,48.98081],[2.16602,48.98111],[2.1659,48.9813],[2.16562,48.9816],[2.16468,48.98215],[2.16412,48.98238],[2.16338,48.98251],[2.16271,48.98266],[2.16237,48.98277],[2.16202,48.98284],[2.16157,48.98297],[2.16111,48.98319],[2.16091,48.98325],[2.16049,48.98346],[2.15922,48.98397],[2.1583,48.98421],[2.15634,48.9849],[2.15609,48.98508],[2.15589,48.98536],[2.1557,48.98559],[2.15047,48.98646],[2.1498,48.98639],[2.14894,48.98644],[2.14831,48.9865],[2.14768,48.98661],[2.14735,48.98669],[2.14623,48.98702],[2.14445,48.9875],[2.14346,48.98776],[2.14265,48.98794],[2.14163,48.98812],[2.14015,48.98828],[2.13808,48.98829],[2.13763,48.98829],[2.13693,48.9883],[2.13616,48.98837],[2.13539,48.98849],[2.13481,48.98854],[2.13412,48.98862],[2.13326,48.98869],[2.13214,48.98869],[2.13015,48.98878],[2.12881,48.98888],[2.12816,48.98896],[2.12763,48.98906],[2.127,48.98924],[2.12653,48.98941],[2.12626,48.98954],[2.1259,48.98979],[2.12556,48.99006],[2.12497,48.99066],[2.12454,48.99102],[2.12393,48.99148],[2.12364,48.99166],[2.12377,48.99234],[2.12572,48.99198],[2.12691,48.99136],[2.12884,48.9908],[2.13111,48.99027],[2.13312,48.99011],[2.13538,48.9901],[2.13862,48.99033],[2.14145,48.99052],[2.14416,48.9904],[2.14622,48.98996],[2.1464,48.98992],[2.14924,48.98899],[2.15041,48.98864],[2.15244,48.98803],[2.15665,48.98669],[2.15889,48.98664],[2.15951,48.98653],[2.16158,48.98616],[2.16217,48.98602],[2.16455,48.98529],[2.16495,48.98516],[2.16579,48.98475],[2.16873,48.98314],[2.16977,48.98251],[2.17066,48.98206],[2.17114,48.98171],[2.17176,48.98108],[2.17326,48.97991],[2.17415,48.9791],[2.17426,48.97899],[2.17501,48.97791],[2.1762,48.97646],[2.1763,48.97628],[2.1774,48.97416],[2.17899,48.97176],[2.18033,48.96974],[2.18051,48.96827],[2.18013,48.96681],[2.17948,48.96569],[2.17894,48.96442],[2.17881,48.96337],[2.17912,48.96178],[2.17937,48.96012],[2.17894,48.95813],[2.17726,48.95569],[2.17548,48.95361],[2.17436,48.9529],[2.17333,48.95348]]]]}},{"type":"Feature","properties":{"code":"FRHG104","nom":"Éocène du Valois","horizon":2,"type":"DS","milieu":"4","karstique":0,"multicouches":1,"nature_ecoulement":"4"},"geometry":{"type":"MultiPolygon","coordinates":[[[[2.29186,48.95212],[2.29177,48.95212],[2.28995,48.95191],[2.28635,48.95146],[2.28589,48.95139],[2.28272,48.95087],[2.27904,48.95007],[2.27518,48.94903],[2.27166,48.94822],[2.26831,48.94716],[2.2656,48.94618],[2.2615,48.94464],[2.25752,48.94278],[2.25442,48.94107],[2.25172,48.93981],[2.25019,48.93909],[2.24592,48.93688],[2.2408,48.93378],[2.23753,48.93215],[2.236,48.93145],[2.23466,48.93084],[2.23388,48.93049],[2.2331,48.93],[2.23158,48.92905],[2.22897,48.92755],[2.22623,48.92593],[2.22393,48.92427],[2.22079,48.92244],[2.21787,48.92036],[2.21593,48.91909],[2.21425,48.918],[2.21166,48.91679],[2.20992,48.91604],[2.20826,48.91518],[2.20604,48.9142],[2.20499,48.91376],[2.20438,48.9135],[2.20345,48.9131],[2.20169,48.91193],[2.20124,48.91164],[2.20015,48.91121],[2.19905,48.91077],[2.19821,48.91204],[2.19942,48.91262],[2.20023,48.91296],[2.20064,48.91325],[2.20113,48.91341],[2.2023,48.91388],[2.20386,48.91454],[2.20364,48.91479],[2.20406,48.91495],[2.20518,48.91538],[2.20568,48.91557],[2.20595,48.91567],[2.2062,48.91576],[2.20644,48.91584],[2.20666,48.91592],[2.20682,48.91597],[2.20699,48.91602],[2.20717,48.91608],[2.20736,48.91613],[2.20772,48.91623],[2.20857,48.91645],[2.20879,48.91651],[2.20899,48.91657],[2.20919,48.91663],[2.20938,48.91669],[2.20955,48.91674],[2.20972,48.9168],[2.21035,48.91703],[2.21055,48.9171],[2.21073,48.91717],[2.21091,48.91725],[2.21108,48.91732],[2.21124,48.91739],[2.21138,48.91746],[2.21152,48.91754],[2.21167,48.91762],[2.21182,48.91771],[2.21197,48.91782],[2.21212,48.91792],[2.21227,48.91803],[2.21285,48.91845],[2.21302,48.91858],[2.2132,48.91872],[2.21337,48.91886],[2.21339,48.91887],[2.21338,48.91887],[2.21337,48.91887],[2.21303,48.91884],[2.21252,48.9188],[2.21204,48.91876],[2.21204,48.91876],[2.21199,48.91876],[2.21152,48.91871],[2.21102,48.91865],[2.21054,48.91859],[2.21001,48.91853],[2.20954,48.91847],[2.20948,48.91846],[2.20911,48.91841],[2.20874,48.91835],[2.20858,48.91831],[2.20824,48.91825],[2.20816,48.91824],[2.20777,48.91815],[2.20766,48.91813],[2.2072,48.91802],[2.20675,48.91789],[2.20584,48.91763],[2.20518,48.91743],[2.20478,48.9173],[2.20431,48.91714],[2.2037,48.91693],[2.20327,48.91678],[2.20286,48.9166],[2.20246,48.91642],[2.20229,48.91633],[2.20222,48.91641],[2.2015,48.91726],[2.20112,48.91769],[2.20082,48.91801],[2.20043,48.9183],[2.1998,48.91873],[2.19919,48.91897],[2.19956,48.91919],[2.20105,48.92015],[2.20209,48.92081],[2.20239,48.92097],[2.20363,48.92144],[2.20472,48.92183],[2.20517,48.92203],[2.20501,48.92225],[2.20511,48.92225],[2.20479,48.92271],[2.20492,48.92275],[2.20438,48.92362],[2.20462,48.92368],[2.20407,48.92455],[2.20432,48.92451],[2.20398,48.92507],[2.20462,48.92522],[2.20396,48.92618],[2.20416,48.92626],[2.20449,48.92637],[2.20489,48.92648],[2.2052,48.9266],[2.20561,48.92673],[2.20602,48.92685],[2.20633,48.92696],[2.20665,48.92705],[2.20706,48.92714],[2.20748,48.92723],[2.20788,48.92732],[2.2082,48.9274],[2.2086,48.92753],[2.20891,48.92763],[2.20933,48.92769],[2.20974,48.92769],[2.21013,48.9277],[2.21047,48.92776],[2.21081,48.92794],[2.21105,48.92814],[2.21126,48.92834],[2.21153,48.92854],[2.21181,48.9287],[2.2122,48.92883],[2.21253,48.92892],[2.21286,48.92898],[2.21325,48.92904],[2.21351,48.92908],[2.21366,48.92911],[2.21402,48.92916],[2.21438,48.92923],[2.2148,48.92934],[2.21522,48.92946],[2.21556,48.92957],[2.21593,48.9297],[2.21625,48.92982],[2.21658,48.92992],[2.21695,48.93005],[2.21729,48.93016],[2.21765,48.93026],[2.21802,48.93036],[2.21842,48.93045],[2.21883,48.9305],[2.21926,48.93057],[2.21966,48.93067],[2.21998,48.93078],[2.22037,48.93089],[2.22079,48.93103],[2.22121,48.93113],[2.22162,48.93119],[2.22203,48.93124],[2.22245,48.93125],[2.22288,48.93125],[2.22328,48.93125],[2.22368,48.93123],[2.2241,48.9312],[2.22451,48.93115],[2.22492,48.93112],[2.22535,48.9311],[2.22577,48.93114],[2.22607,48.93129],[2.22637,48.93154],[2.22656,48.93183],[2.2266,48.9321],[2.22652,48.93238],[2.2264,48.93266],[2.22628,48.9329],[2.22611,48.93319],[2.22592,48.93346],[2.22578,48.93367],[2.22562,48.93387],[2.22545,48.93414],[2.22529,48.93441],[2.22517,48.93469],[2.22509,48.93493],[2.22501,48.93523],[2.22497,48.9355],[2.22498,48.93579],[2.22501,48.93603],[2.22508,48.93633],[2.22514,48.93655],[2.22531,48.93677],[2.22576,48.93698],[2.22614,48.93689],[2.22638,48.93673],[2.2266,48.93648],[2.2268,48.93617],[2.22691,48.93593],[2.22701,48.93565],[2.22709,48.93539],[2.22715,48.93511],[2.22722,48.93484],[2.22742,48.93456],[2.22783,48.93442],[2.22824,48.93442],[2.22864,48.93447],[2.22896,48.93456],[2.22937,48.9347],[2.22966,48.93484],[2.2299,48.935],[2.23017,48.93524],[2.2304,48.93551],[2.23059,48.93579],[2.23073,48.936],[2.23093,48.93626],[2.23114,48.93652],[2.23138,48.93674],[2.23179,48.93702],[2.23218,48.93711],[2.23258,48.937],[2.23295,48.93676],[2.2332,48.93659],[2.23362,48.93657],[2.23404,48.93661],[2.23452,48.93675],[2.23481,48.93688],[2.2351,48.93702],[2.23547,48.9372],[2.2359,48.93743],[2.23619,48.93756],[2.23648,48.9377],[2.23678,48.93783],[2.23708,48.93797],[2.2374,48.93811],[2.23776,48.93825],[2.23805,48.93837],[2.23843,48.93851],[2.23883,48.93865],[2.23926,48.93879],[2.23961,48.93893],[2.24003,48.9392],[2.24029,48.93947],[2.24055,48.93975],[2.2409,48.94007],[2.24096,48.94013],[2.24118,48.94032],[2.24159,48.94062],[2.24199,48.94079],[2.2424,48.94089],[2.24284,48.94093],[2.24325,48.94097],[2.24365,48.94099],[2.24406,48.94098],[2.24448,48.94096],[2.24489,48.94094],[2.24531,48.94094],[2.24572,48.94095],[2.24612,48.94095],[2.24654,48.94094],[2.24697,48.94093],[2.24738,48.94096],[2.24778,48.941],[2.24821,48.94107],[2.24854,48.94116],[2.24887,48.94129],[2.24925,48.94146],[2.24964,48.94166],[2.24996,48.94184],[2.25027,48.94207],[2.2505,48.94224],[2.25089,48.94252],[2.25131,48.94277],[2.25159,48.94292],[2.25194,48.9431],[2.25239,48.94334],[2.25276,48.94356],[2.25297,48.94375],[2.25321,48.94401],[2.25344,48.94429],[2.2536,48.94448],[2.25371,48.94473],[2.2538,48.94501],[2.25385,48.94528],[2.25387,48.94553],[2.25387,48.94583],[2.25387,48.94611],[2.25385,48.94638],[2.25378,48.94664],[2.25365,48.94692],[2.25347,48.94714],[2.25323,48.94734],[2.25291,48.94752],[2.25263,48.94765],[2.2523,48.94778],[2.25199,48.94791],[2.25165,48.94808],[2.25137,48.94824],[2.25106,48.94843],[2.25085,48.9487],[2.25101,48.9489],[2.25134,48.94903],[2.25176,48.94899],[2.25207,48.94889],[2.25238,48.94875],[2.25264,48.94859],[2.2529,48.94843],[2.25324,48.94823],[2.25354,48.94804],[2.2538,48.94786],[2.25404,48.94769],[2.25427,48.94748],[2.25452,48.94725],[2.25472,48.94702],[2.25488,48.9468],[2.25509,48.94655],[2.25524,48.94632],[2.25542,48.94612],[2.2556,48.94592],[2.2558,48.94573],[2.25603,48.94551],[2.25631,48.94528],[2.25657,48.9451],[2.25686,48.9449],[2.25714,48.94474],[2.25745,48.9446],[2.25775,48.94446],[2.25807,48.94433],[2.25813,48.94435],[2.2585,48.94451],[2.25887,48.94468],[2.25967,48.94505],[2.26002,48.94521],[2.26022,48.94529],[2.2604,48.94537],[2.26058,48.94544],[2.26075,48.94551],[2.26091,48.94557],[2.26107,48.94563],[2.26125,48.94569],[2.26142,48.94575],[2.26161,48.94581],[2.2618,48.94586],[2.26199,48.94592],[2.2622,48.94598],[2.26252,48.94606],[2.26258,48.94608],[2.26301,48.94619],[2.26345,48.94629],[2.2646,48.94657],[2.26495,48.94665],[2.26525,48.94673],[2.2656,48.94682],[2.26592,48.94691],[2.26622,48.947],[2.2665,48.94709],[2.26684,48.94721],[2.26721,48.94734],[2.26764,48.9475],[2.26854,48.94784],[2.26894,48.94799],[2.26936,48.94814],[2.26974,48.94827],[2.27027,48.94844],[2.27083,48.94862],[2.27141,48.94879],[2.27203,48.94897],[2.27267,48.94915],[2.27335,48.94934],[2.2741,48.94954],[2.27495,48.94976],[2.27533,48.94985],[2.27572,48.94995],[2.27613,48.95005],[2.27657,48.95015],[2.27741,48.95034],[2.27895,48.95067],[2.27955,48.95081],[2.28017,48.95094],[2.28072,48.95107],[2.28096,48.95113],[2.28126,48.95121],[2.28138,48.95124],[2.28146,48.95125],[2.28237,48.95149],[2.28285,48.9516],[2.28335,48.95172],[2.28358,48.95177],[2.2838,48.95182],[2.28412,48.95189],[2.28446,48.95195],[2.28481,48.95202],[2.28519,48.95208],[2.28592,48.95221],[2.28754,48.95247],[2.28907,48.95272],[2.28994,48.95286],[2.29037,48.95293],[2.29076,48.95299],[2.29114,48.95304],[2.29132,48.95306],[2.29186,48.95212]]],[[[2.17515,48.95238],[2.17519,48.95243],[2.17436,48.9529],[2.17548,48.95361],[2.17726,48.95569],[2.17894,48.95813],[2.17937,48.96012],[2.17912,48.96178],[2.17881,48.96337],[2.17894,48.96442],[2.17948,48.96569],[2.18013,48.96681],[2.18051,48.96827],[2.18033,48.96974],[2.17899,48.97176],[2.1774,48.97416],[2.1763,48.97628],[2.17642,48.97609],[2.17676,48.97568],[2.17738,48.97474],[2.17793,48.97344],[2.17827,48.97299],[2.17888,48.97254],[2.17937,48.97164],[2.18044,48.97008],[2.1806,48.96985],[2.18062,48.96976],[2.18088,48.9688],[2.18103,48.96824],[2.18108,48.96805],[2.18129,48.96774],[2.18154,48.96615],[2.18166,48.96541],[2.18166,48.96444],[2.18161,48.9636],[2.18143,48.96299],[2.181,48.96149],[2.18064,48.96026],[2.1792,48.95755],[2.17784,48.95573],[2.17783,48.95572],[2.1761,48.95394],[2.17622,48.95387],[2.17635,48.95379],[2.17647,48.95363],[2.17644,48.95361],[2.17526,48.95233],[2.17515,48.95238]]],[[[2.1238,48.9925],[2.12657,48.9922],[2.12814,48.99203],[2.12862,48.99197],[2.12911,48.99192],[2.1296,48.99186],[2.12961,48.99186],[2.13005,48.99183],[2.13055,48.99178],[2.13057,48.99178],[2.13109,48.99176],[2.13152,48.99175],[2.13253,48.99172],[2.133,48.9917],[2.13347,48.99165],[2.13398,48.9916],[2.13496,48.9915],[2.13545,48.99151],[2.13561,48.99153],[2.13622,48.99161],[2.1367,48.99167],[2.13724,48.9917],[2.13767,48.99172],[2.13812,48.99174],[2.13814,48.99174],[2.13863,48.99175],[2.13863,48.99175],[2.13918,48.99177],[2.1397,48.99178],[2.13986,48.99178],[2.14014,48.99179],[2.14016,48.99179],[2.14061,48.99176],[2.14101,48.9917],[2.14158,48.99162],[2.14205,48.99155],[2.14207,48.99155],[2.14253,48.99145],[2.14302,48.99135],[2.1435,48.99126],[2.14428,48.9911],[2.14441,48.99107],[2.14443,48.99107],[2.14496,48.99093],[2.14498,48.99093],[2.14618,48.99054],[2.14648,48.99045],[2.1469,48.99035],[2.14718,48.99029],[2.14792,48.99012],[2.14844,48.99],[2.1489,48.9899],[2.14925,48.98979],[2.14963,48.98967],[2.15015,48.98951],[2.15064,48.98936],[2.15125,48.98917],[2.15182,48.989],[2.15238,48.98883],[2.1528,48.98868],[2.15296,48.98862],[2.1533,48.9885],[2.15372,48.98835],[2.15407,48.98822],[2.15453,48.98806],[2.15551,48.98771],[2.15588,48.98758],[2.15768,48.98694],[2.15812,48.98678],[2.15889,48.98664],[2.15665,48.98669],[2.15244,48.98803],[2.15041,48.98864],[2.14924,48.98899],[2.1464,48.98992],[2.14622,48.98996],[2.14416,48.9904],[2.14145,48.99052],[2.13862,48.99033],[2.13538,48.9901],[2.13312,48.99011],[2.13111,48.99027],[2.12884,48.9908],[2.12691,48.99136],[2.12572,48.99198],[2.12377,48.99234],[2.1238,48.9925]]],[[[2.07274,49.00178],[2.07171,49.0014],[2.07116,49.00243],[2.07083,49.00295],[2.0705,49.00338],[2.07009,49.00386],[2.06935,49.0046],[2.06869,49.00525],[2.06805,49.00584],[2.06754,49.00622],[2.0671,49.00651],[2.06657,49.0068],[2.06516,49.00772],[2.06471,49.00802],[2.06413,49.00846],[2.06383,49.00824],[2.06296,49.00892],[2.06272,49.00909],[2.06223,49.00943],[2.06161,49.00987],[2.0603,49.01086],[2.05887,49.01165],[2.05711,49.01285],[2.05585,49.01364],[2.05365,49.015],[2.05194,49.01588],[2.05167,49.01605],[2.04995,49.01713],[2.04786,49.01872],[2.04638,49.01998],[2.04493,49.02119],[2.04269,49.02238],[2.04189,49.02315],[2.04118,49.02445],[2.03972,49.0263],[2.03849,49.0277],[2.03721,49.02869],[2.03683,49.02899],[2.03607,49.0296],[2.03607,49.03288],[2.03679,49.03378],[2.03724,49.03434],[2.03858,49.03546],[2.04021,49.03695],[2.04192,49.03802],[2.04364,49.03909],[2.04532,49.04019],[2.04714,49.04114],[2.04907,49.04156],[2.05029,49.04154],[2.05224,49.04156],[2.05379,49.04115],[2.05477,49.04047],[2.05535,49.03933],[2.05653,49.03764],[2.05749,49.03568],[2.05835,49.03388],[2.05933,49.03155],[2.05924,49.03018],[2.06086,49.02912],[2.06178,49.0286],[2.06215,49.02841],[2.06362,49.02765],[2.06484,49.02596],[2.06555,49.02553],[2.06603,49.02503],[2.06675,49.02429],[2.06768,49.02318],[2.0691,49.02215],[2.07128,49.02105],[2.07344,49.02037],[2.07623,49.01974],[2.07885,49.01914],[2.07951,49.01918],[2.08074,49.01926],[2.08403,49.01979],[2.08631,49.02027],[2.08803,49.02138],[2.08934,49.02273],[2.08975,49.02414],[2.09094,49.02572],[2.09138,49.02708],[2.09191,49.02899],[2.09245,49.03021],[2.09303,49.0316],[2.09361,49.03273],[2.09405,49.03379],[2.09469,49.03531],[2.09578,49.03781],[2.0964,49.04022],[2.0974,49.04245],[2.09862,49.04404],[2.09903,49.04531],[2.10051,49.04744],[2.10142,49.04827],[2.10174,49.04857],[2.10433,49.05024],[2.1073,49.05208],[2.10923,49.05299],[2.10982,49.05326],[2.11236,49.05479],[2.11266,49.05506],[2.11504,49.05709],[2.11674,49.05866],[2.11889,49.06067],[2.12106,49.06164],[2.12327,49.06289],[2.12537,49.06397],[2.12719,49.06452],[2.12802,49.06477],[2.12809,49.06483],[2.12847,49.06514],[2.12907,49.06564],[2.12983,49.06635],[2.13501,49.06748],[2.13604,49.06737],[2.13856,49.06677],[2.14091,49.06709],[2.14367,49.06738],[2.14482,49.0674],[2.14587,49.06742],[2.14606,49.06739],[2.14829,49.06703],[2.15102,49.06652],[2.15322,49.06611],[2.15427,49.06591],[2.15659,49.06565],[2.15864,49.06528],[2.15918,49.0652],[2.16051,49.06501],[2.16194,49.06495],[2.16459,49.06489],[2.16775,49.06456],[2.17009,49.06498],[2.17169,49.06578],[2.17189,49.06588],[2.17507,49.06819],[2.17705,49.06934],[2.1793,49.07039],[2.18182,49.07102],[2.18529,49.07172],[2.18945,49.07273],[2.19223,49.07374],[2.19448,49.07484],[2.19643,49.07666],[2.19792,49.07786],[2.19938,49.07943],[2.20057,49.08113],[2.20179,49.08263],[2.20258,49.08373],[2.20407,49.08502],[2.2057,49.08648],[2.20648,49.08836],[2.20774,49.09029],[2.20826,49.09144],[2.20869,49.09239],[2.20924,49.09381],[2.20919,49.09804],[2.20906,49.09916],[2.20872,49.10202],[2.20872,49.10204],[2.20869,49.10459],[2.20868,49.10502],[2.20892,49.10811],[2.20924,49.11006],[2.20981,49.11231],[2.21051,49.11391],[2.21106,49.11526],[2.21139,49.11712],[2.21146,49.1175],[2.21188,49.11948],[2.21239,49.12101],[2.21334,49.12172],[2.21372,49.12199],[2.21396,49.12217],[2.21678,49.12426],[2.21716,49.12454],[2.22035,49.12689],[2.22152,49.1267],[2.22154,49.1267],[2.22156,49.1267],[2.22158,49.1267],[2.22312,49.12686],[2.22314,49.12686],[2.2233,49.12686],[2.22362,49.12642],[2.22382,49.12648],[2.23025,49.12778],[2.23028,49.12779],[2.2304,49.12782],[2.23163,49.12815],[2.23194,49.12823],[2.23195,49.12824],[2.23196,49.12824],[2.23234,49.12835],[2.23277,49.12847],[2.23278,49.12847],[2.23279,49.12847],[2.233,49.12853],[2.23407,49.12885],[2.23409,49.12885],[2.23422,49.12888],[2.23482,49.12901],[2.23485,49.12901],[2.23569,49.12917],[2.23572,49.12917],[2.23628,49.12922],[2.23702,49.12926],[2.2373,49.12928],[2.23747,49.1293],[2.23749,49.1293],[2.24058,49.12921],[2.24128,49.12883],[2.24139,49.12875],[2.24151,49.12865],[2.24212,49.12802],[2.24228,49.12767],[2.24233,49.12737],[2.24244,49.12665],[2.24284,49.12572],[2.24343,49.1246],[2.24374,49.12417],[2.24402,49.1238],[2.24445,49.12345],[2.24499,49.12319],[2.2454,49.123],[2.24583,49.12267],[2.24603,49.12234],[2.24611,49.12187],[2.24608,49.12149],[2.24606,49.12142],[2.24599,49.12107],[2.24567,49.12035],[2.24529,49.11978],[2.24453,49.11886],[2.24392,49.11832],[2.24367,49.11816],[2.24285,49.11767],[2.24158,49.11711],[2.24059,49.11675],[2.2397,49.11654],[2.23927,49.11647],[2.23701,49.11632],[2.2359,49.11614],[2.23493,49.11584],[2.23477,49.11576],[2.23423,49.11543],[2.23357,49.11491],[2.23299,49.11434],[2.2315,49.11263],[2.23076,49.11185],[2.23031,49.1115],[2.22988,49.11128],[2.2295,49.11112],[2.22817,49.11075],[2.22739,49.11045],[2.22636,49.11003],[2.22525,49.10944],[2.22412,49.10872],[2.22368,49.10835],[2.22326,49.10788],[2.22319,49.10778],[2.22282,49.10726],[2.22248,49.10687],[2.2219,49.10639],[2.22143,49.10604],[2.22027,49.10499],[2.21941,49.10411],[2.21919,49.10364],[2.21905,49.10325],[2.21895,49.10233],[2.21884,49.10205],[2.2186,49.10158],[2.21828,49.1013],[2.21751,49.10084],[2.21611,49.10221],[2.2163,49.10159],[2.2164,49.1009],[2.21641,49.10053],[2.21641,49.10004],[2.21629,49.09933],[2.21607,49.09876],[2.21526,49.09748],[2.21489,49.09704],[2.2145,49.09659],[2.21395,49.09573],[2.21325,49.095],[2.21293,49.09442],[2.21235,49.09389],[2.21049,49.09176],[2.21005,49.09113],[2.2097,49.09034],[2.20962,49.08991],[2.20965,49.08962],[2.20666,49.08493],[2.20613,49.08371],[2.20588,49.08332],[2.20524,49.08258],[2.20503,49.08209],[2.20475,49.08166],[2.20383,49.08083],[2.20351,49.08042],[2.20265,49.07881],[2.20158,49.07733],[2.20099,49.07664],[2.2,49.07572],[2.19878,49.07471],[2.1981,49.07426],[2.19724,49.0738],[2.19605,49.07299],[2.19549,49.07267],[2.19477,49.07235],[2.19324,49.07183],[2.19273,49.07154],[2.19252,49.07112],[2.19254,49.07071],[2.19244,49.07045],[2.19223,49.07023],[2.19181,49.07016],[2.19053,49.0704],[2.18972,49.07036],[2.18715,49.06987],[2.18618,49.06975],[2.18155,49.0688],[2.18169,49.06858],[2.18034,49.06791],[2.17452,49.06445],[2.17339,49.06395],[2.17288,49.06383],[2.17234,49.06374],[2.17229,49.06374],[2.16962,49.06332],[2.16953,49.06331],[2.16949,49.0633],[2.16945,49.0633],[2.16943,49.0633],[2.16925,49.0633],[2.16651,49.06332],[2.16649,49.06332],[2.16568,49.06325],[2.16556,49.06322],[2.16526,49.06313],[2.165,49.06292],[2.16445,49.06198],[2.16424,49.06173],[2.16405,49.06162],[2.16357,49.06154],[2.16335,49.06159],[2.16316,49.06176],[2.16264,49.06314],[2.16241,49.06346],[2.16201,49.06376],[2.16186,49.0638],[2.16177,49.06383],[2.16105,49.06384],[2.16103,49.06384],[2.16064,49.06382],[2.15976,49.06377],[2.15858,49.06371],[2.15855,49.06371],[2.15823,49.06373],[2.15575,49.06388],[2.1557,49.06388],[2.15568,49.06388],[2.15566,49.06388],[2.15561,49.06388],[2.15418,49.06382],[2.15327,49.06379],[2.1522,49.06381],[2.15218,49.06381],[2.15216,49.06381],[2.15161,49.06376],[2.1513,49.06373],[2.15112,49.06368],[2.15111,49.06368],[2.15095,49.06363],[2.14999,49.06345],[2.14984,49.06343],[2.14944,49.06337],[2.14886,49.06328],[2.14751,49.06308],[2.14749,49.06307],[2.14689,49.06292],[2.14641,49.06279],[2.14637,49.06279],[2.14218,49.06273],[2.14216,49.06274],[2.14173,49.06276],[2.14162,49.06275],[2.14095,49.0627],[2.14042,49.06265],[2.13982,49.0626],[2.13916,49.06255],[2.139,49.06254],[2.13859,49.06245],[2.13845,49.06242],[2.13773,49.06227],[2.13758,49.06223],[2.13716,49.06212],[2.13681,49.06203],[2.13679,49.06202],[2.13516,49.06142],[2.13501,49.06137],[2.13456,49.06123],[2.13385,49.06101],[2.13367,49.06094],[2.13317,49.06075],[2.13277,49.06064],[2.13223,49.0605],[2.13173,49.06037],[2.13086,49.06014],[2.13084,49.06013],[2.13042,49.0599],[2.12975,49.05953],[2.12962,49.05946],[2.1296,49.05945],[2.12926,49.05923],[2.12718,49.05792],[2.12685,49.05772],[2.12684,49.05771],[2.1265,49.05748],[2.1262,49.05727],[2.12574,49.05695],[2.12535,49.05669],[2.12534,49.05668],[2.1249,49.05642],[2.12466,49.05627],[2.12449,49.05617],[2.12436,49.05607],[2.12371,49.05559],[2.12344,49.05539],[2.12311,49.05515],[2.12296,49.05509],[2.12294,49.05508],[2.12283,49.05504],[2.12211,49.05473],[2.12195,49.05466],[2.12144,49.05445],[2.12076,49.05424],[2.12075,49.05423],[2.12048,49.05397],[2.12038,49.05387],[2.12034,49.05383],[2.12027,49.05376],[2.12005,49.05355],[2.11946,49.05299],[2.11937,49.0529],[2.1183,49.0516],[2.11828,49.05157],[2.11813,49.05082],[2.11816,49.05053],[2.11819,49.05026],[2.11836,49.04973],[2.1186,49.04924],[2.119,49.04879],[2.1186,49.04825],[2.11679,49.04593],[2.11652,49.04557],[2.11644,49.04547],[2.11634,49.04547],[2.11588,49.04547],[2.11568,49.04549],[2.11493,49.04553],[2.11439,49.04557],[2.11381,49.0456],[2.11366,49.0456],[2.1131,49.04561],[2.11295,49.0456],[2.11261,49.04559],[2.11238,49.04558],[2.11222,49.04556],[2.11108,49.0454],[2.11105,49.04539],[2.11042,49.04522],[2.11037,49.0452],[2.11021,49.04514],[2.10973,49.04496],[2.10926,49.04479],[2.10878,49.04461],[2.10845,49.04449],[2.10844,49.04448],[2.10801,49.04426],[2.1076,49.04405],[2.10661,49.04337],[2.10653,49.04331],[2.10597,49.04265],[2.10564,49.04205],[2.10544,49.04171],[2.1053,49.04146],[2.10525,49.04135],[2.10509,49.041],[2.10479,49.04033],[2.10425,49.03853],[2.10393,49.03765],[2.10338,49.03609],[2.10336,49.03605],[2.10335,49.036],[2.10312,49.03537],[2.103,49.03502],[2.10296,49.03491],[2.10272,49.03402],[2.10259,49.03355],[2.10246,49.03308],[2.10237,49.03275],[2.1023,49.03262],[2.10186,49.03168],[2.1017,49.03135],[2.10166,49.03128],[2.10161,49.03119],[2.10144,49.03084],[2.10089,49.02992],[2.10064,49.02959],[2.10056,49.02949],[2.10038,49.02932],[2.09978,49.02876],[2.09945,49.02847],[2.0982,49.02759],[2.09808,49.02751],[2.09796,49.02744],[2.09755,49.0272],[2.09702,49.02688],[2.0965,49.02657],[2.09568,49.02609],[2.09514,49.02577],[2.09503,49.0257],[2.09473,49.02555],[2.09456,49.02549],[2.09408,49.02532],[2.09357,49.02513],[2.09353,49.02507],[2.09326,49.02472],[2.09301,49.0244],[2.0927,49.02407],[2.09247,49.02384],[2.09138,49.02232],[2.09113,49.02198],[2.0908,49.02166],[2.09053,49.02141],[2.09037,49.02133],[2.08978,49.02104],[2.08943,49.02087],[2.08875,49.02046],[2.08822,49.02014],[2.08783,49.0199],[2.08697,49.01949],[2.08644,49.01924],[2.08597,49.01907],[2.08579,49.01902],[2.08564,49.01898],[2.08473,49.01893],[2.0847,49.01893],[2.08468,49.01893],[2.08415,49.01885],[2.08369,49.01878],[2.08321,49.01871],[2.08319,49.0187],[2.0815,49.01816],[2.08149,49.01816],[2.08134,49.01813],[2.08102,49.01806],[2.081,49.01806],[2.07999,49.01804],[2.07997,49.01804],[2.07949,49.01805],[2.07899,49.01807],[2.07845,49.01809],[2.07803,49.0181],[2.07753,49.01812],[2.0775,49.01812],[2.07588,49.01834],[2.07586,49.01834],[2.07518,49.01855],[2.07504,49.0186],[2.07462,49.01869],[2.0741,49.0188],[2.0736,49.01891],[2.07264,49.01911],[2.07171,49.01931],[2.07169,49.01932],[2.07103,49.0195],[2.07047,49.01967],[2.07045,49.01967],[2.06949,49.02004],[2.06945,49.02006],[2.06851,49.02058],[2.06837,49.02067],[2.06801,49.02091],[2.06705,49.02153],[2.06607,49.02229],[2.06514,49.02324],[2.06343,49.02517],[2.06291,49.02565],[2.0618,49.02646],[2.06027,49.02741],[2.05852,49.0275],[2.05778,49.02745],[2.057,49.02726],[2.05612,49.02807],[2.05345,49.02941],[2.04918,49.03032],[2.04722,49.0308],[2.04555,49.03105],[2.04487,49.03052],[2.04523,49.02973],[2.04551,49.02948],[2.04628,49.02883],[2.04809,49.02729],[2.05151,49.02547],[2.05444,49.0227],[2.05438,49.02249],[2.05439,49.02161],[2.05446,49.02133],[2.05533,49.01939],[2.05572,49.01872],[2.05584,49.01852],[2.05631,49.01793],[2.05744,49.017],[2.05792,49.01652],[2.0611,49.01414],[2.06173,49.01372],[2.0627,49.01321],[2.06282,49.01315],[2.06531,49.01169],[2.06553,49.01153],[2.06565,49.01145],[2.06604,49.01117],[2.06788,49.0093],[2.06845,49.00872],[2.06873,49.00844],[2.07056,49.00682],[2.07136,49.00613],[2.07145,49.00603],[2.07187,49.00556],[2.07221,49.0052],[2.0724,49.00491],[2.07259,49.00464],[2.07271,49.00436],[2.07284,49.00408],[2.07297,49.00378],[2.07305,49.00351],[2.07313,49.00322],[2.07315,49.00293],[2.07318,49.00265],[2.07316,49.00237],[2.07315,49.00208],[2.07313,49.00181],[2.07312,49.00176],[2.07274,49.00178]]],[[[2.1762,48.97646],[2.17501,48.97791],[2.17426,48.97899],[2.17498,48.97825],[2.17587,48.97704],[2.1762,48.97646]]],[[[2.16495,48.98516],[2.16455,48.98529],[2.16217,48.98602],[2.16158,48.98616],[2.16197,48.9861],[2.16402,48.9856],[2.16495,48.98516]]]]}},{"type":"Feature","properties":{"code":"FRHG104","nom":"Éocène du Valois","horizon":1,"type":"DS","milieu":"4","karstique":0,"multicouches":1,"nature_ecoulement":"4"},"geometry":{"type":"MultiPolygon","coordinates":[[[[2.44858,49.13638],[2.44896,49.13658],[2.45023,49.13721],[2.45122,49.13757],[2.45155,49.13766],[2.45195,49.13781],[2.45374,49.13861],[2.45358,49.13881],[2.45386,49.13901],[2.4542,49.13921],[2.45485,49.13921],[2.45636,49.13876],[2.45685,49.13867],[2.45687,49.13866],[2.45706,49.13863],[2.45797,49.13852],[2.45799,49.13852],[2.45903,49.13857],[2.45905,49.13857],[2.46041,49.13877],[2.46043,49.13877],[2.46111,49.1389],[2.46113,49.1389],[2.46166,49.13888],[2.46168,49.13887],[2.46219,49.13874],[2.46114,49.13674],[2.46119,49.13676],[2.46129,49.13614],[2.46484,49.13625],[2.4648,49.1361],[2.46522,49.13611],[2.46568,49.13611],[2.46625,49.13587],[2.4666,49.13585],[2.46663,49.13585],[2.46691,49.13585],[2.46693,49.13585],[2.4675,49.13584],[2.46752,49.13584],[2.46759,49.13584],[2.46757,49.13561],[2.46757,49.13556],[2.46759,49.13552],[2.46756,49.13501],[2.46884,49.13491],[2.46883,49.13473],[2.4695,49.13468],[2.46971,49.13528],[2.46973,49.13527],[2.46976,49.13527],[2.46977,49.13528],[2.4701,49.1352],[2.47063,49.13504],[2.47081,49.1353],[2.47119,49.13526],[2.47154,49.1354],[2.47175,49.13508],[2.4725,49.13422],[2.47295,49.13369],[2.47456,49.13185],[2.47486,49.13151],[2.4753,49.13098],[2.47751,49.13098],[2.47616,49.12944],[2.47531,49.12846],[2.47535,49.12845],[2.47676,49.12812],[2.48325,49.12661],[2.48729,49.12565],[2.48731,49.12565],[2.48957,49.12501],[2.49439,49.1236],[2.49653,49.12297],[2.49783,49.12259],[2.49908,49.12224],[2.49913,49.12216],[2.49982,49.12138],[2.50231,49.11852],[2.50297,49.11777],[2.50301,49.11767],[2.49827,49.11514],[2.49184,49.11173],[2.49122,49.11142],[2.49142,49.11108],[2.49137,49.11042],[2.49126,49.11011],[2.49095,49.10882],[2.49077,49.10822],[2.4904,49.10721],[2.49007,49.10625],[2.49101,49.10614],[2.49165,49.10603],[2.49384,49.10551],[2.49492,49.10542],[2.49558,49.10538],[2.49665,49.1052],[2.49807,49.10507],[2.49899,49.10491],[2.49906,49.10484],[2.49909,49.10448],[2.50007,49.10448],[2.50266,49.10409],[2.5039,49.1039],[2.50465,49.10381],[2.50505,49.10376],[2.50613,49.10373],[2.50707,49.10384],[2.50782,49.10363],[2.50809,49.10358],[2.50879,49.10354],[2.50981,49.10359],[2.51005,49.10372],[2.51039,49.1043],[2.51163,49.10405],[2.51287,49.10377],[2.51418,49.10348],[2.51483,49.10335],[2.51583,49.10309],[2.51625,49.10293],[2.51711,49.10274],[2.51781,49.10257],[2.52014,49.102],[2.52133,49.10175],[2.52335,49.10137],[2.52512,49.10102],[2.52546,49.10093],[2.52678,49.10088],[2.52699,49.10085],[2.5273,49.10075],[2.52821,49.1004],[2.52979,49.09992],[2.53126,49.09946],[2.53181,49.10545],[2.53205,49.10831],[2.53216,49.10955],[2.53236,49.11208],[2.53251,49.11356],[2.53277,49.11712],[2.53283,49.11811],[2.53294,49.11914],[2.53296,49.11951],[2.53427,49.11954],[2.53461,49.11959],[2.53474,49.11966],[2.53486,49.11964],[2.5362,49.11995],[2.53675,49.12011],[2.53791,49.12133],[2.53852,49.12176],[2.53858,49.12174],[2.53904,49.12184],[2.54046,49.12203],[2.54076,49.12208],[2.54207,49.12225],[2.54216,49.12222],[2.54406,49.12127],[2.54398,49.1201],[2.54241,49.1193],[2.54121,49.11928],[2.53911,49.11934],[2.53774,49.11779],[2.53773,49.11768],[2.5393,49.11756],[2.53956,49.11644],[2.5405,49.11652],[2.54161,49.11664],[2.54239,49.11657],[2.54391,49.11646],[2.54536,49.11638],[2.54703,49.11636],[2.54713,49.11638],[2.54711,49.11702],[2.54713,49.11714],[2.54735,49.1176],[2.54744,49.11785],[2.54769,49.1188],[2.5477,49.11958],[2.54768,49.12035],[2.54877,49.12147],[2.54923,49.12188],[2.54991,49.12255],[2.55114,49.1231],[2.55155,49.1233],[2.55331,49.12456],[2.55472,49.12427],[2.55573,49.12407],[2.55635,49.12396],[2.55694,49.12373],[2.557,49.12343],[2.557,49.12185],[2.55686,49.12134],[2.55622,49.11904],[2.55602,49.11856],[2.5557,49.11811],[2.55545,49.11781],[2.55594,49.11765],[2.55511,49.11681],[2.55501,49.11673],[2.55391,49.11525],[2.5536,49.11483],[2.55295,49.11398],[2.5524,49.11408],[2.55197,49.11301],[2.55175,49.11243],[2.55232,49.11194],[2.55254,49.11162],[2.55272,49.11141],[2.55292,49.11107],[2.55343,49.11053],[2.55492,49.10944],[2.55547,49.10905],[2.55595,49.10937],[2.55693,49.10688],[2.55678,49.10686],[2.55719,49.1059],[2.55753,49.1054],[2.55763,49.10515],[2.55782,49.10458],[2.55793,49.10428],[2.55793,49.10335],[2.55794,49.10285],[2.55767,49.10226],[2.55909,49.102],[2.55878,49.10155],[2.55882,49.10148],[2.5576,49.10098],[2.5581,49.10035],[2.55753,49.10023],[2.55789,49.09975],[2.5585,49.09915],[2.55793,49.09872],[2.55959,49.09754],[2.55991,49.09777],[2.56038,49.09741],[2.56034,49.09736],[2.56089,49.09699],[2.56235,49.09778],[2.56341,49.09714],[2.56396,49.09657],[2.56426,49.0963],[2.56496,49.09527],[2.56522,49.09486],[2.56702,49.09409],[2.5679,49.09476],[2.56897,49.09432],[2.56925,49.09465],[2.56959,49.09494],[2.57044,49.09457],[2.57102,49.09513],[2.5711,49.09511],[2.57272,49.09443],[2.57293,49.09428],[2.57214,49.09338],[2.5735,49.09343],[2.57383,49.09346],[2.57435,49.09343],[2.57465,49.09338],[2.57507,49.09317],[2.57625,49.09277],[2.57654,49.09264],[2.57698,49.09263],[2.57709,49.0926],[2.57763,49.09236],[2.57808,49.09214],[2.57858,49.09198],[2.57872,49.09174],[2.57893,49.09159],[2.57911,49.09156],[2.57897,49.09141],[2.57883,49.09118],[2.5789,49.09107],[2.57917,49.09081],[2.57906,49.09076],[2.58013,49.08984],[2.57973,49.0895],[2.57835,49.08832],[2.57774,49.08782],[2.57981,49.08679],[2.58018,49.08677],[2.58043,49.0867],[2.58008,49.08632],[2.5793,49.08569],[2.57922,49.08494],[2.5789,49.0844],[2.57903,49.08436],[2.5789,49.08425],[2.58022,49.08383],[2.58047,49.08372],[2.58066,49.08352],[2.58174,49.08309],[2.58269,49.08245],[2.58298,49.08067],[2.58336,49.08075],[2.58356,49.07982],[2.5847,49.07993],[2.58467,49.08037],[2.58641,49.08055],[2.58661,49.07983],[2.59025,49.08004],[2.5903,49.0799],[2.59019,49.0798],[2.58989,49.07941],[2.58973,49.07912],[2.58972,49.07897],[2.59011,49.07806],[2.59013,49.07787],[2.58999,49.0778],[2.58965,49.0777],[2.58922,49.07754],[2.58905,49.07743],[2.58886,49.07722],[2.58836,49.07673],[2.5874,49.07623],[2.58714,49.07601],[2.58711,49.07578],[2.58697,49.07562],[2.58657,49.075],[2.58643,49.07468],[2.58597,49.07407],[2.58579,49.07364],[2.58553,49.07329],[2.58533,49.07285],[2.58506,49.07239],[2.58486,49.07207],[2.58481,49.07193],[2.58455,49.07171],[2.58401,49.07115],[2.58381,49.07085],[2.58328,49.07019],[2.58298,49.06984],[2.58269,49.06956],[2.58235,49.06929],[2.58172,49.06886],[2.5813,49.0686],[2.58044,49.06803],[2.57946,49.06743],[2.5787,49.067],[2.57834,49.06678],[2.57814,49.0667],[2.57754,49.06619],[2.5766,49.06577],[2.57662,49.06574],[2.5755,49.06498],[2.57531,49.06467],[2.57506,49.06436],[2.57451,49.06389],[2.57355,49.06292],[2.57305,49.06238],[2.57256,49.06191],[2.57138,49.06094],[2.57095,49.06058],[2.57149,49.05952],[2.57172,49.05902],[2.57192,49.05867],[2.57229,49.05808],[2.57304,49.05676],[2.57334,49.05604],[2.57408,49.05431],[2.57537,49.0546],[2.57618,49.05481],[2.5767,49.05496],[2.57725,49.05514],[2.57852,49.05562],[2.57903,49.0558],[2.57942,49.0559],[2.58029,49.05609],[2.58077,49.05622],[2.58286,49.05694],[2.58448,49.05752],[2.58497,49.05774],[2.58571,49.05805],[2.58647,49.05692],[2.5859,49.05662],[2.58672,49.05586],[2.58572,49.05536],[2.58473,49.05362],[2.58456,49.05334],[2.58476,49.05293],[2.58451,49.05283],[2.58538,49.05208],[2.58579,49.0517],[2.58654,49.05104],[2.58695,49.05072],[2.58795,49.04996],[2.58828,49.0498],[2.59066,49.04907],[2.59174,49.0487],[2.59335,49.0482],[2.595,49.04775],[2.59465,49.04738],[2.59454,49.04724],[2.59416,49.04714],[2.59311,49.04716],[2.59252,49.04714],[2.59168,49.04714],[2.59108,49.04717],[2.58945,49.0472],[2.58879,49.0472],[2.5887,49.04717],[2.58853,49.04702],[2.58662,49.04698],[2.58478,49.04705],[2.58385,49.04708],[2.58215,49.04697],[2.58187,49.04694],[2.58025,49.04672],[2.57821,49.04663],[2.57738,49.04668],[2.57714,49.04668],[2.57701,49.04643],[2.57691,49.04637],[2.57631,49.04582],[2.5753,49.04477],[2.57446,49.044],[2.57378,49.0435],[2.57253,49.04237],[2.57208,49.04195],[2.5715,49.04137],[2.57075,49.04067],[2.57035,49.04037],[2.56933,49.03958],[2.56944,49.03952],[2.56793,49.03909],[2.56842,49.03788],[2.56869,49.03727],[2.56884,49.03728],[2.56969,49.03536],[2.56879,49.03524],[2.56879,49.03511],[2.56864,49.03382],[2.56873,49.03281],[2.56702,49.03246],[2.56705,49.03211],[2.56625,49.0321],[2.56629,49.03021],[2.56585,49.03014],[2.56594,49.02937],[2.56601,49.02859],[2.56403,49.02845],[2.56465,49.02798],[2.56464,49.02797],[2.56333,49.02782],[2.56309,49.02776],[2.56238,49.0274],[2.56216,49.02738],[2.5617,49.02718],[2.56077,49.02686],[2.5601,49.02668],[2.5595,49.02648],[2.55911,49.02624],[2.55859,49.02589],[2.55851,49.02581],[2.55711,49.02581],[2.55711,49.02569],[2.556,49.02561],[2.55263,49.02534],[2.55247,49.02523],[2.55176,49.02496],[2.55005,49.02436],[2.54925,49.02408],[2.54753,49.02347],[2.54641,49.02309],[2.54597,49.02297],[2.54529,49.02291],[2.54526,49.02238],[2.54368,49.02238],[2.54185,49.02238],[2.5412,49.02238],[2.54119,49.02322],[2.53884,49.02342],[2.537,49.02358],[2.5357,49.02374],[2.53494,49.02383],[2.53466,49.02171],[2.5354,49.02165],[2.53535,49.02068],[2.53476,49.01985],[2.53445,49.01986],[2.53428,49.01852],[2.53633,49.01844],[2.53737,49.01846],[2.53743,49.01821],[2.5379,49.01644],[2.53792,49.01644],[2.53832,49.01516],[2.53809,49.01509],[2.53834,49.01426],[2.53881,49.01264],[2.54027,49.01167],[2.54074,49.01141],[2.54125,49.0115],[2.54226,49.01167],[2.54272,49.01172],[2.54485,49.01197],[2.54474,49.01369],[2.54522,49.01368],[2.54506,49.01469],[2.54885,49.01494],[2.54908,49.01495],[2.54936,49.01339],[2.55009,49.01198],[2.55337,49.01191],[2.55349,49.01088],[2.55349,49.01055],[2.55346,49.01014],[2.55308,49.00678],[2.55207,49.00676],[2.54882,49.0067],[2.54926,49.00316],[2.54808,49.00309],[2.54782,49.00505],[2.54694,49.00502],[2.54695,49.00492],[2.54551,49.00483],[2.54505,49.00481],[2.54408,49.00475],[2.54404,49.00564],[2.54115,49.00566],[2.5412,49.00629],[2.53839,49.00622],[2.53838,49.00532],[2.53573,49.00525],[2.53548,49.00659],[2.53443,49.00625],[2.53219,49.00524],[2.53107,49.00311],[2.5302,49.0023],[2.53048,49.00198],[2.53044,49.00191],[2.52964,49.002],[2.52915,49.00043],[2.52787,49.00045],[2.52441,48.99625],[2.52323,48.99425],[2.52278,48.99214],[2.52045,48.99228],[2.52015,48.9911],[2.51892,48.99095],[2.51914,48.98854],[2.5192,48.98784],[2.51692,48.98761],[2.51701,48.98611],[2.51656,48.98613],[2.51622,48.9861],[2.51226,48.98605],[2.51426,48.98294],[2.51449,48.98265],[2.51455,48.98249],[2.51472,48.98223],[2.51053,48.98062],[2.51074,48.98038],[2.50923,48.97982],[2.50882,48.98059],[2.50634,48.98031],[2.50672,48.97988],[2.50486,48.97879],[2.504,48.97932],[2.50376,48.97947],[2.50188,48.97853],[2.50037,48.97771],[2.50076,48.97747],[2.50211,48.97657],[2.50101,48.97603],[2.50024,48.97561],[2.50049,48.97544],[2.49835,48.97521],[2.49761,48.97509],[2.49724,48.97506],[2.49579,48.97505],[2.49796,48.97386],[2.4973,48.97338],[2.49618,48.9726],[2.49249,48.97459],[2.49091,48.97335],[2.4907,48.97318],[2.48832,48.9713],[2.49026,48.97007],[2.48677,48.96726],[2.48383,48.96832],[2.48151,48.96958],[2.48077,48.96981],[2.47928,48.96811],[2.47883,48.9675],[2.47853,48.96761],[2.4778,48.9667],[2.47503,48.96767],[2.4731,48.96587],[2.47059,48.96394],[2.4695,48.96302],[2.46735,48.96431],[2.46425,48.96124],[2.4634,48.96031],[2.46295,48.95975],[2.4626,48.95954],[2.4622,48.95923],[2.46114,48.95854],[2.46083,48.95847],[2.46072,48.9584],[2.46057,48.95817],[2.46047,48.95786],[2.46034,48.95731],[2.46018,48.95699],[2.4602,48.9568],[2.4603,48.95656],[2.46014,48.95615],[2.45959,48.95527],[2.45949,48.95505],[2.45901,48.95513],[2.45766,48.95553],[2.45675,48.95573],[2.45588,48.95567],[2.45418,48.95566],[2.45384,48.95562],[2.45319,48.95548],[2.4529,48.95534],[2.45263,48.95529],[2.45147,48.95515],[2.45105,48.95505],[2.45031,48.95494],[2.45004,48.95497],[2.44923,48.95511],[2.44891,48.95524],[2.44857,48.95547],[2.44801,48.95594],[2.44749,48.95578],[2.44518,48.95674],[2.44502,48.95673],[2.44479,48.95657],[2.44457,48.95672],[2.44446,48.95664],[2.44403,48.95672],[2.44392,48.9567],[2.44383,48.95653],[2.44374,48.95651],[2.44349,48.95661],[2.44333,48.9565],[2.44277,48.95655],[2.44227,48.95652],[2.44185,48.95656],[2.44165,48.95642],[2.44116,48.9564],[2.44081,48.95625],[2.43982,48.95603],[2.43913,48.95586],[2.43807,48.95578],[2.43709,48.95575],[2.43682,48.9556],[2.43648,48.95544],[2.43616,48.95539],[2.43593,48.95512],[2.43577,48.95508],[2.43564,48.95519],[2.43564,48.95543],[2.43538,48.95546],[2.43531,48.95563],[2.43502,48.95566],[2.43435,48.9559],[2.4341,48.95594],[2.43393,48.95641],[2.43376,48.95659],[2.43339,48.95676],[2.43318,48.95678],[2.43303,48.95716],[2.43285,48.9572],[2.43283,48.95742],[2.43264,48.9574],[2.43263,48.95756],[2.43247,48.95759],[2.43178,48.95774],[2.4316,48.9578],[2.43137,48.95794],[2.43103,48.95806],[2.4307,48.95814],[2.43041,48.95825],[2.43002,48.95833],[2.42988,48.95856],[2.42931,48.95866],[2.42902,48.95891],[2.42884,48.959],[2.4285,48.95903],[2.42823,48.95925],[2.42804,48.95923],[2.42736,48.95933],[2.42702,48.95941],[2.42653,48.95938],[2.42584,48.9594],[2.42565,48.95934],[2.42542,48.95915],[2.42532,48.95911],[2.42499,48.95914],[2.42444,48.95905],[2.42351,48.95897],[2.4227,48.95889],[2.42239,48.95882],[2.42225,48.95875],[2.4216,48.95853],[2.41881,48.95771],[2.41839,48.95759],[2.41841,48.95793],[2.4183,48.95825],[2.41779,48.95942],[2.41744,48.95952],[2.417,48.95933],[2.41609,48.95888],[2.41579,48.95875],[2.41536,48.95849],[2.41494,48.95826],[2.41366,48.958],[2.41369,48.95774],[2.41249,48.95772],[2.4109,48.95797],[2.40967,48.95787],[2.40984,48.95704],[2.40958,48.95693],[2.40834,48.95729],[2.40792,48.9568],[2.40736,48.95609],[2.40482,48.95743],[2.40329,48.95809],[2.40254,48.95796],[2.3989,48.95961],[2.39749,48.96055],[2.39736,48.96067],[2.39667,48.96112],[2.39654,48.96109],[2.39612,48.96142],[2.39541,48.96183],[2.39432,48.96254],[2.39456,48.96271],[2.39397,48.9631],[2.39356,48.96343],[2.39333,48.96359],[2.3933,48.96365],[2.39285,48.96403],[2.3925,48.96437],[2.39224,48.96455],[2.39178,48.96474],[2.39113,48.96509],[2.39099,48.96502],[2.39024,48.96556],[2.38803,48.96725],[2.38786,48.96735],[2.38621,48.96875],[2.3861,48.96886],[2.38459,48.97016],[2.38416,48.97113],[2.38244,48.97123],[2.38228,48.97124],[2.37872,48.97169],[2.37573,48.97207],[2.37254,48.97237],[2.3717,48.97253],[2.36943,48.97292],[2.36888,48.97303],[2.36597,48.97401],[2.36574,48.97403],[2.36556,48.97369],[2.36552,48.97354],[2.36529,48.97309],[2.36265,48.97366],[2.36267,48.97372],[2.36227,48.9738],[2.36172,48.97397],[2.36156,48.97389],[2.36129,48.9735],[2.36112,48.97335],[2.36081,48.97299],[2.36049,48.97269],[2.36009,48.97248],[2.36,48.9725],[2.35953,48.97269],[2.35899,48.97287],[2.3582,48.97182],[2.35793,48.9714],[2.35751,48.97083],[2.35642,48.9691],[2.35656,48.96897],[2.35693,48.96878],[2.35676,48.96866],[2.35653,48.96843],[2.35536,48.96744],[2.3548,48.9669],[2.35393,48.96576],[2.35365,48.96583],[2.35347,48.96562],[2.35257,48.96572],[2.35232,48.96578],[2.35201,48.96591],[2.35177,48.96606],[2.35164,48.96619],[2.3516,48.96633],[2.35158,48.96662],[2.35052,48.96702],[2.35,48.96713],[2.34916,48.96735],[2.3485,48.9675],[2.34832,48.96752],[2.34729,48.9677],[2.34708,48.96766],[2.34591,48.96797],[2.3455,48.96807],[2.34508,48.96819],[2.34466,48.96819],[2.34445,48.96823],[2.34387,48.96842],[2.33987,48.96255],[2.33939,48.9627],[2.33893,48.96292],[2.33842,48.96222],[2.33797,48.96163],[2.33746,48.96091],[2.33764,48.96072],[2.33798,48.96023],[2.33808,48.96007],[2.33699,48.95868],[2.3369,48.95858],[2.33651,48.95805],[2.33636,48.95774],[2.33622,48.95765],[2.33605,48.95746],[2.33564,48.95712],[2.33552,48.95714],[2.33535,48.95703],[2.33511,48.95679],[2.33506,48.95681],[2.33455,48.95631],[2.33427,48.95605],[2.33402,48.95617],[2.33364,48.95565],[2.33336,48.95532],[2.33215,48.9563],[2.3308,48.95737],[2.33025,48.95779],[2.32922,48.95847],[2.32792,48.95952],[2.32574,48.95841],[2.32533,48.95826],[2.32299,48.9576],[2.32269,48.95753],[2.32062,48.95813],[2.31987,48.95845],[2.31977,48.95847],[2.31909,48.95894],[2.31884,48.95905],[2.31795,48.95953],[2.31628,48.96048],[2.31561,48.96088],[2.3134,48.96212],[2.31305,48.96233],[2.313,48.96241],[2.31098,48.96216],[2.31089,48.962],[2.31069,48.96187],[2.31037,48.96175],[2.31018,48.96195],[2.30984,48.96222],[2.30935,48.9627],[2.30913,48.96316],[2.30894,48.96351],[2.30838,48.9633],[2.30752,48.96293],[2.30714,48.96274],[2.30677,48.963],[2.30509,48.96222],[2.30354,48.96367],[2.3031,48.96404],[2.3019,48.96494],[2.3015,48.96527],[2.30115,48.96547],[2.3005,48.96573],[2.30046,48.9657],[2.30007,48.96585],[2.29922,48.96615],[2.29888,48.9663],[2.29856,48.96616],[2.29491,48.96421],[2.29272,48.96304],[2.29209,48.96273],[2.29033,48.96171],[2.28923,48.95993],[2.28893,48.95943],[2.28833,48.95838],[2.28963,48.95603],[2.29132,48.95306],[2.29114,48.95304],[2.29076,48.95299],[2.29037,48.95293],[2.28994,48.95286],[2.28907,48.95272],[2.28754,48.95247],[2.28592,48.95221],[2.28519,48.95208],[2.28481,48.95202],[2.28446,48.95195],[2.28412,48.95189],[2.2838,48.95182],[2.28358,48.95177],[2.28335,48.95172],[2.28285,48.9516],[2.28237,48.95149],[2.28146,48.95125],[2.28138,48.95124],[2.28126,48.95121],[2.28096,48.95113],[2.28072,48.95107],[2.28017,48.95094],[2.27955,48.95081],[2.27895,48.95067],[2.27741,48.95034],[2.27657,48.95015],[2.27613,48.95005],[2.27572,48.94995],[2.27533,48.94985],[2.27495,48.94976],[2.2741,48.94954],[2.27335,48.94934],[2.27267,48.94915],[2.27203,48.94897],[2.27141,48.94879],[2.27083,48.94862],[2.27027,48.94844],[2.26974,48.94827],[2.26936,48.94814],[2.26894,48.94799],[2.26854,48.94784],[2.26764,48.9475],[2.26721,48.94734],[2.26684,48.94721],[2.2665,48.94709],[2.26622,48.947],[2.26592,48.94691],[2.2656,48.94682],[2.26525,48.94673],[2.26495,48.94665],[2.2646,48.94657],[2.26345,48.94629],[2.26301,48.94619],[2.26258,48.94608],[2.26252,48.94606],[2.2622,48.94598],[2.26199,48.94592],[2.2618,48.94586],[2.26161,48.94581],[2.26142,48.94575],[2.26125,48.94569],[2.26107,48.94563],[2.26091,48.94557],[2.26075,48.94551],[2.26058,48.94544],[2.2604,48.94537],[2.26022,48.94529],[2.26002,48.94521],[2.25967,48.94505],[2.25887,48.94468],[2.2585,48.94451],[2.25813,48.94435],[2.25807,48.94433],[2.25775,48.94446],[2.25745,48.9446],[2.25714,48.94474],[2.25686,48.9449],[2.25657,48.9451],[2.25631,48.94528],[2.25603,48.94551],[2.2558,48.94573],[2.2556,48.94592],[2.25542,48.94612],[2.25524,48.94632],[2.25509,48.94655],[2.25488,48.9468],[2.25472,48.94702],[2.25452,48.94725],[2.25427,48.94748],[2.25404,48.94769],[2.2538,48.94786],[2.25354,48.94804],[2.25324,48.94823],[2.2529,48.94843],[2.25264,48.94859],[2.25238,48.94875],[2.25207,48.94889],[2.25176,48.94899],[2.25134,48.94903],[2.25101,48.9489],[2.25085,48.9487],[2.25106,48.94843],[2.25137,48.94824],[2.25165,48.94808],[2.25199,48.94791],[2.2523,48.94778],[2.25263,48.94765],[2.25291,48.94752],[2.25323,48.94734],[2.25347,48.94714],[2.25365,48.94692],[2.25378,48.94664],[2.25385,48.94638],[2.25387,48.94611],[2.25387,48.94583],[2.25387,48.94553],[2.25385,48.94528],[2.2538,48.94501],[2.25371,48.94473],[2.2536,48.94448],[2.25344,48.94429],[2.25321,48.94401],[2.25297,48.94375],[2.25276,48.94356],[2.25239,48.94334],[2.25194,48.9431],[2.25159,48.94292],[2.25131,48.94277],[2.25089,48.94252],[2.2505,48.94224],[2.25027,48.94207],[2.24996,48.94184],[2.24964,48.94166],[2.24925,48.94146],[2.24887,48.94129],[2.24854,48.94116],[2.24821,48.94107],[2.24778,48.941],[2.24738,48.94096],[2.24697,48.94093],[2.24654,48.94094],[2.24612,48.94095],[2.24572,48.94095],[2.24531,48.94094],[2.24489,48.94094],[2.24448,48.94096],[2.24406,48.94098],[2.24365,48.94099],[2.24325,48.94097],[2.24284,48.94093],[2.2424,48.94089],[2.24199,48.94079],[2.24159,48.94062],[2.24118,48.94032],[2.24096,48.94013],[2.2409,48.94007],[2.24055,48.93975],[2.24029,48.93947],[2.24003,48.9392],[2.23961,48.93893],[2.23926,48.93879],[2.23883,48.93865],[2.23843,48.93851],[2.23805,48.93837],[2.23776,48.93825],[2.2374,48.93811],[2.23708,48.93797],[2.23678,48.93783],[2.23648,48.9377],[2.23619,48.93756],[2.2359,48.93743],[2.23547,48.9372],[2.2351,48.93702],[2.23481,48.93688],[2.23452,48.93675],[2.23404,48.93661],[2.23362,48.93657],[2.2332,48.93659],[2.23295,48.93676],[2.23258,48.937],[2.23218,48.93711],[2.23179,48.93702],[2.23138,48.93674],[2.23114,48.93652],[2.23093,48.93626],[2.23073,48.936],[2.23059,48.93579],[2.2304,48.93551],[2.23017,48.93524],[2.2299,48.935],[2.22966,48.93484],[2.22937,48.9347],[2.22896,48.93456],[2.22864,48.93447],[2.22824,48.93442],[2.22783,48.93442],[2.22742,48.93456],[2.22722,48.93484],[2.22715,48.93511],[2.22709,48.93539],[2.22701,48.93565],[2.22691,48.93593],[2.2268,48.93617],[2.2266,48.93648],[2.22638,48.93673],[2.22614,48.93689],[2.22576,48.93698],[2.22531,48.93677],[2.22514,48.93655],[2.22508,48.93633],[2.22501,48.93603],[2.22498,48.93579],[2.22497,48.9355],[2.22501,48.93523],[2.22509,48.93493],[2.22517,48.93469],[2.22529,48.93441],[2.22545,48.93414],[2.22562,48.93387],[2.22578,48.93367],[2.22592,48.93346],[2.22611,48.93319],[2.22628,48.9329],[2.2264,48.93266],[2.22652,48.93238],[2.2266,48.9321],[2.22656,48.93183],[2.22637,48.93154],[2.22607,48.93129],[2.22577,48.93114],[2.22535,48.9311],[2.22492,48.93112],[2.22451,48.93115],[2.2241,48.9312],[2.22368,48.93123],[2.22328,48.93125],[2.22288,48.93125],[2.22245,48.93125],[2.22203,48.93124],[2.22162,48.93119],[2.22121,48.93113],[2.22079,48.93103],[2.22037,48.93089],[2.21998,48.93078],[2.21966,48.93067],[2.21926,48.93057],[2.21883,48.9305],[2.21842,48.93045],[2.21802,48.93036],[2.21765,48.93026],[2.21729,48.93016],[2.21695,48.93005],[2.21658,48.92992],[2.21625,48.92982],[2.21593,48.9297],[2.21556,48.92957],[2.21522,48.92946],[2.2148,48.92934],[2.21438,48.92923],[2.21402,48.92916],[2.21366,48.92911],[2.21351,48.92908],[2.21325,48.92904],[2.21286,48.92898],[2.21253,48.92892],[2.2122,48.92883],[2.21181,48.9287],[2.21153,48.92854],[2.21126,48.92834],[2.21105,48.92814],[2.21081,48.92794],[2.21047,48.92776],[2.21013,48.9277],[2.20974,48.92769],[2.20933,48.92769],[2.20891,48.92763],[2.2086,48.92753],[2.2082,48.9274],[2.20788,48.92732],[2.20748,48.92723],[2.20706,48.92714],[2.20665,48.92705],[2.20633,48.92696],[2.20602,48.92685],[2.20561,48.92673],[2.2052,48.9266],[2.20489,48.92648],[2.20449,48.92637],[2.20416,48.92626],[2.20396,48.92618],[2.20367,48.92659],[2.20363,48.92657],[2.20307,48.92741],[2.20317,48.92741],[2.20378,48.9276],[2.20299,48.92868],[2.20256,48.92924],[2.20284,48.92932],[2.20221,48.93022],[2.20251,48.93032],[2.20175,48.93129],[2.20193,48.93135],[2.20175,48.93155],[2.20133,48.93209],[2.20009,48.93391],[2.19928,48.93527],[2.20102,48.93609],[2.20159,48.93591],[2.20182,48.93581],[2.20208,48.93565],[2.2021,48.93591],[2.20177,48.93721],[2.20164,48.93772],[2.20208,48.93763],[2.20215,48.9377],[2.20298,48.93775],[2.20278,48.93996],[2.2048,48.94006],[2.20507,48.94006],[2.20544,48.94014],[2.20561,48.94022],[2.20593,48.94047],[2.20609,48.94065],[2.20576,48.94135],[2.20528,48.9414],[2.20535,48.9421],[2.20563,48.94298],[2.20601,48.94463],[2.20608,48.94613],[2.20627,48.94612],[2.20606,48.94831],[2.20601,48.94879],[2.20595,48.94952],[2.20587,48.94986],[2.20549,48.9499],[2.20477,48.9499],[2.20111,48.95034],[2.20058,48.95036],[2.20037,48.94969],[2.19904,48.94979],[2.19763,48.94995],[2.19626,48.95014],[2.19437,48.95039],[2.19399,48.95046],[2.19382,48.95058],[2.19316,48.95056],[2.19271,48.95055],[2.19189,48.95045],[2.19134,48.95037],[2.19081,48.95035],[2.18976,48.95043],[2.18971,48.95046],[2.19018,48.95174],[2.1902,48.95177],[2.18795,48.95233],[2.18664,48.95265],[2.18563,48.95292],[2.18511,48.95304],[2.18401,48.95332],[2.18383,48.95312],[2.1817,48.95357],[2.17795,48.95456],[2.17721,48.95372],[2.17689,48.95339],[2.17632,48.95272],[2.17585,48.95219],[2.17574,48.95213],[2.17526,48.95233],[2.17644,48.95361],[2.17647,48.95363],[2.17635,48.95379],[2.17622,48.95387],[2.1761,48.95394],[2.17783,48.95572],[2.17784,48.95573],[2.1792,48.95755],[2.18064,48.96026],[2.181,48.96149],[2.18143,48.96299],[2.18161,48.9636],[2.18166,48.96444],[2.18166,48.96541],[2.18154,48.96615],[2.18129,48.96774],[2.18108,48.96805],[2.18103,48.96824],[2.18088,48.9688],[2.18062,48.96976],[2.1806,48.96985],[2.18044,48.97008],[2.17937,48.97164],[2.17888,48.97254],[2.17827,48.97299],[2.17793,48.97344],[2.17738,48.97474],[2.17676,48.97568],[2.17642,48.97609],[2.1763,48.97628],[2.17623,48.97643],[2.1762,48.97646],[2.17587,48.97704],[2.17498,48.97825],[2.17426,48.97899],[2.17396,48.97943],[2.17236,48.98104],[2.17082,48.98226],[2.16907,48.9834],[2.16697,48.98448],[2.16495,48.98516],[2.16402,48.9856],[2.16197,48.9861],[2.16158,48.98616],[2.1608,48.98635],[2.15999,48.98654],[2.15898,48.98663],[2.15891,48.98664],[2.15889,48.98664],[2.15812,48.98678],[2.15768,48.98694],[2.15588,48.98758],[2.15551,48.98771],[2.15453,48.98806],[2.15407,48.98822],[2.15372,48.98835],[2.1533,48.9885],[2.15296,48.98862],[2.1528,48.98868],[2.15238,48.98883],[2.15182,48.989],[2.15125,48.98917],[2.15064,48.98936],[2.15015,48.98951],[2.14963,48.98967],[2.14925,48.98979],[2.1489,48.9899],[2.14844,48.99],[2.14792,48.99012],[2.14718,48.99029],[2.1469,48.99035],[2.14648,48.99045],[2.14618,48.99054],[2.14498,48.99093],[2.14496,48.99093],[2.14443,48.99107],[2.14441,48.99107],[2.14428,48.9911],[2.1435,48.99126],[2.14302,48.99135],[2.14253,48.99145],[2.14207,48.99155],[2.14205,48.99155],[2.14158,48.99162],[2.14101,48.9917],[2.14061,48.99176],[2.14016,48.99179],[2.14014,48.99179],[2.13986,48.99178],[2.1397,48.99178],[2.13918,48.99177],[2.13863,48.99175],[2.13863,48.99175],[2.13814,48.99174],[2.13812,48.99174],[2.13767,48.99172],[2.13724,48.9917],[2.1367,48.99167],[2.13622,48.99161],[2.13561,48.99153],[2.13545,48.99151],[2.13496,48.9915],[2.13398,48.9916],[2.13347,48.99165],[2.133,48.9917],[2.13253,48.99172],[2.13152,48.99175],[2.13109,48.99176],[2.13057,48.99178],[2.13055,48.99178],[2.13005,48.99183],[2.12961,48.99186],[2.1296,48.99186],[2.12911,48.99192],[2.12862,48.99197],[2.12814,48.99203],[2.12657,48.9922],[2.1238,48.9925],[2.12401,48.99359],[2.12333,48.99357],[2.12248,48.99348],[2.12156,48.99337],[2.12071,48.9933],[2.12105,48.99548],[2.12202,48.99863],[2.12237,48.99981],[2.12262,49.00062],[2.12278,49.00121],[2.1229,49.00159],[2.12296,49.00166],[2.12313,49.0023],[2.12356,49.00369],[2.12563,49.00706],[2.12712,49.00967],[2.12685,49.01108],[2.1267,49.0122],[2.12423,49.01498],[2.12273,49.01666],[2.12125,49.01833],[2.12099,49.0181],[2.12071,49.01789],[2.1204,49.01758],[2.11997,49.01722],[2.11949,49.0169],[2.11863,49.01626],[2.11815,49.01586],[2.1177,49.01555],[2.11746,49.01533],[2.11696,49.01496],[2.1164,49.01454],[2.11587,49.01418],[2.11545,49.01386],[2.1144,49.01303],[2.1132,49.01212],[2.1126,49.01175],[2.11181,49.01124],[2.11115,49.01076],[2.1108,49.01049],[2.11059,49.01035],[2.11058,49.00988],[2.11055,49.00957],[2.1105,49.00938],[2.11023,49.00874],[2.10679,49.00931],[2.10545,49.00956],[2.10441,49.00984],[2.10403,49.00993],[2.10318,49.01016],[2.10201,49.01046],[2.10159,49.01055],[2.09984,49.01083],[2.09931,49.01092],[2.09756,49.01131],[2.09678,49.01154],[2.09628,49.01172],[2.0957,49.01188],[2.09465,49.01212],[2.094,49.01228],[2.09315,49.01247],[2.09273,49.01255],[2.0924,49.01266],[2.09183,49.0128],[2.09078,49.01309],[2.08993,49.01333],[2.08982,49.01334],[2.08951,49.01344],[2.0884,49.01372],[2.08787,49.01386],[2.08713,49.01405],[2.08486,49.01455],[2.08459,49.01391],[2.08445,49.0135],[2.08417,49.0129],[2.08393,49.01225],[2.08364,49.01162],[2.08301,49.01016],[2.08266,49.00945],[2.08253,49.00946],[2.082,49.00913],[2.07986,49.00808],[2.07924,49.0078],[2.07868,49.00756],[2.0784,49.00746],[2.0772,49.00712],[2.07659,49.00701],[2.07643,49.00701],[2.0756,49.00676],[2.07517,49.00667],[2.07476,49.00668],[2.07482,49.00656],[2.07502,49.00516],[2.07526,49.00391],[2.07538,49.00319],[2.0753,49.00253],[2.07529,49.0021],[2.07354,49.00173],[2.07312,49.00176],[2.07313,49.00181],[2.07315,49.00208],[2.07316,49.00237],[2.07318,49.00265],[2.07315,49.00293],[2.07313,49.00322],[2.07305,49.00351],[2.07297,49.00378],[2.07284,49.00408],[2.07271,49.00436],[2.07259,49.00464],[2.0724,49.00491],[2.07221,49.0052],[2.07187,49.00556],[2.07145,49.00603],[2.07136,49.00613],[2.07056,49.00682],[2.06873,49.00844],[2.06845,49.00872],[2.06788,49.0093],[2.06604,49.01117],[2.06565,49.01145],[2.06553,49.01153],[2.06531,49.01169],[2.06282,49.01315],[2.0627,49.01321],[2.06173,49.01372],[2.0611,49.01414],[2.05792,49.01652],[2.05744,49.017],[2.05631,49.01793],[2.05584,49.01852],[2.05572,49.01872],[2.05533,49.01939],[2.05446,49.02133],[2.05439,49.02161],[2.05438,49.02249],[2.05444,49.0227],[2.05151,49.02547],[2.04809,49.02729],[2.04628,49.02883],[2.04551,49.02948],[2.04523,49.02973],[2.04487,49.03052],[2.04555,49.03105],[2.04722,49.0308],[2.04918,49.03032],[2.05345,49.02941],[2.05612,49.02807],[2.057,49.02726],[2.05778,49.02745],[2.05852,49.0275],[2.06027,49.02741],[2.0618,49.02646],[2.06291,49.02565],[2.06343,49.02517],[2.06514,49.02324],[2.06607,49.02229],[2.06705,49.02153],[2.06801,49.02091],[2.06837,49.02067],[2.06851,49.02058],[2.06945,49.02006],[2.06949,49.02004],[2.07045,49.01967],[2.07047,49.01967],[2.07103,49.0195],[2.07169,49.01932],[2.07171,49.01931],[2.07264,49.01911],[2.0736,49.01891],[2.0741,49.0188],[2.07462,49.01869],[2.07504,49.0186],[2.07518,49.01855],[2.07586,49.01834],[2.07588,49.01834],[2.0775,49.01812],[2.07753,49.01812],[2.07803,49.0181],[2.07845,49.01809],[2.07899,49.01807],[2.07949,49.01805],[2.07997,49.01804],[2.07999,49.01804],[2.081,49.01806],[2.08102,49.01806],[2.08134,49.01813],[2.08149,49.01816],[2.0815,49.01816],[2.08319,49.0187],[2.08321,49.01871],[2.08369,49.01878],[2.08415,49.01885],[2.08468,49.01893],[2.0847,49.01893],[2.08473,49.01893],[2.08564,49.01898],[2.08579,49.01902],[2.08597,49.01907],[2.08644,49.01924],[2.08697,49.01949],[2.08783,49.0199],[2.08822,49.02014],[2.08875,49.02046],[2.08943,49.02087],[2.08978,49.02104],[2.09037,49.02133],[2.09053,49.02141],[2.0908,49.02166],[2.09113,49.02198],[2.09138,49.02232],[2.09247,49.02384],[2.0927,49.02407],[2.09301,49.0244],[2.09326,49.02472],[2.09353,49.02507],[2.09357,49.02513],[2.09408,49.02532],[2.09456,49.02549],[2.09473,49.02555],[2.09503,49.0257],[2.09514,49.02577],[2.09568,49.02609],[2.0965,49.02657],[2.09702,49.02688],[2.09755,49.0272],[2.09796,49.02744],[2.09808,49.02751],[2.0982,49.02759],[2.09945,49.02847],[2.09978,49.02876],[2.10038,49.02932],[2.10056,49.02949],[2.10064,49.02959],[2.10089,49.02992],[2.10144,49.03084],[2.10161,49.03119],[2.10166,49.03128],[2.1017,49.03135],[2.10186,49.03168],[2.1023,49.03262],[2.10237,49.03275],[2.10246,49.03308],[2.10259,49.03355],[2.10272,49.03402],[2.10296,49.03491],[2.103,49.03502],[2.10312,49.03537],[2.10335,49.036],[2.10336,49.03605],[2.10338,49.03609],[2.10393,49.03765],[2.10425,49.03853],[2.10479,49.04033],[2.10509,49.041],[2.10525,49.04135],[2.1053,49.04146],[2.10544,49.04171],[2.10564,49.04205],[2.10597,49.04265],[2.10653,49.04331],[2.10661,49.04337],[2.1076,49.04405],[2.10801,49.04426],[2.10844,49.04448],[2.10845,49.04449],[2.10878,49.04461],[2.10926,49.04479],[2.10973,49.04496],[2.11021,49.04514],[2.11037,49.0452],[2.11042,49.04522],[2.11105,49.04539],[2.11108,49.0454],[2.11222,49.04556],[2.11238,49.04558],[2.11261,49.04559],[2.11295,49.0456],[2.1131,49.04561],[2.11366,49.0456],[2.11381,49.0456],[2.11439,49.04557],[2.11493,49.04553],[2.11568,49.04549],[2.11588,49.04547],[2.11634,49.04547],[2.11644,49.04547],[2.11652,49.04557],[2.11679,49.04593],[2.1186,49.04825],[2.119,49.04879],[2.1186,49.04924],[2.11836,49.04973],[2.11819,49.05026],[2.11816,49.05053],[2.11813,49.05082],[2.11828,49.05157],[2.1183,49.0516],[2.11937,49.0529],[2.11946,49.05299],[2.12005,49.05355],[2.12027,49.05376],[2.12034,49.05383],[2.12038,49.05387],[2.12048,49.05397],[2.12075,49.05423],[2.12076,49.05424],[2.12144,49.05445],[2.12195,49.05466],[2.12211,49.05473],[2.12283,49.05504],[2.12294,49.05508],[2.12296,49.05509],[2.12311,49.05515],[2.12344,49.05539],[2.12371,49.05559],[2.12436,49.05607],[2.12449,49.05617],[2.12466,49.05627],[2.1249,49.05642],[2.12534,49.05668],[2.12535,49.05669],[2.12574,49.05695],[2.1262,49.05727],[2.1265,49.05748],[2.12684,49.05771],[2.12685,49.05772],[2.12718,49.05792],[2.12926,49.05923],[2.1296,49.05945],[2.12962,49.05946],[2.12975,49.05953],[2.13042,49.0599],[2.13084,49.06013],[2.13086,49.06014],[2.13173,49.06037],[2.13223,49.0605],[2.13277,49.06064],[2.13317,49.06075],[2.13367,49.06094],[2.13385,49.06101],[2.13456,49.06123],[2.13501,49.06137],[2.13516,49.06142],[2.13679,49.06202],[2.13681,49.06203],[2.13716,49.06212],[2.13758,49.06223],[2.13773,49.06227],[2.13845,49.06242],[2.13859,49.06245],[2.139,49.06254],[2.13916,49.06255],[2.13982,49.0626],[2.14042,49.06265],[2.14095,49.0627],[2.14162,49.06275],[2.14173,49.06276],[2.14216,49.06274],[2.14218,49.06273],[2.14637,49.06279],[2.14641,49.06279],[2.14689,49.06292],[2.14749,49.06307],[2.14751,49.06308],[2.14886,49.06328],[2.14944,49.06337],[2.14984,49.06343],[2.14999,49.06345],[2.15095,49.06363],[2.15111,49.06368],[2.15112,49.06368],[2.1513,49.06373],[2.15161,49.06376],[2.15216,49.06381],[2.15218,49.06381],[2.1522,49.06381],[2.15327,49.06379],[2.15418,49.06382],[2.15561,49.06388],[2.15566,49.06388],[2.15568,49.06388],[2.1557,49.06388],[2.15575,49.06388],[2.15823,49.06373],[2.15855,49.06371],[2.15858,49.06371],[2.15976,49.06377],[2.16064,49.06382],[2.16103,49.06384],[2.16105,49.06384],[2.16177,49.06383],[2.16186,49.0638],[2.16201,49.06376],[2.16241,49.06346],[2.16264,49.06314],[2.16316,49.06176],[2.16335,49.06159],[2.16357,49.06154],[2.16405,49.06162],[2.16424,49.06173],[2.16445,49.06198],[2.165,49.06292],[2.16526,49.06313],[2.16556,49.06322],[2.16568,49.06325],[2.16649,49.06332],[2.16651,49.06332],[2.16925,49.0633],[2.16943,49.0633],[2.16945,49.0633],[2.16949,49.0633],[2.16953,49.06331],[2.16962,49.06332],[2.17229,49.06374],[2.17234,49.06374],[2.17288,49.06383],[2.17339,49.06395],[2.17452,49.06445],[2.18034,49.06791],[2.18169,49.06858],[2.18155,49.0688],[2.18618,49.06975],[2.18715,49.06987],[2.18972,49.07036],[2.19053,49.0704],[2.19181,49.07016],[2.19223,49.07023],[2.19244,49.07045],[2.19254,49.07071],[2.19252,49.07112],[2.19273,49.07154],[2.19324,49.07183],[2.19477,49.07235],[2.19549,49.07267],[2.19605,49.07299],[2.19724,49.0738],[2.1981,49.07426],[2.19878,49.07471],[2.2,49.07572],[2.20099,49.07664],[2.20158,49.07733],[2.20265,49.07881],[2.20351,49.08042],[2.20383,49.08083],[2.20475,49.08166],[2.20503,49.08209],[2.20524,49.08258],[2.20588,49.08332],[2.20613,49.08371],[2.20666,49.08493],[2.20965,49.08962],[2.20962,49.08991],[2.2097,49.09034],[2.21005,49.09113],[2.21049,49.09176],[2.21235,49.09389],[2.21293,49.09442],[2.21325,49.095],[2.21395,49.09573],[2.2145,49.09659],[2.21489,49.09704],[2.21526,49.09748],[2.21607,49.09876],[2.21629,49.09933],[2.21641,49.10004],[2.21641,49.10053],[2.2164,49.1009],[2.2163,49.10159],[2.21611,49.10221],[2.21751,49.10084],[2.21828,49.1013],[2.2186,49.10158],[2.21884,49.10205],[2.21895,49.10233],[2.21905,49.10325],[2.21919,49.10364],[2.21941,49.10411],[2.22027,49.10499],[2.22143,49.10604],[2.2219,49.10639],[2.22248,49.10687],[2.22282,49.10726],[2.22319,49.10778],[2.22326,49.10788],[2.22368,49.10835],[2.22412,49.10872],[2.22525,49.10944],[2.22636,49.11003],[2.22739,49.11045],[2.22817,49.11075],[2.2295,49.11112],[2.22988,49.11128],[2.23031,49.1115],[2.23076,49.11185],[2.2315,49.11263],[2.23299,49.11434],[2.23357,49.11491],[2.23423,49.11543],[2.23477,49.11576],[2.23493,49.11584],[2.2359,49.11614],[2.23701,49.11632],[2.23927,49.11647],[2.2397,49.11654],[2.24059,49.11675],[2.24158,49.11711],[2.24285,49.11767],[2.24367,49.11816],[2.24392,49.11832],[2.24453,49.11886],[2.24529,49.11978],[2.24567,49.12035],[2.24599,49.12107],[2.24606,49.12142],[2.24608,49.12149],[2.24611,49.12187],[2.24603,49.12234],[2.24583,49.12267],[2.2454,49.123],[2.24499,49.12319],[2.24445,49.12345],[2.24402,49.1238],[2.24374,49.12417],[2.24343,49.1246],[2.24284,49.12572],[2.24244,49.12665],[2.24233,49.12737],[2.24228,49.12767],[2.24212,49.12802],[2.24151,49.12865],[2.24139,49.12875],[2.24128,49.12883],[2.24153,49.12866],[2.24304,49.1276],[2.24307,49.12758],[2.24359,49.12727],[2.24362,49.12724],[2.2445,49.12683],[2.24508,49.1266],[2.24582,49.12631],[2.24626,49.1261],[2.24627,49.12609],[2.24682,49.12573],[2.24785,49.12488],[2.24867,49.12436],[2.24929,49.12408],[2.24931,49.12407],[2.25005,49.12381],[2.25126,49.12354],[2.25127,49.12354],[2.2521,49.12324],[2.25236,49.12305],[2.25257,49.12272],[2.25286,49.12183],[2.25289,49.12178],[2.2529,49.12173],[2.25297,49.12152],[2.25295,49.12151],[2.25315,49.12095],[2.25347,49.12047],[2.25371,49.12021],[2.25463,49.11981],[2.25466,49.11979],[2.25469,49.11978],[2.25472,49.11979],[2.25474,49.11979],[2.2551,49.11989],[2.25516,49.11991],[2.25517,49.11994],[2.25529,49.1202],[2.2553,49.12021],[2.25593,49.12087],[2.2566,49.12134],[2.25671,49.12142],[2.25686,49.1215],[2.25726,49.12171],[2.25728,49.12172],[2.25771,49.12189],[2.25773,49.12189],[2.25817,49.12201],[2.25819,49.12202],[2.259,49.12209],[2.25902,49.12209],[2.25979,49.12211],[2.25981,49.12211],[2.26038,49.12201],[2.26086,49.12171],[2.26095,49.12161],[2.26135,49.12121],[2.26136,49.12119],[2.26158,49.12073],[2.26162,49.12072],[2.26228,49.12065],[2.26336,49.12084],[2.26437,49.12128],[2.26559,49.12214],[2.26669,49.12301],[2.26836,49.12347],[2.27017,49.12353],[2.27226,49.1236],[2.27423,49.12359],[2.27743,49.12336],[2.27832,49.12325],[2.27918,49.12314],[2.28115,49.12295],[2.28187,49.12314],[2.28212,49.12341],[2.28203,49.12368],[2.282,49.1237],[2.28167,49.12395],[2.28132,49.12436],[2.28121,49.12464],[2.28121,49.12482],[2.28122,49.12521],[2.28123,49.12523],[2.28145,49.12549],[2.28197,49.12582],[2.28199,49.12583],[2.2828,49.12628],[2.28282,49.12629],[2.28354,49.12662],[2.28356,49.12663],[2.28434,49.12691],[2.28437,49.12692],[2.2844,49.12693],[2.28453,49.12711],[2.28453,49.12716],[2.28452,49.12721],[2.28422,49.12731],[2.2842,49.12731],[2.28417,49.12731],[2.28415,49.12731],[2.28368,49.1272],[2.28314,49.12708],[2.28312,49.12707],[2.28213,49.12685],[2.28105,49.12683],[2.28103,49.12683],[2.28098,49.12683],[2.27995,49.12705],[2.27949,49.12726],[2.27945,49.1273],[2.27931,49.12765],[2.27926,49.12782],[2.27924,49.12811],[2.27924,49.12862],[2.27933,49.12891],[2.27974,49.12954],[2.28002,49.12976],[2.28003,49.12977],[2.28047,49.12999],[2.28054,49.13003],[2.28056,49.13004],[2.28089,49.13026],[2.28092,49.13028],[2.28112,49.13084],[2.2811,49.13171],[2.28105,49.13229],[2.28113,49.1324],[2.28123,49.13263],[2.28172,49.13305],[2.28176,49.13309],[2.28184,49.13315],[2.28225,49.13345],[2.28255,49.13384],[2.2827,49.13413],[2.28277,49.13459],[2.28279,49.13464],[2.2828,49.1356],[2.28304,49.13636],[2.28305,49.13638],[2.28345,49.13712],[2.28422,49.13814],[2.28423,49.13815],[2.28522,49.13865],[2.28524,49.13865],[2.28676,49.13918],[2.28807,49.13953],[2.28859,49.13973],[2.28912,49.13994],[2.28915,49.13995],[2.29024,49.1405],[2.29086,49.14108],[2.29113,49.14178],[2.29113,49.1418],[2.291,49.14228],[2.29057,49.14288],[2.29045,49.14305],[2.2904,49.14337],[2.29066,49.14359],[2.29126,49.14373],[2.29128,49.14373],[2.29194,49.14373],[2.29197,49.14373],[2.29319,49.14343],[2.29348,49.14331],[2.2947,49.14284],[2.29579,49.14261],[2.29582,49.14261],[2.29584,49.14261],[2.29635,49.14253],[2.29637,49.14253],[2.29719,49.14252],[2.29725,49.14252],[2.29734,49.14252],[2.29737,49.14252],[2.29753,49.14253],[2.29855,49.14262],[2.29937,49.14289],[2.30121,49.144],[2.30123,49.14401],[2.30224,49.14445],[2.30226,49.14446],[2.30381,49.14477],[2.30383,49.14477],[2.30456,49.14478],[2.30458,49.14477],[2.30533,49.14456],[2.30608,49.14414],[2.30663,49.14338],[2.30699,49.14273],[2.307,49.14271],[2.30808,49.14195],[2.30919,49.14119],[2.30974,49.14056],[2.31011,49.14031],[2.31016,49.14028],[2.31023,49.1403],[2.31025,49.1403],[2.3103,49.14032],[2.31062,49.14064],[2.31063,49.14065],[2.31109,49.14085],[2.31111,49.14086],[2.31205,49.14092],[2.31207,49.14092],[2.31257,49.14104],[2.31261,49.14105],[2.31264,49.14107],[2.31294,49.1414],[2.31315,49.14253],[2.31363,49.14333],[2.31364,49.14335],[2.31445,49.14391],[2.31446,49.14393],[2.31568,49.1445],[2.3157,49.14451],[2.31684,49.14464],[2.31686,49.14465],[2.3173,49.14468],[2.31856,49.14478],[2.31858,49.14478],[2.31921,49.1447],[2.31923,49.1447],[2.32083,49.14434],[2.32165,49.14412],[2.32359,49.14321],[2.32377,49.1431],[2.32393,49.14299],[2.32522,49.14236],[2.32608,49.14174],[2.32613,49.14172],[2.3262,49.14168],[2.32709,49.14124],[2.32826,49.14052],[2.32925,49.14017],[2.3298,49.13997],[2.33045,49.13971],[2.33083,49.13941],[2.33118,49.13885],[2.33147,49.13815],[2.33162,49.13753],[2.33168,49.13729],[2.3317,49.13722],[2.33187,49.13708],[2.33213,49.13713],[2.33231,49.13736],[2.33261,49.13774],[2.33265,49.13781],[2.33266,49.13782],[2.33328,49.13822],[2.3333,49.13824],[2.33405,49.13841],[2.33407,49.13842],[2.3346,49.13843],[2.33463,49.13843],[2.33555,49.13822],[2.33557,49.13821],[2.33679,49.1378],[2.33752,49.13755],[2.33754,49.13755],[2.33816,49.13728],[2.33842,49.13717],[2.33845,49.13716],[2.33903,49.13698],[2.33905,49.13697],[2.34131,49.13654],[2.34133,49.13653],[2.34374,49.13607],[2.34614,49.13562],[2.34616,49.13561],[2.34691,49.13543],[2.34774,49.13501],[2.34809,49.13458],[2.34814,49.13452],[2.34817,49.13448],[2.34836,49.13426],[2.3484,49.13425],[2.34842,49.13424],[2.34868,49.13414],[2.34875,49.13411],[2.34882,49.1341],[2.34938,49.1341],[2.34982,49.13411],[2.34995,49.13411],[2.34997,49.13411],[2.35077,49.13405],[2.3511,49.13394],[2.35117,49.13394],[2.35132,49.1339],[2.35141,49.13384],[2.35152,49.13375],[2.3518,49.13352],[2.35191,49.13343],[2.35196,49.1334],[2.35274,49.13312],[2.35282,49.1331],[2.35356,49.13266],[2.35361,49.13263],[2.35367,49.1326],[2.35415,49.13241],[2.35417,49.1324],[2.35507,49.13224],[2.35509,49.13224],[2.35566,49.13221],[2.35568,49.13221],[2.3563,49.13218],[2.35632,49.13218],[2.35713,49.13205],[2.35715,49.13205],[2.35771,49.13191],[2.35772,49.13191],[2.35839,49.13173],[2.35929,49.13155],[2.35946,49.13152],[2.35948,49.13152],[2.3599,49.13138],[2.36054,49.13118],[2.36056,49.13117],[2.36211,49.13077],[2.36263,49.13065],[2.36287,49.13059],[2.36289,49.13058],[2.36343,49.13034],[2.36415,49.12977],[2.3642,49.12975],[2.36486,49.12953],[2.36488,49.12951],[2.36515,49.1293],[2.36545,49.12888],[2.36581,49.12853],[2.36619,49.12836],[2.36685,49.12817],[2.36733,49.1279],[2.36763,49.12764],[2.36795,49.12722],[2.36798,49.1268],[2.36788,49.12659],[2.36768,49.12628],[2.36766,49.12623],[2.36755,49.12595],[2.36753,49.12593],[2.36615,49.12499],[2.36609,49.12495],[2.36597,49.1249],[2.36574,49.12481],[2.36572,49.1248],[2.36499,49.12427],[2.36375,49.12372],[2.36329,49.12337],[2.36317,49.12292],[2.36394,49.12257],[2.36471,49.12226],[2.36517,49.12186],[2.36588,49.12167],[2.36632,49.12199],[2.36643,49.12215],[2.3666,49.12241],[2.36665,49.12249],[2.36691,49.12287],[2.36723,49.12313],[2.36724,49.12314],[2.36761,49.12333],[2.36763,49.12334],[2.36872,49.12369],[2.36874,49.1237],[2.36945,49.1238],[2.36948,49.12381],[2.36986,49.12385],[2.36989,49.12385],[2.37051,49.12385],[2.37053,49.12385],[2.3714,49.12376],[2.37142,49.12376],[2.37209,49.12373],[2.37211,49.12373],[2.37214,49.12374],[2.37216,49.12374],[2.37258,49.12388],[2.37263,49.12391],[2.37265,49.12393],[2.37289,49.12427],[2.3729,49.12428],[2.37381,49.12562],[2.37388,49.12567],[2.37417,49.12592],[2.37418,49.12593],[2.37531,49.12618],[2.37534,49.12618],[2.37613,49.12638],[2.37615,49.12639],[2.37739,49.12678],[2.37742,49.12679],[2.37784,49.12684],[2.37787,49.12684],[2.37823,49.12682],[2.37838,49.1268],[2.37891,49.1266],[2.37923,49.12636],[2.37939,49.12624],[2.37966,49.12596],[2.37996,49.12563],[2.38031,49.12539],[2.38033,49.12538],[2.38036,49.12536],[2.38067,49.12518],[2.38091,49.12515],[2.38099,49.12514],[2.38101,49.12514],[2.38103,49.12514],[2.38106,49.12514],[2.38167,49.1253],[2.38203,49.12565],[2.38205,49.12574],[2.38215,49.12602],[2.3823,49.12693],[2.38234,49.127],[2.38251,49.12736],[2.38251,49.12738],[2.38298,49.12758],[2.383,49.12759],[2.38315,49.12761],[2.38449,49.12779],[2.38458,49.1278],[2.38498,49.12785],[2.38537,49.12809],[2.38539,49.12811],[2.3856,49.12887],[2.38561,49.12891],[2.38586,49.12921],[2.38587,49.12923],[2.38606,49.12932],[2.38608,49.12933],[2.3862,49.12938],[2.38622,49.12938],[2.38685,49.12956],[2.38722,49.12967],[2.38723,49.12967],[2.38758,49.1298],[2.38766,49.12984],[2.38768,49.12985],[2.3877,49.12986],[2.38771,49.12987],[2.38796,49.13019],[2.38791,49.13072],[2.38806,49.13111],[2.38832,49.1314],[2.38861,49.13159],[2.38871,49.13165],[2.38923,49.13182],[2.38989,49.13189],[2.38992,49.13189],[2.39063,49.13188],[2.39065,49.13188],[2.39072,49.13189],[2.39141,49.1319],[2.39142,49.1319],[2.39143,49.1319],[2.39158,49.13194],[2.39175,49.13199],[2.39181,49.13201],[2.39194,49.13204],[2.3922,49.13212],[2.3928,49.1322],[2.39282,49.13221],[2.39284,49.1322],[2.39304,49.13219],[2.39351,49.13213],[2.39424,49.13184],[2.39434,49.13178],[2.39457,49.13163],[2.39528,49.13115],[2.39534,49.13113],[2.39603,49.13099],[2.39605,49.13099],[2.3961,49.13099],[2.39612,49.13099],[2.39721,49.13144],[2.39726,49.13146],[2.39727,49.13147],[2.39852,49.13196],[2.39854,49.13197],[2.39879,49.13202],[2.39906,49.13208],[2.39908,49.13209],[2.39964,49.13214],[2.39967,49.13214],[2.39974,49.13213],[2.40014,49.13209],[2.40017,49.13208],[2.40055,49.13199],[2.40058,49.13198],[2.40059,49.13197],[2.40124,49.13172],[2.40184,49.13147],[2.40276,49.1311],[2.40342,49.13098],[2.40344,49.13097],[2.40347,49.13097],[2.40349,49.13097],[2.40374,49.13099],[2.40394,49.13102],[2.40396,49.13102],[2.40414,49.13107],[2.40538,49.1314],[2.40606,49.13159],[2.40609,49.13159],[2.40695,49.13168],[2.40697,49.13168],[2.40736,49.13166],[2.4076,49.13164],[2.40814,49.13151],[2.40824,49.13148],[2.40861,49.13124],[2.40887,49.13078],[2.40957,49.13034],[2.4098,49.13004],[2.40989,49.12949],[2.40985,49.12915],[2.40968,49.12886],[2.40947,49.12851],[2.40892,49.12792],[2.40875,49.12773],[2.40774,49.1269],[2.40757,49.12652],[2.40756,49.12648],[2.40771,49.12623],[2.40773,49.12619],[2.40805,49.12614],[2.40807,49.12614],[2.40811,49.12614],[2.40813,49.12614],[2.40818,49.12615],[2.40883,49.12651],[2.40917,49.12677],[2.40999,49.12741],[2.41043,49.12792],[2.41043,49.12793],[2.41048,49.12799],[2.41049,49.128],[2.41055,49.12809],[2.41116,49.12886],[2.41131,49.12905],[2.41162,49.12933],[2.41219,49.12966],[2.4122,49.12967],[2.41258,49.12981],[2.41355,49.1299],[2.4138,49.12993],[2.41382,49.12993],[2.41445,49.12991],[2.41448,49.12991],[2.41454,49.1299],[2.41487,49.12985],[2.41489,49.12984],[2.41518,49.12974],[2.41557,49.12959],[2.41625,49.12911],[2.41652,49.12885],[2.41676,49.12865],[2.41737,49.12795],[2.4174,49.12792],[2.41772,49.12763],[2.41779,49.1276],[2.41781,49.12759],[2.41843,49.12721],[2.41856,49.12716],[2.4189,49.12703],[2.41964,49.12687],[2.42008,49.12678],[2.42011,49.12678],[2.4208,49.12675],[2.4208,49.12675],[2.42109,49.12673],[2.4211,49.12672],[2.42114,49.12671],[2.4215,49.12652],[2.42154,49.12615],[2.4214,49.12566],[2.42129,49.12528],[2.42136,49.12501],[2.42166,49.12475],[2.4217,49.12471],[2.42178,49.12467],[2.42186,49.12463],[2.42229,49.1244],[2.42255,49.12426],[2.42275,49.12386],[2.42289,49.1236],[2.42313,49.12323],[2.42415,49.12167],[2.4249,49.12068],[2.42508,49.12032],[2.42512,49.11991],[2.42488,49.1191],[2.42484,49.11906],[2.42451,49.11856],[2.42448,49.11851],[2.42382,49.11763],[2.42319,49.11702],[2.42292,49.11652],[2.42293,49.11647],[2.4232,49.11626],[2.42329,49.11625],[2.42332,49.11624],[2.42394,49.11638],[2.42401,49.11639],[2.42403,49.1164],[2.4241,49.11642],[2.42428,49.11647],[2.42445,49.11652],[2.42447,49.11652],[2.42489,49.11656],[2.42502,49.11657],[2.42504,49.11657],[2.42599,49.11654],[2.42617,49.11653],[2.42632,49.11653],[2.42634,49.11653],[2.42748,49.11665],[2.42759,49.11667],[2.42761,49.11667],[2.42878,49.11667],[2.4288,49.11667],[2.42955,49.11674],[2.42987,49.11676],[2.4299,49.11676],[2.43013,49.11677],[2.43093,49.11677],[2.43095,49.11677],[2.43166,49.11673],[2.43188,49.11666],[2.4322,49.11654],[2.43259,49.11628],[2.43277,49.11616],[2.43332,49.11573],[2.43367,49.11537],[2.43401,49.11521],[2.43404,49.1152],[2.43436,49.11517],[2.43511,49.11509],[2.43586,49.11468],[2.43665,49.1141],[2.43725,49.11396],[2.43729,49.11395],[2.43732,49.11395],[2.43781,49.11401],[2.43783,49.11402],[2.43801,49.11407],[2.43837,49.11418],[2.4384,49.11419],[2.43939,49.1143],[2.43948,49.11431],[2.4395,49.11431],[2.43989,49.11429],[2.43991,49.11428],[2.44047,49.1141],[2.44154,49.11391],[2.44156,49.11391],[2.44168,49.11388],[2.44194,49.11382],[2.44196,49.11381],[2.44255,49.11333],[2.4429,49.11305],[2.44311,49.11279],[2.44322,49.11247],[2.44324,49.11247],[2.4444,49.11204],[2.44455,49.11199],[2.44523,49.11179],[2.44577,49.11163],[2.44712,49.11164],[2.44742,49.11164],[2.44957,49.11214],[2.44968,49.11209],[2.44986,49.11228],[2.44987,49.11229],[2.44992,49.11232],[2.45045,49.11265],[2.45047,49.11266],[2.45183,49.11335],[2.45185,49.11336],[2.45271,49.11384],[2.45306,49.11404],[2.45319,49.11414],[2.45374,49.11455],[2.45377,49.11457],[2.45384,49.11463],[2.45417,49.11487],[2.45419,49.11488],[2.45462,49.11507],[2.45464,49.11508],[2.45468,49.11509],[2.45466,49.1151],[2.45528,49.11559],[2.45572,49.11645],[2.45605,49.11783],[2.45582,49.11839],[2.45502,49.1188],[2.45422,49.11902],[2.4538,49.11895],[2.45293,49.11881],[2.45285,49.11878],[2.45283,49.11877],[2.45191,49.11853],[2.45179,49.11849],[2.45177,49.11849],[2.45169,49.11847],[2.45099,49.11834],[2.45056,49.11825],[2.45054,49.11824],[2.44977,49.11804],[2.44965,49.11801],[2.44963,49.11801],[2.44931,49.11793],[2.44925,49.11792],[2.44923,49.11792],[2.4491,49.11791],[2.44902,49.11791],[2.44871,49.11792],[2.44868,49.11792],[2.44852,49.11792],[2.44809,49.11794],[2.44738,49.11803],[2.44661,49.1182],[2.44556,49.1185],[2.44545,49.11853],[2.44543,49.11853],[2.44477,49.11864],[2.44475,49.11864],[2.44241,49.11862],[2.44239,49.11862],[2.44236,49.11862],[2.44206,49.11864],[2.44186,49.11865],[2.44183,49.11865],[2.44181,49.11865],[2.44177,49.11865],[2.44138,49.11872],[2.44103,49.11883],[2.44086,49.11888],[2.44071,49.11895],[2.44018,49.11917],[2.43942,49.11948],[2.4394,49.11949],[2.43788,49.11971],[2.43786,49.11971],[2.43764,49.11975],[2.4368,49.11988],[2.43678,49.11989],[2.43623,49.12013],[2.43586,49.12048],[2.43585,49.12051],[2.43569,49.12086],[2.43564,49.12186],[2.43554,49.12219],[2.43551,49.12222],[2.43485,49.12258],[2.43461,49.12278],[2.43458,49.12279],[2.43453,49.12285],[2.43451,49.1229],[2.43439,49.12322],[2.43442,49.1239],[2.43439,49.12443],[2.43429,49.12482],[2.43426,49.12532],[2.43456,49.12587],[2.43487,49.12624],[2.4349,49.12628],[2.43494,49.12632],[2.43521,49.12654],[2.4353,49.12658],[2.43581,49.12683],[2.43585,49.12686],[2.43604,49.12721],[2.43605,49.12722],[2.43607,49.12725],[2.43607,49.12727],[2.43649,49.12744],[2.43652,49.12745],[2.43658,49.12747],[2.43871,49.12804],[2.44066,49.12953],[2.44078,49.12962],[2.44081,49.12964],[2.44123,49.1301],[2.44153,49.13047],[2.44183,49.13102],[2.44242,49.13222],[2.44243,49.13224],[2.44266,49.13255],[2.44267,49.13257],[2.44339,49.13325],[2.44395,49.13402],[2.44436,49.13456],[2.44441,49.13463],[2.44446,49.13468],[2.44508,49.13523],[2.4452,49.13525],[2.44532,49.13528],[2.44585,49.13537],[2.44587,49.13538],[2.44652,49.13549],[2.44654,49.1355],[2.44704,49.13559],[2.44706,49.1356],[2.44816,49.13604],[2.44853,49.13636],[2.44858,49.13638]]],[[[2.20229,48.91633],[2.20246,48.91642],[2.20286,48.9166],[2.20327,48.91678],[2.2037,48.91693],[2.20431,48.91714],[2.20478,48.9173],[2.20518,48.91743],[2.20584,48.91763],[2.20675,48.91789],[2.2072,48.91802],[2.20766,48.91813],[2.20777,48.91815],[2.20816,48.91824],[2.20824,48.91825],[2.20858,48.91831],[2.20874,48.91835],[2.20911,48.91841],[2.20948,48.91846],[2.20954,48.91847],[2.21001,48.91853],[2.21054,48.91859],[2.21102,48.91865],[2.21152,48.91871],[2.21199,48.91876],[2.21204,48.91876],[2.21204,48.91876],[2.21252,48.9188],[2.21303,48.91884],[2.21337,48.91887],[2.21338,48.91887],[2.21339,48.91887],[2.21337,48.91886],[2.2132,48.91872],[2.21302,48.91858],[2.21285,48.91845],[2.21227,48.91803],[2.21212,48.91792],[2.21197,48.91782],[2.21182,48.91771],[2.21167,48.91762],[2.21152,48.91754],[2.21138,48.91746],[2.21124,48.91739],[2.21108,48.91732],[2.21091,48.91725],[2.21073,48.91717],[2.21055,48.9171],[2.21035,48.91703],[2.20972,48.9168],[2.20955,48.91674],[2.20938,48.91669],[2.20919,48.91663],[2.20899,48.91657],[2.20879,48.91651],[2.20857,48.91645],[2.20772,48.91623],[2.20736,48.91613],[2.20717,48.91608],[2.20699,48.91602],[2.20682,48.91597],[2.20666,48.91592],[2.20644,48.91584],[2.2062,48.91576],[2.20595,48.91567],[2.20568,48.91557],[2.20518,48.91538],[2.20406,48.91495],[2.20364,48.91479],[2.20229,48.91633]]],[[[2.24058,49.12921],[2.24059,49.12921],[2.24128,49.12883],[2.24058,49.12921]]]]}},{"type":"Feature","properties":{"code":"FRHG107","nom":"Éocène et Craie du Vexin français","horizon":2,"type":"DS","milieu":"10","karstique":0,"multicouches":1,"nature_ecoulement":"3"},"geometry":{"type":"MultiPolygon","coordinates":[[[[1.69925,49.05448],[1.69882,49.05467],[1.69852,49.05471],[1.69858,49.0548],[1.69831,49.0549],[1.69879,49.0556],[1.69891,49.05584],[1.69917,49.05645],[1.6992,49.05654],[1.69938,49.05709],[1.69972,49.05841],[1.7003,49.05994],[1.70033,49.06017],[1.70038,49.06087],[1.70028,49.0614],[1.70027,49.06167],[1.69988,49.06328],[1.69956,49.06403],[1.69926,49.06455],[1.69837,49.06552],[1.69766,49.06608],[1.69722,49.06636],[1.69635,49.06684],[1.69554,49.06717],[1.69542,49.06723],[1.69525,49.06759],[1.69486,49.06786],[1.69418,49.06837],[1.69304,49.06919],[1.69234,49.06962],[1.69064,49.07053],[1.69013,49.07083],[1.68927,49.07121],[1.68845,49.07154],[1.68838,49.07156],[1.68765,49.07203],[1.68577,49.07317],[1.68545,49.07331],[1.68477,49.07371],[1.68362,49.07428],[1.6826,49.07487],[1.68244,49.07495],[1.6813,49.07546],[1.68113,49.07553],[1.67917,49.07616],[1.67788,49.0767],[1.67756,49.07683],[1.67694,49.07709],[1.67536,49.07798],[1.67503,49.07811],[1.67404,49.07857],[1.67344,49.07876],[1.67285,49.07889],[1.672,49.07898],[1.6713,49.07914],[1.67106,49.07916],[1.66857,49.07912],[1.66712,49.07916],[1.66665,49.07921],[1.6658,49.07941],[1.66423,49.07989],[1.66264,49.08054],[1.66187,49.08091],[1.66126,49.08115],[1.66098,49.08122],[1.66074,49.0813],[1.66048,49.08135],[1.6583,49.08161],[1.65712,49.0817],[1.65597,49.08182],[1.65557,49.08189],[1.65543,49.08195],[1.65445,49.08198],[1.65155,49.08228],[1.6506,49.08244],[1.65039,49.08243],[1.65013,49.08242],[1.64951,49.08225],[1.64913,49.08208],[1.64838,49.08162],[1.64808,49.08138],[1.64798,49.08131],[1.64775,49.08132],[1.64726,49.08137],[1.64676,49.08139],[1.64661,49.08148],[1.64603,49.08142],[1.64575,49.08146],[1.64489,49.08151],[1.64445,49.08156],[1.64404,49.08155],[1.6434,49.08134],[1.64306,49.08126],[1.64267,49.08119],[1.64228,49.08106],[1.64127,49.08067],[1.64019,49.08036],[1.64007,49.08016],[1.64013,49.08003],[1.63398,49.07981],[1.63338,49.07975],[1.63117,49.07951],[1.63025,49.0793],[1.62906,49.07891],[1.62861,49.07873],[1.62724,49.07814],[1.62508,49.07704],[1.62355,49.07635],[1.62249,49.07583],[1.621,49.07518],[1.6205,49.07499],[1.61736,49.07379],[1.61562,49.07302],[1.61472,49.07256],[1.61359,49.07185],[1.61358,49.07186],[1.61229,49.07275],[1.6128,49.07308],[1.6119,49.07355],[1.61192,49.07357],[1.61206,49.07396],[1.6124,49.07442],[1.61365,49.07486],[1.6142,49.07569],[1.6152,49.07623],[1.61576,49.07641],[1.61617,49.07667],[1.61662,49.07706],[1.61707,49.07734],[1.61749,49.0775],[1.61832,49.07771],[1.62303,49.07952],[1.62449,49.08026],[1.62702,49.08113],[1.62829,49.08163],[1.63085,49.08238],[1.63144,49.08242],[1.63272,49.08263],[1.63316,49.08291],[1.63361,49.08308],[1.63409,49.08304],[1.63489,49.08308],[1.63646,49.08348],[1.64012,49.08389],[1.6435,49.08435],[1.64422,49.0844],[1.64868,49.0844],[1.64962,49.08445],[1.6507,49.08457],[1.65168,49.08449],[1.65235,49.08449],[1.6528,49.08459],[1.65363,49.08477],[1.65434,49.08447],[1.65507,49.08416],[1.65738,49.0839],[1.65826,49.0834],[1.65921,49.0832],[1.65983,49.08325],[1.66032,49.08323],[1.66103,49.08307],[1.66215,49.08271],[1.66335,49.08248],[1.6643,49.08241],[1.665,49.08219],[1.6656,49.08194],[1.66717,49.08179],[1.66718,49.08179],[1.66773,49.08163],[1.66864,49.0812],[1.66931,49.08095],[1.67047,49.08061],[1.67148,49.08025],[1.67264,49.07973],[1.67363,49.07937],[1.67457,49.07885],[1.67701,49.07798],[1.67856,49.07748],[1.68021,49.07669],[1.6814,49.07633],[1.68241,49.07617],[1.68428,49.07504],[1.68558,49.07438],[1.6873,49.07333],[1.6886,49.07267],[1.69044,49.07189],[1.69202,49.0711],[1.69333,49.07017],[1.69593,49.06844],[1.69731,49.06736],[1.69775,49.06681],[1.69792,49.06631],[1.69818,49.06601],[1.69839,49.06576],[1.69891,49.06528],[1.6997,49.06434],[1.6999,49.06399],[1.70008,49.0638],[1.70093,49.06287],[1.70145,49.06201],[1.70157,49.06152],[1.70146,49.06113],[1.70156,49.06115],[1.70118,49.06044],[1.7008,49.05917],[1.70033,49.05711],[1.69991,49.05608],[1.69968,49.05503],[1.69926,49.05447],[1.69925,49.05448]]],[[[2.06369,49.00814],[2.06324,49.00792],[2.06236,49.00754],[2.06182,49.00731],[2.06164,49.00721],[2.06036,49.00669],[2.05939,49.00626],[2.05775,49.00583],[2.05695,49.00684],[2.05588,49.00835],[2.05529,49.00949],[2.05634,49.01122],[2.05593,49.01191],[2.05445,49.01297],[2.05346,49.01386],[2.05198,49.01507],[2.0509,49.01584],[2.04871,49.01713],[2.04694,49.01808],[2.04633,49.01848],[2.04524,49.01937],[2.04414,49.02007],[2.04364,49.02049],[2.04277,49.02096],[2.04186,49.0216],[2.04148,49.02209],[2.04087,49.02339],[2.04058,49.02371],[2.03995,49.02408],[2.03943,49.02451],[2.03865,49.02531],[2.03772,49.0264],[2.03694,49.02707],[2.03665,49.02739],[2.03607,49.02815],[2.03496,49.02964],[2.03466,49.03028],[2.03435,49.03157],[2.03454,49.03381],[2.03464,49.03413],[2.03506,49.03511],[2.03527,49.03543],[2.03593,49.03609],[2.03633,49.03639],[2.03716,49.03688],[2.03836,49.03741],[2.04055,49.03858],[2.04154,49.03916],[2.04168,49.03922],[2.04397,49.04015],[2.04531,49.0406],[2.04616,49.04097],[2.04714,49.04127],[2.04861,49.04189],[2.04863,49.0419],[2.04867,49.04191],[2.0491,49.04199],[2.04977,49.04205],[2.05058,49.04212],[2.05154,49.04204],[2.05254,49.04189],[2.05317,49.04174],[2.0532,49.04173],[2.054,49.04154],[2.05479,49.04128],[2.05483,49.04126],[2.05555,49.04096],[2.05647,49.04046],[2.05705,49.04],[2.05736,49.03968],[2.05781,49.03888],[2.05809,49.03776],[2.05825,49.03679],[2.05863,49.03583],[2.05899,49.03518],[2.06047,49.0331],[2.06141,49.0321],[2.0619,49.03168],[2.06275,49.03116],[2.06433,49.03052],[2.06484,49.03027],[2.06583,49.02951],[2.067,49.02876],[2.06818,49.02823],[2.06945,49.02764],[2.07296,49.02589],[2.07557,49.02541],[2.07751,49.02505],[2.07895,49.02479],[2.0808,49.0245],[2.08088,49.02449],[2.08104,49.0245],[2.08168,49.02454],[2.08185,49.02455],[2.08276,49.02465],[2.08389,49.02477],[2.08399,49.02478],[2.08498,49.02501],[2.08553,49.02516],[2.08675,49.02553],[2.08703,49.02589],[2.08745,49.02645],[2.08753,49.02654],[2.08814,49.02716],[2.08825,49.02727],[2.08874,49.02792],[2.08911,49.02861],[2.08935,49.0289],[2.08961,49.02922],[2.08966,49.02932],[2.08985,49.02968],[2.09041,49.03028],[2.09065,49.03053],[2.09109,49.03116],[2.09149,49.03173],[2.09208,49.03256],[2.09242,49.03304],[2.09256,49.03329],[2.09272,49.03356],[2.09355,49.03498],[2.09376,49.03546],[2.09452,49.03725],[2.09482,49.03807],[2.09485,49.0382],[2.09492,49.03846],[2.09498,49.03872],[2.09507,49.03914],[2.09516,49.03953],[2.09524,49.03991],[2.09532,49.04027],[2.0961,49.04221],[2.09624,49.04247],[2.09661,49.04311],[2.09678,49.0434],[2.09687,49.04367],[2.09963,49.04707],[2.09992,49.04731],[2.10159,49.04928],[2.10188,49.04962],[2.10198,49.04973],[2.10201,49.04977],[2.10313,49.05085],[2.10318,49.05091],[2.10649,49.05354],[2.10698,49.05349],[2.1073,49.05355],[2.10736,49.05356],[2.1074,49.05358],[2.10804,49.05394],[2.10805,49.05394],[2.10833,49.05418],[2.10856,49.05438],[2.1088,49.0546],[2.1091,49.05486],[2.10939,49.05508],[2.11175,49.05691],[2.11241,49.05752],[2.11283,49.05791],[2.11294,49.05802],[2.11349,49.05842],[2.1135,49.05843],[2.1138,49.05863],[2.11381,49.05864],[2.11414,49.0588],[2.11445,49.05896],[2.11568,49.05958],[2.11569,49.05959],[2.11597,49.05975],[2.11627,49.05994],[2.11657,49.06013],[2.11688,49.06033],[2.11689,49.06034],[2.11723,49.06051],[2.11798,49.06088],[2.11813,49.06095],[2.11845,49.06116],[2.11874,49.06135],[2.11903,49.06154],[2.11935,49.06175],[2.11967,49.06195],[2.11968,49.06196],[2.11996,49.06212],[2.12041,49.06238],[2.12087,49.06264],[2.12119,49.06282],[2.12166,49.06309],[2.1221,49.06334],[2.12243,49.06353],[2.12256,49.0636],[2.1235,49.0641],[2.12355,49.06413],[2.12412,49.06443],[2.1247,49.06474],[2.12516,49.06498],[2.12561,49.06522],[2.12609,49.06547],[2.12622,49.06557],[2.12639,49.06571],[2.1264,49.06572],[2.12645,49.06584],[2.1288,49.06672],[2.13068,49.06743],[2.13069,49.06744],[2.1312,49.06752],[2.13178,49.06761],[2.13196,49.06764],[2.13314,49.06789],[2.13378,49.06803],[2.13384,49.06804],[2.13396,49.06807],[2.13416,49.06814],[2.13486,49.06838],[2.13503,49.06844],[2.1355,49.06858],[2.1362,49.06878],[2.13761,49.0692],[2.13816,49.06935],[2.13858,49.06944],[2.13898,49.06947],[2.14021,49.06958],[2.14067,49.06963],[2.14129,49.06968],[2.14268,49.06981],[2.14283,49.06982],[2.14316,49.06985],[2.1436,49.06989],[2.14378,49.06991],[2.14429,49.06995],[2.14484,49.07001],[2.14526,49.07004],[2.14527,49.07005],[2.14578,49.07012],[2.14714,49.07032],[2.14721,49.07033],[2.14733,49.07034],[2.14856,49.07041],[2.14912,49.07044],[2.14973,49.07047],[2.14975,49.07048],[2.15022,49.07049],[2.15118,49.07051],[2.15119,49.07051],[2.15128,49.07051],[2.15158,49.0705],[2.15428,49.07046],[2.15431,49.07045],[2.1554,49.07039],[2.15581,49.07037],[2.15675,49.07023],[2.15678,49.07023],[2.15844,49.0699],[2.15946,49.0698],[2.16094,49.06964],[2.1617,49.06961],[2.16172,49.06961],[2.16273,49.06968],[2.16275,49.06968],[2.16383,49.06989],[2.16519,49.07015],[2.1652,49.07015],[2.16717,49.07044],[2.16719,49.07045],[2.16781,49.07065],[2.16797,49.07071],[2.16806,49.07078],[2.16827,49.07094],[2.17169,49.07121],[2.17173,49.07121],[2.17211,49.07113],[2.17262,49.07112],[2.17267,49.07112],[2.17268,49.07112],[2.17415,49.07125],[2.17569,49.07129],[2.17571,49.07129],[2.17637,49.0714],[2.17639,49.0714],[2.1783,49.07189],[2.17832,49.07189],[2.18002,49.07212],[2.18004,49.07212],[2.18007,49.07213],[2.18345,49.0732],[2.18362,49.07325],[2.1841,49.07346],[2.18411,49.07346],[2.1843,49.07356],[2.18681,49.07486],[2.18682,49.07487],[2.18778,49.07531],[2.1878,49.07532],[2.18863,49.07557],[2.18865,49.07558],[2.18871,49.0756],[2.18878,49.07563],[2.18891,49.07568],[2.18998,49.07612],[2.1911,49.07675],[2.19148,49.07705],[2.19149,49.07706],[2.19172,49.07737],[2.19217,49.07795],[2.19255,49.0783],[2.19316,49.07878],[2.1941,49.07952],[2.19411,49.07953],[2.19502,49.08035],[2.19503,49.08036],[2.19553,49.08083],[2.19553,49.08084],[2.1958,49.08116],[2.19594,49.08143],[2.196,49.08181],[2.19603,49.08208],[2.19612,49.08255],[2.1962,49.08443],[2.19635,49.08539],[2.19658,49.08606],[2.197,49.08683],[2.19745,49.0884],[2.19754,49.08906],[2.1974,49.08981],[2.19718,49.09054],[2.19872,49.09398],[2.19921,49.09403],[2.19967,49.09419],[2.20157,49.09445],[2.20415,49.09445],[2.20499,49.09462],[2.2054,49.09481],[2.20575,49.09504],[2.20629,49.0956],[2.20652,49.09595],[2.20693,49.09684],[2.20711,49.09737],[2.20721,49.09803],[2.20704,49.09947],[2.20703,49.10018],[2.20718,49.10109],[2.20743,49.10183],[2.20747,49.1019],[2.20799,49.103],[2.20836,49.10431],[2.20837,49.10467],[2.20842,49.10604],[2.20835,49.10668],[2.20794,49.10823],[2.20781,49.10893],[2.20789,49.10985],[2.20793,49.10999],[2.20844,49.11152],[2.20868,49.11226],[2.20958,49.11381],[2.2097,49.11402],[2.20982,49.11423],[2.20993,49.11441],[2.21002,49.11457],[2.21004,49.11461],[2.21013,49.11479],[2.21021,49.11497],[2.21028,49.11514],[2.2103,49.11526],[2.21032,49.11538],[2.21042,49.11594],[2.2105,49.11702],[2.21055,49.11756],[2.21052,49.11819],[2.21051,49.11831],[2.21053,49.11841],[2.21061,49.11899],[2.21087,49.11995],[2.21101,49.12048],[2.21188,49.12321],[2.21205,49.12358],[2.2121,49.12368],[2.21222,49.12388],[2.2123,49.12402],[2.21254,49.12441],[2.21272,49.12463],[2.21287,49.12479],[2.21293,49.12487],[2.21305,49.12499],[2.21308,49.12502],[2.21312,49.12505],[2.21433,49.12628],[2.21482,49.12626],[2.21489,49.12626],[2.21496,49.12626],[2.21503,49.12626],[2.21509,49.12626],[2.2151,49.12625],[2.21571,49.12632],[2.21578,49.12633],[2.2158,49.12633],[2.21588,49.12635],[2.21598,49.12638],[2.21608,49.12641],[2.21623,49.12646],[2.2164,49.12654],[2.21652,49.1266],[2.21667,49.12668],[2.21678,49.12675],[2.21748,49.12724],[2.21759,49.12731],[2.21777,49.12743],[2.21827,49.12764],[2.21963,49.12784],[2.21977,49.1279],[2.21979,49.1279],[2.22038,49.12812],[2.2204,49.12813],[2.2208,49.12834],[2.22082,49.12835],[2.22137,49.12864],[2.22279,49.12972],[2.2235,49.13031],[2.2243,49.13111],[2.22434,49.13115],[2.22472,49.13143],[2.22473,49.13144],[2.2251,49.1317],[2.22628,49.13222],[2.22698,49.13245],[2.22796,49.13267],[2.22643,49.13202],[2.22532,49.13149],[2.22481,49.13124],[2.22406,49.13045],[2.22367,49.1298],[2.22342,49.1294],[2.22329,49.12907],[2.22317,49.12877],[2.22301,49.1281],[2.22304,49.12722],[2.2233,49.12686],[2.22314,49.12686],[2.22312,49.12686],[2.22158,49.1267],[2.22156,49.1267],[2.22154,49.1267],[2.22152,49.1267],[2.22035,49.12689],[2.21716,49.12454],[2.21678,49.12426],[2.21396,49.12217],[2.21372,49.12199],[2.21334,49.12172],[2.21239,49.12101],[2.21188,49.11948],[2.21146,49.1175],[2.21139,49.11712],[2.21106,49.11526],[2.21051,49.11391],[2.20981,49.11231],[2.20924,49.11006],[2.20892,49.10811],[2.20868,49.10502],[2.20869,49.10459],[2.20872,49.10204],[2.20872,49.10202],[2.20906,49.09916],[2.20919,49.09804],[2.20924,49.09381],[2.20869,49.09239],[2.20826,49.09144],[2.20774,49.09029],[2.20648,49.08836],[2.2057,49.08648],[2.20407,49.08502],[2.20258,49.08373],[2.20179,49.08263],[2.20057,49.08113],[2.19938,49.07943],[2.19792,49.07786],[2.19643,49.07666],[2.19448,49.07484],[2.19223,49.07374],[2.18945,49.07273],[2.18529,49.07172],[2.18182,49.07102],[2.1793,49.07039],[2.17705,49.06934],[2.17507,49.06819],[2.17189,49.06588],[2.17169,49.06578],[2.17009,49.06498],[2.16775,49.06456],[2.16459,49.06489],[2.16194,49.06495],[2.16051,49.06501],[2.15918,49.0652],[2.15864,49.06528],[2.15659,49.06565],[2.15427,49.06591],[2.15322,49.06611],[2.15102,49.06652],[2.14829,49.06703],[2.14606,49.06739],[2.14587,49.06742],[2.14482,49.0674],[2.14367,49.06738],[2.14091,49.06709],[2.13856,49.06677],[2.13604,49.06737],[2.13501,49.06748],[2.12983,49.06635],[2.12907,49.06564],[2.12847,49.06514],[2.12809,49.06483],[2.12802,49.06477],[2.12719,49.06452],[2.12537,49.06397],[2.12327,49.06289],[2.12106,49.06164],[2.11889,49.06067],[2.11674,49.05866],[2.11504,49.05709],[2.11266,49.05506],[2.11236,49.05479],[2.10982,49.05326],[2.10923,49.05299],[2.1073,49.05208],[2.10433,49.05024],[2.10174,49.04857],[2.10142,49.04827],[2.10051,49.04744],[2.09903,49.04531],[2.09862,49.04404],[2.0974,49.04245],[2.0964,49.04022],[2.09578,49.03781],[2.09469,49.03531],[2.09405,49.03379],[2.09361,49.03273],[2.09303,49.0316],[2.09245,49.03021],[2.09191,49.02899],[2.09138,49.02708],[2.09094,49.02572],[2.08975,49.02414],[2.08934,49.02273],[2.08803,49.02138],[2.08631,49.02027],[2.08403,49.01979],[2.08074,49.01926],[2.07951,49.01918],[2.07885,49.01914],[2.07623,49.01974],[2.07344,49.02037],[2.07128,49.02105],[2.0691,49.02215],[2.06768,49.02318],[2.06675,49.02429],[2.06603,49.02503],[2.06555,49.02553],[2.06484,49.02596],[2.06362,49.02765],[2.06215,49.02841],[2.06178,49.0286],[2.06086,49.02912],[2.05924,49.03018],[2.05933,49.03155],[2.05835,49.03388],[2.05749,49.03568],[2.05653,49.03764],[2.05535,49.03933],[2.05477,49.04047],[2.05379,49.04115],[2.05224,49.04156],[2.05029,49.04154],[2.04907,49.04156],[2.04714,49.04114],[2.04532,49.04019],[2.04364,49.03909],[2.04192,49.03802],[2.04021,49.03695],[2.03858,49.03546],[2.03724,49.03434],[2.03679,49.03378],[2.03607,49.03288],[2.03607,49.0296],[2.03683,49.02899],[2.03721,49.02869],[2.03849,49.0277],[2.03972,49.0263],[2.04118,49.02445],[2.04189,49.02315],[2.04269,49.02238],[2.04493,49.02119],[2.04638,49.01998],[2.04786,49.01872],[2.04995,49.01713],[2.05167,49.01605],[2.05194,49.01588],[2.05365,49.015],[2.05585,49.01364],[2.05711,49.01285],[2.05887,49.01165],[2.0603,49.01086],[2.06161,49.00987],[2.06223,49.00943],[2.06272,49.00909],[2.06296,49.00892],[2.06383,49.00824],[2.06369,49.00814]]],[[[2.23518,49.13554],[2.23529,49.13564],[2.23587,49.13616],[2.23714,49.13717],[2.23724,49.13725],[2.23747,49.13743],[2.23884,49.1381],[2.24114,49.13926],[2.24238,49.13989],[2.24234,49.13946],[2.24209,49.13922],[2.24101,49.13858],[2.23995,49.1379],[2.23854,49.13696],[2.23692,49.13619],[2.23518,49.13554]]]]}},{"type":"Feature","properties":{"code":"FRHG107","nom":"Éocène et Craie du Vexin français","horizon":1,"type":"DS","milieu":"10","karstique":0,"multicouches":1,"nature_ecoulement":"3"},"geometry":{"type":"MultiPolygon","coordinates":[[[[1.87797,49.01958],[1.87755,49.01937],[1.87738,49.01917],[1.87613,49.01795],[1.87564,49.01742],[1.87555,49.01716],[1.87374,49.01784],[1.87206,49.01877],[1.87161,49.01903],[1.87105,49.01931],[1.87054,49.01954],[1.87007,49.0192],[1.86992,49.01906],[1.86969,49.01878],[1.8684,49.0175],[1.86789,49.01669],[1.86763,49.01685],[1.86684,49.01632],[1.86327,49.01466],[1.86138,49.01401],[1.85958,49.01388],[1.85928,49.01384],[1.85927,49.01403],[1.85969,49.01446],[1.86034,49.01499],[1.86047,49.01517],[1.86052,49.01533],[1.8604,49.01577],[1.86031,49.01625],[1.86028,49.01679],[1.86016,49.01725],[1.86045,49.01809],[1.86052,49.01814],[1.86111,49.01834],[1.86134,49.01832],[1.86143,49.0184],[1.86148,49.01874],[1.86156,49.01905],[1.86175,49.01948],[1.86193,49.01967],[1.86217,49.02003],[1.86237,49.02017],[1.86252,49.02021],[1.86279,49.02034],[1.86292,49.02054],[1.86288,49.02071],[1.86327,49.02089],[1.8638,49.02125],[1.86398,49.02134],[1.8648,49.02158],[1.86517,49.02172],[1.86514,49.02179],[1.86493,49.02201],[1.8646,49.02223],[1.86381,49.0226],[1.86335,49.02283],[1.86279,49.02306],[1.86236,49.02318],[1.86088,49.0235],[1.86003,49.02365],[1.85927,49.02383],[1.85959,49.025],[1.85944,49.02502],[1.8595,49.02552],[1.85969,49.02553],[1.85973,49.0258],[1.85976,49.02643],[1.85973,49.0265],[1.85982,49.02743],[1.85972,49.02798],[1.85947,49.02896],[1.85939,49.02931],[1.85932,49.02992],[1.85923,49.03022],[1.85912,49.03046],[1.85885,49.03139],[1.85879,49.03195],[1.8588,49.0324],[1.8583,49.03242],[1.85696,49.03237],[1.85666,49.03237],[1.85592,49.03242],[1.855,49.03254],[1.85362,49.03289],[1.85248,49.03316],[1.85216,49.0332],[1.85156,49.03321],[1.85107,49.03329],[1.85154,49.03443],[1.85186,49.03537],[1.85206,49.03534],[1.85259,49.03531],[1.8532,49.03518],[1.85357,49.03512],[1.85399,49.03508],[1.85478,49.03506],[1.8553,49.03507],[1.85534,49.03563],[1.85516,49.03565],[1.85515,49.03663],[1.85554,49.03653],[1.85562,49.03654],[1.85576,49.03764],[1.85589,49.03764],[1.85652,49.03825],[1.85672,49.0386],[1.85758,49.04],[1.85786,49.04048],[1.85909,49.04157],[1.86042,49.04628],[1.86122,49.04915],[1.86152,49.04968],[1.86372,49.05448],[1.86506,49.05749],[1.86454,49.05763],[1.86416,49.05779],[1.86396,49.05796],[1.86348,49.05839],[1.86338,49.05852],[1.86297,49.0588],[1.86241,49.05922],[1.86225,49.05923],[1.86193,49.05907],[1.86178,49.05908],[1.86116,49.05924],[1.86089,49.05929],[1.86054,49.05939],[1.85983,49.05958],[1.85937,49.05973],[1.85915,49.05978],[1.85844,49.06001],[1.85773,49.06033],[1.85685,49.06082],[1.85679,49.06087],[1.85541,49.06113],[1.85573,49.06144],[1.85538,49.06163],[1.85508,49.06185],[1.85445,49.06211],[1.85394,49.06226],[1.85332,49.06242],[1.85155,49.06284],[1.85045,49.06216],[1.84896,49.06247],[1.8489,49.06188],[1.84737,49.06204],[1.84636,49.06124],[1.84497,49.06213],[1.84469,49.06243],[1.84452,49.06271],[1.84427,49.06324],[1.84405,49.06329],[1.8436,49.06347],[1.84326,49.06357],[1.84286,49.06367],[1.84273,49.06373],[1.84218,49.06407],[1.84192,49.06427],[1.84167,49.06439],[1.84092,49.0646],[1.84135,49.0653],[1.84117,49.06602],[1.84057,49.06934],[1.84019,49.06952],[1.83961,49.06972],[1.8391,49.06977],[1.83874,49.07002],[1.8386,49.07022],[1.83832,49.07045],[1.83752,49.07093],[1.83714,49.07133],[1.83669,49.07171],[1.8363,49.07194],[1.83621,49.07195],[1.83578,49.07221],[1.83545,49.07253],[1.83526,49.07293],[1.83507,49.07322],[1.83475,49.07337],[1.83439,49.07351],[1.8328,49.074],[1.83217,49.07424],[1.83176,49.07453],[1.83156,49.07465],[1.83122,49.07494],[1.83104,49.07515],[1.83091,49.07519],[1.83029,49.07526],[1.83013,49.07531],[1.8298,49.07562],[1.82944,49.07583],[1.82908,49.07605],[1.82877,49.07622],[1.82848,49.07627],[1.82717,49.07628],[1.82566,49.07631],[1.82445,49.07629],[1.82343,49.0763],[1.82273,49.07629],[1.81881,49.07639],[1.81751,49.07646],[1.81521,49.07643],[1.81518,49.07632],[1.81479,49.07569],[1.81462,49.0755],[1.81438,49.0753],[1.81341,49.07477],[1.81302,49.07451],[1.81284,49.07442],[1.81241,49.07416],[1.81217,49.07399],[1.81188,49.07381],[1.81091,49.07315],[1.81079,49.07308],[1.8105,49.07303],[1.80965,49.07313],[1.80837,49.07326],[1.80789,49.07327],[1.8071,49.07317],[1.80681,49.07315],[1.80607,49.07321],[1.80549,49.07332],[1.80466,49.0736],[1.80418,49.07382],[1.80391,49.07374],[1.80167,49.07329],[1.8007,49.07306],[1.79986,49.07289],[1.79873,49.0726],[1.7982,49.07243],[1.79741,49.07224],[1.79682,49.07207],[1.79745,49.07036],[1.79763,49.06966],[1.79802,49.06832],[1.79828,49.06759],[1.79856,49.06669],[1.79881,49.06667],[1.79943,49.06667],[1.7996,49.06669],[1.79981,49.06523],[1.79989,49.06479],[1.79996,49.06433],[1.79781,49.06395],[1.79725,49.06385],[1.7965,49.06373],[1.79508,49.06337],[1.79543,49.0633],[1.79563,49.0632],[1.79651,49.06291],[1.79672,49.0628],[1.79709,49.06272],[1.79727,49.06242],[1.7965,49.06213],[1.7954,49.06173],[1.79406,49.06122],[1.7936,49.06103],[1.79263,49.06067],[1.79409,49.05886],[1.79435,49.05856],[1.79113,49.05785],[1.79093,49.05779],[1.78929,49.0579],[1.78872,49.05793],[1.78575,49.05768],[1.78586,49.05737],[1.78371,49.05722],[1.78364,49.05691],[1.78364,49.05673],[1.78174,49.05674],[1.7813,49.05668],[1.78071,49.05665],[1.77946,49.05663],[1.77843,49.05693],[1.77776,49.05711],[1.77707,49.05727],[1.77647,49.05736],[1.77592,49.05747],[1.77531,49.05763],[1.77503,49.05765],[1.77466,49.05754],[1.77333,49.05707],[1.77324,49.05703],[1.77257,49.0572],[1.77161,49.05746],[1.77124,49.05755],[1.77073,49.05765],[1.77031,49.05769],[1.76991,49.05767],[1.76955,49.05762],[1.76903,49.0575],[1.76892,49.05759],[1.76845,49.05807],[1.76817,49.05803],[1.76741,49.05789],[1.76671,49.05928],[1.76542,49.06001],[1.76488,49.05967],[1.76443,49.05929],[1.76375,49.05995],[1.76263,49.06099],[1.76166,49.06188],[1.76148,49.06274],[1.76108,49.06242],[1.75999,49.06343],[1.75991,49.06351],[1.75926,49.06309],[1.75725,49.06184],[1.75679,49.06161],[1.75611,49.06139],[1.75555,49.06112],[1.75424,49.06046],[1.75349,49.06009],[1.75373,49.05998],[1.75424,49.0597],[1.75458,49.05963],[1.75482,49.05955],[1.75514,49.05939],[1.75672,49.05851],[1.7572,49.05833],[1.75749,49.05799],[1.75386,49.05654],[1.75314,49.05603],[1.75273,49.0562],[1.74956,49.05355],[1.75056,49.05087],[1.75119,49.04797],[1.74923,49.04806],[1.74927,49.04814],[1.748,49.04844],[1.74779,49.04792],[1.74715,49.04803],[1.74618,49.04817],[1.74579,49.04753],[1.73934,49.04824],[1.73795,49.04842],[1.73549,49.04874],[1.73347,49.0496],[1.73186,49.05051],[1.73153,49.05032],[1.72995,49.04932],[1.72897,49.04866],[1.72825,49.0482],[1.72625,49.04688],[1.72567,49.04653],[1.72499,49.04607],[1.72408,49.0455],[1.72293,49.04472],[1.71673,49.04908],[1.71576,49.04852],[1.71405,49.04746],[1.70968,49.05066],[1.70768,49.05221],[1.70758,49.05216],[1.70705,49.05172],[1.70673,49.05242],[1.70642,49.05199],[1.70605,49.05213],[1.70621,49.05228],[1.70481,49.05274],[1.70492,49.05285],[1.70522,49.05324],[1.70381,49.05319],[1.70374,49.053],[1.70283,49.05338],[1.70274,49.05329],[1.70095,49.0538],[1.69926,49.05447],[1.69968,49.05503],[1.69991,49.05608],[1.70033,49.05711],[1.7008,49.05917],[1.70118,49.06044],[1.70156,49.06115],[1.70146,49.06113],[1.70157,49.06152],[1.70145,49.06201],[1.70093,49.06287],[1.70008,49.0638],[1.6999,49.06399],[1.6997,49.06434],[1.69891,49.06528],[1.69839,49.06576],[1.69818,49.06601],[1.69792,49.06631],[1.69775,49.06681],[1.69731,49.06736],[1.69593,49.06844],[1.69333,49.07017],[1.69202,49.0711],[1.69044,49.07189],[1.6886,49.07267],[1.6873,49.07333],[1.68558,49.07438],[1.68428,49.07504],[1.68241,49.07617],[1.6814,49.07633],[1.68021,49.07669],[1.67856,49.07748],[1.67701,49.07798],[1.67457,49.07885],[1.67363,49.07937],[1.67264,49.07973],[1.67148,49.08025],[1.67047,49.08061],[1.66931,49.08095],[1.66864,49.0812],[1.66773,49.08163],[1.66718,49.08179],[1.66717,49.08179],[1.6656,49.08194],[1.665,49.08219],[1.6643,49.08241],[1.66335,49.08248],[1.66215,49.08271],[1.66103,49.08307],[1.66032,49.08323],[1.65983,49.08325],[1.65921,49.0832],[1.65826,49.0834],[1.65738,49.0839],[1.65507,49.08416],[1.65434,49.08447],[1.65363,49.08477],[1.6528,49.08459],[1.65235,49.08449],[1.65168,49.08449],[1.6507,49.08457],[1.64962,49.08445],[1.64868,49.0844],[1.64422,49.0844],[1.6435,49.08435],[1.64012,49.08389],[1.63646,49.08348],[1.63489,49.08308],[1.63409,49.08304],[1.63361,49.08308],[1.63316,49.08291],[1.63272,49.08263],[1.63144,49.08242],[1.63085,49.08238],[1.62829,49.08163],[1.62702,49.08113],[1.62449,49.08026],[1.62303,49.07952],[1.61832,49.07771],[1.61749,49.0775],[1.61707,49.07734],[1.61662,49.07706],[1.61617,49.07667],[1.61576,49.07641],[1.6152,49.07623],[1.6142,49.07569],[1.61365,49.07486],[1.6124,49.07442],[1.61206,49.07396],[1.61192,49.07357],[1.6119,49.07355],[1.61187,49.07356],[1.61085,49.07406],[1.60984,49.07472],[1.61036,49.07505],[1.61083,49.07542],[1.61059,49.07568],[1.61019,49.07615],[1.60967,49.07663],[1.60917,49.07719],[1.60875,49.07771],[1.61009,49.07804],[1.61006,49.07832],[1.61016,49.07863],[1.61029,49.07877],[1.6108,49.0791],[1.61152,49.07955],[1.61183,49.0798],[1.61228,49.08011],[1.61262,49.08029],[1.61306,49.08047],[1.61315,49.08027],[1.61329,49.08031],[1.61361,49.08057],[1.61399,49.08043],[1.61478,49.08121],[1.61537,49.08176],[1.61515,49.08197],[1.61535,49.08212],[1.61571,49.08234],[1.61694,49.08292],[1.61829,49.08362],[1.61919,49.08404],[1.62152,49.08515],[1.622,49.0851],[1.62231,49.08527],[1.62341,49.086],[1.6229,49.08624],[1.61972,49.08757],[1.61917,49.08748],[1.61892,49.08746],[1.61881,49.08751],[1.61922,49.08771],[1.61862,49.08826],[1.61838,49.08859],[1.61975,49.08875],[1.61994,49.08906],[1.62032,49.08933],[1.62095,49.08961],[1.62139,49.08972],[1.62175,49.08988],[1.6218,49.08995],[1.62222,49.09024],[1.6227,49.09053],[1.62316,49.09075],[1.62323,49.09097],[1.62285,49.09104],[1.62322,49.09243],[1.62304,49.09257],[1.62299,49.09265],[1.62251,49.09277],[1.62267,49.09302],[1.6228,49.09314],[1.62314,49.09339],[1.62342,49.09353],[1.62304,49.0935],[1.62263,49.0934],[1.62194,49.09352],[1.62056,49.09366],[1.62023,49.09367],[1.62002,49.09383],[1.6199,49.09386],[1.61966,49.09367],[1.61957,49.0937],[1.61945,49.09392],[1.61932,49.09393],[1.61897,49.09383],[1.61873,49.09379],[1.61864,49.0939],[1.6184,49.09399],[1.61805,49.09393],[1.61758,49.09402],[1.61746,49.0939],[1.61713,49.09387],[1.61728,49.09406],[1.61735,49.09426],[1.61736,49.09427],[1.61762,49.09534],[1.61769,49.09544],[1.6177,49.09545],[1.61785,49.09551],[1.61844,49.09567],[1.61859,49.09579],[1.61856,49.09602],[1.61852,49.09607],[1.61855,49.0961],[1.61864,49.09623],[1.6187,49.09656],[1.61865,49.09679],[1.6187,49.09705],[1.61877,49.09714],[1.61908,49.09726],[1.61953,49.0973],[1.62009,49.09727],[1.62036,49.09728],[1.6206,49.09735],[1.62076,49.09748],[1.62107,49.09784],[1.62126,49.0981],[1.62127,49.09811],[1.62156,49.0985],[1.6218,49.09931],[1.62183,49.0995],[1.6219,49.09968],[1.62193,49.10002],[1.62207,49.10041],[1.62238,49.10095],[1.62243,49.10102],[1.62292,49.10113],[1.6237,49.10137],[1.6239,49.10151],[1.62406,49.10169],[1.6245,49.10202],[1.6246,49.10206],[1.62488,49.10211],[1.62537,49.10224],[1.62545,49.10225],[1.62608,49.10226],[1.62645,49.10223],[1.62668,49.10223],[1.62682,49.1023],[1.62711,49.10264],[1.62728,49.1029],[1.62727,49.1031],[1.62704,49.10333],[1.6271,49.10346],[1.62708,49.10393],[1.62699,49.10416],[1.62699,49.10428],[1.62709,49.1047],[1.62719,49.10487],[1.62724,49.105],[1.62786,49.10578],[1.62809,49.10591],[1.62866,49.1065],[1.62878,49.1066],[1.62918,49.10715],[1.62944,49.10729],[1.62954,49.1074],[1.62959,49.10756],[1.62958,49.10782],[1.62956,49.10793],[1.62957,49.10796],[1.62988,49.10891],[1.62995,49.10916],[1.63005,49.10959],[1.63026,49.11009],[1.63055,49.11046],[1.6307,49.11047],[1.63135,49.11045],[1.63158,49.11048],[1.6319,49.11057],[1.6322,49.1107],[1.63242,49.11076],[1.63283,49.11077],[1.63298,49.1108],[1.63308,49.11097],[1.63304,49.11116],[1.63272,49.11125],[1.63296,49.11154],[1.63306,49.11186],[1.63306,49.11226],[1.63306,49.11235],[1.6337,49.11249],[1.6341,49.11266],[1.63428,49.11277],[1.63437,49.1129],[1.63453,49.11358],[1.63462,49.11383],[1.63472,49.11398],[1.63492,49.11411],[1.63536,49.11425],[1.63557,49.11425],[1.63579,49.1143],[1.63607,49.11446],[1.63644,49.11476],[1.63685,49.115],[1.63749,49.11528],[1.63795,49.11557],[1.6383,49.11576],[1.63868,49.1159],[1.63892,49.11607],[1.63898,49.11609],[1.63906,49.11611],[1.63913,49.11616],[1.63967,49.1164],[1.64019,49.1167],[1.6402,49.1167],[1.64022,49.11644],[1.64028,49.11627],[1.6404,49.11619],[1.64068,49.11616],[1.64144,49.11623],[1.64181,49.11631],[1.64218,49.11645],[1.64241,49.1166],[1.6426,49.11681],[1.64273,49.11702],[1.64279,49.11722],[1.64295,49.11729],[1.64333,49.11751],[1.64371,49.11778],[1.644,49.11811],[1.64422,49.11821],[1.64445,49.11856],[1.64451,49.11871],[1.64452,49.11877],[1.64482,49.11923],[1.64527,49.11982],[1.64601,49.121],[1.64605,49.12105],[1.64617,49.12111],[1.64651,49.12131],[1.64661,49.12141],[1.64667,49.12159],[1.64669,49.12183],[1.64669,49.12187],[1.64678,49.12208],[1.64682,49.12229],[1.64653,49.12318],[1.64657,49.12355],[1.64689,49.12393],[1.64712,49.12419],[1.64769,49.12464],[1.64784,49.12473],[1.64819,49.12478],[1.6488,49.12485],[1.64946,49.12491],[1.64963,49.12496],[1.64981,49.12507],[1.64993,49.12519],[1.65002,49.12581],[1.65002,49.12582],[1.65016,49.12609],[1.65052,49.12641],[1.65071,49.12667],[1.65092,49.12695],[1.65128,49.12723],[1.65198,49.12737],[1.65221,49.12746],[1.65225,49.12747],[1.65241,49.12755],[1.65262,49.12764],[1.65272,49.12775],[1.65279,49.12792],[1.65278,49.12804],[1.65279,49.12806],[1.65277,49.12815],[1.65274,49.12851],[1.65291,49.12893],[1.65301,49.12907],[1.65315,49.12917],[1.65339,49.12922],[1.6537,49.12925],[1.65418,49.12928],[1.65449,49.12927],[1.65527,49.12944],[1.65553,49.12965],[1.65567,49.12986],[1.65572,49.13004],[1.65573,49.1301],[1.65576,49.1302],[1.65575,49.13034],[1.65578,49.13076],[1.65604,49.131],[1.65662,49.13108],[1.65732,49.13104],[1.65772,49.1311],[1.65833,49.13127],[1.65885,49.13156],[1.65906,49.13176],[1.65907,49.13203],[1.65891,49.13263],[1.65884,49.13294],[1.65863,49.13335],[1.6581,49.13406],[1.65765,49.13459],[1.65784,49.13456],[1.65805,49.13458],[1.65821,49.13467],[1.65833,49.13482],[1.65836,49.13495],[1.65832,49.13519],[1.6582,49.13531],[1.65758,49.13559],[1.65748,49.13566],[1.65739,49.13585],[1.6574,49.13638],[1.65734,49.13663],[1.65722,49.13687],[1.65685,49.13737],[1.65667,49.13757],[1.65564,49.13749],[1.65536,49.13778],[1.65488,49.13845],[1.65469,49.13877],[1.65413,49.13927],[1.65385,49.13945],[1.65351,49.13987],[1.6534,49.1421],[1.65341,49.14219],[1.65356,49.14431],[1.65416,49.14503],[1.65425,49.14522],[1.65443,49.14533],[1.65455,49.1457],[1.65452,49.14583],[1.65478,49.1464],[1.65623,49.14742],[1.65655,49.1483],[1.65817,49.14866],[1.6594,49.15021],[1.65971,49.15144],[1.66385,49.15255],[1.66478,49.15307],[1.6647,49.15412],[1.66303,49.15551],[1.66181,49.1565],[1.66108,49.15719],[1.6618,49.15805],[1.66324,49.15952],[1.66343,49.16121],[1.6644,49.16261],[1.66451,49.16417],[1.66513,49.16569],[1.66664,49.1668],[1.66815,49.168],[1.66823,49.16806],[1.66831,49.16813],[1.66838,49.16814],[1.66864,49.16825],[1.66869,49.16832],[1.6687,49.16845],[1.66933,49.16896],[1.6695,49.16914],[1.66951,49.16914],[1.67015,49.16944],[1.67024,49.16953],[1.67027,49.16981],[1.67017,49.17014],[1.66976,49.1705],[1.66938,49.17075],[1.66901,49.17106],[1.66901,49.17106],[1.66896,49.17198],[1.66891,49.17313],[1.6681,49.17424],[1.66734,49.17523],[1.66691,49.17587],[1.66708,49.17681],[1.66777,49.17742],[1.66748,49.1791],[1.66859,49.17943],[1.66944,49.17993],[1.66966,49.18],[1.67012,49.18016],[1.67074,49.17961],[1.6716,49.17977],[1.6718,49.18081],[1.67169,49.18107],[1.67172,49.18112],[1.67153,49.18151],[1.67144,49.18164],[1.6714,49.18173],[1.67074,49.18381],[1.67082,49.18406],[1.67085,49.1843],[1.67081,49.18447],[1.67046,49.18481],[1.67043,49.18482],[1.67037,49.18502],[1.66965,49.18627],[1.66963,49.18755],[1.6703,49.18912],[1.67067,49.19007],[1.67069,49.19009],[1.67106,49.19049],[1.67118,49.19076],[1.67145,49.19122],[1.6715,49.19136],[1.67144,49.19162],[1.67131,49.19183],[1.67133,49.19262],[1.67122,49.19328],[1.67183,49.19437],[1.67374,49.19571],[1.67384,49.19585],[1.67406,49.19602],[1.6748,49.19685],[1.67511,49.19743],[1.67519,49.19764],[1.67525,49.19798],[1.67522,49.19823],[1.67541,49.19859],[1.67573,49.19941],[1.6761,49.1999],[1.67626,49.20014],[1.67638,49.20046],[1.67648,49.20119],[1.67648,49.20134],[1.67657,49.20157],[1.67667,49.20224],[1.67679,49.20238],[1.67689,49.20253],[1.6769,49.20266],[1.67675,49.20303],[1.67662,49.20359],[1.67648,49.20383],[1.67625,49.20387],[1.67625,49.20387],[1.67639,49.20499],[1.67643,49.20562],[1.67536,49.20607],[1.67523,49.20673],[1.67459,49.20714],[1.67442,49.20857],[1.67422,49.20948],[1.67469,49.21055],[1.67459,49.21111],[1.6745,49.21165],[1.67566,49.21124],[1.67735,49.21173],[1.67692,49.21243],[1.67768,49.21253],[1.67793,49.21329],[1.67932,49.21389],[1.68054,49.21456],[1.68249,49.21592],[1.6851,49.21659],[1.68601,49.21771],[1.6869,49.21823],[1.68847,49.21814],[1.68938,49.21843],[1.68974,49.2197],[1.69061,49.22027],[1.69166,49.22095],[1.69178,49.22153],[1.69179,49.22314],[1.69341,49.22355],[1.69595,49.22399],[1.6979,49.2238],[1.69899,49.22458],[1.69912,49.22598],[1.70169,49.22741],[1.70385,49.22884],[1.70386,49.22884],[1.70386,49.22885],[1.70391,49.22888],[1.70392,49.22893],[1.70399,49.22904],[1.70401,49.22928],[1.70399,49.22931],[1.70405,49.22963],[1.70343,49.23],[1.70413,49.23042],[1.70328,49.23099],[1.70413,49.23145],[1.70433,49.2319],[1.70436,49.23211],[1.70446,49.23218],[1.70445,49.23231],[1.70439,49.23238],[1.70441,49.2325],[1.70441,49.2325],[1.70474,49.23292],[1.70498,49.23296],[1.7051,49.23321],[1.70519,49.23367],[1.70512,49.2338],[1.70488,49.23386],[1.70492,49.23402],[1.70515,49.23411],[1.70528,49.23425],[1.70525,49.23438],[1.70636,49.23423],[1.70667,49.23473],[1.70692,49.23564],[1.70705,49.23581],[1.70825,49.23584],[1.70835,49.23592],[1.7087,49.23712],[1.70915,49.23774],[1.70933,49.23803],[1.70964,49.23867],[1.70971,49.23908],[1.70974,49.23965],[1.70974,49.24026],[1.70967,49.2405],[1.70936,49.24135],[1.70939,49.24149],[1.7115,49.24134],[1.71259,49.24125],[1.71266,49.24067],[1.71267,49.24043],[1.71263,49.24018],[1.71243,49.23935],[1.71237,49.23902],[1.71264,49.23839],[1.71323,49.23693],[1.71321,49.23674],[1.71306,49.23608],[1.71304,49.23586],[1.71317,49.23539],[1.71319,49.23506],[1.71316,49.23479],[1.71288,49.23436],[1.71269,49.23441],[1.71227,49.23361],[1.71217,49.2333],[1.71211,49.23302],[1.71225,49.233],[1.71326,49.23302],[1.71326,49.23282],[1.7136,49.23279],[1.71377,49.23268],[1.71434,49.23262],[1.71486,49.23302],[1.7153,49.23339],[1.71639,49.23301],[1.718,49.23244],[1.71843,49.2323],[1.71997,49.23175],[1.72118,49.23133],[1.72183,49.23108],[1.7235,49.23051],[1.72368,49.23046],[1.72549,49.23013],[1.72534,49.22983],[1.72746,49.22951],[1.72966,49.2292],[1.73038,49.22893],[1.73215,49.22812],[1.7332,49.22671],[1.73328,49.22654],[1.73483,49.22644],[1.73481,49.22629],[1.73621,49.22628],[1.7362,49.22536],[1.73798,49.22539],[1.73797,49.22496],[1.73837,49.22406],[1.74044,49.22428],[1.74046,49.22367],[1.73884,49.22317],[1.73683,49.22258],[1.73591,49.22229],[1.73516,49.2219],[1.73411,49.22128],[1.73485,49.21885],[1.73508,49.21805],[1.73568,49.21609],[1.73502,49.21599],[1.73226,49.21563],[1.73348,49.2116],[1.73368,49.21096],[1.7316,49.21058],[1.72989,49.21028],[1.73014,49.20966],[1.72937,49.20967],[1.72935,49.20975],[1.72857,49.20973],[1.72407,49.20967],[1.723,49.20967],[1.72287,49.20968],[1.72198,49.21001],[1.72151,49.20915],[1.72022,49.20681],[1.71981,49.20694],[1.71598,49.20734],[1.71487,49.20744],[1.71599,49.20433],[1.716,49.20429],[1.71583,49.20359],[1.71583,49.20318],[1.71579,49.20301],[1.71569,49.20283],[1.71553,49.20266],[1.71674,49.20274],[1.71841,49.20278],[1.71887,49.20219],[1.71989,49.20154],[1.72029,49.20199],[1.72046,49.20213],[1.72091,49.20238],[1.72112,49.20245],[1.7215,49.20252],[1.72179,49.20253],[1.72208,49.2025],[1.7222,49.20196],[1.72235,49.2015],[1.72279,49.20143],[1.72253,49.20097],[1.72433,49.2007],[1.72505,49.20078],[1.72524,49.1999],[1.72481,49.19987],[1.7256,49.19648],[1.72571,49.19611],[1.72581,49.19546],[1.72581,49.19463],[1.72587,49.19433],[1.72588,49.19417],[1.72688,49.19413],[1.72682,49.19496],[1.72781,49.19507],[1.72786,49.19505],[1.72913,49.19522],[1.72978,49.19482],[1.72999,49.19471],[1.73014,49.1947],[1.73063,49.19476],[1.73108,49.19495],[1.73157,49.19508],[1.73211,49.19519],[1.73255,49.1952],[1.73295,49.19518],[1.73371,49.19509],[1.73459,49.19503],[1.73508,49.19505],[1.7359,49.19501],[1.73681,49.19489],[1.73727,49.19479],[1.73729,49.19446],[1.73727,49.19413],[1.73716,49.19379],[1.73697,49.19344],[1.73666,49.19305],[1.73644,49.19283],[1.73989,49.19207],[1.73959,49.19122],[1.73944,49.19062],[1.74046,49.19055],[1.74058,49.1894],[1.74025,49.18833],[1.74109,49.18837],[1.74103,49.1876],[1.741,49.18567],[1.74364,49.18378],[1.74429,49.18331],[1.74079,49.18123],[1.7401,49.18081],[1.7424,49.17984],[1.75093,49.17624],[1.75184,49.1758],[1.75236,49.17547],[1.75318,49.17532],[1.75486,49.17459],[1.75777,49.17591],[1.75935,49.17661],[1.76193,49.17778],[1.765,49.17916],[1.76593,49.17958],[1.76695,49.18003],[1.76717,49.18009],[1.76881,49.18078],[1.76997,49.18127],[1.77209,49.18214],[1.77686,49.18415],[1.77639,49.18488],[1.77696,49.185],[1.77752,49.18403],[1.77923,49.18423],[1.77915,49.18434],[1.7809,49.18454],[1.78093,49.18432],[1.78256,49.18491],[1.78298,49.18504],[1.78415,49.18551],[1.7848,49.18582],[1.7851,49.18557],[1.7867,49.18416],[1.78637,49.18308],[1.7877,49.18226],[1.78863,49.18149],[1.7897,49.18179],[1.79094,49.17997],[1.79283,49.18018],[1.79363,49.18027],[1.79394,49.1803],[1.7935,49.18265],[1.79399,49.18273],[1.79418,49.18317],[1.79461,49.18404],[1.79485,49.1845],[1.79499,49.18482],[1.79528,49.18492],[1.79547,49.18526],[1.79701,49.18523],[1.79759,49.18521],[1.80308,49.18511],[1.80305,49.18371],[1.80309,49.1837],[1.80304,49.18307],[1.80308,49.18274],[1.80331,49.18185],[1.80121,49.18177],[1.80102,49.18229],[1.79997,49.1823],[1.80026,49.18041],[1.80158,49.18067],[1.80228,49.18079],[1.80355,49.18095],[1.80355,49.17996],[1.80628,49.18013],[1.80738,49.17995],[1.80831,49.17959],[1.81079,49.17897],[1.8116,49.17878],[1.81308,49.17834],[1.81408,49.17638],[1.81448,49.17613],[1.8113,49.17493],[1.81178,49.17397],[1.81338,49.1744],[1.8139,49.17363],[1.81596,49.17387],[1.81565,49.17495],[1.8172,49.1752],[1.81734,49.17528],[1.81732,49.17558],[1.81921,49.17588],[1.81952,49.17695],[1.82141,49.17774],[1.82217,49.17807],[1.82226,49.17813],[1.82352,49.17872],[1.82587,49.17935],[1.82649,49.17952],[1.82682,49.17965],[1.82811,49.17835],[1.82924,49.1777],[1.83076,49.17726],[1.83192,49.17734],[1.83252,49.17601],[1.83423,49.17591],[1.83492,49.17689],[1.83585,49.17641],[1.83482,49.17544],[1.83472,49.17446],[1.83551,49.17411],[1.83542,49.17396],[1.83582,49.17378],[1.83611,49.17359],[1.8363,49.17356],[1.8367,49.1734],[1.83693,49.17327],[1.83724,49.17313],[1.83745,49.1728],[1.83741,49.17173],[1.83738,49.1716],[1.83685,49.17099],[1.83652,49.17067],[1.83622,49.17043],[1.83596,49.17014],[1.83579,49.16972],[1.83574,49.16943],[1.83571,49.16877],[1.83568,49.16855],[1.83538,49.16802],[1.83512,49.16734],[1.83508,49.16707],[1.83518,49.16675],[1.83523,49.16626],[1.83518,49.16605],[1.83501,49.16577],[1.83433,49.16521],[1.83431,49.16517],[1.83642,49.1645],[1.8375,49.16559],[1.83828,49.16641],[1.83843,49.16653],[1.83872,49.16684],[1.83882,49.16681],[1.8401,49.16767],[1.84079,49.1681],[1.84219,49.16901],[1.8423,49.16909],[1.84468,49.17066],[1.84519,49.16996],[1.84571,49.17004],[1.84638,49.17018],[1.84807,49.17046],[1.84889,49.17059],[1.85035,49.17081],[1.85042,49.17084],[1.85103,49.17053],[1.85293,49.17119],[1.8551,49.17194],[1.85518,49.17227],[1.85532,49.17235],[1.85619,49.17313],[1.8568,49.17336],[1.85788,49.17223],[1.85654,49.172],[1.8572,49.17121],[1.85778,49.17048],[1.85822,49.16996],[1.85912,49.1701],[1.85907,49.17024],[1.85998,49.17041],[1.86172,49.17075],[1.86313,49.17105],[1.86413,49.17128],[1.86522,49.17152],[1.86628,49.17176],[1.86731,49.17205],[1.86782,49.17183],[1.86884,49.17221],[1.86983,49.1726],[1.87164,49.17328],[1.8727,49.17368],[1.87346,49.17408],[1.8758,49.17494],[1.87614,49.17505],[1.87643,49.17292],[1.8767,49.17142],[1.87773,49.1704],[1.87815,49.16999],[1.8796,49.1685],[1.88086,49.1673],[1.8823,49.16795],[1.88353,49.16614],[1.88366,49.16609],[1.88295,49.16318],[1.88295,49.16258],[1.88313,49.16258],[1.88388,49.16266],[1.88744,49.16302],[1.88687,49.16416],[1.88834,49.1645],[1.88831,49.16471],[1.88975,49.16502],[1.89012,49.16411],[1.89155,49.16456],[1.89264,49.16477],[1.89404,49.16494],[1.89511,49.16503],[1.8947,49.16609],[1.89671,49.16651],[1.90601,49.16845],[1.90693,49.16864],[1.90697,49.16861],[1.91234,49.17011],[1.91498,49.17093],[1.91506,49.17089],[1.91625,49.1712],[1.91658,49.17128],[1.9187,49.17167],[1.91899,49.17173],[1.92066,49.17221],[1.92146,49.17238],[1.92383,49.17244],[1.92437,49.1736],[1.92481,49.17354],[1.92497,49.17347],[1.92566,49.17348],[1.92583,49.17339],[1.92639,49.17331],[1.92645,49.17342],[1.92715,49.17357],[1.92831,49.17377],[1.92996,49.17407],[1.93117,49.17426],[1.93192,49.17421],[1.93185,49.17454],[1.93173,49.17479],[1.93145,49.17503],[1.93215,49.175],[1.93251,49.17501],[1.93269,49.17468],[1.93289,49.17452],[1.93301,49.17438],[1.93331,49.17366],[1.93372,49.17362],[1.934,49.17347],[1.93437,49.17354],[1.9344,49.17329],[1.9343,49.17312],[1.9343,49.17302],[1.93442,49.17285],[1.93462,49.17269],[1.93475,49.17251],[1.93463,49.17241],[1.93469,49.17221],[1.93492,49.17207],[1.93497,49.17195],[1.93495,49.17177],[1.93476,49.17173],[1.93471,49.17163],[1.93482,49.1712],[1.9347,49.17094],[1.93474,49.17067],[1.93465,49.17054],[1.93478,49.17038],[1.93483,49.17025],[1.93485,49.16996],[1.93519,49.16981],[1.9354,49.16959],[1.93551,49.16965],[1.93558,49.16996],[1.93592,49.1699],[1.93619,49.16991],[1.93701,49.17012],[1.93768,49.17031],[1.93886,49.17061],[1.93941,49.17068],[1.94036,49.17065],[1.94037,49.17068],[1.94122,49.17058],[1.94195,49.17034],[1.94218,49.17017],[1.94232,49.17],[1.94267,49.17021],[1.94335,49.17067],[1.94408,49.17116],[1.94441,49.17128],[1.94478,49.17134],[1.94508,49.17133],[1.94535,49.17152],[1.94639,49.17125],[1.94806,49.17077],[1.94921,49.17055],[1.94974,49.17048],[1.95246,49.17141],[1.95255,49.17148],[1.9531,49.17161],[1.95607,49.17227],[1.95739,49.17265],[1.95745,49.17268],[1.96002,49.17349],[1.96035,49.17371],[1.96097,49.17398],[1.96196,49.17432],[1.96221,49.17447],[1.96236,49.1746],[1.96369,49.17572],[1.96428,49.17636],[1.96473,49.17693],[1.96499,49.17717],[1.9654,49.17746],[1.96618,49.17788],[1.96817,49.17912],[1.96951,49.18001],[1.9702,49.18041],[1.97104,49.18095],[1.97166,49.18138],[1.97199,49.18176],[1.97237,49.18226],[1.97268,49.18263],[1.97307,49.18293],[1.97331,49.18305],[1.97358,49.18386],[1.97445,49.18359],[1.97513,49.18366],[1.97544,49.18359],[1.97643,49.1833],[1.97705,49.18302],[1.97758,49.18285],[1.97759,49.18273],[1.97862,49.18256],[1.97894,49.18249],[1.97932,49.18229],[1.97989,49.18206],[1.98131,49.18165],[1.98231,49.18159],[1.98254,49.18134],[1.98277,49.18094],[1.98308,49.18032],[1.9832,49.18014],[1.98349,49.17993],[1.98393,49.17977],[1.98424,49.17971],[1.9851,49.17964],[1.98573,49.17956],[1.98659,49.17936],[1.98699,49.1793],[1.98794,49.17902],[1.9889,49.17846],[1.98864,49.17786],[1.98914,49.17757],[1.98932,49.1774],[1.98957,49.17723],[1.98998,49.17701],[1.99086,49.17661],[1.99155,49.17651],[1.99209,49.1764],[1.99218,49.1762],[1.99368,49.17694],[1.99537,49.177],[1.9962,49.17681],[1.99716,49.17608],[1.99826,49.17599],[1.99935,49.17587],[1.9993,49.17569],[1.99912,49.17541],[1.99968,49.17565],[2.0,49.17576],[2.00114,49.17578],[2.00154,49.17579],[2.00268,49.17602],[2.00295,49.17616],[2.00474,49.17719],[2.00626,49.17834],[2.00675,49.17861],[2.01077,49.18132],[2.01498,49.18424],[2.01759,49.18599],[2.02107,49.18836],[2.02178,49.18881],[2.02566,49.18883],[2.02644,49.18859],[2.02842,49.18796],[2.03095,49.18842],[2.03135,49.1885],[2.03216,49.18871],[2.03264,49.18889],[2.03301,49.18862],[2.03357,49.1881],[2.0342,49.18862],[2.03444,49.18891],[2.03455,49.18918],[2.03457,49.1894],[2.03463,49.18961],[2.035,49.19001],[2.03526,49.1902],[2.03567,49.19048],[2.03542,49.1906],[2.03595,49.19111],[2.03624,49.19099],[2.0367,49.19133],[2.03755,49.19185],[2.038,49.19217],[2.03824,49.19238],[2.03863,49.19253],[2.03853,49.19264],[2.0388,49.19289],[2.03906,49.19309],[2.03944,49.19344],[2.03966,49.19316],[2.04116,49.19372],[2.04281,49.19439],[2.04246,49.19479],[2.04248,49.19485],[2.043,49.19476],[2.0435,49.19484],[2.0448,49.19561],[2.04493,49.19567],[2.04623,49.19642],[2.04691,49.19594],[2.047,49.1959],[2.04712,49.19667],[2.04727,49.19797],[2.04732,49.19869],[2.04906,49.19874],[2.05012,49.19877],[2.05335,49.19886],[2.05579,49.19894],[2.05604,49.19904],[2.05886,49.20004],[2.06274,49.20141],[2.06333,49.20162],[2.06684,49.20286],[2.06721,49.20296],[2.06994,49.20358],[2.07089,49.20381],[2.07228,49.20414],[2.07251,49.20418],[2.07214,49.20434],[2.07263,49.20618],[2.07354,49.20743],[2.07481,49.20884],[2.0771,49.20874],[2.07721,49.20949],[2.07725,49.2095],[2.08029,49.20993],[2.0807,49.20997],[2.08069,49.2098],[2.08054,49.20907],[2.08047,49.20885],[2.08038,49.2087],[2.07924,49.20657],[2.07897,49.20592],[2.08033,49.20582],[2.08069,49.20694],[2.08267,49.20685],[2.08236,49.20566],[2.08343,49.20556],[2.08471,49.20587],[2.0871,49.20773],[2.08792,49.20913],[2.09093,49.20864],[2.09036,49.20606],[2.09137,49.20499],[2.09101,49.20357],[2.09046,49.20169],[2.09218,49.2012],[2.09127,49.19988],[2.09033,49.19823],[2.09253,49.19747],[2.09185,49.19666],[2.09272,49.19625],[2.09265,49.19532],[2.09094,49.19561],[2.0889,49.19615],[2.089,49.19471],[2.08905,49.19378],[2.09081,49.19381],[2.09228,49.19418],[2.09248,49.19363],[2.09247,49.19341],[2.09362,49.19279],[2.09583,49.19164],[2.09532,49.19011],[2.09575,49.19007],[2.09677,49.18979],[2.09772,49.18917],[2.10199,49.19044],[2.10206,49.19044],[2.10247,49.18989],[2.10302,49.18908],[2.10362,49.18891],[2.10549,49.18958],[2.10671,49.19005],[2.10764,49.19023],[2.10835,49.19045],[2.10857,49.19054],[2.10888,49.19071],[2.10912,49.19092],[2.10951,49.19076],[2.10949,49.19059],[2.10956,49.19056],[2.10941,49.1901],[2.10937,49.19007],[2.10995,49.18962],[2.10996,49.18938],[2.10984,49.18918],[2.10953,49.18888],[2.1097,49.18879],[2.11006,49.18819],[2.11052,49.18747],[2.11063,49.18743],[2.11104,49.18698],[2.11174,49.18726],[2.11223,49.18739],[2.11282,49.1875],[2.11299,49.1872],[2.11334,49.18654],[2.11391,49.18667],[2.11422,49.18669],[2.11632,49.18696],[2.11635,49.18691],[2.11763,49.18724],[2.11783,49.18732],[2.11794,49.18721],[2.11851,49.18744],[2.11856,49.1874],[2.12176,49.18873],[2.12232,49.18896],[2.12305,49.18947],[2.12387,49.18991],[2.125,49.19058],[2.12526,49.19126],[2.1255,49.19164],[2.12559,49.19174],[2.12584,49.19178],[2.12599,49.1917],[2.12549,49.19285],[2.12739,49.19322],[2.12797,49.1934],[2.12798,49.19359],[2.12959,49.19292],[2.13065,49.19253],[2.13,49.19156],[2.13184,49.19066],[2.13522,49.19118],[2.13519,49.19072],[2.13524,49.19049],[2.13515,49.1883],[2.13627,49.18338],[2.13654,49.18238],[2.13684,49.18135],[2.13692,49.1808],[2.1369,49.18058],[2.13682,49.17999],[2.13671,49.17962],[2.13648,49.179],[2.13804,49.17898],[2.13952,49.17894],[2.14076,49.17892],[2.14082,49.18049],[2.14087,49.18153],[2.14111,49.18151],[2.14108,49.18231],[2.14118,49.18304],[2.14126,49.18329],[2.14131,49.18357],[2.14131,49.18397],[2.14124,49.18589],[2.14178,49.18603],[2.14359,49.18683],[2.14381,49.18691],[2.14537,49.18749],[2.1462,49.18781],[2.14681,49.18802],[2.14728,49.18805],[2.14803,49.18508],[2.14805,49.18503],[2.15209,49.18356],[2.15238,49.18382],[2.15317,49.18356],[2.15576,49.18275],[2.15602,49.18285],[2.15614,49.18312],[2.15691,49.18273],[2.15742,49.18243],[2.15867,49.1818],[2.15916,49.18152],[2.15907,49.18124],[2.16005,49.18063],[2.16072,49.18015],[2.16109,49.17991],[2.1617,49.17959],[2.16181,49.17968],[2.16242,49.17955],[2.16405,49.17977],[2.16451,49.17955],[2.16464,49.17944],[2.16502,49.17892],[2.16407,49.17807],[2.16323,49.1773],[2.16263,49.17685],[2.1615,49.176],[2.16145,49.17594],[2.16087,49.17478],[2.16084,49.17465],[2.16067,49.17437],[2.16039,49.17414],[2.1593,49.1734],[2.15831,49.17278],[2.15803,49.17263],[2.15812,49.17253],[2.15877,49.17215],[2.15913,49.17168],[2.15965,49.17087],[2.16044,49.16996],[2.1613,49.16923],[2.16203,49.16868],[2.16291,49.1674],[2.16247,49.16715],[2.16257,49.16707],[2.16383,49.1663],[2.16493,49.16596],[2.16629,49.16548],[2.16803,49.16485],[2.16789,49.16464],[2.16879,49.16395],[2.16922,49.16402],[2.16936,49.16392],[2.16982,49.16407],[2.1702,49.16425],[2.17055,49.16436],[2.1709,49.16462],[2.17105,49.16478],[2.17114,49.16497],[2.17107,49.16516],[2.17105,49.16569],[2.17084,49.16588],[2.17055,49.16626],[2.17043,49.16636],[2.17067,49.16656],[2.17089,49.1667],[2.17113,49.16696],[2.17116,49.1671],[2.1711,49.16719],[2.17124,49.16768],[2.17146,49.16786],[2.17224,49.1681],[2.17324,49.16847],[2.17364,49.16863],[2.17386,49.16877],[2.17427,49.16895],[2.17476,49.16928],[2.1751,49.16947],[2.17532,49.16954],[2.17593,49.16963],[2.17661,49.1697],[2.17681,49.16975],[2.17737,49.16997],[2.17789,49.17021],[2.17841,49.17039],[2.17873,49.17052],[2.17928,49.17082],[2.1795,49.17083],[2.17997,49.17078],[2.1809,49.17056],[2.18225,49.17038],[2.18188,49.17097],[2.18109,49.17159],[2.18087,49.172],[2.18054,49.17226],[2.18019,49.17249],[2.17971,49.17271],[2.17987,49.17301],[2.17984,49.17321],[2.17937,49.17356],[2.17801,49.17428],[2.17725,49.17423],[2.17696,49.17433],[2.1762,49.17464],[2.17569,49.17478],[2.17538,49.17489],[2.17495,49.175],[2.17522,49.17522],[2.17522,49.17527],[2.17576,49.17576],[2.17609,49.17603],[2.1781,49.17522],[2.17815,49.1752],[2.18195,49.17368],[2.18244,49.17441],[2.18332,49.17414],[2.18342,49.17419],[2.18562,49.17363],[2.18569,49.17365],[2.18611,49.17351],[2.18667,49.17345],[2.18683,49.17342],[2.18698,49.1734],[2.1883,49.17321],[2.18889,49.17313],[2.18906,49.17313],[2.18967,49.17321],[2.19003,49.1733],[2.19066,49.17338],[2.19165,49.17362],[2.19211,49.17365],[2.19264,49.17359],[2.19353,49.17339],[2.19433,49.17314],[2.19485,49.17309],[2.19531,49.17313],[2.19563,49.17322],[2.19601,49.17341],[2.19676,49.17404],[2.19696,49.17423],[2.19716,49.17431],[2.19765,49.17456],[2.19824,49.17483],[2.19905,49.1753],[2.19971,49.17481],[2.20079,49.17429],[2.20125,49.17415],[2.20203,49.17423],[2.20226,49.17437],[2.20236,49.17432],[2.20243,49.17408],[2.20295,49.17406],[2.20328,49.17409],[2.20379,49.17416],[2.20395,49.17421],[2.20436,49.17427],[2.20487,49.17437],[2.20632,49.17459],[2.20648,49.17465],[2.20691,49.17483],[2.20746,49.17501],[2.20773,49.17505],[2.20926,49.17546],[2.20967,49.17553],[2.21036,49.17549],[2.21071,49.17551],[2.2114,49.17561],[2.2122,49.17574],[2.21317,49.17588],[2.21208,49.17653],[2.21223,49.17662],[2.21396,49.17722],[2.21369,49.17753],[2.21448,49.17782],[2.21557,49.17824],[2.21541,49.17842],[2.21629,49.17898],[2.21642,49.17894],[2.21695,49.17882],[2.2181,49.1791],[2.21815,49.17916],[2.21873,49.17982],[2.21887,49.17995],[2.21917,49.18022],[2.21925,49.18015],[2.21982,49.17959],[2.21985,49.17949],[2.22005,49.17919],[2.22082,49.17819],[2.22119,49.17764],[2.22188,49.17671],[2.22251,49.17596],[2.22377,49.17399],[2.22448,49.17371],[2.22488,49.17351],[2.22574,49.17281],[2.22601,49.17264],[2.22626,49.17254],[2.22691,49.17234],[2.22706,49.17231],[2.22777,49.1721],[2.22783,49.17208],[2.22828,49.17094],[2.22938,49.16961],[2.23171,49.16778],[2.23356,49.16617],[2.23383,49.16583],[2.23291,49.16547],[2.233,49.16538],[2.23218,49.16502],[2.23147,49.16473],[2.23144,49.16468],[2.23001,49.16426],[2.23045,49.16377],[2.22959,49.1638],[2.22922,49.1638],[2.22867,49.16371],[2.22799,49.16353],[2.22739,49.1633],[2.22632,49.1629],[2.22501,49.16253],[2.22425,49.16238],[2.22373,49.16118],[2.22307,49.1597],[2.22008,49.157],[2.21719,49.15443],[2.21685,49.15413],[2.21684,49.15389],[2.21721,49.15379],[2.21741,49.15377],[2.21753,49.1537],[2.21831,49.15347],[2.22113,49.15262],[2.2223,49.15226],[2.22329,49.1521],[2.22539,49.15191],[2.2293,49.15153],[2.22944,49.15154],[2.23211,49.15143],[2.23213,49.15162],[2.232,49.15188],[2.23179,49.15243],[2.23242,49.1525],[2.23291,49.15252],[2.23318,49.15255],[2.23356,49.15266],[2.23356,49.15155],[2.23695,49.15188],[2.2386,49.15181],[2.23881,49.15198],[2.23944,49.15188],[2.23931,49.15176],[2.23954,49.15051],[2.23979,49.14931],[2.23903,49.14827],[2.23825,49.14689],[2.23894,49.14509],[2.24072,49.14365],[2.24261,49.14213],[2.24238,49.13989],[2.24114,49.13926],[2.23884,49.1381],[2.23747,49.13743],[2.23724,49.13725],[2.23714,49.13717],[2.23587,49.13616],[2.23529,49.13564],[2.23518,49.13554],[2.23493,49.13545],[2.23303,49.13473],[2.23295,49.1347],[2.23106,49.13395],[2.22826,49.1328],[2.22796,49.13267],[2.22698,49.13245],[2.22628,49.13222],[2.2251,49.1317],[2.22473,49.13144],[2.22472,49.13143],[2.22434,49.13115],[2.2243,49.13111],[2.2235,49.13031],[2.22279,49.12972],[2.22137,49.12864],[2.22082,49.12835],[2.2208,49.12834],[2.2204,49.12813],[2.22038,49.12812],[2.21979,49.1279],[2.21977,49.1279],[2.21963,49.12784],[2.21827,49.12764],[2.21777,49.12743],[2.21759,49.12731],[2.21748,49.12724],[2.21678,49.12675],[2.21667,49.12668],[2.21652,49.1266],[2.2164,49.12654],[2.21623,49.12646],[2.21608,49.12641],[2.21598,49.12638],[2.21588,49.12635],[2.2158,49.12633],[2.21578,49.12633],[2.21571,49.12632],[2.2151,49.12625],[2.21509,49.12626],[2.21503,49.12626],[2.21496,49.12626],[2.21489,49.12626],[2.21482,49.12626],[2.21433,49.12628],[2.21312,49.12505],[2.21308,49.12502],[2.21305,49.12499],[2.21293,49.12487],[2.21287,49.12479],[2.21272,49.12463],[2.21254,49.12441],[2.2123,49.12402],[2.21222,49.12388],[2.2121,49.12368],[2.21205,49.12358],[2.21188,49.12321],[2.21101,49.12048],[2.21087,49.11995],[2.21061,49.11899],[2.21053,49.11841],[2.21051,49.11831],[2.21052,49.11819],[2.21055,49.11756],[2.2105,49.11702],[2.21042,49.11594],[2.21032,49.11538],[2.2103,49.11526],[2.21028,49.11514],[2.21021,49.11497],[2.21013,49.11479],[2.21004,49.11461],[2.21002,49.11457],[2.20993,49.11441],[2.20982,49.11423],[2.2097,49.11402],[2.20958,49.11381],[2.20868,49.11226],[2.20844,49.11152],[2.20793,49.10999],[2.20789,49.10985],[2.20781,49.10893],[2.20794,49.10823],[2.20835,49.10668],[2.20842,49.10604],[2.20837,49.10467],[2.20836,49.10431],[2.20799,49.103],[2.20747,49.1019],[2.20743,49.10183],[2.20718,49.10109],[2.20703,49.10018],[2.20704,49.09947],[2.20721,49.09803],[2.20711,49.09737],[2.20693,49.09684],[2.20652,49.09595],[2.20629,49.0956],[2.20575,49.09504],[2.2054,49.09481],[2.20499,49.09462],[2.20415,49.09445],[2.20157,49.09445],[2.19967,49.09419],[2.19921,49.09403],[2.19872,49.09398],[2.19718,49.09054],[2.1974,49.08981],[2.19754,49.08906],[2.19745,49.0884],[2.197,49.08683],[2.19658,49.08606],[2.19635,49.08539],[2.1962,49.08443],[2.19612,49.08255],[2.19603,49.08208],[2.196,49.08181],[2.19594,49.08143],[2.1958,49.08116],[2.19553,49.08084],[2.19553,49.08083],[2.19503,49.08036],[2.19502,49.08035],[2.19411,49.07953],[2.1941,49.07952],[2.19316,49.07878],[2.19255,49.0783],[2.19217,49.07795],[2.19172,49.07737],[2.19149,49.07706],[2.19148,49.07705],[2.1911,49.07675],[2.18998,49.07612],[2.18891,49.07568],[2.18878,49.07563],[2.18871,49.0756],[2.18865,49.07558],[2.18863,49.07557],[2.1878,49.07532],[2.18778,49.07531],[2.18682,49.07487],[2.18681,49.07486],[2.1843,49.07356],[2.18411,49.07346],[2.1841,49.07346],[2.18362,49.07325],[2.18345,49.0732],[2.18007,49.07213],[2.18004,49.07212],[2.18002,49.07212],[2.17832,49.07189],[2.1783,49.07189],[2.17639,49.0714],[2.17637,49.0714],[2.17571,49.07129],[2.17569,49.07129],[2.17415,49.07125],[2.17268,49.07112],[2.17267,49.07112],[2.17262,49.07112],[2.17211,49.07113],[2.17173,49.07121],[2.17169,49.07121],[2.16827,49.07094],[2.16806,49.07078],[2.16797,49.07071],[2.16781,49.07065],[2.16719,49.07045],[2.16717,49.07044],[2.1652,49.07015],[2.16519,49.07015],[2.16383,49.06989],[2.16275,49.06968],[2.16273,49.06968],[2.16172,49.06961],[2.1617,49.06961],[2.16094,49.06964],[2.15946,49.0698],[2.15844,49.0699],[2.15678,49.07023],[2.15675,49.07023],[2.15581,49.07037],[2.1554,49.07039],[2.15431,49.07045],[2.15428,49.07046],[2.15158,49.0705],[2.15128,49.07051],[2.15119,49.07051],[2.15118,49.07051],[2.15022,49.07049],[2.14975,49.07048],[2.14973,49.07047],[2.14912,49.07044],[2.14856,49.07041],[2.14733,49.07034],[2.14721,49.07033],[2.14714,49.07032],[2.14578,49.07012],[2.14527,49.07005],[2.14526,49.07004],[2.14484,49.07001],[2.14429,49.06995],[2.14378,49.06991],[2.1436,49.06989],[2.14316,49.06985],[2.14283,49.06982],[2.14268,49.06981],[2.14129,49.06968],[2.14067,49.06963],[2.14021,49.06958],[2.13898,49.06947],[2.13858,49.06944],[2.13816,49.06935],[2.13761,49.0692],[2.1362,49.06878],[2.1355,49.06858],[2.13503,49.06844],[2.13486,49.06838],[2.13416,49.06814],[2.13396,49.06807],[2.13384,49.06804],[2.13378,49.06803],[2.13314,49.06789],[2.13196,49.06764],[2.13178,49.06761],[2.1312,49.06752],[2.13069,49.06744],[2.13068,49.06743],[2.1288,49.06672],[2.12645,49.06584],[2.1264,49.06572],[2.12639,49.06571],[2.12622,49.06557],[2.12609,49.06547],[2.12561,49.06522],[2.12516,49.06498],[2.1247,49.06474],[2.12412,49.06443],[2.12355,49.06413],[2.1235,49.0641],[2.12256,49.0636],[2.12243,49.06353],[2.1221,49.06334],[2.12166,49.06309],[2.12119,49.06282],[2.12087,49.06264],[2.12041,49.06238],[2.11996,49.06212],[2.11968,49.06196],[2.11967,49.06195],[2.11935,49.06175],[2.11903,49.06154],[2.11874,49.06135],[2.11845,49.06116],[2.11813,49.06095],[2.11798,49.06088],[2.11723,49.06051],[2.11689,49.06034],[2.11688,49.06033],[2.11657,49.06013],[2.11627,49.05994],[2.11597,49.05975],[2.11569,49.05959],[2.11568,49.05958],[2.11445,49.05896],[2.11414,49.0588],[2.11381,49.05864],[2.1138,49.05863],[2.1135,49.05843],[2.11349,49.05842],[2.11294,49.05802],[2.11283,49.05791],[2.11241,49.05752],[2.11175,49.05691],[2.10939,49.05508],[2.1091,49.05486],[2.1088,49.0546],[2.10856,49.05438],[2.10833,49.05418],[2.10805,49.05394],[2.10804,49.05394],[2.1074,49.05358],[2.10736,49.05356],[2.1073,49.05355],[2.10698,49.05349],[2.10649,49.05354],[2.10318,49.05091],[2.10313,49.05085],[2.10201,49.04977],[2.10198,49.04973],[2.10188,49.04962],[2.10159,49.04928],[2.09992,49.04731],[2.09963,49.04707],[2.09687,49.04367],[2.09678,49.0434],[2.09661,49.04311],[2.09624,49.04247],[2.0961,49.04221],[2.09532,49.04027],[2.09524,49.03991],[2.09516,49.03953],[2.09507,49.03914],[2.09498,49.03872],[2.09492,49.03846],[2.09485,49.0382],[2.09482,49.03807],[2.09452,49.03725],[2.09376,49.03546],[2.09355,49.03498],[2.09272,49.03356],[2.09256,49.03329],[2.09242,49.03304],[2.09208,49.03256],[2.09149,49.03173],[2.09109,49.03116],[2.09065,49.03053],[2.09041,49.03028],[2.08985,49.02968],[2.08966,49.02932],[2.08961,49.02922],[2.08935,49.0289],[2.08911,49.02861],[2.08874,49.02792],[2.08825,49.02727],[2.08814,49.02716],[2.08753,49.02654],[2.08745,49.02645],[2.08703,49.02589],[2.08675,49.02553],[2.08553,49.02516],[2.08498,49.02501],[2.08399,49.02478],[2.08389,49.02477],[2.08276,49.02465],[2.08185,49.02455],[2.08168,49.02454],[2.08104,49.0245],[2.08088,49.02449],[2.0808,49.0245],[2.07895,49.02479],[2.07751,49.02505],[2.07557,49.02541],[2.07296,49.02589],[2.06945,49.02764],[2.06818,49.02823],[2.067,49.02876],[2.06583,49.02951],[2.06484,49.03027],[2.06433,49.03052],[2.06275,49.03116],[2.0619,49.03168],[2.06141,49.0321],[2.06047,49.0331],[2.05899,49.03518],[2.05863,49.03583],[2.05825,49.03679],[2.05809,49.03776],[2.05781,49.03888],[2.05736,49.03968],[2.05705,49.04],[2.05647,49.04046],[2.05555,49.04096],[2.05483,49.04126],[2.05479,49.04128],[2.054,49.04154],[2.0532,49.04173],[2.05317,49.04174],[2.05254,49.04189],[2.05154,49.04204],[2.05058,49.04212],[2.04977,49.04205],[2.0491,49.04199],[2.04867,49.04191],[2.04863,49.0419],[2.04861,49.04189],[2.04714,49.04127],[2.04616,49.04097],[2.04531,49.0406],[2.04397,49.04015],[2.04168,49.03922],[2.04154,49.03916],[2.04055,49.03858],[2.03836,49.03741],[2.03716,49.03688],[2.03633,49.03639],[2.03593,49.03609],[2.03527,49.03543],[2.03506,49.03511],[2.03464,49.03413],[2.03454,49.03381],[2.03435,49.03157],[2.03466,49.03028],[2.03496,49.02964],[2.03607,49.02815],[2.03665,49.02739],[2.03694,49.02707],[2.03772,49.0264],[2.03865,49.02531],[2.03943,49.02451],[2.03995,49.02408],[2.04058,49.02371],[2.04087,49.02339],[2.04148,49.02209],[2.04186,49.0216],[2.04277,49.02096],[2.04364,49.02049],[2.04414,49.02007],[2.04524,49.01937],[2.04633,49.01848],[2.04694,49.01808],[2.04871,49.01713],[2.0509,49.01584],[2.05198,49.01507],[2.05346,49.01386],[2.05445,49.01297],[2.05593,49.01191],[2.05634,49.01122],[2.05529,49.00949],[2.05588,49.00835],[2.05695,49.00684],[2.05775,49.00583],[2.05745,49.00575],[2.05752,49.00565],[2.05731,49.00552],[2.05696,49.00538],[2.05647,49.00528],[2.05622,49.00525],[2.05541,49.00524],[2.05491,49.0052],[2.05463,49.00514],[2.05391,49.00489],[2.05321,49.00446],[2.05278,49.0043],[2.05245,49.00426],[2.05221,49.00417],[2.05141,49.00395],[2.05105,49.00381],[2.04992,49.00304],[2.04975,49.00296],[2.04988,49.00262],[2.04938,49.00257],[2.04811,49.00232],[2.04738,49.00214],[2.0467,49.00192],[2.04498,49.00133],[2.04356,49.00078],[2.04279,49.00059],[2.04263,49.00073],[2.04166,49.00132],[2.04146,49.00138],[2.04088,49.00136],[2.03987,49.00136],[2.03899,49.00141],[2.03789,49.00153],[2.03702,49.00166],[2.03662,49.00169],[2.03598,49.0017],[2.03493,49.00168],[2.03443,49.00169],[2.03064,49.00167],[2.02994,49.00174],[2.02933,49.00175],[2.02909,49.00174],[2.02862,49.00166],[2.02828,49.00156],[2.02759,49.00131],[2.02685,49.00097],[2.02589,49.00041],[2.02605,48.99984],[2.02507,48.99903],[2.02365,48.99795],[2.02357,48.99801],[2.02196,48.99875],[2.0212,48.99903],[2.02072,48.9992],[2.01878,48.99979],[2.01713,49.00026],[2.0145,49.0011],[2.01415,49.00117],[2.01329,49.00127],[2.01281,49.00184],[2.01266,49.00205],[2.01187,49.00359],[2.01195,49.00414],[2.01198,49.00459],[2.01014,49.00592],[2.00954,49.00637],[2.00844,49.00731],[2.00728,49.00836],[2.0067,49.0089],[2.00618,49.00936],[2.00576,49.00962],[2.00524,49.00991],[2.00486,49.01009],[2.00452,49.01019],[2.0027,49.01176],[2.00205,49.01234],[2.00145,49.01284],[1.99621,49.01739],[1.99415,49.01922],[1.99372,49.01964],[1.99219,49.02104],[1.99168,49.021],[1.98966,49.02064],[1.98902,49.02051],[1.98815,49.02031],[1.9863,49.01985],[1.98606,49.0198],[1.98347,49.01936],[1.98268,49.01924],[1.98212,49.01918],[1.97994,49.01896],[1.97966,49.01894],[1.97916,49.01895],[1.97883,49.01898],[1.97413,49.01948],[1.97352,49.01982],[1.97252,49.02057],[1.96979,49.02139],[1.96921,49.02159],[1.96905,49.02169],[1.96882,49.02177],[1.96812,49.02212],[1.96757,49.02228],[1.96714,49.02245],[1.96685,49.02258],[1.96671,49.02274],[1.96669,49.02287],[1.96569,49.0239],[1.96539,49.02409],[1.96531,49.02421],[1.96471,49.02477],[1.96428,49.02525],[1.96406,49.02539],[1.96372,49.02496],[1.96345,49.02467],[1.96325,49.02451],[1.96272,49.02425],[1.96232,49.02408],[1.96204,49.02393],[1.96188,49.0238],[1.96176,49.02365],[1.96156,49.02326],[1.96135,49.02314],[1.96028,49.02309],[1.96011,49.02305],[1.9599,49.02294],[1.95941,49.02262],[1.95932,49.02252],[1.9587,49.02227],[1.95836,49.02217],[1.95807,49.02213],[1.95787,49.02207],[1.95732,49.02194],[1.95673,49.02182],[1.9562,49.02217],[1.95595,49.02237],[1.95542,49.0229],[1.95528,49.02326],[1.95499,49.0242],[1.9549,49.02472],[1.95476,49.02473],[1.9544,49.02467],[1.95237,49.02451],[1.95121,49.02447],[1.94952,49.02429],[1.94941,49.02516],[1.94919,49.02587],[1.94869,49.02582],[1.9486,49.02615],[1.94848,49.02634],[1.94847,49.0265],[1.94819,49.02654],[1.9472,49.02659],[1.94644,49.02648],[1.94574,49.026],[1.94539,49.0257],[1.9451,49.02513],[1.94446,49.02379],[1.94396,49.02394],[1.94294,49.02399],[1.94262,49.02399],[1.94229,49.02393],[1.94203,49.02377],[1.94167,49.02363],[1.94119,49.02351],[1.94071,49.02326],[1.94022,49.02294],[1.93968,49.02253],[1.93924,49.0223],[1.93868,49.02209],[1.93814,49.02192],[1.93789,49.02189],[1.93782,49.02191],[1.93745,49.02222],[1.93703,49.02266],[1.9366,49.02306],[1.93611,49.0236],[1.93532,49.02442],[1.93488,49.02482],[1.93428,49.02562],[1.93445,49.02572],[1.93337,49.02676],[1.93311,49.02669],[1.93305,49.02678],[1.93227,49.02781],[1.93148,49.02845],[1.93123,49.02837],[1.93054,49.02902],[1.93001,49.02946],[1.92988,49.02954],[1.9279,49.0312],[1.92749,49.03155],[1.92669,49.03221],[1.92513,49.03325],[1.9235,49.03504],[1.92298,49.03482],[1.92254,49.03521],[1.92233,49.03505],[1.918,49.03744],[1.91837,49.03796],[1.91824,49.03807],[1.91649,49.03961],[1.9158,49.03989],[1.9148,49.04035],[1.91232,49.04147],[1.91276,49.04243],[1.9129,49.0428],[1.9132,49.04388],[1.91368,49.04482],[1.91405,49.04564],[1.91413,49.04578],[1.91352,49.0459],[1.91302,49.04607],[1.91258,49.04619],[1.9119,49.04644],[1.91081,49.04693],[1.9088,49.0479],[1.90862,49.04801],[1.90846,49.04818],[1.90572,49.04716],[1.90602,49.04677],[1.90644,49.04626],[1.90659,49.04611],[1.90472,49.04534],[1.90357,49.04485],[1.90292,49.04452],[1.90082,49.04335],[1.90176,49.04221],[1.89988,49.04166],[1.89827,49.04122],[1.89615,49.04061],[1.89485,49.04026],[1.89392,49.04002],[1.8929,49.03977],[1.89129,49.03937],[1.89114,49.03931],[1.89178,49.03887],[1.89248,49.03842],[1.89417,49.03729],[1.89307,49.03695],[1.89077,49.03628],[1.89048,49.03621],[1.88841,49.03582],[1.88763,49.03564],[1.88699,49.03541],[1.88646,49.03518],[1.88578,49.03486],[1.88389,49.034],[1.88328,49.03371],[1.88456,49.03131],[1.88439,49.03113],[1.88457,49.03105],[1.88389,49.03024],[1.88339,49.02964],[1.88308,49.02923],[1.88227,49.02823],[1.88215,49.02777],[1.88172,49.02606],[1.88165,49.02564],[1.88169,49.0251],[1.88172,49.0229],[1.88174,49.01973],[1.8812,49.01983],[1.88047,49.01992],[1.87986,49.01999],[1.87953,49.01995],[1.87941,49.01991],[1.87891,49.01988],[1.87856,49.01982],[1.87797,49.01958]]]]}},{"type":"Feature","properties":{"code":"FRHG201","nom":"Craie du Vexin normand et picard","horizon":2,"type":"DS","milieu":"9","karstique":1,"multicouches":1,"nature_ecoulement":"1"},"geometry":{"type":"MultiPolygon","coordinates":[[[[2.35498,49.15217],[2.35488,49.15175],[2.35342,49.15116],[2.35379,49.15085],[2.35487,49.1495],[2.35509,49.14926],[2.35546,49.14904],[2.35598,49.14869],[2.35636,49.14895],[2.35747,49.14835],[2.35757,49.14833],[2.35765,49.14845],[2.35834,49.14826],[2.35799,49.14806],[2.35934,49.14733],[2.35954,49.14746],[2.35979,49.14767],[2.3601,49.14797],[2.36037,49.14825],[2.36106,49.14912],[2.36131,49.14948],[2.36177,49.15019],[2.36201,49.15067],[2.36219,49.15118],[2.36225,49.15148],[2.36227,49.15181],[2.36226,49.15217],[2.36221,49.15254],[2.36308,49.15251],[2.36351,49.15239],[2.36384,49.15248],[2.36402,49.15248],[2.36436,49.15233],[2.36487,49.15229],[2.36504,49.15235],[2.36492,49.15245],[2.36502,49.15286],[2.365,49.15297],[2.36488,49.15314],[2.365,49.15333],[2.36487,49.15355],[2.36512,49.15372],[2.36519,49.15403],[2.3653,49.1541],[2.36565,49.15402],[2.36596,49.154],[2.3663,49.1539],[2.36654,49.15397],[2.36654,49.15423],[2.36664,49.15443],[2.36651,49.15452],[2.36634,49.15447],[2.36619,49.15451],[2.36605,49.1548],[2.36621,49.15495],[2.36649,49.15485],[2.36661,49.15528],[2.36699,49.1554],[2.36704,49.15546],[2.36708,49.1558],[2.36716,49.15587],[2.36737,49.1558],[2.36752,49.1557],[2.36762,49.15576],[2.36773,49.15603],[2.36793,49.15608],[2.36827,49.15593],[2.36839,49.15606],[2.36871,49.15628],[2.36889,49.15632],[2.36928,49.15616],[2.3695,49.15619],[2.36962,49.15624],[2.36981,49.15643],[2.3698,49.15658],[2.3697,49.15679],[2.36971,49.15689],[2.36985,49.15692],[2.37005,49.15681],[2.37027,49.15685],[2.3703,49.15693],[2.37025,49.15703],[2.37279,49.15654],[2.37193,49.15604],[2.37111,49.15532],[2.3709,49.15487],[2.37104,49.15442],[2.37166,49.15401],[2.37237,49.15383],[2.37347,49.15295],[2.37323,49.15154],[2.37262,49.15118],[2.37248,49.15082],[2.37248,49.15051],[2.37261,49.15016],[2.37276,49.14974],[2.3729,49.14907],[2.37262,49.14866],[2.37166,49.14799],[2.37146,49.14767],[2.37166,49.14736],[2.37207,49.14718],[2.37262,49.14722],[2.3742,49.14826],[2.37447,49.1483],[2.37447,49.14803],[2.37434,49.14776],[2.37454,49.14754],[2.37509,49.14731],[2.37509,49.14723],[2.37434,49.14691],[2.37358,49.14668],[2.37091,49.14619],[2.3704,49.14608],[2.36926,49.14583],[2.36916,49.14579],[2.36748,49.1452],[2.36652,49.14457],[2.36584,49.14345],[2.36536,49.14309],[2.36467,49.14291],[2.36344,49.14273],[2.36241,49.14237],[2.36124,49.1416],[2.35972,49.1401],[2.35955,49.13994],[2.35919,49.13943],[2.35859,49.13886],[2.3584,49.1383],[2.3581,49.1379],[2.35788,49.13771],[2.35733,49.13751],[2.35472,49.13688],[2.35381,49.13672],[2.35268,49.13679],[2.35144,49.13678],[2.34989,49.13658],[2.34785,49.13623],[2.34712,49.13623],[2.34604,49.13638],[2.34452,49.1368],[2.34351,49.13701],[2.34069,49.13742],[2.33986,49.13763],[2.33891,49.13814],[2.33825,49.13833],[2.33602,49.13876],[2.33486,49.1389],[2.33199,49.13944],[2.33153,49.13997],[2.3308,49.14043],[2.32833,49.14154],[2.3272,49.14185],[2.32617,49.14248],[2.32555,49.14302],[2.32487,49.14338],[2.32411,49.14405],[2.32399,49.14426],[2.32311,49.14479],[2.32173,49.14528],[2.32002,49.14577],[2.31999,49.14579],[2.31954,49.14595],[2.3183,49.14627],[2.31721,49.14645],[2.31261,49.14671],[2.31062,49.14703],[2.30904,49.14761],[2.3076,49.14788],[2.30595,49.14806],[2.30197,49.14806],[2.29903,49.14761],[2.29834,49.14761],[2.29601,49.1481],[2.29518,49.14814],[2.2934,49.14774],[2.2908,49.14724],[2.28901,49.14679],[2.28718,49.14599],[2.28594,49.14507],[2.28564,49.14495],[2.2849,49.14449],[2.28258,49.14359],[2.28114,49.14319],[2.27553,49.14019],[2.27499,49.13962],[2.27429,49.13842],[2.27383,49.13785],[2.27299,49.13738],[2.27156,49.13678],[2.2712,49.13638],[2.26774,49.13417],[2.26689,49.13412],[2.26603,49.13396],[2.26445,49.13336],[2.26262,49.13241],[2.26217,49.13223],[2.26088,49.13196],[2.25859,49.1316],[2.25762,49.13136],[2.25556,49.1312],[2.25549,49.13119],[2.25448,49.13103],[2.25321,49.13056],[2.25189,49.1302],[2.25136,49.13005],[2.25029,49.12985],[2.24941,49.12975],[2.24613,49.12965],[2.24568,49.12956],[2.24053,49.12923],[2.24058,49.12921],[2.23749,49.1293],[2.23747,49.1293],[2.2373,49.12928],[2.23702,49.12926],[2.23628,49.12922],[2.23572,49.12917],[2.23569,49.12917],[2.23485,49.12901],[2.23482,49.12901],[2.23422,49.12888],[2.23409,49.12885],[2.23407,49.12885],[2.233,49.12853],[2.23279,49.12847],[2.23278,49.12847],[2.23277,49.12847],[2.23234,49.12835],[2.23196,49.12824],[2.23195,49.12824],[2.23194,49.12823],[2.23163,49.12815],[2.2304,49.12782],[2.23028,49.12779],[2.23025,49.12778],[2.22382,49.12648],[2.22362,49.12642],[2.2233,49.12686],[2.22304,49.12722],[2.22301,49.1281],[2.22317,49.12877],[2.22329,49.12907],[2.22342,49.1294],[2.22367,49.1298],[2.22406,49.13045],[2.22481,49.13124],[2.22532,49.13149],[2.22643,49.13202],[2.22796,49.13267],[2.22875,49.13285],[2.22878,49.13285],[2.22877,49.13284],[2.22996,49.13304],[2.22997,49.13304],[2.22998,49.13304],[2.23,49.13305],[2.23003,49.13305],[2.23115,49.13329],[2.23123,49.13331],[2.23168,49.13343],[2.2324,49.13371],[2.23329,49.13419],[2.23437,49.13485],[2.23518,49.13554],[2.23692,49.13619],[2.23854,49.13696],[2.23995,49.1379],[2.24101,49.13858],[2.24209,49.13922],[2.24234,49.13946],[2.24238,49.13989],[2.24245,49.13993],[2.24306,49.14036],[2.24525,49.14166],[2.2469,49.14239],[2.2482,49.14284],[2.24875,49.14315],[2.24888,49.14351],[2.24881,49.14387],[2.24874,49.14432],[2.24915,49.14459],[2.25093,49.14505],[2.25162,49.14536],[2.2521,49.14586],[2.2521,49.14594],[2.2521,49.14599],[2.2523,49.14644],[2.25264,49.14689],[2.25271,49.14716],[2.2523,49.1477],[2.25216,49.14792],[2.25257,49.14824],[2.25325,49.14824],[2.25353,49.14819],[2.25518,49.14824],[2.25579,49.14833],[2.25867,49.14896],[2.2597,49.14928],[2.26326,49.15108],[2.26369,49.15162],[2.26369,49.15162],[2.26362,49.15189],[2.26328,49.15257],[2.26251,49.15324],[2.26654,49.15427],[2.26677,49.15419],[2.26862,49.15397],[2.26972,49.15406],[2.27219,49.15393],[2.27404,49.1537],[2.27452,49.15379],[2.27534,49.15406],[2.27733,49.15447],[2.27884,49.15452],[2.27953,49.15461],[2.2811,49.15501],[2.28357,49.15537],[2.28453,49.15564],[2.28837,49.1574],[2.28988,49.15803],[2.2907,49.1583],[2.29084,49.15839],[2.29221,49.15866],[2.29351,49.15884],[2.29468,49.15893],[2.29632,49.15902],[2.29955,49.15903],[2.30085,49.15889],[2.30188,49.15871],[2.30401,49.15822],[2.30758,49.15723],[2.30998,49.15642],[2.31341,49.15535],[2.31437,49.15517],[2.31588,49.15503],[2.31719,49.15503],[2.31787,49.15481],[2.31822,49.15441],[2.31863,49.15369],[2.31904,49.15346],[2.32165,49.15229],[2.32206,49.15193],[2.32303,49.15144],[2.3246,49.1509],[2.32598,49.15059],[2.32728,49.15045],[2.32817,49.15027],[2.33078,49.15018],[2.33174,49.15],[2.33407,49.14915],[2.33524,49.14902],[2.33682,49.14897],[2.33744,49.14875],[2.33805,49.14825],[2.3384,49.14776],[2.33888,49.14744],[2.33984,49.1474],[2.34162,49.14763],[2.34279,49.14798],[2.34443,49.1492],[2.34614,49.15005],[2.34786,49.15068],[2.35511,49.1526],[2.35498,49.15217]]],[[[2.37016,49.15807],[2.37019,49.15836],[2.37005,49.15853],[2.37001,49.15871],[2.3701,49.1588],[2.37023,49.1588],[2.3704,49.15867],[2.37071,49.15866],[2.3709,49.1588],[2.37094,49.15897],[2.37093,49.1592],[2.37109,49.15926],[2.37229,49.15938],[2.37276,49.15946],[2.37286,49.15946],[2.3732,49.15925],[2.37238,49.15925],[2.37107,49.15897],[2.37073,49.15852],[2.37052,49.15848],[2.37034,49.15791],[2.37016,49.15807]]],[[[2.24153,49.12866],[2.24304,49.1276],[2.24307,49.12758],[2.24359,49.12727],[2.24362,49.12724],[2.2445,49.12683],[2.24508,49.1266],[2.24582,49.12631],[2.24626,49.1261],[2.24627,49.12609],[2.24682,49.12573],[2.24785,49.12488],[2.24867,49.12436],[2.24929,49.12408],[2.24931,49.12407],[2.25005,49.12381],[2.25126,49.12354],[2.25127,49.12354],[2.2521,49.12324],[2.25236,49.12305],[2.25257,49.12272],[2.25286,49.12183],[2.25289,49.12178],[2.2529,49.12173],[2.25297,49.12152],[2.25295,49.12151],[2.25315,49.12095],[2.25347,49.12047],[2.25371,49.12021],[2.25463,49.11981],[2.25466,49.11979],[2.25469,49.11978],[2.25472,49.11979],[2.25474,49.11979],[2.2551,49.11989],[2.25516,49.11991],[2.25517,49.11994],[2.25529,49.1202],[2.2553,49.12021],[2.25593,49.12087],[2.2566,49.12134],[2.25671,49.12142],[2.25686,49.1215],[2.25726,49.12171],[2.25728,49.12172],[2.25771,49.12189],[2.25773,49.12189],[2.25817,49.12201],[2.25819,49.12202],[2.259,49.12209],[2.25902,49.12209],[2.25979,49.12211],[2.25981,49.12211],[2.26038,49.12201],[2.26086,49.12171],[2.26095,49.12161],[2.26135,49.12121],[2.26136,49.12119],[2.26158,49.12073],[2.26162,49.12072],[2.26228,49.12065],[2.26336,49.12084],[2.25956,49.11624],[2.25939,49.11604],[2.25807,49.11444],[2.25679,49.11427],[2.2535,49.11428],[2.25233,49.11524],[2.25178,49.11629],[2.25041,49.11683],[2.24946,49.11781],[2.25028,49.11909],[2.25134,49.12022],[2.25106,49.12147],[2.24982,49.12222],[2.24776,49.12278],[2.24568,49.12309],[2.24545,49.12315],[2.24499,49.12319],[2.24445,49.12345],[2.24402,49.1238],[2.24374,49.12417],[2.24343,49.1246],[2.24284,49.12572],[2.24244,49.12665],[2.24233,49.12737],[2.24228,49.12767],[2.24212,49.12802],[2.24151,49.12865],[2.24139,49.12875],[2.24128,49.12883],[2.24153,49.12866]]],[[[2.24058,49.12921],[2.24059,49.12921],[2.24128,49.12883],[2.24058,49.12921]]]]}},{"type":"Feature","properties":{"code":"FRHG201","nom":"Craie du Vexin normand et picard","horizon":1,"type":"DS","milieu":"9","karstique":1,"multicouches":1,"nature_ecoulement":"1"},"geometry":{"type":"MultiPolygon","coordinates":[[[[1.61745,49.09471],[1.61745,49.09502],[1.61749,49.09522],[1.61769,49.09544],[1.61762,49.09534],[1.61736,49.09427],[1.61745,49.09471]]],[[[1.61829,49.09658],[1.61843,49.09688],[1.61868,49.09711],[1.61877,49.09714],[1.6187,49.09705],[1.61865,49.09679],[1.6187,49.09656],[1.61864,49.09623],[1.61855,49.0961],[1.61852,49.09607],[1.61834,49.09634],[1.61829,49.09658]]],[[[1.62134,49.09831],[1.62131,49.09848],[1.62117,49.09879],[1.621,49.09904],[1.62099,49.09925],[1.62141,49.09969],[1.62155,49.09993],[1.62159,49.10037],[1.6214,49.10055],[1.62138,49.10072],[1.62151,49.10078],[1.62211,49.10095],[1.62243,49.10102],[1.62238,49.10095],[1.62207,49.10041],[1.62193,49.10002],[1.6219,49.09968],[1.62183,49.0995],[1.6218,49.09931],[1.62156,49.0985],[1.62131,49.09817],[1.62134,49.09831]]],[[[1.62505,49.1022],[1.62537,49.10224],[1.62488,49.10211],[1.6246,49.10206],[1.62473,49.10211],[1.62505,49.1022]]],[[[1.62658,49.10427],[1.62658,49.1045],[1.62665,49.10471],[1.62688,49.10503],[1.62715,49.10534],[1.62756,49.10571],[1.62794,49.10628],[1.62805,49.1064],[1.62889,49.10699],[1.62918,49.10715],[1.62878,49.1066],[1.62866,49.1065],[1.62809,49.10591],[1.62786,49.10578],[1.62724,49.105],[1.62719,49.10487],[1.62709,49.1047],[1.62699,49.10428],[1.62699,49.10416],[1.62708,49.10393],[1.6271,49.10346],[1.62704,49.10333],[1.62685,49.10353],[1.62658,49.10427]]],[[[1.62951,49.10894],[1.62954,49.10916],[1.62947,49.10962],[1.62958,49.10999],[1.6297,49.11016],[1.63,49.11034],[1.63043,49.11046],[1.63055,49.11046],[1.63026,49.11009],[1.63005,49.10959],[1.62995,49.10916],[1.62988,49.10891],[1.62957,49.10796],[1.62956,49.10793],[1.62942,49.10852],[1.62951,49.10894]]],[[[1.63233,49.11141],[1.6322,49.11154],[1.63216,49.11168],[1.63219,49.11184],[1.63229,49.11203],[1.63248,49.11218],[1.63279,49.11229],[1.63306,49.11235],[1.63306,49.11226],[1.63306,49.11186],[1.63296,49.11154],[1.63272,49.11125],[1.63254,49.11131],[1.63233,49.11141]]],[[[1.63898,49.11609],[1.63892,49.11607],[1.63868,49.1159],[1.6383,49.11576],[1.63888,49.11607],[1.63898,49.11609]]],[[[1.63969,49.11665],[1.63985,49.11681],[1.64003,49.11683],[1.64019,49.1167],[1.63967,49.1164],[1.63913,49.11616],[1.63947,49.1164],[1.63969,49.11665]]],[[[1.64299,49.11747],[1.6434,49.11777],[1.6438,49.11801],[1.644,49.11811],[1.64371,49.11778],[1.64333,49.11751],[1.64295,49.11729],[1.64279,49.11722],[1.64281,49.11732],[1.64299,49.11747]]],[[[1.64508,49.11969],[1.64516,49.11986],[1.64513,49.12042],[1.6452,49.12058],[1.64549,49.12076],[1.64605,49.12105],[1.64601,49.121],[1.64527,49.11982],[1.64482,49.11923],[1.64452,49.11877],[1.64454,49.11898],[1.64508,49.11969]]],[[[1.64663,49.12247],[1.64643,49.12286],[1.64634,49.12335],[1.64642,49.12374],[1.64665,49.12409],[1.647,49.12446],[1.64718,49.12459],[1.64736,49.12466],[1.64784,49.12473],[1.64769,49.12464],[1.64712,49.12419],[1.64689,49.12393],[1.64657,49.12355],[1.64653,49.12318],[1.64682,49.12229],[1.64678,49.12208],[1.64669,49.12187],[1.64668,49.12223],[1.64663,49.12247]]],[[[1.65018,49.12687],[1.65028,49.12706],[1.65044,49.1272],[1.65063,49.1273],[1.65123,49.12739],[1.65199,49.12743],[1.65221,49.12746],[1.65198,49.12737],[1.65128,49.12723],[1.65092,49.12695],[1.65071,49.12667],[1.65052,49.12641],[1.65016,49.12609],[1.65002,49.12582],[1.65007,49.12632],[1.65018,49.12687]]],[[[1.65275,49.12794],[1.65278,49.12804],[1.65279,49.12792],[1.65272,49.12775],[1.65262,49.12764],[1.65241,49.12755],[1.65255,49.12762],[1.65275,49.12794]]],[[[1.65267,49.12921],[1.65271,49.12935],[1.65305,49.12951],[1.6549,49.1299],[1.65549,49.12992],[1.65567,49.12996],[1.65573,49.1301],[1.65572,49.13004],[1.65567,49.12986],[1.65553,49.12965],[1.65527,49.12944],[1.65449,49.12927],[1.65418,49.12928],[1.6537,49.12925],[1.65339,49.12922],[1.65315,49.12917],[1.65301,49.12907],[1.65291,49.12893],[1.65274,49.12851],[1.65277,49.12815],[1.65265,49.12873],[1.65267,49.12921]]],[[[1.65565,49.13076],[1.65566,49.13108],[1.65599,49.13132],[1.65627,49.13142],[1.65662,49.1315],[1.65709,49.13158],[1.65742,49.1316],[1.65772,49.13178],[1.65785,49.13194],[1.65788,49.13246],[1.65786,49.1331],[1.65703,49.13364],[1.65688,49.1338],[1.65679,49.13395],[1.6572,49.13459],[1.65738,49.13463],[1.65765,49.13459],[1.6581,49.13406],[1.65863,49.13335],[1.65884,49.13294],[1.65891,49.13263],[1.65907,49.13203],[1.65906,49.13176],[1.65885,49.13156],[1.65833,49.13127],[1.65772,49.1311],[1.65732,49.13104],[1.65662,49.13108],[1.65604,49.131],[1.65578,49.13076],[1.65575,49.13034],[1.65573,49.13047],[1.65565,49.13076]]],[[[1.65474,49.13732],[1.65469,49.13723],[1.6546,49.1367],[1.65408,49.13664],[1.65398,49.13621],[1.65378,49.13566],[1.65342,49.13493],[1.65266,49.135],[1.65288,49.13597],[1.65306,49.13665],[1.65315,49.13693],[1.653,49.13742],[1.65302,49.13772],[1.65283,49.1377],[1.65296,49.13822],[1.65148,49.13808],[1.65142,49.13875],[1.65293,49.13952],[1.65256,49.14034],[1.65241,49.1407],[1.65227,49.14113],[1.65241,49.14113],[1.65248,49.14133],[1.65258,49.14149],[1.65266,49.14148],[1.65294,49.14197],[1.65317,49.1425],[1.65322,49.14274],[1.65322,49.14294],[1.65301,49.1436],[1.65298,49.14405],[1.65297,49.14468],[1.65306,49.14487],[1.65313,49.14493],[1.65402,49.14509],[1.65425,49.14522],[1.65416,49.14503],[1.65356,49.14431],[1.65341,49.14219],[1.6534,49.1421],[1.65351,49.13987],[1.65385,49.13945],[1.65413,49.13927],[1.65469,49.13877],[1.65488,49.13845],[1.65536,49.13778],[1.65564,49.13749],[1.65501,49.13744],[1.65474,49.13732]]],[[[1.65446,49.14633],[1.6546,49.14656],[1.65478,49.14677],[1.65514,49.14701],[1.65569,49.1472],[1.6559,49.14734],[1.65607,49.14762],[1.65601,49.14795],[1.65584,49.14818],[1.65583,49.14847],[1.65603,49.14862],[1.65619,49.14865],[1.65711,49.14864],[1.65751,49.14866],[1.65777,49.1487],[1.65813,49.14883],[1.65834,49.14894],[1.6585,49.1491],[1.65879,49.14981],[1.65924,49.15117],[1.65948,49.15149],[1.65961,49.15156],[1.66017,49.15175],[1.6604,49.15186],[1.66115,49.15229],[1.66142,49.15235],[1.6621,49.15244],[1.66271,49.15253],[1.66356,49.1529],[1.6641,49.15317],[1.66427,49.15327],[1.66446,49.15343],[1.66444,49.15361],[1.66428,49.15387],[1.66407,49.15414],[1.66378,49.15451],[1.66366,49.15475],[1.66344,49.15509],[1.66284,49.15556],[1.66258,49.15583],[1.66216,49.15607],[1.66159,49.1565],[1.66103,49.15682],[1.66071,49.15703],[1.6606,49.15715],[1.66058,49.15731],[1.6607,49.15759],[1.6613,49.15811],[1.66164,49.15855],[1.66182,49.15869],[1.66219,49.15882],[1.66267,49.15905],[1.66295,49.15926],[1.663,49.15937],[1.66307,49.15998],[1.66308,49.16023],[1.66305,49.16081],[1.6631,49.16099],[1.66332,49.16143],[1.66358,49.1617],[1.66405,49.16243],[1.66424,49.16292],[1.66425,49.16302],[1.66427,49.16392],[1.66423,49.16449],[1.66422,49.16497],[1.66427,49.16517],[1.66457,49.16552],[1.66464,49.16579],[1.66476,49.16604],[1.66496,49.16615],[1.66581,49.16634],[1.66611,49.16645],[1.66622,49.16657],[1.66638,49.16687],[1.66656,49.1671],[1.66671,49.16719],[1.66718,49.16732],[1.66745,49.1676],[1.66761,49.16786],[1.66773,49.16797],[1.66805,49.16808],[1.66831,49.16813],[1.66823,49.16806],[1.66815,49.168],[1.66664,49.1668],[1.66513,49.16569],[1.66451,49.16417],[1.6644,49.16261],[1.66343,49.16121],[1.66324,49.15952],[1.6618,49.15805],[1.66108,49.15719],[1.66181,49.1565],[1.66303,49.15551],[1.6647,49.15412],[1.66478,49.15307],[1.66385,49.15255],[1.65971,49.15144],[1.6594,49.15021],[1.65817,49.14866],[1.65655,49.1483],[1.65623,49.14742],[1.65478,49.1464],[1.65452,49.14583],[1.65446,49.1462],[1.65446,49.14633]]],[[[1.66878,49.16879],[1.66909,49.16896],[1.6695,49.16914],[1.66933,49.16896],[1.6687,49.16845],[1.66873,49.16868],[1.66878,49.16879]]],[[[1.66901,49.17106],[1.66938,49.17075],[1.66916,49.17089],[1.66901,49.17106]]],[[[1.66874,49.17147],[1.66875,49.17166],[1.66871,49.17215],[1.66867,49.17227],[1.66848,49.17249],[1.66844,49.17263],[1.66837,49.17317],[1.66831,49.17326],[1.66784,49.17369],[1.66756,49.17406],[1.66713,49.17458],[1.66678,49.17477],[1.66659,49.17497],[1.66648,49.17524],[1.66634,49.17548],[1.6663,49.17571],[1.66631,49.1759],[1.6664,49.17614],[1.66625,49.17631],[1.66609,49.17675],[1.66616,49.17691],[1.66668,49.17724],[1.66727,49.17743],[1.66749,49.17761],[1.66754,49.17773],[1.66754,49.17787],[1.66745,49.17813],[1.6673,49.17838],[1.66705,49.17862],[1.66695,49.17876],[1.66693,49.17891],[1.66708,49.17932],[1.66719,49.17948],[1.66744,49.17967],[1.66769,49.17974],[1.66806,49.17979],[1.6687,49.17978],[1.66896,49.17979],[1.66904,49.17987],[1.66912,49.18031],[1.66941,49.18048],[1.66969,49.18051],[1.66995,49.18063],[1.6702,49.18062],[1.6708,49.18048],[1.67113,49.18025],[1.67137,49.18021],[1.6716,49.1804],[1.67166,49.18062],[1.67162,49.18075],[1.67162,49.18095],[1.67169,49.18107],[1.6718,49.18081],[1.6716,49.17977],[1.67074,49.17961],[1.67012,49.18016],[1.66966,49.18],[1.66944,49.17993],[1.66859,49.17943],[1.66748,49.1791],[1.66777,49.17742],[1.66708,49.17681],[1.66691,49.17587],[1.66734,49.17523],[1.6681,49.17424],[1.66891,49.17313],[1.66896,49.17198],[1.66901,49.17106],[1.66891,49.17117],[1.66874,49.17147]]],[[[1.67094,49.18217],[1.67084,49.18236],[1.67082,49.18285],[1.67074,49.18326],[1.67066,49.18339],[1.67068,49.18361],[1.67074,49.18381],[1.6714,49.18173],[1.67144,49.18164],[1.67132,49.18182],[1.67094,49.18217]]],[[[1.66966,49.18498],[1.6695,49.18514],[1.66941,49.18548],[1.66927,49.18574],[1.66919,49.18609],[1.66905,49.18667],[1.66903,49.18709],[1.66918,49.18746],[1.66942,49.18779],[1.66973,49.18807],[1.66975,49.18829],[1.66988,49.18872],[1.67054,49.18991],[1.67067,49.19007],[1.6703,49.18912],[1.66963,49.18755],[1.66965,49.18627],[1.67037,49.18502],[1.67043,49.18482],[1.67014,49.18492],[1.66966,49.18498]]],[[[1.67112,49.19224],[1.67115,49.19249],[1.67112,49.19271],[1.67063,49.19309],[1.67053,49.19328],[1.67054,49.19338],[1.67091,49.19381],[1.67146,49.19425],[1.67182,49.19451],[1.67265,49.19512],[1.673,49.19535],[1.67335,49.19553],[1.6738,49.19581],[1.67384,49.19585],[1.67374,49.19571],[1.67183,49.19437],[1.67122,49.19328],[1.67133,49.19262],[1.67131,49.19183],[1.67115,49.19209],[1.67112,49.19224]]],[[[1.6753,49.19879],[1.67565,49.1993],[1.67573,49.19941],[1.67541,49.19859],[1.67522,49.19823],[1.67519,49.19847],[1.6753,49.19879]]],[[[1.67653,49.20208],[1.67667,49.20224],[1.67657,49.20157],[1.67648,49.20134],[1.67648,49.20192],[1.67653,49.20208]]],[[[1.67497,49.20407],[1.67476,49.20417],[1.67445,49.20443],[1.67402,49.20469],[1.67381,49.20504],[1.67367,49.20514],[1.6733,49.20523],[1.67316,49.20541],[1.67321,49.2057],[1.67316,49.20589],[1.67321,49.20611],[1.67319,49.20625],[1.673,49.20633],[1.67239,49.2063],[1.67221,49.20634],[1.67216,49.20646],[1.67225,49.20661],[1.67278,49.20713],[1.67292,49.20762],[1.67309,49.2079],[1.67345,49.20825],[1.67419,49.20883],[1.67417,49.20896],[1.67403,49.20913],[1.67382,49.20927],[1.67376,49.2094],[1.67388,49.20971],[1.67443,49.21039],[1.67451,49.21058],[1.67445,49.21079],[1.67414,49.21114],[1.67407,49.21129],[1.67405,49.21158],[1.67397,49.2119],[1.67419,49.21192],[1.67448,49.21169],[1.67485,49.21167],[1.67542,49.21178],[1.67577,49.21189],[1.67615,49.21187],[1.67649,49.21178],[1.67689,49.21181],[1.67701,49.21188],[1.67702,49.21202],[1.67693,49.21214],[1.6764,49.21252],[1.67642,49.2127],[1.67663,49.21282],[1.67696,49.21284],[1.67731,49.21282],[1.67747,49.21284],[1.67755,49.21292],[1.67754,49.21302],[1.67736,49.21331],[1.67735,49.21355],[1.67752,49.21363],[1.67827,49.2138],[1.67876,49.21395],[1.67918,49.21411],[1.67983,49.21433],[1.6804,49.21468],[1.68079,49.21485],[1.68112,49.21505],[1.68178,49.21568],[1.68246,49.2162],[1.68274,49.21633],[1.68301,49.2164],[1.68374,49.21652],[1.6843,49.21652],[1.68467,49.21658],[1.68479,49.21664],[1.68493,49.21681],[1.68518,49.21723],[1.68549,49.21769],[1.68565,49.21785],[1.68607,49.21815],[1.68644,49.21828],[1.68682,49.21835],[1.6877,49.21843],[1.68837,49.21844],[1.68859,49.21855],[1.68867,49.219],[1.68879,49.21927],[1.68895,49.2195],[1.68951,49.22001],[1.68994,49.2206],[1.69008,49.2207],[1.69086,49.221],[1.69107,49.22113],[1.69114,49.22123],[1.6911,49.22141],[1.69092,49.22162],[1.69088,49.22172],[1.69085,49.22216],[1.6908,49.22261],[1.69086,49.22298],[1.69092,49.22309],[1.69127,49.2234],[1.69165,49.22359],[1.69219,49.22376],[1.69254,49.22389],[1.69295,49.22395],[1.69382,49.224],[1.69475,49.22416],[1.69545,49.22427],[1.69595,49.22434],[1.69641,49.22444],[1.6969,49.22437],[1.69715,49.22428],[1.69768,49.22404],[1.69793,49.22404],[1.69818,49.22417],[1.69848,49.22451],[1.69868,49.22487],[1.69871,49.22536],[1.69867,49.22586],[1.69869,49.22606],[1.69876,49.22619],[1.69889,49.22629],[1.6995,49.22654],[1.69978,49.22667],[1.70003,49.22685],[1.70024,49.22704],[1.70089,49.22753],[1.70144,49.22772],[1.70182,49.22782],[1.70226,49.22802],[1.70278,49.2285],[1.70302,49.22866],[1.70325,49.22875],[1.70385,49.22884],[1.70169,49.22741],[1.69912,49.22598],[1.69899,49.22458],[1.6979,49.2238],[1.69595,49.22399],[1.69341,49.22355],[1.69179,49.22314],[1.69178,49.22153],[1.69166,49.22095],[1.69061,49.22027],[1.68974,49.2197],[1.68938,49.21843],[1.68847,49.21814],[1.6869,49.21823],[1.68601,49.21771],[1.6851,49.21659],[1.68249,49.21592],[1.68054,49.21456],[1.67932,49.21389],[1.67793,49.21329],[1.67768,49.21253],[1.67692,49.21243],[1.67735,49.21173],[1.67566,49.21124],[1.6745,49.21165],[1.67459,49.21111],[1.67469,49.21055],[1.67422,49.20948],[1.67442,49.20857],[1.67459,49.20714],[1.67523,49.20673],[1.67536,49.20607],[1.67643,49.20562],[1.67639,49.20499],[1.67625,49.20387],[1.67506,49.20404],[1.67497,49.20407]]],[[[1.70391,49.22888],[1.70386,49.22885],[1.70392,49.22893],[1.70391,49.22888]]],[[[1.70359,49.22962],[1.70309,49.22974],[1.70284,49.22994],[1.70291,49.23006],[1.70361,49.23029],[1.70381,49.23044],[1.7038,49.23062],[1.70361,49.23072],[1.70283,49.23091],[1.7026,49.23101],[1.70251,49.23116],[1.70259,49.23137],[1.70282,49.23149],[1.7034,49.23171],[1.70362,49.23185],[1.70402,49.23196],[1.70431,49.23207],[1.70436,49.23211],[1.70433,49.2319],[1.70413,49.23145],[1.70328,49.23099],[1.70413,49.23042],[1.70343,49.23],[1.70405,49.22963],[1.70399,49.22931],[1.70382,49.22954],[1.70359,49.22962]]],[[[1.70441,49.2325],[1.70439,49.23238],[1.70435,49.23243],[1.70441,49.2325]]],[[[2.08074,49.21072],[2.0807,49.20997],[2.08029,49.20993],[2.07725,49.2095],[2.07721,49.20949],[2.07726,49.20991],[2.08074,49.21072]]],[[[2.21749,49.17973],[2.21826,49.18038],[2.21865,49.18068],[2.2189,49.18047],[2.21917,49.18022],[2.21887,49.17995],[2.21873,49.17982],[2.21815,49.17916],[2.2181,49.1791],[2.21695,49.17882],[2.21642,49.17894],[2.21629,49.17898],[2.21682,49.17932],[2.21749,49.17973]]],[[[2.23008,49.17122],[2.2315,49.17048],[2.23177,49.17029],[2.23209,49.16992],[2.23246,49.16936],[2.23327,49.16861],[2.23368,49.16832],[2.23399,49.16804],[2.23448,49.16758],[2.23475,49.16726],[2.23538,49.16699],[2.23382,49.16652],[2.23433,49.16603],[2.23383,49.16583],[2.23356,49.16617],[2.23171,49.16778],[2.22938,49.16961],[2.22828,49.17094],[2.22783,49.17208],[2.22929,49.17158],[2.23008,49.17122]]],[[[2.24158,49.15218],[2.24173,49.15263],[2.24187,49.15341],[2.24354,49.15339],[2.24449,49.1534],[2.24553,49.15339],[2.24652,49.15345],[2.24727,49.15343],[2.24813,49.15345],[2.24851,49.15348],[2.24951,49.15351],[2.25036,49.15349],[2.25145,49.15324],[2.25378,49.15263],[2.2538,49.15267],[2.2563,49.15422],[2.25735,49.15489],[2.25876,49.15578],[2.25971,49.15514],[2.26008,49.15533],[2.25988,49.15541],[2.25981,49.15572],[2.25989,49.156],[2.25986,49.15615],[2.25966,49.15635],[2.25946,49.15661],[2.25975,49.15675],[2.26079,49.1573],[2.26215,49.15838],[2.26364,49.1577],[2.26459,49.15728],[2.26567,49.15686],[2.2677,49.15593],[2.26817,49.15575],[2.2687,49.15583],[2.26925,49.156],[2.26935,49.156],[2.26956,49.15629],[2.26976,49.15652],[2.27004,49.15679],[2.2704,49.15703],[2.27097,49.15725],[2.27125,49.1574],[2.27157,49.1575],[2.27325,49.15792],[2.27401,49.15813],[2.27464,49.15841],[2.27542,49.15871],[2.27587,49.15881],[2.27671,49.15898],[2.27865,49.15889],[2.27873,49.15876],[2.2812,49.15886],[2.28248,49.15915],[2.28296,49.15967],[2.28552,49.15982],[2.28648,49.15987],[2.28623,49.16021],[2.28572,49.16109],[2.28548,49.16159],[2.28536,49.16203],[2.2853,49.16251],[2.28527,49.16345],[2.2852,49.16345],[2.28501,49.16481],[2.28509,49.16571],[2.28649,49.16566],[2.28641,49.16582],[2.28756,49.16588],[2.28697,49.16717],[2.28813,49.16737],[2.28787,49.16795],[2.28949,49.16804],[2.28929,49.16903],[2.28906,49.16989],[2.28881,49.17071],[2.29026,49.17074],[2.29018,49.17154],[2.29246,49.17166],[2.29245,49.17185],[2.29415,49.17171],[2.29437,49.17242],[2.29454,49.17236],[2.29482,49.17341],[2.29568,49.17333],[2.29617,49.1748],[2.29663,49.17621],[2.29952,49.17596],[2.29958,49.17656],[2.29958,49.17697],[2.29954,49.17822],[2.29964,49.17882],[2.29997,49.17979],[2.30003,49.18],[2.30008,49.1803],[2.3001,49.18124],[2.30048,49.18243],[2.30077,49.18323],[2.30127,49.18404],[2.30239,49.184],[2.30303,49.18399],[2.30445,49.18394],[2.30433,49.18365],[2.30479,49.18361],[2.30575,49.18343],[2.30621,49.18482],[2.30664,49.18477],[2.30823,49.18461],[2.30846,49.18541],[2.31041,49.18496],[2.31043,49.18499],[2.31045,49.1851],[2.31076,49.18594],[2.3108,49.18675],[2.31328,49.18634],[2.31321,49.18584],[2.31452,49.18569],[2.3174,49.18539],[2.31929,49.18507],[2.32092,49.18458],[2.32159,49.18437],[2.32054,49.18352],[2.31955,49.18242],[2.32125,49.18189],[2.32063,49.18129],[2.32187,49.18092],[2.32173,49.18073],[2.32195,49.18064],[2.32371,49.17994],[2.3232,49.1795],[2.32366,49.17928],[2.3243,49.179],[2.32455,49.17893],[2.32582,49.17873],[2.32558,49.17817],[2.32604,49.17767],[2.32636,49.17759],[2.32762,49.17708],[2.32731,49.17648],[2.32768,49.17627],[2.32777,49.17634],[2.3297,49.17502],[2.33146,49.17383],[2.33136,49.17376],[2.33147,49.17367],[2.33443,49.17149],[2.33554,49.17066],[2.33601,49.17017],[2.33634,49.16988],[2.33695,49.16925],[2.33813,49.16807],[2.33842,49.16777],[2.33874,49.16747],[2.33883,49.16743],[2.33961,49.16667],[2.34035,49.16596],[2.34047,49.16586],[2.34035,49.16578],[2.3413,49.16489],[2.34595,49.16235],[2.34849,49.15963],[2.34853,49.15951],[2.35051,49.15722],[2.35267,49.15521],[2.3536,49.15449],[2.35423,49.15426],[2.35377,49.15394],[2.35535,49.15328],[2.35517,49.15282],[2.35511,49.1526],[2.34786,49.15068],[2.34614,49.15005],[2.34443,49.1492],[2.34279,49.14798],[2.34162,49.14763],[2.33984,49.1474],[2.33888,49.14744],[2.3384,49.14776],[2.33805,49.14825],[2.33744,49.14875],[2.33682,49.14897],[2.33524,49.14902],[2.33407,49.14915],[2.33174,49.15],[2.33078,49.15018],[2.32817,49.15027],[2.32728,49.15045],[2.32598,49.15059],[2.3246,49.1509],[2.32303,49.15144],[2.32206,49.15193],[2.32165,49.15229],[2.31904,49.15346],[2.31863,49.15369],[2.31822,49.15441],[2.31787,49.15481],[2.31719,49.15503],[2.31588,49.15503],[2.31437,49.15517],[2.31341,49.15535],[2.30998,49.15642],[2.30758,49.15723],[2.30401,49.15822],[2.30188,49.15871],[2.30085,49.15889],[2.29955,49.15903],[2.29632,49.15902],[2.29468,49.15893],[2.29351,49.15884],[2.29221,49.15866],[2.29084,49.15839],[2.2907,49.1583],[2.28988,49.15803],[2.28837,49.1574],[2.28453,49.15564],[2.28357,49.15537],[2.2811,49.15501],[2.27953,49.15461],[2.27884,49.15452],[2.27733,49.15447],[2.27534,49.15406],[2.27452,49.15379],[2.27404,49.1537],[2.27219,49.15393],[2.26972,49.15406],[2.26862,49.15397],[2.26677,49.15419],[2.26654,49.15427],[2.26251,49.15324],[2.26328,49.15257],[2.26362,49.15189],[2.26369,49.15162],[2.26326,49.15108],[2.2597,49.14928],[2.25867,49.14896],[2.25579,49.14833],[2.25518,49.14824],[2.25353,49.14819],[2.25325,49.14824],[2.25257,49.14824],[2.25216,49.14792],[2.2523,49.1477],[2.25271,49.14716],[2.25264,49.14689],[2.2523,49.14644],[2.2521,49.14599],[2.2521,49.14594],[2.2521,49.14586],[2.25162,49.14536],[2.25093,49.14505],[2.24915,49.14459],[2.24874,49.14432],[2.24881,49.14387],[2.24888,49.14351],[2.24875,49.14315],[2.2482,49.14284],[2.2469,49.14239],[2.24525,49.14166],[2.24306,49.14036],[2.24245,49.13993],[2.24238,49.13989],[2.24261,49.14213],[2.24072,49.14365],[2.23894,49.14509],[2.23825,49.14689],[2.23903,49.14827],[2.23979,49.14931],[2.23954,49.15051],[2.23931,49.15176],[2.23944,49.15188],[2.24132,49.15159],[2.24158,49.15218]]],[[[2.37025,49.15725],[2.37039,49.15738],[2.3705,49.15766],[2.37041,49.15785],[2.37034,49.15791],[2.37052,49.15848],[2.37073,49.15852],[2.37107,49.15897],[2.37238,49.15925],[2.3732,49.15925],[2.37286,49.15946],[2.37307,49.15945],[2.37331,49.15937],[2.37381,49.15921],[2.37403,49.15917],[2.37435,49.15917],[2.37471,49.15922],[2.37503,49.15924],[2.37582,49.15913],[2.37636,49.15904],[2.37799,49.15853],[2.37872,49.15826],[2.37898,49.1582],[2.37963,49.15818],[2.37998,49.15815],[2.38046,49.15804],[2.38082,49.15787],[2.38102,49.15772],[2.38143,49.15733],[2.38215,49.15668],[2.38342,49.1556],[2.3835,49.15551],[2.38511,49.15422],[2.38644,49.15314],[2.38971,49.15052],[2.39097,49.14949],[2.3912,49.14931],[2.3913,49.14931],[2.39227,49.14948],[2.39501,49.14994],[2.39706,49.15029],[2.39788,49.15044],[2.39989,49.15078],[2.40002,49.15075],[2.40034,49.15078],[2.40072,49.15093],[2.40128,49.15109],[2.40176,49.15126],[2.40249,49.15147],[2.40275,49.15152],[2.40428,49.1519],[2.40475,49.15196],[2.40548,49.15204],[2.40668,49.15211],[2.40846,49.15219],[2.41006,49.15228],[2.4116,49.15234],[2.41312,49.15242],[2.41476,49.15201],[2.41561,49.15178],[2.41554,49.14989],[2.41582,49.14988],[2.417,49.1497],[2.41718,49.1497],[2.4175,49.14981],[2.41793,49.14964],[2.41812,49.1496],[2.41852,49.1496],[2.41907,49.14958],[2.41954,49.14945],[2.41985,49.14947],[2.4204,49.14958],[2.42087,49.14954],[2.42122,49.14958],[2.42171,49.14951],[2.42207,49.14938],[2.42223,49.14941],[2.42253,49.14957],[2.42272,49.1496],[2.42303,49.14959],[2.42388,49.14948],[2.42406,49.14947],[2.42454,49.14955],[2.4247,49.14955],[2.42567,49.14944],[2.42622,49.14935],[2.42669,49.14921],[2.42706,49.14917],[2.42766,49.14913],[2.42851,49.14895],[2.4291,49.14885],[2.42967,49.14868],[2.42983,49.14866],[2.4302,49.14856],[2.43072,49.14851],[2.43121,49.14843],[2.43159,49.14831],[2.43198,49.14833],[2.43247,49.14816],[2.43272,49.1482],[2.43343,49.1481],[2.43384,49.14799],[2.43414,49.14777],[2.4351,49.14772],[2.43526,49.14769],[2.43554,49.14738],[2.43573,49.14726],[2.4362,49.14708],[2.43669,49.14698],[2.43683,49.14692],[2.43711,49.14667],[2.43759,49.14651],[2.43808,49.14641],[2.43844,49.14636],[2.43968,49.14637],[2.4403,49.14614],[2.44078,49.14591],[2.44039,49.14481],[2.4389,49.14164],[2.43804,49.13963],[2.43756,49.13861],[2.43674,49.13663],[2.43571,49.13448],[2.43548,49.13405],[2.43576,49.13412],[2.43657,49.13427],[2.43722,49.13438],[2.43755,49.13441],[2.43842,49.13428],[2.43895,49.13429],[2.44,49.13416],[2.44031,49.13418],[2.44095,49.13444],[2.44202,49.1349],[2.44313,49.13514],[2.4444,49.13535],[2.44504,49.13544],[2.44627,49.13567],[2.44689,49.13583],[2.4477,49.13601],[2.44853,49.13636],[2.44816,49.13604],[2.44706,49.1356],[2.44704,49.13559],[2.44654,49.1355],[2.44652,49.13549],[2.44587,49.13538],[2.44585,49.13537],[2.44532,49.13528],[2.4452,49.13525],[2.44508,49.13523],[2.44446,49.13468],[2.44441,49.13463],[2.44436,49.13456],[2.44395,49.13402],[2.44339,49.13325],[2.44267,49.13257],[2.44266,49.13255],[2.44243,49.13224],[2.44242,49.13222],[2.44183,49.13102],[2.44153,49.13047],[2.44123,49.1301],[2.44081,49.12964],[2.44078,49.12962],[2.44066,49.12953],[2.43871,49.12804],[2.43658,49.12747],[2.43652,49.12745],[2.43649,49.12744],[2.43607,49.12727],[2.43607,49.12725],[2.43605,49.12722],[2.43604,49.12721],[2.43585,49.12686],[2.43581,49.12683],[2.4353,49.12658],[2.43521,49.12654],[2.43494,49.12632],[2.4349,49.12628],[2.43487,49.12624],[2.43456,49.12587],[2.43426,49.12532],[2.43429,49.12482],[2.43439,49.12443],[2.43442,49.1239],[2.43439,49.12322],[2.43451,49.1229],[2.43453,49.12285],[2.43458,49.12279],[2.43461,49.12278],[2.43485,49.12258],[2.43551,49.12222],[2.43554,49.12219],[2.43564,49.12186],[2.43569,49.12086],[2.43585,49.12051],[2.43586,49.12048],[2.43623,49.12013],[2.43678,49.11989],[2.4368,49.11988],[2.43764,49.11975],[2.43786,49.11971],[2.43788,49.11971],[2.4394,49.11949],[2.43942,49.11948],[2.44018,49.11917],[2.44071,49.11895],[2.44086,49.11888],[2.44103,49.11883],[2.44138,49.11872],[2.44177,49.11865],[2.44181,49.11865],[2.44183,49.11865],[2.44186,49.11865],[2.44206,49.11864],[2.44236,49.11862],[2.44239,49.11862],[2.44241,49.11862],[2.44475,49.11864],[2.44477,49.11864],[2.44543,49.11853],[2.44545,49.11853],[2.44556,49.1185],[2.44661,49.1182],[2.44738,49.11803],[2.44809,49.11794],[2.44852,49.11792],[2.44868,49.11792],[2.44871,49.11792],[2.44902,49.11791],[2.4491,49.11791],[2.44923,49.11792],[2.44925,49.11792],[2.44931,49.11793],[2.44963,49.11801],[2.44965,49.11801],[2.44977,49.11804],[2.45054,49.11824],[2.45056,49.11825],[2.45099,49.11834],[2.45169,49.11847],[2.45177,49.11849],[2.45179,49.11849],[2.45191,49.11853],[2.45283,49.11877],[2.45285,49.11878],[2.45293,49.11881],[2.4538,49.11895],[2.45422,49.11902],[2.45502,49.1188],[2.45582,49.11839],[2.45605,49.11783],[2.45572,49.11645],[2.45528,49.11559],[2.45466,49.1151],[2.45468,49.11509],[2.45464,49.11508],[2.45462,49.11507],[2.45419,49.11488],[2.45417,49.11487],[2.45384,49.11463],[2.45377,49.11457],[2.45374,49.11455],[2.45319,49.11414],[2.45306,49.11404],[2.45271,49.11384],[2.45185,49.11336],[2.45183,49.11335],[2.45047,49.11266],[2.45045,49.11265],[2.44992,49.11232],[2.44987,49.11229],[2.44986,49.11228],[2.44968,49.11209],[2.44957,49.11214],[2.44742,49.11164],[2.44712,49.11164],[2.44577,49.11163],[2.44523,49.11179],[2.44455,49.11199],[2.4444,49.11204],[2.44324,49.11247],[2.44322,49.11247],[2.44311,49.11279],[2.4429,49.11305],[2.44255,49.11333],[2.44196,49.11381],[2.44194,49.11382],[2.44168,49.11388],[2.44156,49.11391],[2.44154,49.11391],[2.44047,49.1141],[2.43991,49.11428],[2.43989,49.11429],[2.4395,49.11431],[2.43948,49.11431],[2.43939,49.1143],[2.4384,49.11419],[2.43837,49.11418],[2.43801,49.11407],[2.43783,49.11402],[2.43781,49.11401],[2.43732,49.11395],[2.43729,49.11395],[2.43725,49.11396],[2.43665,49.1141],[2.43586,49.11468],[2.43511,49.11509],[2.43436,49.11517],[2.43404,49.1152],[2.43401,49.11521],[2.43367,49.11537],[2.43332,49.11573],[2.43277,49.11616],[2.43259,49.11628],[2.4322,49.11654],[2.43188,49.11666],[2.43166,49.11673],[2.43095,49.11677],[2.43093,49.11677],[2.43013,49.11677],[2.4299,49.11676],[2.42987,49.11676],[2.42955,49.11674],[2.4288,49.11667],[2.42878,49.11667],[2.42761,49.11667],[2.42759,49.11667],[2.42748,49.11665],[2.42634,49.11653],[2.42632,49.11653],[2.42617,49.11653],[2.42599,49.11654],[2.42504,49.11657],[2.42502,49.11657],[2.42489,49.11656],[2.42447,49.11652],[2.42445,49.11652],[2.42428,49.11647],[2.4241,49.11642],[2.42403,49.1164],[2.42401,49.11639],[2.42394,49.11638],[2.42332,49.11624],[2.42329,49.11625],[2.4232,49.11626],[2.42293,49.11647],[2.42292,49.11652],[2.42319,49.11702],[2.42382,49.11763],[2.42448,49.11851],[2.42451,49.11856],[2.42484,49.11906],[2.42488,49.1191],[2.42512,49.11991],[2.42508,49.12032],[2.4249,49.12068],[2.42415,49.12167],[2.42313,49.12323],[2.42289,49.1236],[2.42275,49.12386],[2.42255,49.12426],[2.42229,49.1244],[2.42186,49.12463],[2.42178,49.12467],[2.4217,49.12471],[2.42166,49.12475],[2.42136,49.12501],[2.42129,49.12528],[2.4214,49.12566],[2.42154,49.12615],[2.4215,49.12652],[2.42114,49.12671],[2.4211,49.12672],[2.42109,49.12673],[2.4208,49.12675],[2.42011,49.12678],[2.42008,49.12678],[2.41964,49.12687],[2.4189,49.12703],[2.41856,49.12716],[2.41843,49.12721],[2.41781,49.12759],[2.41779,49.1276],[2.41772,49.12763],[2.4174,49.12792],[2.41737,49.12795],[2.41676,49.12865],[2.41652,49.12885],[2.41625,49.12911],[2.41557,49.12959],[2.41518,49.12974],[2.41489,49.12984],[2.41487,49.12985],[2.41454,49.1299],[2.41448,49.12991],[2.41445,49.12991],[2.41382,49.12993],[2.4138,49.12993],[2.41355,49.1299],[2.41258,49.12981],[2.4122,49.12967],[2.41219,49.12966],[2.41162,49.12933],[2.41131,49.12905],[2.41116,49.12886],[2.41055,49.12809],[2.41049,49.128],[2.41048,49.12799],[2.41043,49.12793],[2.41043,49.12792],[2.40999,49.12741],[2.40917,49.12677],[2.40883,49.12651],[2.40818,49.12615],[2.40813,49.12614],[2.40811,49.12614],[2.40807,49.12614],[2.40805,49.12614],[2.40773,49.12619],[2.40771,49.12623],[2.40756,49.12648],[2.40757,49.12652],[2.40774,49.1269],[2.40875,49.12773],[2.40892,49.12792],[2.40947,49.12851],[2.40968,49.12886],[2.40985,49.12915],[2.40989,49.12949],[2.4098,49.13004],[2.40957,49.13034],[2.40887,49.13078],[2.40861,49.13124],[2.40824,49.13148],[2.40814,49.13151],[2.4076,49.13164],[2.40736,49.13166],[2.40697,49.13168],[2.40695,49.13168],[2.40609,49.13159],[2.40606,49.13159],[2.40538,49.1314],[2.40414,49.13107],[2.40396,49.13102],[2.40394,49.13102],[2.40374,49.13099],[2.40349,49.13097],[2.40347,49.13097],[2.40344,49.13097],[2.40342,49.13098],[2.40276,49.1311],[2.40184,49.13147],[2.40124,49.13172],[2.40059,49.13197],[2.40058,49.13198],[2.40055,49.13199],[2.40017,49.13208],[2.40014,49.13209],[2.39974,49.13213],[2.39967,49.13214],[2.39964,49.13214],[2.39908,49.13209],[2.39906,49.13208],[2.39879,49.13202],[2.39854,49.13197],[2.39852,49.13196],[2.39727,49.13147],[2.39726,49.13146],[2.39721,49.13144],[2.39612,49.13099],[2.3961,49.13099],[2.39605,49.13099],[2.39603,49.13099],[2.39534,49.13113],[2.39528,49.13115],[2.39457,49.13163],[2.39434,49.13178],[2.39424,49.13184],[2.39351,49.13213],[2.39304,49.13219],[2.39284,49.1322],[2.39282,49.13221],[2.3928,49.1322],[2.3922,49.13212],[2.39194,49.13204],[2.39181,49.13201],[2.39175,49.13199],[2.39158,49.13194],[2.39143,49.1319],[2.39142,49.1319],[2.39141,49.1319],[2.39072,49.13189],[2.39065,49.13188],[2.39063,49.13188],[2.38992,49.13189],[2.38989,49.13189],[2.38923,49.13182],[2.38871,49.13165],[2.38861,49.13159],[2.38832,49.1314],[2.38806,49.13111],[2.38791,49.13072],[2.38796,49.13019],[2.38771,49.12987],[2.3877,49.12986],[2.38768,49.12985],[2.38766,49.12984],[2.38758,49.1298],[2.38723,49.12967],[2.38722,49.12967],[2.38685,49.12956],[2.38622,49.12938],[2.3862,49.12938],[2.38608,49.12933],[2.38606,49.12932],[2.38587,49.12923],[2.38586,49.12921],[2.38561,49.12891],[2.3856,49.12887],[2.38539,49.12811],[2.38537,49.12809],[2.38498,49.12785],[2.38458,49.1278],[2.38449,49.12779],[2.38315,49.12761],[2.383,49.12759],[2.38298,49.12758],[2.38251,49.12738],[2.38251,49.12736],[2.38234,49.127],[2.3823,49.12693],[2.38215,49.12602],[2.38205,49.12574],[2.38203,49.12565],[2.38167,49.1253],[2.38106,49.12514],[2.38103,49.12514],[2.38101,49.12514],[2.38099,49.12514],[2.38091,49.12515],[2.38067,49.12518],[2.38036,49.12536],[2.38033,49.12538],[2.38031,49.12539],[2.37996,49.12563],[2.37966,49.12596],[2.37939,49.12624],[2.37923,49.12636],[2.37891,49.1266],[2.37838,49.1268],[2.37823,49.12682],[2.37787,49.12684],[2.37784,49.12684],[2.37742,49.12679],[2.37739,49.12678],[2.37615,49.12639],[2.37613,49.12638],[2.37534,49.12618],[2.37531,49.12618],[2.37418,49.12593],[2.37417,49.12592],[2.37388,49.12567],[2.37381,49.12562],[2.3729,49.12428],[2.37289,49.12427],[2.37265,49.12393],[2.37263,49.12391],[2.37258,49.12388],[2.37216,49.12374],[2.37214,49.12374],[2.37211,49.12373],[2.37209,49.12373],[2.37142,49.12376],[2.3714,49.12376],[2.37053,49.12385],[2.37051,49.12385],[2.36989,49.12385],[2.36986,49.12385],[2.36948,49.12381],[2.36945,49.1238],[2.36874,49.1237],[2.36872,49.12369],[2.36763,49.12334],[2.36761,49.12333],[2.36724,49.12314],[2.36723,49.12313],[2.36691,49.12287],[2.36665,49.12249],[2.3666,49.12241],[2.36643,49.12215],[2.36632,49.12199],[2.36588,49.12167],[2.36517,49.12186],[2.36471,49.12226],[2.36394,49.12257],[2.36317,49.12292],[2.36329,49.12337],[2.36375,49.12372],[2.36499,49.12427],[2.36572,49.1248],[2.36574,49.12481],[2.36597,49.1249],[2.36609,49.12495],[2.36615,49.12499],[2.36753,49.12593],[2.36755,49.12595],[2.36766,49.12623],[2.36768,49.12628],[2.36788,49.12659],[2.36798,49.1268],[2.36795,49.12722],[2.36763,49.12764],[2.36733,49.1279],[2.36685,49.12817],[2.36619,49.12836],[2.36581,49.12853],[2.36545,49.12888],[2.36515,49.1293],[2.36488,49.12951],[2.36486,49.12953],[2.3642,49.12975],[2.36415,49.12977],[2.36343,49.13034],[2.36289,49.13058],[2.36287,49.13059],[2.36263,49.13065],[2.36211,49.13077],[2.36056,49.13117],[2.36054,49.13118],[2.3599,49.13138],[2.35948,49.13152],[2.35946,49.13152],[2.35929,49.13155],[2.35839,49.13173],[2.35772,49.13191],[2.35771,49.13191],[2.35715,49.13205],[2.35713,49.13205],[2.35632,49.13218],[2.3563,49.13218],[2.35568,49.13221],[2.35566,49.13221],[2.35509,49.13224],[2.35507,49.13224],[2.35417,49.1324],[2.35415,49.13241],[2.35367,49.1326],[2.35361,49.13263],[2.35356,49.13266],[2.35282,49.1331],[2.35274,49.13312],[2.35196,49.1334],[2.35191,49.13343],[2.3518,49.13352],[2.35152,49.13375],[2.35141,49.13384],[2.35132,49.1339],[2.35117,49.13394],[2.3511,49.13394],[2.35077,49.13405],[2.34997,49.13411],[2.34995,49.13411],[2.34982,49.13411],[2.34938,49.1341],[2.34882,49.1341],[2.34875,49.13411],[2.34868,49.13414],[2.34842,49.13424],[2.3484,49.13425],[2.34836,49.13426],[2.34817,49.13448],[2.34814,49.13452],[2.34809,49.13458],[2.34774,49.13501],[2.34691,49.13543],[2.34616,49.13561],[2.34614,49.13562],[2.34374,49.13607],[2.34133,49.13653],[2.34131,49.13654],[2.33905,49.13697],[2.33903,49.13698],[2.33845,49.13716],[2.33842,49.13717],[2.33816,49.13728],[2.33754,49.13755],[2.33752,49.13755],[2.33679,49.1378],[2.33557,49.13821],[2.33555,49.13822],[2.33463,49.13843],[2.3346,49.13843],[2.33407,49.13842],[2.33405,49.13841],[2.3333,49.13824],[2.33328,49.13822],[2.33266,49.13782],[2.33265,49.13781],[2.33261,49.13774],[2.33231,49.13736],[2.33213,49.13713],[2.33187,49.13708],[2.3317,49.13722],[2.33168,49.13729],[2.33162,49.13753],[2.33147,49.13815],[2.33118,49.13885],[2.33083,49.13941],[2.33045,49.13971],[2.3298,49.13997],[2.32925,49.14017],[2.32826,49.14052],[2.32709,49.14124],[2.3262,49.14168],[2.32613,49.14172],[2.32608,49.14174],[2.32522,49.14236],[2.32393,49.14299],[2.32377,49.1431],[2.32359,49.14321],[2.32165,49.14412],[2.32083,49.14434],[2.31923,49.1447],[2.31921,49.1447],[2.31858,49.14478],[2.31856,49.14478],[2.3173,49.14468],[2.31686,49.14465],[2.31684,49.14464],[2.3157,49.14451],[2.31568,49.1445],[2.31446,49.14393],[2.31445,49.14391],[2.31364,49.14335],[2.31363,49.14333],[2.31315,49.14253],[2.31294,49.1414],[2.31264,49.14107],[2.31261,49.14105],[2.31257,49.14104],[2.31207,49.14092],[2.31205,49.14092],[2.31111,49.14086],[2.31109,49.14085],[2.31063,49.14065],[2.31062,49.14064],[2.3103,49.14032],[2.31025,49.1403],[2.31023,49.1403],[2.31016,49.14028],[2.31011,49.14031],[2.30974,49.14056],[2.30919,49.14119],[2.30808,49.14195],[2.307,49.14271],[2.30699,49.14273],[2.30663,49.14338],[2.30608,49.14414],[2.30533,49.14456],[2.30458,49.14477],[2.30456,49.14478],[2.30383,49.14477],[2.30381,49.14477],[2.30226,49.14446],[2.30224,49.14445],[2.30123,49.14401],[2.30121,49.144],[2.29937,49.14289],[2.29855,49.14262],[2.29753,49.14253],[2.29737,49.14252],[2.29734,49.14252],[2.29725,49.14252],[2.29719,49.14252],[2.29637,49.14253],[2.29635,49.14253],[2.29584,49.14261],[2.29582,49.14261],[2.29579,49.14261],[2.2947,49.14284],[2.29348,49.14331],[2.29319,49.14343],[2.29197,49.14373],[2.29194,49.14373],[2.29128,49.14373],[2.29126,49.14373],[2.29066,49.14359],[2.2904,49.14337],[2.29045,49.14305],[2.29057,49.14288],[2.291,49.14228],[2.29113,49.1418],[2.29113,49.14178],[2.29086,49.14108],[2.29024,49.1405],[2.28915,49.13995],[2.28912,49.13994],[2.28859,49.13973],[2.28807,49.13953],[2.28676,49.13918],[2.28524,49.13865],[2.28522,49.13865],[2.28423,49.13815],[2.28422,49.13814],[2.28345,49.13712],[2.28305,49.13638],[2.28304,49.13636],[2.2828,49.1356],[2.28279,49.13464],[2.28277,49.13459],[2.2827,49.13413],[2.28255,49.13384],[2.28225,49.13345],[2.28184,49.13315],[2.28176,49.13309],[2.28172,49.13305],[2.28123,49.13263],[2.28113,49.1324],[2.28105,49.13229],[2.2811,49.13171],[2.28112,49.13084],[2.28092,49.13028],[2.28089,49.13026],[2.28056,49.13004],[2.28054,49.13003],[2.28047,49.12999],[2.28003,49.12977],[2.28002,49.12976],[2.27974,49.12954],[2.27933,49.12891],[2.27924,49.12862],[2.27924,49.12811],[2.27926,49.12782],[2.27931,49.12765],[2.27945,49.1273],[2.27949,49.12726],[2.27995,49.12705],[2.28098,49.12683],[2.28103,49.12683],[2.28105,49.12683],[2.28213,49.12685],[2.28312,49.12707],[2.28314,49.12708],[2.28368,49.1272],[2.28415,49.12731],[2.28417,49.12731],[2.2842,49.12731],[2.28422,49.12731],[2.28452,49.12721],[2.28453,49.12716],[2.28453,49.12711],[2.2844,49.12693],[2.28437,49.12692],[2.28434,49.12691],[2.28356,49.12663],[2.28354,49.12662],[2.28282,49.12629],[2.2828,49.12628],[2.28199,49.12583],[2.28197,49.12582],[2.28145,49.12549],[2.28123,49.12523],[2.28122,49.12521],[2.28121,49.12482],[2.28121,49.12464],[2.28132,49.12436],[2.28167,49.12395],[2.282,49.1237],[2.28203,49.12368],[2.28212,49.12341],[2.28187,49.12314],[2.28115,49.12295],[2.27918,49.12314],[2.27832,49.12325],[2.27743,49.12336],[2.27423,49.12359],[2.27226,49.1236],[2.27017,49.12353],[2.26836,49.12347],[2.26669,49.12301],[2.26559,49.12214],[2.26437,49.12128],[2.26336,49.12084],[2.26228,49.12065],[2.26162,49.12072],[2.26158,49.12073],[2.26136,49.12119],[2.26135,49.12121],[2.26095,49.12161],[2.26086,49.12171],[2.26038,49.12201],[2.25981,49.12211],[2.25979,49.12211],[2.25902,49.12209],[2.259,49.12209],[2.25819,49.12202],[2.25817,49.12201],[2.25773,49.12189],[2.25771,49.12189],[2.25728,49.12172],[2.25726,49.12171],[2.25686,49.1215],[2.25671,49.12142],[2.2566,49.12134],[2.25593,49.12087],[2.2553,49.12021],[2.25529,49.1202],[2.25517,49.11994],[2.25516,49.11991],[2.2551,49.11989],[2.25474,49.11979],[2.25472,49.11979],[2.25469,49.11978],[2.25466,49.11979],[2.25463,49.11981],[2.25371,49.12021],[2.25347,49.12047],[2.25315,49.12095],[2.25295,49.12151],[2.25297,49.12152],[2.2529,49.12173],[2.25289,49.12178],[2.25286,49.12183],[2.25257,49.12272],[2.25236,49.12305],[2.2521,49.12324],[2.25127,49.12354],[2.25126,49.12354],[2.25005,49.12381],[2.24931,49.12407],[2.24929,49.12408],[2.24867,49.12436],[2.24785,49.12488],[2.24682,49.12573],[2.24627,49.12609],[2.24626,49.1261],[2.24582,49.12631],[2.24508,49.1266],[2.2445,49.12683],[2.24362,49.12724],[2.24359,49.12727],[2.24307,49.12758],[2.24304,49.1276],[2.24153,49.12866],[2.24128,49.12883],[2.24059,49.12921],[2.24058,49.12921],[2.24053,49.12923],[2.24568,49.12956],[2.24613,49.12965],[2.24941,49.12975],[2.25029,49.12985],[2.25136,49.13005],[2.25189,49.1302],[2.25321,49.13056],[2.25448,49.13103],[2.25549,49.13119],[2.25556,49.1312],[2.25762,49.13136],[2.25859,49.1316],[2.26088,49.13196],[2.26217,49.13223],[2.26262,49.13241],[2.26445,49.13336],[2.26603,49.13396],[2.26689,49.13412],[2.26774,49.13417],[2.2712,49.13638],[2.27156,49.13678],[2.27299,49.13738],[2.27383,49.13785],[2.27429,49.13842],[2.27499,49.13962],[2.27553,49.14019],[2.28114,49.14319],[2.28258,49.14359],[2.2849,49.14449],[2.28564,49.14495],[2.28594,49.14507],[2.28718,49.14599],[2.28901,49.14679],[2.2908,49.14724],[2.2934,49.14774],[2.29518,49.14814],[2.29601,49.1481],[2.29834,49.14761],[2.29903,49.14761],[2.30197,49.14806],[2.30595,49.14806],[2.3076,49.14788],[2.30904,49.14761],[2.31062,49.14703],[2.31261,49.14671],[2.31721,49.14645],[2.3183,49.14627],[2.31954,49.14595],[2.31999,49.14579],[2.32002,49.14577],[2.32173,49.14528],[2.32311,49.14479],[2.32399,49.14426],[2.32411,49.14405],[2.32487,49.14338],[2.32555,49.14302],[2.32617,49.14248],[2.3272,49.14185],[2.32833,49.14154],[2.3308,49.14043],[2.33153,49.13997],[2.33199,49.13944],[2.33486,49.1389],[2.33602,49.13876],[2.33825,49.13833],[2.33891,49.13814],[2.33986,49.13763],[2.34069,49.13742],[2.34351,49.13701],[2.34452,49.1368],[2.34604,49.13638],[2.34712,49.13623],[2.34785,49.13623],[2.34989,49.13658],[2.35144,49.13678],[2.35268,49.13679],[2.35381,49.13672],[2.35472,49.13688],[2.35733,49.13751],[2.35788,49.13771],[2.3581,49.1379],[2.3584,49.1383],[2.35859,49.13886],[2.35919,49.13943],[2.35955,49.13994],[2.35972,49.1401],[2.36124,49.1416],[2.36241,49.14237],[2.36344,49.14273],[2.36467,49.14291],[2.36536,49.14309],[2.36584,49.14345],[2.36652,49.14457],[2.36748,49.1452],[2.36916,49.14579],[2.36926,49.14583],[2.3704,49.14608],[2.37091,49.14619],[2.37358,49.14668],[2.37434,49.14691],[2.37509,49.14723],[2.37509,49.14731],[2.37454,49.14754],[2.37434,49.14776],[2.37447,49.14803],[2.37447,49.1483],[2.3742,49.14826],[2.37262,49.14722],[2.37207,49.14718],[2.37166,49.14736],[2.37146,49.14767],[2.37166,49.14799],[2.37262,49.14866],[2.3729,49.14907],[2.37276,49.14974],[2.37261,49.15016],[2.37248,49.15051],[2.37248,49.15082],[2.37262,49.15118],[2.37323,49.15154],[2.37347,49.15295],[2.37237,49.15383],[2.37166,49.15401],[2.37104,49.15442],[2.3709,49.15487],[2.37111,49.15532],[2.37193,49.15604],[2.37279,49.15654],[2.37025,49.15703],[2.3702,49.15712],[2.37025,49.15725]]],[[[2.4548,49.1395],[2.45528,49.13974],[2.45592,49.14],[2.45643,49.14028],[2.45696,49.14054],[2.45745,49.14062],[2.45794,49.14082],[2.45854,49.14081],[2.45858,49.14078],[2.45887,49.1409],[2.45893,49.14085],[2.46246,49.13926],[2.46219,49.13874],[2.46168,49.13887],[2.46166,49.13888],[2.46113,49.1389],[2.46111,49.1389],[2.46043,49.13877],[2.46041,49.13877],[2.45905,49.13857],[2.45903,49.13857],[2.45799,49.13852],[2.45797,49.13852],[2.45706,49.13863],[2.45687,49.13866],[2.45685,49.13867],[2.45636,49.13876],[2.45485,49.13921],[2.4542,49.13921],[2.45435,49.1393],[2.4548,49.1395]]],[[[2.46759,49.1361],[2.46763,49.13606],[2.46759,49.13552],[2.46757,49.13556],[2.46757,49.13561],[2.46759,49.13584],[2.46752,49.13584],[2.4675,49.13584],[2.46693,49.13585],[2.46691,49.13585],[2.46663,49.13585],[2.4666,49.13585],[2.46625,49.13587],[2.46568,49.13611],[2.46662,49.1361],[2.46759,49.1361]]],[[[2.46977,49.13528],[2.46976,49.13527],[2.46973,49.13527],[2.46971,49.13528],[2.46971,49.13529],[2.46977,49.13528]]],[[[2.22878,49.13285],[2.22875,49.13285],[2.22796,49.13267],[2.22826,49.1328],[2.23106,49.13395],[2.23295,49.1347],[2.23303,49.13473],[2.23493,49.13545],[2.23518,49.13554],[2.23437,49.13485],[2.23329,49.13419],[2.2324,49.13371],[2.23168,49.13343],[2.23123,49.13331],[2.23115,49.13329],[2.23003,49.13305],[2.23,49.13305],[2.22998,49.13304],[2.22997,49.13304],[2.22996,49.13304],[2.22877,49.13284],[2.22878,49.13285]]]]}},{"type":"Feature","properties":{"code":"FRHG201","nom":"Craie du Vexin normand et picard","horizon":3,"type":"DS","milieu":"9","karstique":1,"multicouches":1,"nature_ecoulement":"1"},"geometry":{"type":"MultiPolygon","coordinates":[[[[2.24128,49.12883],[2.24139,49.12875],[2.24151,49.12865],[2.24212,49.12802],[2.24228,49.12767],[2.24233,49.12737],[2.24244,49.12665],[2.24284,49.12572],[2.24343,49.1246],[2.24374,49.12417],[2.24402,49.1238],[2.24445,49.12345],[2.24499,49.12319],[2.24337,49.12332],[2.24276,49.12337],[2.24007,49.12358],[2.23791,49.12372],[2.2352,49.12412],[2.23194,49.1247],[2.22955,49.12496],[2.22596,49.12537],[2.22389,49.12605],[2.22362,49.12642],[2.22382,49.12648],[2.23025,49.12778],[2.23028,49.12779],[2.2304,49.12782],[2.23163,49.12815],[2.23194,49.12823],[2.23195,49.12824],[2.23196,49.12824],[2.23234,49.12835],[2.23277,49.12847],[2.23278,49.12847],[2.23279,49.12847],[2.233,49.12853],[2.23407,49.12885],[2.23409,49.12885],[2.23422,49.12888],[2.23482,49.12901],[2.23485,49.12901],[2.23569,49.12917],[2.23572,49.12917],[2.23628,49.12922],[2.23702,49.12926],[2.2373,49.12928],[2.23747,49.1293],[2.23749,49.1293],[2.24058,49.12921],[2.24128,49.12883]]]]}},{"type":"Feature","properties":{"code":"FRHG218","nom":"Albien-Néocomien captif","horizon":4,"type":"DS","milieu":"1","karstique":0,"multicouches":1,"nature_ecoulement":"2"},"geometry":{"type":"MultiPolygon","coordinates":[[[[2.24499,49.12319],[2.24337,49.12332],[2.24276,49.12337],[2.24007,49.12358],[2.23791,49.12372],[2.2352,49.12412],[2.23194,49.1247],[2.22955,49.12496],[2.22596,49.12537],[2.22389,49.12605],[2.22362,49.12642],[2.22382,49.12648],[2.23025,49.12778],[2.23028,49.12779],[2.2304,49.12782],[2.23163,49.12815],[2.23194,49.12823],[2.23195,49.12824],[2.23196,49.12824],[2.23234,49.12835],[2.23277,49.12847],[2.23278,49.12847],[2.23279,49.12847],[2.233,49.12853],[2.23407,49.12885],[2.23409,49.12885],[2.23422,49.12888],[2.23482,49.12901],[2.23485,49.12901],[2.23569,49.12917],[2.23572,49.12917],[2.23628,49.12922],[2.23702,49.12926],[2.2373,49.12928],[2.23747,49.1293],[2.23749,49.1293],[2.24058,49.12921],[2.24128,49.12883],[2.24139,49.12875],[2.24151,49.12865],[2.24212,49.12802],[2.24228,49.12767],[2.24233,49.12737],[2.24244,49.12665],[2.24284,49.12572],[2.24343,49.1246],[2.24374,49.12417],[2.24402,49.1238],[2.24445,49.12345],[2.24499,49.12319]]]]}},{"type":"Feature","properties":{"code":"FRHG218","nom":"Albien-Néocomien captif","horizon":2,"type":"DS","milieu":"1","karstique":0,"multicouches":1,"nature_ecoulement":"2"},"geometry":{"type":"MultiPolygon","coordinates":[[[[1.87797,49.01958],[1.87755,49.01937],[1.87738,49.01917],[1.87613,49.01795],[1.87564,49.01742],[1.87555,49.01716],[1.87374,49.01784],[1.87206,49.01877],[1.87161,49.01903],[1.87105,49.01931],[1.87054,49.01954],[1.87007,49.0192],[1.86992,49.01906],[1.86969,49.01878],[1.8684,49.0175],[1.86789,49.01669],[1.86763,49.01685],[1.86684,49.01632],[1.86327,49.01466],[1.86138,49.01401],[1.85958,49.01388],[1.85928,49.01384],[1.85927,49.01403],[1.85969,49.01446],[1.86034,49.01499],[1.86047,49.01517],[1.86052,49.01533],[1.8604,49.01577],[1.86031,49.01625],[1.86028,49.01679],[1.86016,49.01725],[1.86045,49.01809],[1.86052,49.01814],[1.86111,49.01834],[1.86134,49.01832],[1.86143,49.0184],[1.86148,49.01874],[1.86156,49.01905],[1.86175,49.01948],[1.86193,49.01967],[1.86217,49.02003],[1.86237,49.02017],[1.86252,49.02021],[1.86279,49.02034],[1.86292,49.02054],[1.86288,49.02071],[1.86327,49.02089],[1.8638,49.02125],[1.86398,49.02134],[1.8648,49.02158],[1.86517,49.02172],[1.86514,49.02179],[1.86493,49.02201],[1.8646,49.02223],[1.86381,49.0226],[1.86335,49.02283],[1.86279,49.02306],[1.86236,49.02318],[1.86088,49.0235],[1.86003,49.02365],[1.85927,49.02383],[1.85959,49.025],[1.85944,49.02502],[1.8595,49.02552],[1.85969,49.02553],[1.85973,49.0258],[1.85976,49.02643],[1.85973,49.0265],[1.85982,49.02743],[1.85972,49.02798],[1.85947,49.02896],[1.85939,49.02931],[1.85932,49.02992],[1.85923,49.03022],[1.85912,49.03046],[1.85885,49.03139],[1.85879,49.03195],[1.8588,49.0324],[1.8583,49.03242],[1.85696,49.03237],[1.85666,49.03237],[1.85592,49.03242],[1.855,49.03254],[1.85362,49.03289],[1.85248,49.03316],[1.85216,49.0332],[1.85156,49.03321],[1.85107,49.03329],[1.85154,49.03443],[1.85186,49.03537],[1.85206,49.03534],[1.85259,49.03531],[1.8532,49.03518],[1.85357,49.03512],[1.85399,49.03508],[1.85478,49.03506],[1.8553,49.03507],[1.85534,49.03563],[1.85516,49.03565],[1.85515,49.03663],[1.85554,49.03653],[1.85562,49.03654],[1.85576,49.03764],[1.85589,49.03764],[1.85652,49.03825],[1.85672,49.0386],[1.85758,49.04],[1.85786,49.04048],[1.85909,49.04157],[1.86042,49.04628],[1.86122,49.04915],[1.86152,49.04968],[1.86372,49.05448],[1.86506,49.05749],[1.86454,49.05763],[1.86416,49.05779],[1.86396,49.05796],[1.86348,49.05839],[1.86338,49.05852],[1.86297,49.0588],[1.86241,49.05922],[1.86225,49.05923],[1.86193,49.05907],[1.86178,49.05908],[1.86116,49.05924],[1.86089,49.05929],[1.86054,49.05939],[1.85983,49.05958],[1.85937,49.05973],[1.85915,49.05978],[1.85844,49.06001],[1.85773,49.06033],[1.85685,49.06082],[1.85679,49.06087],[1.85541,49.06113],[1.85573,49.06144],[1.85538,49.06163],[1.85508,49.06185],[1.85445,49.06211],[1.85394,49.06226],[1.85332,49.06242],[1.85155,49.06284],[1.85045,49.06216],[1.84896,49.06247],[1.8489,49.06188],[1.84737,49.06204],[1.84636,49.06124],[1.84497,49.06213],[1.84469,49.06243],[1.84452,49.06271],[1.84427,49.06324],[1.84405,49.06329],[1.8436,49.06347],[1.84326,49.06357],[1.84286,49.06367],[1.84273,49.06373],[1.84218,49.06407],[1.84192,49.06427],[1.84167,49.06439],[1.84092,49.0646],[1.84135,49.0653],[1.84117,49.06602],[1.84057,49.06934],[1.84019,49.06952],[1.83961,49.06972],[1.8391,49.06977],[1.83874,49.07002],[1.8386,49.07022],[1.83832,49.07045],[1.83752,49.07093],[1.83714,49.07133],[1.83669,49.07171],[1.8363,49.07194],[1.83621,49.07195],[1.83578,49.07221],[1.83545,49.07253],[1.83526,49.07293],[1.83507,49.07322],[1.83475,49.07337],[1.83439,49.07351],[1.8328,49.074],[1.83217,49.07424],[1.83176,49.07453],[1.83156,49.07465],[1.83122,49.07494],[1.83104,49.07515],[1.83091,49.07519],[1.83029,49.07526],[1.83013,49.07531],[1.8298,49.07562],[1.82944,49.07583],[1.82908,49.07605],[1.82877,49.07622],[1.82848,49.07627],[1.82717,49.07628],[1.82566,49.07631],[1.82445,49.07629],[1.82343,49.0763],[1.82273,49.07629],[1.81881,49.07639],[1.81751,49.07646],[1.81521,49.07643],[1.81518,49.07632],[1.81479,49.07569],[1.81462,49.0755],[1.81438,49.0753],[1.81341,49.07477],[1.81302,49.07451],[1.81284,49.07442],[1.81241,49.07416],[1.81217,49.07399],[1.81188,49.07381],[1.81091,49.07315],[1.81079,49.07308],[1.8105,49.07303],[1.80965,49.07313],[1.80837,49.07326],[1.80789,49.07327],[1.8071,49.07317],[1.80681,49.07315],[1.80607,49.07321],[1.80549,49.07332],[1.80466,49.0736],[1.80418,49.07382],[1.80391,49.07374],[1.80167,49.07329],[1.8007,49.07306],[1.79986,49.07289],[1.79873,49.0726],[1.7982,49.07243],[1.79741,49.07224],[1.79682,49.07207],[1.79745,49.07036],[1.79763,49.06966],[1.79802,49.06832],[1.79828,49.06759],[1.79856,49.06669],[1.79881,49.06667],[1.79943,49.06667],[1.7996,49.06669],[1.79981,49.06523],[1.79989,49.06479],[1.79996,49.06433],[1.79781,49.06395],[1.79725,49.06385],[1.7965,49.06373],[1.79508,49.06337],[1.79543,49.0633],[1.79563,49.0632],[1.79651,49.06291],[1.79672,49.0628],[1.79709,49.06272],[1.79727,49.06242],[1.7965,49.06213],[1.7954,49.06173],[1.79406,49.06122],[1.7936,49.06103],[1.79263,49.06067],[1.79409,49.05886],[1.79435,49.05856],[1.79113,49.05785],[1.79093,49.05779],[1.78929,49.0579],[1.78872,49.05793],[1.78575,49.05768],[1.78586,49.05737],[1.78371,49.05722],[1.78364,49.05691],[1.78364,49.05673],[1.78174,49.05674],[1.7813,49.05668],[1.78071,49.05665],[1.77946,49.05663],[1.77843,49.05693],[1.77776,49.05711],[1.77707,49.05727],[1.77647,49.05736],[1.77592,49.05747],[1.77531,49.05763],[1.77503,49.05765],[1.77466,49.05754],[1.77333,49.05707],[1.77324,49.05703],[1.77257,49.0572],[1.77161,49.05746],[1.77124,49.05755],[1.77073,49.05765],[1.77031,49.05769],[1.76991,49.05767],[1.76955,49.05762],[1.76903,49.0575],[1.76892,49.05759],[1.76845,49.05807],[1.76817,49.05803],[1.76741,49.05789],[1.76671,49.05928],[1.76542,49.06001],[1.76488,49.05967],[1.76443,49.05929],[1.76375,49.05995],[1.76263,49.06099],[1.76166,49.06188],[1.76148,49.06274],[1.76108,49.06242],[1.75999,49.06343],[1.75991,49.06351],[1.75926,49.06309],[1.75725,49.06184],[1.75679,49.06161],[1.75611,49.06139],[1.75555,49.06112],[1.75424,49.06046],[1.75349,49.06009],[1.75373,49.05998],[1.75424,49.0597],[1.75458,49.05963],[1.75482,49.05955],[1.75514,49.05939],[1.75672,49.05851],[1.7572,49.05833],[1.75749,49.05799],[1.75386,49.05654],[1.75314,49.05603],[1.75273,49.0562],[1.74956,49.05355],[1.75056,49.05087],[1.75119,49.04797],[1.74923,49.04806],[1.74927,49.04814],[1.748,49.04844],[1.74779,49.04792],[1.74715,49.04803],[1.74618,49.04817],[1.74579,49.04753],[1.73934,49.04824],[1.73795,49.04842],[1.73549,49.04874],[1.73347,49.0496],[1.73186,49.05051],[1.73153,49.05032],[1.72995,49.04932],[1.72897,49.04866],[1.72825,49.0482],[1.72625,49.04688],[1.72567,49.04653],[1.72499,49.04607],[1.72408,49.0455],[1.72293,49.04472],[1.71673,49.04908],[1.71576,49.04852],[1.71405,49.04746],[1.70968,49.05066],[1.70768,49.05221],[1.70758,49.05216],[1.70705,49.05172],[1.70673,49.05242],[1.70642,49.05199],[1.70605,49.05213],[1.70621,49.05228],[1.70481,49.05274],[1.70492,49.05285],[1.70522,49.05324],[1.70381,49.05319],[1.70374,49.053],[1.70283,49.05338],[1.70274,49.05329],[1.70095,49.0538],[1.69926,49.05447],[1.69968,49.05503],[1.69991,49.05608],[1.70033,49.05711],[1.7008,49.05917],[1.70118,49.06044],[1.70156,49.06115],[1.70146,49.06113],[1.70157,49.06152],[1.70145,49.06201],[1.70093,49.06287],[1.70008,49.0638],[1.6999,49.06399],[1.6997,49.06434],[1.69891,49.06528],[1.69839,49.06576],[1.69818,49.06601],[1.69792,49.06631],[1.69775,49.06681],[1.69731,49.06736],[1.69593,49.06844],[1.69333,49.07017],[1.69202,49.0711],[1.69044,49.07189],[1.6886,49.07267],[1.6873,49.07333],[1.68558,49.07438],[1.68428,49.07504],[1.68241,49.07617],[1.6814,49.07633],[1.68021,49.07669],[1.67856,49.07748],[1.67701,49.07798],[1.67457,49.07885],[1.67363,49.07937],[1.67264,49.07973],[1.67148,49.08025],[1.67047,49.08061],[1.66931,49.08095],[1.66864,49.0812],[1.66773,49.08163],[1.66718,49.08179],[1.66717,49.08179],[1.6656,49.08194],[1.665,49.08219],[1.6643,49.08241],[1.66335,49.08248],[1.66215,49.08271],[1.66103,49.08307],[1.66032,49.08323],[1.65983,49.08325],[1.65921,49.0832],[1.65826,49.0834],[1.65738,49.0839],[1.65507,49.08416],[1.65434,49.08447],[1.65363,49.08477],[1.6528,49.08459],[1.65235,49.08449],[1.65168,49.08449],[1.6507,49.08457],[1.64962,49.08445],[1.64868,49.0844],[1.64422,49.0844],[1.6435,49.08435],[1.64012,49.08389],[1.63646,49.08348],[1.63489,49.08308],[1.63409,49.08304],[1.63361,49.08308],[1.63316,49.08291],[1.63272,49.08263],[1.63144,49.08242],[1.63085,49.08238],[1.62829,49.08163],[1.62702,49.08113],[1.62449,49.08026],[1.62303,49.07952],[1.61832,49.07771],[1.61749,49.0775],[1.61707,49.07734],[1.61662,49.07706],[1.61617,49.07667],[1.61576,49.07641],[1.6152,49.07623],[1.6142,49.07569],[1.61365,49.07486],[1.6124,49.07442],[1.61206,49.07396],[1.61192,49.07357],[1.6119,49.07355],[1.61187,49.07356],[1.61085,49.07406],[1.60984,49.07472],[1.61036,49.07505],[1.61083,49.07542],[1.61059,49.07568],[1.61019,49.07615],[1.60967,49.07663],[1.60917,49.07719],[1.60875,49.07771],[1.61009,49.07804],[1.61006,49.07832],[1.61016,49.07863],[1.61029,49.07877],[1.6108,49.0791],[1.61152,49.07955],[1.61183,49.0798],[1.61228,49.08011],[1.61262,49.08029],[1.61306,49.08047],[1.61315,49.08027],[1.61329,49.08031],[1.61361,49.08057],[1.61399,49.08043],[1.61478,49.08121],[1.61537,49.08176],[1.61515,49.08197],[1.61535,49.08212],[1.61571,49.08234],[1.61694,49.08292],[1.61829,49.08362],[1.61919,49.08404],[1.62152,49.08515],[1.622,49.0851],[1.62231,49.08527],[1.62341,49.086],[1.6229,49.08624],[1.61972,49.08757],[1.61917,49.08748],[1.61892,49.08746],[1.61881,49.08751],[1.61922,49.08771],[1.61862,49.08826],[1.61838,49.08859],[1.61975,49.08875],[1.61994,49.08906],[1.62032,49.08933],[1.62095,49.08961],[1.62139,49.08972],[1.62175,49.08988],[1.6218,49.08995],[1.62222,49.09024],[1.6227,49.09053],[1.62316,49.09075],[1.62323,49.09097],[1.62285,49.09104],[1.62322,49.09243],[1.62304,49.09257],[1.62299,49.09265],[1.62251,49.09277],[1.62267,49.09302],[1.6228,49.09314],[1.62314,49.09339],[1.62342,49.09353],[1.62304,49.0935],[1.62263,49.0934],[1.62194,49.09352],[1.62056,49.09366],[1.62023,49.09367],[1.62002,49.09383],[1.6199,49.09386],[1.61966,49.09367],[1.61957,49.0937],[1.61945,49.09392],[1.61932,49.09393],[1.61897,49.09383],[1.61873,49.09379],[1.61864,49.0939],[1.6184,49.09399],[1.61805,49.09393],[1.61758,49.09402],[1.61746,49.0939],[1.61713,49.09387],[1.61728,49.09406],[1.61736,49.09427],[1.61745,49.09471],[1.61745,49.09502],[1.61749,49.09522],[1.6177,49.09545],[1.61785,49.09551],[1.61844,49.09567],[1.61859,49.09579],[1.61856,49.09602],[1.61834,49.09634],[1.61829,49.09658],[1.61843,49.09688],[1.61868,49.09711],[1.61908,49.09726],[1.61953,49.0973],[1.62009,49.09727],[1.62036,49.09728],[1.6206,49.09735],[1.62076,49.09748],[1.62107,49.09784],[1.62131,49.09817],[1.62134,49.09831],[1.62131,49.09848],[1.62117,49.09879],[1.621,49.09904],[1.62099,49.09925],[1.62141,49.09969],[1.62155,49.09993],[1.62159,49.10037],[1.6214,49.10055],[1.62138,49.10072],[1.62151,49.10078],[1.62211,49.10095],[1.62292,49.10113],[1.6237,49.10137],[1.6239,49.10151],[1.62406,49.10169],[1.6245,49.10202],[1.62473,49.10211],[1.62505,49.1022],[1.62545,49.10225],[1.62608,49.10226],[1.62645,49.10223],[1.62668,49.10223],[1.62682,49.1023],[1.62711,49.10264],[1.62728,49.1029],[1.62727,49.1031],[1.62685,49.10353],[1.62658,49.10427],[1.62658,49.1045],[1.62665,49.10471],[1.62688,49.10503],[1.62715,49.10534],[1.62756,49.10571],[1.62794,49.10628],[1.62805,49.1064],[1.62889,49.10699],[1.62944,49.10729],[1.62954,49.1074],[1.62959,49.10756],[1.62958,49.10782],[1.62942,49.10852],[1.62951,49.10894],[1.62954,49.10916],[1.62947,49.10962],[1.62958,49.10999],[1.62969,49.11016],[1.63,49.11034],[1.63043,49.11046],[1.6307,49.11047],[1.63135,49.11045],[1.63158,49.11048],[1.6319,49.11057],[1.6322,49.1107],[1.63242,49.11076],[1.63283,49.11077],[1.63298,49.1108],[1.63308,49.11097],[1.63304,49.11116],[1.63254,49.11131],[1.63233,49.11141],[1.6322,49.11154],[1.63216,49.11168],[1.63219,49.11184],[1.63229,49.11203],[1.63248,49.11218],[1.63279,49.11229],[1.6337,49.11249],[1.6341,49.11266],[1.63428,49.11277],[1.63437,49.1129],[1.63453,49.11358],[1.63462,49.11383],[1.63472,49.11398],[1.63492,49.11411],[1.63536,49.11425],[1.63557,49.11425],[1.63579,49.1143],[1.63607,49.11446],[1.63644,49.11476],[1.63685,49.115],[1.63749,49.11528],[1.63795,49.11557],[1.63888,49.11607],[1.63906,49.11611],[1.63947,49.11639],[1.63969,49.11665],[1.63985,49.11681],[1.64003,49.11683],[1.6402,49.1167],[1.64022,49.11644],[1.64028,49.11627],[1.6404,49.11619],[1.64068,49.11616],[1.64144,49.11623],[1.64181,49.11631],[1.64218,49.11645],[1.64241,49.1166],[1.6426,49.11681],[1.64273,49.11702],[1.64281,49.11732],[1.64299,49.11747],[1.6434,49.11777],[1.6438,49.11801],[1.64422,49.11821],[1.64445,49.11856],[1.64451,49.11871],[1.64454,49.11898],[1.64508,49.11969],[1.64516,49.11986],[1.64513,49.12042],[1.6452,49.12058],[1.64549,49.12076],[1.64617,49.12111],[1.64651,49.12131],[1.64661,49.12141],[1.64667,49.12159],[1.64669,49.12183],[1.64668,49.12223],[1.64663,49.12247],[1.64643,49.12286],[1.64634,49.12335],[1.64642,49.12374],[1.64665,49.12409],[1.647,49.12446],[1.64718,49.12459],[1.64736,49.12466],[1.64819,49.12478],[1.6488,49.12485],[1.64946,49.12491],[1.64963,49.12496],[1.64981,49.12507],[1.64993,49.12519],[1.65002,49.12581],[1.65007,49.12632],[1.65018,49.12687],[1.65028,49.12706],[1.65044,49.1272],[1.65063,49.1273],[1.65123,49.12739],[1.65199,49.12743],[1.65225,49.12747],[1.65255,49.12762],[1.65275,49.12794],[1.65279,49.12806],[1.65265,49.12873],[1.65267,49.12921],[1.65271,49.12935],[1.65305,49.12951],[1.6549,49.1299],[1.65549,49.12992],[1.65567,49.12996],[1.65576,49.1302],[1.65573,49.13047],[1.65565,49.13076],[1.65566,49.13108],[1.65599,49.13132],[1.65627,49.13142],[1.65662,49.1315],[1.65709,49.13158],[1.65742,49.1316],[1.65772,49.13178],[1.65785,49.13194],[1.65788,49.13246],[1.65786,49.1331],[1.65703,49.13364],[1.65688,49.1338],[1.65679,49.13395],[1.6572,49.13459],[1.65738,49.13463],[1.65784,49.13456],[1.65805,49.13458],[1.65821,49.13467],[1.65833,49.13482],[1.65836,49.13495],[1.65832,49.13519],[1.6582,49.13531],[1.65758,49.13559],[1.65748,49.13566],[1.65739,49.13585],[1.6574,49.13638],[1.65734,49.13663],[1.65722,49.13687],[1.65685,49.13737],[1.65667,49.13757],[1.65501,49.13744],[1.65474,49.13732],[1.65469,49.13723],[1.6546,49.1367],[1.65408,49.13664],[1.65398,49.13621],[1.65378,49.13566],[1.65342,49.13493],[1.65266,49.135],[1.65288,49.13597],[1.65306,49.13665],[1.65315,49.13693],[1.653,49.13742],[1.65302,49.13772],[1.65283,49.1377],[1.65296,49.13822],[1.65148,49.13808],[1.65142,49.13875],[1.65293,49.13952],[1.65256,49.14034],[1.65241,49.1407],[1.65227,49.14113],[1.65241,49.14113],[1.65248,49.14133],[1.65258,49.14149],[1.65266,49.14148],[1.65294,49.14197],[1.65317,49.1425],[1.65322,49.14274],[1.65322,49.14294],[1.65301,49.14359],[1.65298,49.14405],[1.65297,49.14468],[1.65306,49.14487],[1.65313,49.14493],[1.65402,49.14509],[1.65443,49.14533],[1.65455,49.1457],[1.65446,49.1462],[1.65446,49.14633],[1.6546,49.14656],[1.65478,49.14677],[1.65514,49.14701],[1.65569,49.1472],[1.6559,49.14734],[1.65607,49.14762],[1.65601,49.14795],[1.65584,49.14818],[1.65583,49.14847],[1.65603,49.14862],[1.65619,49.14865],[1.65711,49.14864],[1.65751,49.14866],[1.65777,49.1487],[1.65813,49.14883],[1.65834,49.14894],[1.6585,49.14909],[1.65879,49.14981],[1.65924,49.15117],[1.65948,49.15149],[1.65961,49.15156],[1.66017,49.15175],[1.6604,49.15186],[1.66115,49.15229],[1.66142,49.15235],[1.6621,49.15244],[1.66271,49.15253],[1.66356,49.1529],[1.6641,49.15317],[1.66427,49.15327],[1.66446,49.15343],[1.66444,49.15361],[1.66428,49.15387],[1.66407,49.15414],[1.66378,49.15451],[1.66366,49.15475],[1.66344,49.15509],[1.66284,49.15556],[1.66258,49.15583],[1.66216,49.15607],[1.66159,49.1565],[1.66103,49.15682],[1.66071,49.15702],[1.6606,49.15715],[1.66058,49.15731],[1.6607,49.15759],[1.6613,49.15811],[1.66164,49.15855],[1.66182,49.15869],[1.66219,49.15882],[1.66267,49.15905],[1.66295,49.15926],[1.663,49.15937],[1.66307,49.15998],[1.66308,49.16023],[1.66305,49.16081],[1.6631,49.16099],[1.66332,49.16143],[1.66358,49.1617],[1.66405,49.16243],[1.66424,49.16291],[1.66425,49.16302],[1.66427,49.16392],[1.66423,49.16449],[1.66422,49.16497],[1.66427,49.16517],[1.66457,49.16552],[1.66464,49.16579],[1.66476,49.16604],[1.66496,49.16615],[1.66581,49.16634],[1.66611,49.16645],[1.66622,49.16656],[1.66638,49.16687],[1.66656,49.1671],[1.66671,49.16719],[1.66718,49.16732],[1.66745,49.1676],[1.66761,49.16786],[1.66773,49.16797],[1.66805,49.16808],[1.66838,49.16814],[1.66864,49.16825],[1.66869,49.16832],[1.66873,49.16868],[1.66878,49.16879],[1.66909,49.16896],[1.66951,49.16914],[1.67015,49.16944],[1.67024,49.16953],[1.67027,49.16981],[1.67017,49.17014],[1.66976,49.1705],[1.66916,49.17089],[1.66891,49.17117],[1.66874,49.17147],[1.66875,49.17166],[1.66871,49.17215],[1.66867,49.17227],[1.66848,49.17249],[1.66844,49.17263],[1.66837,49.17317],[1.66831,49.17326],[1.66784,49.17369],[1.66756,49.17406],[1.66713,49.17458],[1.66678,49.17477],[1.66659,49.17497],[1.66648,49.17524],[1.66634,49.17548],[1.6663,49.17571],[1.66631,49.17589],[1.6664,49.17614],[1.66624,49.17631],[1.66609,49.17675],[1.66616,49.17691],[1.66668,49.17724],[1.66727,49.17743],[1.66749,49.17761],[1.66754,49.17773],[1.66754,49.17787],[1.66745,49.17813],[1.6673,49.17838],[1.66705,49.17862],[1.66695,49.17876],[1.66693,49.17891],[1.66708,49.17932],[1.66719,49.17948],[1.66744,49.17967],[1.66769,49.17974],[1.66806,49.17979],[1.6687,49.17978],[1.66896,49.17979],[1.66904,49.17987],[1.66912,49.18031],[1.66941,49.18048],[1.66969,49.18051],[1.66995,49.18063],[1.6702,49.18062],[1.6708,49.18048],[1.67113,49.18025],[1.67137,49.18021],[1.6716,49.18039],[1.67166,49.18062],[1.67162,49.18075],[1.67162,49.18095],[1.67172,49.18112],[1.67153,49.18151],[1.67132,49.18182],[1.67094,49.18217],[1.67084,49.18236],[1.67082,49.18285],[1.67074,49.18326],[1.67066,49.18339],[1.67068,49.18361],[1.67082,49.18406],[1.67085,49.1843],[1.67081,49.18447],[1.67046,49.18481],[1.67014,49.18492],[1.66966,49.18498],[1.6695,49.18514],[1.66941,49.18548],[1.66927,49.18574],[1.66919,49.18609],[1.66905,49.18667],[1.66903,49.18709],[1.66918,49.18746],[1.66942,49.18779],[1.66973,49.18807],[1.66975,49.18829],[1.66988,49.18872],[1.67054,49.18991],[1.67069,49.19009],[1.67106,49.19049],[1.67118,49.19076],[1.67145,49.19122],[1.6715,49.19136],[1.67144,49.19162],[1.67115,49.19209],[1.67112,49.19224],[1.67115,49.19249],[1.67112,49.19271],[1.67063,49.19309],[1.67053,49.19328],[1.67054,49.19338],[1.67091,49.19381],[1.67146,49.19425],[1.67182,49.19451],[1.67265,49.19512],[1.673,49.19535],[1.67335,49.19553],[1.6738,49.19581],[1.67406,49.19602],[1.6748,49.19685],[1.67511,49.19743],[1.67519,49.19764],[1.67525,49.19798],[1.67519,49.19847],[1.6753,49.19879],[1.67565,49.1993],[1.6761,49.1999],[1.67626,49.20014],[1.67638,49.20046],[1.67648,49.20119],[1.67648,49.20192],[1.67653,49.20208],[1.67679,49.20238],[1.67689,49.20253],[1.6769,49.20266],[1.67675,49.20303],[1.67662,49.20359],[1.67648,49.20383],[1.67506,49.20404],[1.67497,49.20407],[1.67476,49.20417],[1.67445,49.20443],[1.67402,49.20469],[1.67381,49.20504],[1.67367,49.20514],[1.6733,49.20522],[1.67316,49.20541],[1.67321,49.2057],[1.67316,49.20589],[1.67321,49.20611],[1.67319,49.20625],[1.673,49.20633],[1.67239,49.2063],[1.67221,49.20634],[1.67216,49.20646],[1.67225,49.20661],[1.67278,49.20713],[1.67292,49.20762],[1.67309,49.2079],[1.67345,49.20825],[1.67419,49.20883],[1.67417,49.20896],[1.67403,49.20913],[1.67382,49.20927],[1.67376,49.2094],[1.67388,49.20971],[1.67443,49.21039],[1.67451,49.21058],[1.67445,49.21079],[1.67414,49.21114],[1.67407,49.21129],[1.67405,49.21158],[1.67397,49.2119],[1.67419,49.21192],[1.67448,49.21169],[1.67485,49.21167],[1.67541,49.21178],[1.67577,49.21189],[1.67615,49.21187],[1.67649,49.21178],[1.67689,49.21181],[1.67701,49.21188],[1.67702,49.21202],[1.67693,49.21214],[1.6764,49.21252],[1.67642,49.2127],[1.67663,49.21282],[1.67696,49.21284],[1.67731,49.21282],[1.67747,49.21284],[1.67755,49.21292],[1.67754,49.21302],[1.67736,49.2133],[1.67735,49.21355],[1.67752,49.21363],[1.67827,49.2138],[1.67876,49.21395],[1.67918,49.21411],[1.67983,49.21433],[1.6804,49.21468],[1.68079,49.21485],[1.68112,49.21505],[1.68178,49.21567],[1.68246,49.2162],[1.68274,49.21633],[1.68301,49.2164],[1.68374,49.21652],[1.6843,49.21652],[1.68467,49.21658],[1.68479,49.21664],[1.68493,49.21681],[1.68518,49.21723],[1.68549,49.21769],[1.68565,49.21785],[1.68607,49.21815],[1.68644,49.21828],[1.68682,49.21835],[1.6877,49.21843],[1.68837,49.21844],[1.68859,49.21855],[1.68867,49.219],[1.68879,49.21927],[1.68895,49.2195],[1.68951,49.22001],[1.68994,49.2206],[1.69008,49.2207],[1.69085,49.221],[1.69107,49.22113],[1.69114,49.22123],[1.6911,49.22141],[1.69092,49.22162],[1.69088,49.22172],[1.69085,49.22216],[1.6908,49.22261],[1.69086,49.22298],[1.69092,49.22309],[1.69127,49.2234],[1.69165,49.22359],[1.69219,49.22376],[1.69254,49.22389],[1.69295,49.22395],[1.69382,49.224],[1.69474,49.22416],[1.69545,49.22427],[1.69595,49.22434],[1.69641,49.22444],[1.6969,49.22437],[1.69715,49.22428],[1.69768,49.22404],[1.69793,49.22404],[1.69818,49.22417],[1.69848,49.22451],[1.69868,49.22487],[1.69871,49.22536],[1.69867,49.22586],[1.69869,49.22606],[1.69876,49.22619],[1.69889,49.22629],[1.6995,49.22654],[1.69978,49.22667],[1.70003,49.22685],[1.70024,49.22704],[1.70089,49.22753],[1.70144,49.22772],[1.70182,49.22782],[1.70226,49.22801],[1.70278,49.2285],[1.70302,49.22866],[1.70324,49.22875],[1.70386,49.22884],[1.70399,49.22904],[1.70401,49.22928],[1.70382,49.22954],[1.70359,49.22962],[1.70309,49.22974],[1.70283,49.22994],[1.70291,49.23006],[1.70361,49.23029],[1.70381,49.23044],[1.7038,49.23062],[1.70361,49.23072],[1.70283,49.23091],[1.7026,49.23101],[1.70251,49.23116],[1.70259,49.23137],[1.70282,49.23149],[1.7034,49.23171],[1.70362,49.23185],[1.70402,49.23196],[1.70431,49.23207],[1.70446,49.23218],[1.70445,49.23231],[1.70435,49.23243],[1.70474,49.23292],[1.70498,49.23296],[1.7051,49.23321],[1.70519,49.23367],[1.70512,49.2338],[1.70488,49.23386],[1.70492,49.23402],[1.70515,49.23411],[1.70528,49.23425],[1.70525,49.23438],[1.70636,49.23423],[1.70667,49.23473],[1.70692,49.23564],[1.70705,49.23581],[1.70825,49.23584],[1.70835,49.23592],[1.7087,49.23712],[1.70915,49.23774],[1.70933,49.23803],[1.70964,49.23867],[1.70971,49.23908],[1.70974,49.23965],[1.70974,49.24026],[1.70967,49.2405],[1.70936,49.24135],[1.70939,49.24149],[1.7115,49.24134],[1.71259,49.24125],[1.71266,49.24067],[1.71267,49.24043],[1.71263,49.24018],[1.71243,49.23935],[1.71237,49.23902],[1.71264,49.23839],[1.71323,49.23693],[1.71321,49.23674],[1.71306,49.23608],[1.71304,49.23586],[1.71317,49.23539],[1.71319,49.23506],[1.71316,49.23479],[1.71288,49.23436],[1.71269,49.23441],[1.71227,49.23361],[1.71217,49.2333],[1.71211,49.23302],[1.71225,49.233],[1.71326,49.23302],[1.71326,49.23282],[1.7136,49.23279],[1.71377,49.23268],[1.71434,49.23262],[1.71486,49.23302],[1.7153,49.23339],[1.71639,49.23301],[1.718,49.23244],[1.71843,49.2323],[1.71997,49.23175],[1.72118,49.23133],[1.72183,49.23108],[1.7235,49.23051],[1.72368,49.23046],[1.72549,49.23013],[1.72534,49.22983],[1.72746,49.22951],[1.72966,49.2292],[1.73038,49.22893],[1.73215,49.22812],[1.7332,49.22671],[1.73328,49.22654],[1.73483,49.22644],[1.73481,49.22629],[1.73621,49.22628],[1.7362,49.22536],[1.73798,49.22539],[1.73797,49.22496],[1.73837,49.22406],[1.74044,49.22428],[1.74046,49.22367],[1.73884,49.22317],[1.73683,49.22258],[1.73591,49.22229],[1.73516,49.2219],[1.73411,49.22128],[1.73485,49.21885],[1.73508,49.21805],[1.73568,49.21609],[1.73502,49.21599],[1.73226,49.21563],[1.73348,49.2116],[1.73368,49.21096],[1.7316,49.21058],[1.72989,49.21028],[1.73014,49.20966],[1.72937,49.20967],[1.72935,49.20975],[1.72857,49.20973],[1.72407,49.20967],[1.723,49.20967],[1.72287,49.20968],[1.72198,49.21001],[1.72151,49.20915],[1.72022,49.20681],[1.71981,49.20694],[1.71598,49.20734],[1.71487,49.20744],[1.71599,49.20433],[1.716,49.20429],[1.71583,49.20359],[1.71583,49.20318],[1.71579,49.20301],[1.71569,49.20283],[1.71553,49.20266],[1.71674,49.20274],[1.71841,49.20278],[1.71887,49.20219],[1.71989,49.20154],[1.72029,49.20199],[1.72046,49.20213],[1.72091,49.20238],[1.72112,49.20245],[1.7215,49.20252],[1.72179,49.20253],[1.72208,49.2025],[1.7222,49.20196],[1.72235,49.2015],[1.72279,49.20143],[1.72253,49.20097],[1.72433,49.2007],[1.72505,49.20078],[1.72524,49.1999],[1.72481,49.19987],[1.7256,49.19648],[1.72571,49.19611],[1.72581,49.19546],[1.72581,49.19463],[1.72587,49.19433],[1.72588,49.19417],[1.72688,49.19413],[1.72682,49.19496],[1.72781,49.19507],[1.72786,49.19505],[1.72913,49.19522],[1.72978,49.19482],[1.72999,49.19471],[1.73014,49.1947],[1.73063,49.19476],[1.73108,49.19495],[1.73157,49.19508],[1.73211,49.19519],[1.73255,49.1952],[1.73295,49.19518],[1.73371,49.19509],[1.73459,49.19503],[1.73508,49.19505],[1.7359,49.19501],[1.73681,49.19489],[1.73727,49.19479],[1.73729,49.19446],[1.73727,49.19413],[1.73716,49.19379],[1.73697,49.19344],[1.73666,49.19305],[1.73644,49.19283],[1.73989,49.19207],[1.73959,49.19122],[1.73944,49.19062],[1.74046,49.19055],[1.74058,49.1894],[1.74025,49.18833],[1.74109,49.18837],[1.74103,49.1876],[1.741,49.18567],[1.74364,49.18378],[1.74429,49.18331],[1.74079,49.18123],[1.7401,49.18081],[1.7424,49.17984],[1.75093,49.17624],[1.75184,49.1758],[1.75236,49.17547],[1.75318,49.17532],[1.75486,49.17459],[1.75777,49.17591],[1.75935,49.17661],[1.76193,49.17778],[1.765,49.17916],[1.76593,49.17958],[1.76695,49.18003],[1.76717,49.18009],[1.76881,49.18078],[1.76997,49.18127],[1.77209,49.18214],[1.77686,49.18415],[1.77639,49.18488],[1.77696,49.185],[1.77752,49.18403],[1.77923,49.18423],[1.77915,49.18434],[1.7809,49.18454],[1.78093,49.18432],[1.78256,49.18491],[1.78298,49.18504],[1.78415,49.18551],[1.7848,49.18582],[1.7851,49.18557],[1.7867,49.18416],[1.78637,49.18308],[1.7877,49.18226],[1.78863,49.18149],[1.7897,49.18179],[1.79094,49.17997],[1.79283,49.18018],[1.79363,49.18027],[1.79394,49.1803],[1.7935,49.18265],[1.79399,49.18273],[1.79418,49.18317],[1.79461,49.18404],[1.79485,49.1845],[1.79499,49.18482],[1.79528,49.18492],[1.79547,49.18526],[1.79701,49.18523],[1.79759,49.18521],[1.80308,49.18511],[1.80305,49.18371],[1.80309,49.1837],[1.80304,49.18307],[1.80308,49.18274],[1.80331,49.18185],[1.80121,49.18177],[1.80102,49.18229],[1.79997,49.1823],[1.80026,49.18041],[1.80158,49.18067],[1.80228,49.18079],[1.80355,49.18095],[1.80355,49.17996],[1.80628,49.18013],[1.80738,49.17995],[1.80831,49.17959],[1.81079,49.17897],[1.8116,49.17878],[1.81308,49.17834],[1.81408,49.17638],[1.81448,49.17613],[1.8113,49.17493],[1.81178,49.17397],[1.81338,49.1744],[1.8139,49.17363],[1.81596,49.17387],[1.81565,49.17495],[1.8172,49.1752],[1.81734,49.17528],[1.81732,49.17558],[1.81921,49.17588],[1.81952,49.17695],[1.82141,49.17774],[1.82217,49.17807],[1.82226,49.17813],[1.82352,49.17872],[1.82587,49.17935],[1.82649,49.17952],[1.82682,49.17965],[1.82811,49.17835],[1.82924,49.1777],[1.83076,49.17726],[1.83192,49.17734],[1.83252,49.17601],[1.83423,49.17591],[1.83492,49.17689],[1.83585,49.17641],[1.83482,49.17544],[1.83472,49.17446],[1.83551,49.17411],[1.83542,49.17396],[1.83582,49.17378],[1.83611,49.17359],[1.8363,49.17356],[1.8367,49.1734],[1.83693,49.17327],[1.83724,49.17313],[1.83745,49.1728],[1.83741,49.17173],[1.83738,49.1716],[1.83685,49.17099],[1.83652,49.17067],[1.83622,49.17043],[1.83596,49.17014],[1.83579,49.16972],[1.83574,49.16943],[1.83571,49.16877],[1.83568,49.16855],[1.83538,49.16802],[1.83512,49.16734],[1.83508,49.16707],[1.83518,49.16675],[1.83523,49.16626],[1.83518,49.16605],[1.83501,49.16577],[1.83433,49.16521],[1.83431,49.16517],[1.83642,49.1645],[1.8375,49.16559],[1.83828,49.16641],[1.83843,49.16653],[1.83872,49.16684],[1.83882,49.16681],[1.8401,49.16767],[1.84079,49.1681],[1.84219,49.16901],[1.8423,49.16909],[1.84468,49.17066],[1.84519,49.16996],[1.84571,49.17004],[1.84638,49.17018],[1.84807,49.17046],[1.84889,49.17059],[1.85035,49.17081],[1.85042,49.17084],[1.85103,49.17053],[1.85293,49.17119],[1.8551,49.17194],[1.85518,49.17227],[1.85532,49.17235],[1.85619,49.17313],[1.8568,49.17336],[1.85788,49.17223],[1.85654,49.172],[1.8572,49.17121],[1.85778,49.17048],[1.85822,49.16996],[1.85912,49.1701],[1.85907,49.17024],[1.85998,49.17041],[1.86172,49.17075],[1.86313,49.17105],[1.86413,49.17128],[1.86522,49.17152],[1.86628,49.17176],[1.86731,49.17205],[1.86782,49.17183],[1.86884,49.17221],[1.86983,49.1726],[1.87164,49.17328],[1.8727,49.17368],[1.87346,49.17408],[1.8758,49.17494],[1.87614,49.17505],[1.87643,49.17292],[1.8767,49.17142],[1.87773,49.1704],[1.87815,49.16999],[1.8796,49.1685],[1.88086,49.1673],[1.8823,49.16795],[1.88353,49.16614],[1.88366,49.16609],[1.88295,49.16318],[1.88295,49.16258],[1.88313,49.16258],[1.88388,49.16266],[1.88744,49.16302],[1.88687,49.16416],[1.88834,49.1645],[1.88831,49.16471],[1.88975,49.16502],[1.89012,49.16411],[1.89155,49.16456],[1.89264,49.16477],[1.89404,49.16494],[1.89511,49.16503],[1.8947,49.16609],[1.89671,49.16651],[1.90601,49.16845],[1.90693,49.16864],[1.90697,49.16861],[1.91234,49.17011],[1.91498,49.17093],[1.91506,49.17089],[1.91625,49.1712],[1.91658,49.17128],[1.9187,49.17167],[1.91899,49.17173],[1.92066,49.17221],[1.92146,49.17238],[1.92383,49.17244],[1.92437,49.1736],[1.92481,49.17354],[1.92497,49.17347],[1.92566,49.17348],[1.92583,49.17339],[1.92639,49.17331],[1.92645,49.17342],[1.92715,49.17357],[1.92831,49.17377],[1.92996,49.17407],[1.93117,49.17426],[1.93192,49.17421],[1.93185,49.17454],[1.93173,49.17479],[1.93145,49.17503],[1.93215,49.175],[1.93251,49.17501],[1.93269,49.17468],[1.93289,49.17452],[1.93301,49.17438],[1.93331,49.17366],[1.93372,49.17362],[1.934,49.17347],[1.93437,49.17354],[1.9344,49.17329],[1.9343,49.17312],[1.9343,49.17302],[1.93442,49.17285],[1.93462,49.17269],[1.93475,49.17251],[1.93463,49.17241],[1.93469,49.17221],[1.93492,49.17207],[1.93497,49.17195],[1.93495,49.17177],[1.93476,49.17173],[1.93471,49.17163],[1.93482,49.1712],[1.9347,49.17094],[1.93474,49.17067],[1.93465,49.17054],[1.93478,49.17038],[1.93483,49.17025],[1.93485,49.16996],[1.93519,49.16981],[1.9354,49.16959],[1.93551,49.16965],[1.93558,49.16996],[1.93592,49.1699],[1.93619,49.16991],[1.93701,49.17012],[1.93768,49.17031],[1.93886,49.17061],[1.93941,49.17068],[1.94036,49.17065],[1.94037,49.17068],[1.94122,49.17058],[1.94195,49.17034],[1.94218,49.17017],[1.94232,49.17],[1.94267,49.17021],[1.94335,49.17067],[1.94408,49.17116],[1.94441,49.17128],[1.94478,49.17134],[1.94508,49.17133],[1.94535,49.17152],[1.94639,49.17125],[1.94806,49.17077],[1.94921,49.17055],[1.94974,49.17048],[1.95246,49.17141],[1.95255,49.17148],[1.9531,49.17161],[1.95607,49.17227],[1.95739,49.17265],[1.95745,49.17268],[1.96002,49.17349],[1.96035,49.17371],[1.96097,49.17398],[1.96196,49.17432],[1.96221,49.17447],[1.96236,49.1746],[1.96369,49.17572],[1.96428,49.17636],[1.96473,49.17693],[1.96499,49.17717],[1.9654,49.17746],[1.96618,49.17788],[1.96817,49.17912],[1.96951,49.18001],[1.9702,49.18041],[1.97104,49.18095],[1.97166,49.18138],[1.97199,49.18176],[1.97237,49.18226],[1.97268,49.18263],[1.97307,49.18293],[1.97331,49.18305],[1.97358,49.18386],[1.97445,49.18359],[1.97513,49.18366],[1.97544,49.18359],[1.97643,49.1833],[1.97705,49.18302],[1.97758,49.18285],[1.97759,49.18273],[1.97862,49.18256],[1.97894,49.18249],[1.97932,49.18229],[1.97989,49.18206],[1.98131,49.18165],[1.98231,49.18159],[1.98254,49.18134],[1.98277,49.18094],[1.98308,49.18032],[1.9832,49.18014],[1.98349,49.17993],[1.98393,49.17977],[1.98424,49.17971],[1.9851,49.17964],[1.98573,49.17956],[1.98659,49.17936],[1.98699,49.1793],[1.98794,49.17902],[1.9889,49.17846],[1.98864,49.17786],[1.98914,49.17757],[1.98932,49.1774],[1.98957,49.17723],[1.98998,49.17701],[1.99086,49.17661],[1.99155,49.17651],[1.99209,49.1764],[1.99218,49.1762],[1.99368,49.17694],[1.99537,49.177],[1.9962,49.17681],[1.99716,49.17608],[1.99826,49.17599],[1.99935,49.17587],[1.9993,49.17569],[1.99912,49.17541],[1.99968,49.17565],[2.0,49.17576],[2.00114,49.17578],[2.00154,49.17579],[2.00268,49.17602],[2.00295,49.17616],[2.00474,49.17719],[2.00626,49.17834],[2.00675,49.17861],[2.01077,49.18132],[2.01498,49.18424],[2.01759,49.18599],[2.02107,49.18836],[2.02178,49.18881],[2.02566,49.18883],[2.02644,49.18859],[2.02842,49.18796],[2.03095,49.18842],[2.03135,49.1885],[2.03216,49.18871],[2.03264,49.18889],[2.03301,49.18862],[2.03357,49.1881],[2.0342,49.18862],[2.03444,49.18891],[2.03455,49.18918],[2.03457,49.1894],[2.03463,49.18961],[2.035,49.19001],[2.03526,49.1902],[2.03567,49.19048],[2.03542,49.1906],[2.03595,49.19111],[2.03624,49.19099],[2.0367,49.19133],[2.03755,49.19185],[2.038,49.19217],[2.03824,49.19238],[2.03863,49.19253],[2.03853,49.19264],[2.0388,49.19289],[2.03906,49.19309],[2.03944,49.19344],[2.03966,49.19316],[2.04116,49.19372],[2.04281,49.19439],[2.04246,49.19479],[2.04248,49.19485],[2.043,49.19476],[2.0435,49.19484],[2.0448,49.19561],[2.04493,49.19567],[2.04623,49.19642],[2.04691,49.19594],[2.047,49.1959],[2.04712,49.19667],[2.04727,49.19797],[2.04732,49.19869],[2.04906,49.19874],[2.05012,49.19877],[2.05335,49.19886],[2.05579,49.19894],[2.05604,49.19904],[2.05886,49.20004],[2.06274,49.20141],[2.06333,49.20162],[2.06684,49.20286],[2.06721,49.20296],[2.06994,49.20358],[2.07089,49.20381],[2.07228,49.20414],[2.07251,49.20418],[2.07214,49.20434],[2.07263,49.20618],[2.07354,49.20743],[2.07481,49.20884],[2.0771,49.20874],[2.07726,49.20991],[2.08074,49.21072],[2.08069,49.2098],[2.08054,49.20907],[2.08047,49.20885],[2.08038,49.2087],[2.07924,49.20657],[2.07897,49.20592],[2.08033,49.20582],[2.08069,49.20694],[2.08267,49.20685],[2.08236,49.20566],[2.08343,49.20556],[2.08471,49.20587],[2.0871,49.20773],[2.08792,49.20913],[2.09093,49.20864],[2.09036,49.20606],[2.09137,49.20499],[2.09101,49.20357],[2.09046,49.20169],[2.09218,49.2012],[2.09127,49.19988],[2.09033,49.19823],[2.09253,49.19747],[2.09185,49.19666],[2.09272,49.19625],[2.09265,49.19532],[2.09094,49.19561],[2.0889,49.19615],[2.089,49.19471],[2.08905,49.19378],[2.09081,49.19381],[2.09228,49.19418],[2.09248,49.19363],[2.09247,49.19341],[2.09362,49.19279],[2.09583,49.19164],[2.09532,49.19011],[2.09575,49.19007],[2.09677,49.18979],[2.09772,49.18917],[2.10199,49.19044],[2.10206,49.19044],[2.10247,49.18989],[2.10302,49.18908],[2.10362,49.18891],[2.10549,49.18958],[2.10671,49.19005],[2.10764,49.19023],[2.10835,49.19045],[2.10857,49.19054],[2.10888,49.19071],[2.10912,49.19092],[2.10951,49.19076],[2.10949,49.19059],[2.10956,49.19056],[2.10941,49.1901],[2.10937,49.19007],[2.10995,49.18962],[2.10996,49.18938],[2.10984,49.18918],[2.10953,49.18888],[2.1097,49.18879],[2.11006,49.18819],[2.11052,49.18747],[2.11063,49.18743],[2.11104,49.18698],[2.11174,49.18726],[2.11223,49.18739],[2.11282,49.1875],[2.11299,49.1872],[2.11334,49.18654],[2.11391,49.18667],[2.11422,49.18669],[2.11632,49.18696],[2.11635,49.18691],[2.11763,49.18724],[2.11783,49.18732],[2.11794,49.18721],[2.11851,49.18744],[2.11856,49.1874],[2.12176,49.18873],[2.12232,49.18896],[2.12305,49.18947],[2.12387,49.18991],[2.125,49.19058],[2.12526,49.19126],[2.1255,49.19164],[2.12559,49.19174],[2.12584,49.19178],[2.12599,49.1917],[2.12549,49.19285],[2.12739,49.19322],[2.12797,49.1934],[2.12798,49.19359],[2.12959,49.19292],[2.13065,49.19253],[2.13,49.19156],[2.13184,49.19066],[2.13522,49.19118],[2.13519,49.19072],[2.13524,49.19049],[2.13515,49.1883],[2.13627,49.18338],[2.13654,49.18238],[2.13684,49.18135],[2.13692,49.1808],[2.1369,49.18058],[2.13682,49.17999],[2.13671,49.17962],[2.13648,49.179],[2.13804,49.17898],[2.13952,49.17894],[2.14076,49.17892],[2.14082,49.18049],[2.14087,49.18153],[2.14111,49.18151],[2.14108,49.18231],[2.14118,49.18304],[2.14126,49.18329],[2.14131,49.18357],[2.14131,49.18397],[2.14124,49.18589],[2.14178,49.18603],[2.14359,49.18683],[2.14381,49.18691],[2.14537,49.18749],[2.1462,49.18781],[2.14681,49.18802],[2.14728,49.18805],[2.14803,49.18508],[2.14805,49.18503],[2.15209,49.18356],[2.15238,49.18382],[2.15317,49.18356],[2.15576,49.18275],[2.15602,49.18285],[2.15614,49.18312],[2.15691,49.18273],[2.15742,49.18243],[2.15867,49.1818],[2.15916,49.18152],[2.15907,49.18124],[2.16005,49.18063],[2.16072,49.18015],[2.16109,49.17991],[2.1617,49.17959],[2.16181,49.17968],[2.16242,49.17955],[2.16405,49.17977],[2.16451,49.17955],[2.16464,49.17944],[2.16502,49.17892],[2.16407,49.17807],[2.16323,49.1773],[2.16263,49.17685],[2.1615,49.176],[2.16145,49.17594],[2.16087,49.17478],[2.16084,49.17465],[2.16067,49.17437],[2.16039,49.17414],[2.1593,49.1734],[2.15831,49.17278],[2.15803,49.17263],[2.15812,49.17253],[2.15877,49.17215],[2.15913,49.17168],[2.15965,49.17087],[2.16044,49.16996],[2.1613,49.16923],[2.16203,49.16868],[2.16291,49.1674],[2.16247,49.16715],[2.16257,49.16707],[2.16383,49.1663],[2.16493,49.16596],[2.16629,49.16548],[2.16803,49.16485],[2.16789,49.16464],[2.16879,49.16395],[2.16922,49.16402],[2.16936,49.16392],[2.16982,49.16407],[2.1702,49.16425],[2.17055,49.16436],[2.1709,49.16462],[2.17105,49.16478],[2.17114,49.16497],[2.17107,49.16516],[2.17105,49.16569],[2.17084,49.16588],[2.17055,49.16626],[2.17043,49.16636],[2.17067,49.16656],[2.17089,49.1667],[2.17113,49.16696],[2.17116,49.1671],[2.1711,49.16719],[2.17124,49.16768],[2.17146,49.16786],[2.17224,49.1681],[2.17324,49.16847],[2.17364,49.16863],[2.17386,49.16877],[2.17427,49.16895],[2.17476,49.16928],[2.1751,49.16947],[2.17532,49.16954],[2.17593,49.16963],[2.17661,49.1697],[2.17681,49.16975],[2.17737,49.16997],[2.17789,49.17021],[2.17841,49.17039],[2.17873,49.17052],[2.17928,49.17082],[2.1795,49.17083],[2.17997,49.17078],[2.1809,49.17056],[2.18225,49.17038],[2.18188,49.17097],[2.18109,49.17159],[2.18087,49.172],[2.18054,49.17226],[2.18019,49.17249],[2.17971,49.17271],[2.17987,49.17301],[2.17984,49.17321],[2.17937,49.17356],[2.17801,49.17428],[2.17725,49.17423],[2.17696,49.17433],[2.1762,49.17464],[2.17569,49.17478],[2.17538,49.17489],[2.17495,49.175],[2.17522,49.17522],[2.17522,49.17527],[2.17576,49.17576],[2.17609,49.17603],[2.1781,49.17522],[2.17815,49.1752],[2.18195,49.17368],[2.18244,49.17441],[2.18332,49.17414],[2.18342,49.17419],[2.18562,49.17363],[2.18569,49.17365],[2.18611,49.17351],[2.18667,49.17345],[2.18683,49.17342],[2.18698,49.1734],[2.1883,49.17321],[2.18889,49.17313],[2.18906,49.17313],[2.18967,49.17321],[2.19003,49.1733],[2.19066,49.17338],[2.19165,49.17362],[2.19211,49.17365],[2.19264,49.17359],[2.19353,49.17339],[2.19433,49.17314],[2.19485,49.17309],[2.19531,49.17313],[2.19563,49.17322],[2.19601,49.17341],[2.19676,49.17404],[2.19696,49.17423],[2.19716,49.17431],[2.19765,49.17456],[2.19824,49.17483],[2.19905,49.1753],[2.19971,49.17481],[2.20079,49.17429],[2.20125,49.17415],[2.20203,49.17423],[2.20226,49.17437],[2.20236,49.17432],[2.20243,49.17408],[2.20295,49.17406],[2.20328,49.17409],[2.20379,49.17416],[2.20395,49.17421],[2.20436,49.17427],[2.20487,49.17437],[2.20632,49.17459],[2.20648,49.17465],[2.20691,49.17483],[2.20746,49.17501],[2.20773,49.17505],[2.20926,49.17546],[2.20967,49.17553],[2.21036,49.17549],[2.21071,49.17551],[2.2114,49.17561],[2.2122,49.17574],[2.21317,49.17588],[2.21208,49.17653],[2.21223,49.17662],[2.21396,49.17722],[2.21369,49.17753],[2.21448,49.17782],[2.21557,49.17824],[2.21541,49.17842],[2.21682,49.17932],[2.21749,49.17973],[2.21826,49.18038],[2.21865,49.18068],[2.2189,49.18047],[2.21925,49.18015],[2.21982,49.17959],[2.21985,49.17949],[2.22005,49.17919],[2.22082,49.17819],[2.22119,49.17764],[2.22188,49.17671],[2.22251,49.17596],[2.22377,49.17399],[2.22448,49.17371],[2.22488,49.17351],[2.22574,49.17281],[2.22601,49.17264],[2.22626,49.17254],[2.22691,49.17234],[2.22706,49.17231],[2.22777,49.1721],[2.22929,49.17158],[2.23008,49.17122],[2.2315,49.17048],[2.23177,49.17029],[2.23209,49.16992],[2.23246,49.16936],[2.23327,49.16861],[2.23368,49.16832],[2.23399,49.16804],[2.23448,49.16757],[2.23475,49.16726],[2.23538,49.16699],[2.23382,49.16652],[2.23433,49.16603],[2.23291,49.16547],[2.233,49.16538],[2.23218,49.16502],[2.23147,49.16473],[2.23144,49.16468],[2.23001,49.16426],[2.23045,49.16377],[2.22959,49.1638],[2.22922,49.1638],[2.22867,49.16371],[2.22799,49.16353],[2.22739,49.1633],[2.22632,49.1629],[2.22501,49.16253],[2.22425,49.16238],[2.22373,49.16118],[2.22307,49.1597],[2.22008,49.157],[2.21719,49.15443],[2.21685,49.15413],[2.21684,49.15389],[2.21721,49.15379],[2.21741,49.15377],[2.21753,49.1537],[2.21831,49.15347],[2.22113,49.15262],[2.2223,49.15226],[2.22329,49.1521],[2.22539,49.15191],[2.2293,49.15153],[2.22944,49.15154],[2.23211,49.15143],[2.23213,49.15162],[2.232,49.15188],[2.23179,49.15243],[2.23242,49.1525],[2.23291,49.15252],[2.23318,49.15255],[2.23356,49.15266],[2.23356,49.15155],[2.23695,49.15188],[2.2386,49.15181],[2.23881,49.15198],[2.24132,49.15159],[2.24158,49.15218],[2.24173,49.15263],[2.24187,49.15341],[2.24354,49.15339],[2.24449,49.1534],[2.24553,49.15339],[2.24652,49.15345],[2.24727,49.15343],[2.24813,49.15345],[2.24851,49.15348],[2.24951,49.15351],[2.25036,49.15349],[2.25145,49.15324],[2.25378,49.15263],[2.2538,49.15267],[2.2563,49.15422],[2.25735,49.15489],[2.25876,49.15578],[2.25971,49.15514],[2.26008,49.15533],[2.25988,49.15541],[2.25981,49.15572],[2.25989,49.156],[2.25986,49.15615],[2.25966,49.15635],[2.25946,49.15661],[2.25975,49.15675],[2.26079,49.1573],[2.26215,49.15838],[2.26364,49.1577],[2.26459,49.15728],[2.26567,49.15686],[2.2677,49.15593],[2.26817,49.15575],[2.2687,49.15583],[2.26925,49.156],[2.26935,49.156],[2.26956,49.15629],[2.26976,49.15652],[2.27004,49.15679],[2.2704,49.15703],[2.27097,49.15725],[2.27125,49.1574],[2.27157,49.1575],[2.27325,49.15792],[2.27401,49.15813],[2.27464,49.15841],[2.27542,49.1587],[2.27587,49.15881],[2.27671,49.15898],[2.27865,49.15889],[2.27873,49.15876],[2.28119,49.15885],[2.28248,49.15915],[2.28296,49.15967],[2.28552,49.15982],[2.28648,49.15987],[2.28623,49.16021],[2.28572,49.16109],[2.28548,49.16159],[2.28536,49.16203],[2.2853,49.16251],[2.28527,49.16345],[2.2852,49.16345],[2.28501,49.16481],[2.28509,49.16571],[2.28649,49.16566],[2.28641,49.16582],[2.28756,49.16588],[2.28697,49.16717],[2.28813,49.16737],[2.28787,49.16795],[2.28949,49.16804],[2.28929,49.16903],[2.28906,49.16989],[2.28881,49.17071],[2.29026,49.17074],[2.29018,49.17154],[2.29246,49.17166],[2.29245,49.17185],[2.29415,49.17171],[2.29436,49.17242],[2.29454,49.17236],[2.29482,49.17341],[2.29568,49.17333],[2.29617,49.1748],[2.29663,49.17621],[2.29952,49.17596],[2.29958,49.17656],[2.29957,49.17697],[2.29954,49.17822],[2.29964,49.17882],[2.29997,49.17979],[2.30003,49.18],[2.30008,49.1803],[2.3001,49.18124],[2.30048,49.18243],[2.30077,49.18323],[2.30127,49.18404],[2.30239,49.184],[2.30303,49.18399],[2.30445,49.18394],[2.30433,49.18365],[2.30479,49.18361],[2.30575,49.18343],[2.30621,49.18482],[2.30664,49.18477],[2.30823,49.18461],[2.30846,49.1854],[2.31041,49.18496],[2.31042,49.18499],[2.31045,49.1851],[2.31076,49.18594],[2.3108,49.18675],[2.31328,49.18634],[2.3132,49.18584],[2.31452,49.18568],[2.3174,49.18539],[2.31929,49.18507],[2.32092,49.18458],[2.32159,49.18437],[2.32054,49.18352],[2.31955,49.18242],[2.32125,49.18189],[2.32063,49.18129],[2.32187,49.18092],[2.32173,49.18073],[2.32194,49.18064],[2.32371,49.17994],[2.3232,49.1795],[2.32366,49.17928],[2.3243,49.179],[2.32455,49.17893],[2.32582,49.17873],[2.32558,49.17817],[2.32604,49.17767],[2.32636,49.17759],[2.32762,49.17708],[2.32731,49.17648],[2.32768,49.17627],[2.32777,49.17634],[2.3297,49.17502],[2.33146,49.17383],[2.33136,49.17376],[2.33147,49.17367],[2.33443,49.17149],[2.33554,49.17066],[2.33601,49.17017],[2.33634,49.16988],[2.33695,49.16924],[2.33813,49.16807],[2.33842,49.16777],[2.33874,49.16747],[2.33883,49.16743],[2.33961,49.16667],[2.34035,49.16596],[2.34047,49.16586],[2.34035,49.16578],[2.3413,49.16489],[2.34595,49.16235],[2.34849,49.15963],[2.34853,49.15951],[2.35051,49.15722],[2.35267,49.15521],[2.3536,49.15449],[2.35423,49.15426],[2.35377,49.15394],[2.35535,49.15328],[2.35517,49.15282],[2.35511,49.1526],[2.34786,49.15068],[2.34614,49.15005],[2.34443,49.1492],[2.34279,49.14798],[2.34162,49.14763],[2.33984,49.1474],[2.33888,49.14744],[2.3384,49.14776],[2.33805,49.14825],[2.33744,49.14875],[2.33682,49.14897],[2.33524,49.14902],[2.33407,49.14915],[2.33174,49.15],[2.33078,49.15018],[2.32817,49.15027],[2.32728,49.15045],[2.32598,49.15059],[2.3246,49.1509],[2.32303,49.15144],[2.32206,49.15193],[2.32165,49.15229],[2.31904,49.15346],[2.31863,49.15369],[2.31822,49.15441],[2.31787,49.15481],[2.31719,49.15503],[2.31588,49.15503],[2.31437,49.15517],[2.31341,49.15535],[2.30998,49.15642],[2.30758,49.15723],[2.30401,49.15822],[2.30188,49.15871],[2.30085,49.15889],[2.29955,49.15903],[2.29632,49.15902],[2.29468,49.15893],[2.29351,49.15884],[2.29221,49.15866],[2.29084,49.15839],[2.2907,49.1583],[2.28988,49.15803],[2.28837,49.1574],[2.28453,49.15564],[2.28357,49.15537],[2.2811,49.15501],[2.27953,49.15461],[2.27884,49.15452],[2.27733,49.15447],[2.27534,49.15406],[2.27452,49.15379],[2.27404,49.1537],[2.27219,49.15393],[2.26972,49.15406],[2.26862,49.15397],[2.26677,49.15419],[2.26654,49.15427],[2.26251,49.15324],[2.26328,49.15257],[2.26362,49.15189],[2.26369,49.15162],[2.26369,49.15162],[2.26326,49.15108],[2.2597,49.14928],[2.25867,49.14896],[2.25579,49.14833],[2.25518,49.14824],[2.25353,49.14819],[2.25325,49.14824],[2.25257,49.14824],[2.25216,49.14792],[2.2523,49.1477],[2.25271,49.14716],[2.25264,49.14689],[2.2523,49.14644],[2.2521,49.14599],[2.2521,49.14594],[2.2521,49.14586],[2.25162,49.14536],[2.25093,49.14505],[2.24915,49.14459],[2.24874,49.14432],[2.24881,49.14387],[2.24888,49.14351],[2.24875,49.14315],[2.2482,49.14284],[2.2469,49.14239],[2.24525,49.14166],[2.24306,49.14036],[2.24245,49.13993],[2.24238,49.13989],[2.24114,49.13926],[2.23884,49.1381],[2.23747,49.13743],[2.23724,49.13725],[2.23714,49.13717],[2.23587,49.13616],[2.23529,49.13564],[2.23518,49.13554],[2.23437,49.13485],[2.23329,49.13419],[2.2324,49.13371],[2.23168,49.13343],[2.23123,49.13331],[2.23115,49.13329],[2.23003,49.13305],[2.23,49.13305],[2.22998,49.13304],[2.22997,49.13304],[2.22996,49.13304],[2.22877,49.13284],[2.22878,49.13285],[2.22875,49.13285],[2.22796,49.13267],[2.22698,49.13245],[2.22628,49.13222],[2.2251,49.1317],[2.22473,49.13144],[2.22472,49.13143],[2.22434,49.13115],[2.2243,49.13111],[2.2235,49.13031],[2.22279,49.12972],[2.22137,49.12864],[2.22082,49.12835],[2.2208,49.12834],[2.2204,49.12813],[2.22038,49.12812],[2.21979,49.1279],[2.21977,49.1279],[2.21963,49.12784],[2.21827,49.12764],[2.21777,49.12743],[2.21759,49.12731],[2.21748,49.12724],[2.21678,49.12675],[2.21667,49.12668],[2.21652,49.1266],[2.2164,49.12654],[2.21623,49.12646],[2.21608,49.12641],[2.21598,49.12638],[2.21588,49.12635],[2.2158,49.12633],[2.21578,49.12633],[2.21571,49.12632],[2.2151,49.12625],[2.21509,49.12626],[2.21503,49.12626],[2.21496,49.12626],[2.21489,49.12626],[2.21482,49.12626],[2.21433,49.12628],[2.21312,49.12505],[2.21308,49.12502],[2.21305,49.12499],[2.21293,49.12487],[2.21287,49.12479],[2.21272,49.12463],[2.21254,49.12441],[2.2123,49.12402],[2.21222,49.12388],[2.2121,49.12368],[2.21205,49.12358],[2.21188,49.12321],[2.21101,49.12048],[2.21087,49.11995],[2.21061,49.11899],[2.21053,49.11841],[2.21051,49.11831],[2.21052,49.11819],[2.21055,49.11756],[2.2105,49.11702],[2.21042,49.11594],[2.21032,49.11538],[2.2103,49.11526],[2.21028,49.11514],[2.21021,49.11497],[2.21013,49.11479],[2.21004,49.11461],[2.21002,49.11457],[2.20993,49.11441],[2.20982,49.11423],[2.2097,49.11402],[2.20958,49.11381],[2.20868,49.11226],[2.20844,49.11152],[2.20793,49.10999],[2.20789,49.10985],[2.20781,49.10893],[2.20794,49.10823],[2.20835,49.10668],[2.20842,49.10604],[2.20837,49.10467],[2.20836,49.10431],[2.20799,49.103],[2.20747,49.1019],[2.20743,49.10183],[2.20718,49.10109],[2.20703,49.10018],[2.20704,49.09947],[2.20721,49.09803],[2.20711,49.09737],[2.20693,49.09684],[2.20652,49.09595],[2.20629,49.0956],[2.20575,49.09504],[2.2054,49.09481],[2.20499,49.09462],[2.20415,49.09445],[2.20157,49.09445],[2.19967,49.09419],[2.19921,49.09403],[2.19872,49.09398],[2.19718,49.09054],[2.1974,49.08981],[2.19754,49.08906],[2.19745,49.0884],[2.197,49.08683],[2.19658,49.08606],[2.19635,49.08539],[2.1962,49.08443],[2.19612,49.08255],[2.19603,49.08208],[2.196,49.08181],[2.19594,49.08143],[2.1958,49.08116],[2.19553,49.08084],[2.19553,49.08083],[2.19503,49.08036],[2.19502,49.08035],[2.19411,49.07953],[2.1941,49.07952],[2.19316,49.07878],[2.19255,49.0783],[2.19217,49.07795],[2.19172,49.07737],[2.19149,49.07706],[2.19148,49.07705],[2.1911,49.07675],[2.18998,49.07612],[2.18891,49.07568],[2.18878,49.07563],[2.18871,49.0756],[2.18865,49.07558],[2.18863,49.07557],[2.1878,49.07532],[2.18778,49.07531],[2.18682,49.07487],[2.18681,49.07486],[2.1843,49.07356],[2.18411,49.07346],[2.1841,49.07346],[2.18362,49.07325],[2.18345,49.0732],[2.18007,49.07213],[2.18004,49.07212],[2.18002,49.07212],[2.17832,49.07189],[2.1783,49.07189],[2.17639,49.0714],[2.17637,49.0714],[2.17571,49.07129],[2.17569,49.07129],[2.17415,49.07125],[2.17268,49.07112],[2.17267,49.07112],[2.17262,49.07112],[2.17211,49.07113],[2.17173,49.07121],[2.17169,49.07121],[2.16827,49.07094],[2.16806,49.07078],[2.16797,49.07071],[2.16781,49.07065],[2.16719,49.07045],[2.16717,49.07044],[2.1652,49.07015],[2.16519,49.07015],[2.16383,49.06989],[2.16275,49.06968],[2.16273,49.06968],[2.16172,49.06961],[2.1617,49.06961],[2.16094,49.06964],[2.15946,49.0698],[2.15844,49.0699],[2.15678,49.07023],[2.15675,49.07023],[2.15581,49.07037],[2.1554,49.07039],[2.15431,49.07045],[2.15428,49.07046],[2.15158,49.0705],[2.15128,49.07051],[2.15119,49.07051],[2.15118,49.07051],[2.15022,49.07049],[2.14975,49.07048],[2.14973,49.07047],[2.14912,49.07044],[2.14856,49.07041],[2.14733,49.07034],[2.14721,49.07033],[2.14714,49.07032],[2.14578,49.07012],[2.14527,49.07005],[2.14526,49.07004],[2.14484,49.07001],[2.14429,49.06995],[2.14378,49.06991],[2.1436,49.06989],[2.14316,49.06985],[2.14283,49.06982],[2.14268,49.06981],[2.14129,49.06968],[2.14067,49.06963],[2.14021,49.06958],[2.13898,49.06947],[2.13858,49.06944],[2.13816,49.06935],[2.13761,49.0692],[2.1362,49.06878],[2.1355,49.06858],[2.13503,49.06844],[2.13486,49.06838],[2.13416,49.06814],[2.13396,49.06807],[2.13384,49.06804],[2.13378,49.06803],[2.13314,49.06789],[2.13196,49.06764],[2.13178,49.06761],[2.1312,49.06752],[2.13069,49.06744],[2.13068,49.06743],[2.1288,49.06672],[2.12645,49.06584],[2.1264,49.06572],[2.12639,49.06571],[2.12622,49.06557],[2.12609,49.06547],[2.12561,49.06522],[2.12516,49.06498],[2.1247,49.06474],[2.12412,49.06443],[2.12355,49.06413],[2.1235,49.0641],[2.12256,49.0636],[2.12243,49.06353],[2.1221,49.06334],[2.12166,49.06309],[2.12119,49.06282],[2.12087,49.06264],[2.12041,49.06238],[2.11996,49.06212],[2.11968,49.06196],[2.11967,49.06195],[2.11935,49.06175],[2.11903,49.06154],[2.11874,49.06135],[2.11845,49.06116],[2.11813,49.06095],[2.11798,49.06088],[2.11723,49.06051],[2.11689,49.06034],[2.11688,49.06033],[2.11657,49.06013],[2.11627,49.05994],[2.11597,49.05975],[2.11569,49.05959],[2.11568,49.05958],[2.11445,49.05896],[2.11414,49.0588],[2.11381,49.05864],[2.1138,49.05863],[2.1135,49.05843],[2.11349,49.05842],[2.11294,49.05802],[2.11283,49.05791],[2.11241,49.05752],[2.11175,49.05691],[2.10939,49.05508],[2.1091,49.05486],[2.1088,49.0546],[2.10856,49.05438],[2.10833,49.05418],[2.10805,49.05394],[2.10804,49.05394],[2.1074,49.05358],[2.10736,49.05356],[2.1073,49.05355],[2.10698,49.05349],[2.10649,49.05354],[2.10318,49.05091],[2.10313,49.05085],[2.10201,49.04977],[2.10198,49.04973],[2.10188,49.04962],[2.10159,49.04928],[2.09992,49.04731],[2.09963,49.04707],[2.09687,49.04367],[2.09678,49.0434],[2.09661,49.04311],[2.09624,49.04247],[2.0961,49.04221],[2.09532,49.04027],[2.09524,49.03991],[2.09516,49.03953],[2.09507,49.03914],[2.09498,49.03872],[2.09492,49.03846],[2.09485,49.0382],[2.09482,49.03807],[2.09452,49.03725],[2.09376,49.03546],[2.09355,49.03498],[2.09272,49.03356],[2.09256,49.03329],[2.09242,49.03304],[2.09208,49.03256],[2.09149,49.03173],[2.09109,49.03116],[2.09065,49.03053],[2.09041,49.03028],[2.08985,49.02968],[2.08966,49.02932],[2.08961,49.02922],[2.08935,49.0289],[2.08911,49.02861],[2.08874,49.02792],[2.08825,49.02727],[2.08814,49.02716],[2.08753,49.02654],[2.08745,49.02645],[2.08703,49.02589],[2.08675,49.02553],[2.08553,49.02516],[2.08498,49.02501],[2.08399,49.02478],[2.08389,49.02477],[2.08276,49.02465],[2.08185,49.02455],[2.08168,49.02454],[2.08104,49.0245],[2.08088,49.02449],[2.0808,49.0245],[2.07895,49.02479],[2.07751,49.02505],[2.07557,49.02541],[2.07296,49.02589],[2.06945,49.02764],[2.06818,49.02823],[2.067,49.02876],[2.06583,49.02951],[2.06484,49.03027],[2.06433,49.03052],[2.06275,49.03116],[2.0619,49.03168],[2.06141,49.0321],[2.06047,49.0331],[2.05899,49.03518],[2.05863,49.03583],[2.05825,49.03679],[2.05809,49.03776],[2.05781,49.03888],[2.05736,49.03968],[2.05705,49.04],[2.05647,49.04046],[2.05555,49.04096],[2.05483,49.04126],[2.05479,49.04128],[2.054,49.04154],[2.0532,49.04173],[2.05317,49.04174],[2.05254,49.04189],[2.05154,49.04204],[2.05058,49.04212],[2.04977,49.04205],[2.0491,49.04199],[2.04867,49.04191],[2.04863,49.0419],[2.04861,49.04189],[2.04714,49.04127],[2.04616,49.04097],[2.04531,49.0406],[2.04397,49.04015],[2.04168,49.03922],[2.04154,49.03916],[2.04055,49.03858],[2.03836,49.03741],[2.03716,49.03688],[2.03633,49.03639],[2.03593,49.03609],[2.03527,49.03543],[2.03506,49.03511],[2.03464,49.03413],[2.03454,49.03381],[2.03435,49.03157],[2.03466,49.03028],[2.03496,49.02964],[2.03607,49.02815],[2.03665,49.02739],[2.03694,49.02707],[2.03772,49.0264],[2.03865,49.02531],[2.03943,49.02451],[2.03995,49.02408],[2.04058,49.02371],[2.04087,49.02339],[2.04148,49.02209],[2.04186,49.0216],[2.04277,49.02096],[2.04364,49.02049],[2.04414,49.02007],[2.04524,49.01937],[2.04633,49.01848],[2.04694,49.01808],[2.04871,49.01713],[2.0509,49.01584],[2.05198,49.01507],[2.05346,49.01386],[2.05445,49.01297],[2.05593,49.01191],[2.05634,49.01122],[2.05529,49.00949],[2.05588,49.00835],[2.05695,49.00684],[2.05775,49.00583],[2.05745,49.00575],[2.05752,49.00565],[2.05731,49.00552],[2.05696,49.00538],[2.05647,49.00528],[2.05622,49.00525],[2.05541,49.00524],[2.05491,49.0052],[2.05463,49.00514],[2.05391,49.00489],[2.05321,49.00446],[2.05278,49.0043],[2.05245,49.00426],[2.05221,49.00417],[2.05141,49.00395],[2.05105,49.00381],[2.04992,49.00304],[2.04975,49.00296],[2.04988,49.00262],[2.04938,49.00257],[2.04811,49.00232],[2.04738,49.00214],[2.0467,49.00192],[2.04498,49.00133],[2.04356,49.00078],[2.04279,49.00059],[2.04263,49.00073],[2.04166,49.00132],[2.04146,49.00138],[2.04088,49.00136],[2.03987,49.00136],[2.03899,49.00141],[2.03789,49.00153],[2.03702,49.00166],[2.03662,49.00169],[2.03598,49.0017],[2.03493,49.00168],[2.03443,49.00169],[2.03064,49.00167],[2.02994,49.00174],[2.02933,49.00175],[2.02909,49.00174],[2.02862,49.00166],[2.02828,49.00156],[2.02759,49.00131],[2.02685,49.00097],[2.02589,49.00041],[2.02605,48.99984],[2.02507,48.99903],[2.02365,48.99795],[2.02357,48.99801],[2.02196,48.99875],[2.0212,48.99903],[2.02072,48.9992],[2.01878,48.99979],[2.01713,49.00026],[2.0145,49.0011],[2.01415,49.00117],[2.01329,49.00127],[2.01281,49.00184],[2.01266,49.00205],[2.01187,49.00359],[2.01195,49.00414],[2.01198,49.00459],[2.01014,49.00592],[2.00954,49.00637],[2.00844,49.00731],[2.00728,49.00836],[2.0067,49.0089],[2.00618,49.00936],[2.00576,49.00962],[2.00524,49.00991],[2.00486,49.01009],[2.00452,49.01019],[2.0027,49.01176],[2.00205,49.01234],[2.00145,49.01284],[1.99621,49.01739],[1.99415,49.01922],[1.99372,49.01964],[1.99219,49.02104],[1.99168,49.021],[1.98966,49.02064],[1.98902,49.02051],[1.98815,49.02031],[1.9863,49.01985],[1.98606,49.0198],[1.98347,49.01936],[1.98268,49.01924],[1.98212,49.01918],[1.97994,49.01896],[1.97966,49.01894],[1.97916,49.01895],[1.97883,49.01898],[1.97413,49.01948],[1.97352,49.01982],[1.97252,49.02057],[1.96979,49.02139],[1.96921,49.02159],[1.96905,49.02169],[1.96882,49.02177],[1.96812,49.02212],[1.96757,49.02228],[1.96714,49.02245],[1.96685,49.02258],[1.96671,49.02274],[1.96669,49.02287],[1.96569,49.0239],[1.96539,49.02409],[1.96531,49.02421],[1.96471,49.02477],[1.96428,49.02525],[1.96406,49.02539],[1.96372,49.02496],[1.96345,49.02467],[1.96325,49.02451],[1.96272,49.02425],[1.96232,49.02408],[1.96204,49.02393],[1.96188,49.0238],[1.96176,49.02365],[1.96156,49.02326],[1.96135,49.02314],[1.96028,49.02309],[1.96011,49.02305],[1.9599,49.02294],[1.95941,49.02262],[1.95932,49.02252],[1.9587,49.02227],[1.95836,49.02217],[1.95807,49.02213],[1.95787,49.02207],[1.95732,49.02194],[1.95673,49.02182],[1.9562,49.02217],[1.95595,49.02237],[1.95542,49.0229],[1.95528,49.02326],[1.95499,49.0242],[1.9549,49.02472],[1.95476,49.02473],[1.9544,49.02467],[1.95237,49.02451],[1.95121,49.02447],[1.94952,49.02429],[1.94941,49.02516],[1.94919,49.02587],[1.94869,49.02582],[1.9486,49.02615],[1.94848,49.02634],[1.94847,49.0265],[1.94819,49.02654],[1.9472,49.02659],[1.94644,49.02648],[1.94574,49.026],[1.94539,49.0257],[1.9451,49.02513],[1.94446,49.02379],[1.94396,49.02394],[1.94294,49.02399],[1.94262,49.02399],[1.94229,49.02393],[1.94203,49.02377],[1.94167,49.02363],[1.94119,49.02351],[1.94071,49.02326],[1.94022,49.02294],[1.93968,49.02253],[1.93924,49.0223],[1.93868,49.02209],[1.93814,49.02192],[1.93789,49.02189],[1.93782,49.02191],[1.93745,49.02222],[1.93703,49.02266],[1.9366,49.02306],[1.93611,49.0236],[1.93532,49.02442],[1.93488,49.02482],[1.93428,49.02562],[1.93445,49.02572],[1.93337,49.02676],[1.93311,49.02669],[1.93305,49.02678],[1.93227,49.02781],[1.93148,49.02845],[1.93123,49.02837],[1.93054,49.02902],[1.93001,49.02946],[1.92988,49.02954],[1.9279,49.0312],[1.92749,49.03155],[1.92669,49.03221],[1.92513,49.03325],[1.9235,49.03504],[1.92298,49.03482],[1.92254,49.03521],[1.92233,49.03505],[1.918,49.03744],[1.91837,49.03796],[1.91824,49.03807],[1.91649,49.03961],[1.9158,49.03989],[1.9148,49.04035],[1.91232,49.04147],[1.91276,49.04243],[1.9129,49.0428],[1.9132,49.04388],[1.91368,49.04482],[1.91405,49.04564],[1.91413,49.04578],[1.91352,49.0459],[1.91302,49.04607],[1.91258,49.04619],[1.9119,49.04644],[1.91081,49.04693],[1.9088,49.0479],[1.90862,49.04801],[1.90846,49.04818],[1.90572,49.04716],[1.90602,49.04677],[1.90644,49.04626],[1.90659,49.04611],[1.90472,49.04534],[1.90357,49.04485],[1.90292,49.04452],[1.90082,49.04335],[1.90176,49.04221],[1.89988,49.04166],[1.89827,49.04122],[1.89615,49.04061],[1.89485,49.04026],[1.89392,49.04002],[1.8929,49.03977],[1.89129,49.03937],[1.89114,49.03931],[1.89178,49.03887],[1.89248,49.03842],[1.89417,49.03729],[1.89307,49.03695],[1.89077,49.03628],[1.89048,49.03621],[1.88841,49.03582],[1.88763,49.03564],[1.88699,49.03541],[1.88646,49.03518],[1.88578,49.03486],[1.88389,49.034],[1.88328,49.03371],[1.88456,49.03131],[1.88439,49.03113],[1.88457,49.03105],[1.88389,49.03024],[1.88339,49.02964],[1.88308,49.02923],[1.88227,49.02823],[1.88215,49.02777],[1.88172,49.02606],[1.88165,49.02564],[1.88169,49.0251],[1.88172,49.0229],[1.88174,49.01973],[1.8812,49.01983],[1.88047,49.01992],[1.87986,49.01999],[1.87953,49.01995],[1.87941,49.01991],[1.87891,49.01988],[1.87856,49.01982],[1.87797,49.01958]]],[[[2.3702,49.15712],[2.37025,49.15725],[2.37039,49.15738],[2.3705,49.15766],[2.37041,49.15785],[2.37034,49.15791],[2.37052,49.15848],[2.37073,49.15852],[2.37107,49.15897],[2.37238,49.15925],[2.3732,49.15925],[2.37286,49.15946],[2.37307,49.15945],[2.37331,49.15937],[2.37381,49.15921],[2.37403,49.15917],[2.37435,49.15917],[2.37471,49.15922],[2.37503,49.15924],[2.37582,49.15913],[2.37636,49.15904],[2.37799,49.15853],[2.37872,49.15826],[2.37898,49.1582],[2.37963,49.15818],[2.37998,49.15815],[2.38046,49.15804],[2.38082,49.15787],[2.38102,49.15772],[2.38143,49.15733],[2.38215,49.15668],[2.38342,49.1556],[2.3835,49.15551],[2.38511,49.15422],[2.38644,49.15314],[2.38971,49.15052],[2.39097,49.14949],[2.3912,49.14931],[2.3913,49.14931],[2.39227,49.14948],[2.39501,49.14994],[2.39706,49.15029],[2.39788,49.15044],[2.39989,49.15078],[2.40002,49.15075],[2.40034,49.15078],[2.40072,49.15093],[2.40128,49.15109],[2.40176,49.15126],[2.40249,49.15147],[2.40275,49.15152],[2.40428,49.1519],[2.40475,49.15196],[2.40548,49.15204],[2.40668,49.15211],[2.40846,49.15219],[2.41006,49.15228],[2.4116,49.15234],[2.41312,49.15242],[2.41476,49.15201],[2.41561,49.15178],[2.41554,49.14989],[2.41582,49.14988],[2.417,49.1497],[2.41718,49.1497],[2.4175,49.14981],[2.41793,49.14964],[2.41812,49.1496],[2.41852,49.1496],[2.41907,49.14958],[2.41954,49.14945],[2.41985,49.14947],[2.4204,49.14958],[2.42087,49.14954],[2.42122,49.14958],[2.42171,49.14951],[2.42207,49.14938],[2.42223,49.14941],[2.42253,49.14957],[2.42272,49.1496],[2.42303,49.14959],[2.42388,49.14948],[2.42406,49.14947],[2.42454,49.14955],[2.4247,49.14955],[2.42567,49.14944],[2.42622,49.14935],[2.42669,49.14921],[2.42706,49.14916],[2.42766,49.14913],[2.42851,49.14895],[2.4291,49.14885],[2.42967,49.14868],[2.42983,49.14866],[2.4302,49.14856],[2.43072,49.14851],[2.43121,49.14843],[2.43159,49.14831],[2.43198,49.14833],[2.43247,49.14816],[2.43272,49.1482],[2.43343,49.1481],[2.43384,49.14799],[2.43414,49.14777],[2.4351,49.14772],[2.43526,49.14769],[2.43554,49.14738],[2.43573,49.14726],[2.4362,49.14708],[2.43669,49.14698],[2.43683,49.14692],[2.43711,49.14667],[2.43759,49.14651],[2.43808,49.14641],[2.43844,49.14636],[2.43968,49.14637],[2.4403,49.14614],[2.44078,49.14591],[2.44039,49.14481],[2.4389,49.14164],[2.43804,49.13963],[2.43756,49.13861],[2.43674,49.13663],[2.43571,49.13448],[2.43548,49.13405],[2.43576,49.13412],[2.43657,49.13427],[2.43722,49.13438],[2.43755,49.13441],[2.43842,49.13428],[2.43895,49.13428],[2.44,49.13416],[2.4403,49.13418],[2.44095,49.13444],[2.44202,49.1349],[2.44313,49.13514],[2.4444,49.13535],[2.44504,49.13544],[2.44627,49.13567],[2.44689,49.13583],[2.4477,49.13601],[2.44858,49.13638],[2.44896,49.13658],[2.45023,49.13721],[2.45122,49.13757],[2.45155,49.13766],[2.45195,49.13781],[2.45374,49.13861],[2.45358,49.13881],[2.45386,49.13901],[2.45435,49.1393],[2.4548,49.1395],[2.45528,49.13974],[2.45592,49.14],[2.45643,49.14028],[2.45696,49.14054],[2.45745,49.14062],[2.45794,49.14082],[2.45854,49.14081],[2.45858,49.14078],[2.45887,49.1409],[2.45893,49.14085],[2.46246,49.13926],[2.46114,49.13674],[2.46119,49.13676],[2.46129,49.13614],[2.46484,49.13625],[2.4648,49.1361],[2.46522,49.13611],[2.46662,49.1361],[2.46759,49.1361],[2.46763,49.13605],[2.46756,49.13501],[2.46884,49.13491],[2.46883,49.13473],[2.4695,49.13468],[2.46971,49.13529],[2.4701,49.1352],[2.47063,49.13504],[2.47081,49.1353],[2.47119,49.13526],[2.47154,49.1354],[2.47175,49.13508],[2.4725,49.13422],[2.47295,49.13369],[2.47456,49.13185],[2.47486,49.13151],[2.4753,49.13098],[2.47751,49.13098],[2.47616,49.12944],[2.47531,49.12846],[2.47535,49.12845],[2.47676,49.12812],[2.48325,49.12661],[2.48729,49.12565],[2.48731,49.12565],[2.48957,49.12501],[2.49439,49.1236],[2.49653,49.12297],[2.49783,49.12259],[2.49908,49.12224],[2.49913,49.12216],[2.49982,49.12138],[2.50231,49.11852],[2.50297,49.11777],[2.50301,49.11767],[2.49827,49.11514],[2.49184,49.11173],[2.49122,49.11142],[2.49142,49.11108],[2.49137,49.11042],[2.49126,49.11011],[2.49095,49.10882],[2.49077,49.10822],[2.4904,49.10721],[2.49007,49.10625],[2.49101,49.10614],[2.49165,49.10603],[2.49384,49.10551],[2.49492,49.10542],[2.49558,49.10538],[2.49665,49.1052],[2.49807,49.10507],[2.49899,49.10491],[2.49906,49.10484],[2.49909,49.10448],[2.50007,49.10448],[2.50266,49.10409],[2.5039,49.1039],[2.50465,49.10381],[2.50505,49.10376],[2.50613,49.10373],[2.50707,49.10384],[2.50782,49.10363],[2.50809,49.10358],[2.50879,49.10354],[2.50981,49.10359],[2.51005,49.10372],[2.51039,49.1043],[2.51163,49.10405],[2.51287,49.10377],[2.51418,49.10348],[2.51483,49.10335],[2.51583,49.10309],[2.51625,49.10293],[2.51711,49.10274],[2.51781,49.10257],[2.52014,49.102],[2.52133,49.10175],[2.52335,49.10137],[2.52512,49.10102],[2.52546,49.10093],[2.52678,49.10088],[2.52699,49.10085],[2.5273,49.10075],[2.52821,49.1004],[2.52979,49.09992],[2.53126,49.09946],[2.53181,49.10545],[2.53205,49.10831],[2.53216,49.10955],[2.53236,49.11208],[2.53251,49.11356],[2.53277,49.11712],[2.53283,49.11811],[2.53294,49.11914],[2.53296,49.11951],[2.53427,49.11954],[2.53461,49.11959],[2.53474,49.11966],[2.53486,49.11964],[2.5362,49.11995],[2.53675,49.12011],[2.53791,49.12133],[2.53852,49.12176],[2.53858,49.12174],[2.53904,49.12184],[2.54046,49.12203],[2.54076,49.12208],[2.54207,49.12225],[2.54216,49.12222],[2.54406,49.12127],[2.54398,49.1201],[2.54241,49.1193],[2.54121,49.11928],[2.53911,49.11934],[2.53774,49.11779],[2.53773,49.11768],[2.5393,49.11756],[2.53956,49.11644],[2.5405,49.11652],[2.54161,49.11664],[2.54239,49.11657],[2.54391,49.11646],[2.54536,49.11638],[2.54703,49.11636],[2.54713,49.11638],[2.54711,49.11702],[2.54713,49.11714],[2.54735,49.1176],[2.54744,49.11785],[2.54769,49.1188],[2.5477,49.11958],[2.54768,49.12035],[2.54877,49.12147],[2.54923,49.12188],[2.54991,49.12255],[2.55114,49.1231],[2.55155,49.1233],[2.55331,49.12456],[2.55472,49.12427],[2.55573,49.12407],[2.55635,49.12396],[2.55694,49.12373],[2.557,49.12343],[2.557,49.12185],[2.55686,49.12134],[2.55622,49.11904],[2.55602,49.11856],[2.5557,49.11811],[2.55545,49.11781],[2.55594,49.11765],[2.55511,49.11681],[2.55501,49.11673],[2.55391,49.11525],[2.5536,49.11483],[2.55295,49.11398],[2.5524,49.11408],[2.55197,49.11301],[2.55175,49.11243],[2.55232,49.11194],[2.55254,49.11162],[2.55272,49.11141],[2.55292,49.11107],[2.55343,49.11053],[2.55492,49.10944],[2.55547,49.10905],[2.55595,49.10937],[2.55693,49.10688],[2.55678,49.10686],[2.55719,49.1059],[2.55753,49.1054],[2.55763,49.10515],[2.55782,49.10458],[2.55793,49.10428],[2.55793,49.10335],[2.55794,49.10285],[2.55767,49.10226],[2.55909,49.102],[2.55878,49.10155],[2.55882,49.10148],[2.5576,49.10098],[2.5581,49.10035],[2.55753,49.10023],[2.55789,49.09975],[2.5585,49.09915],[2.55793,49.09872],[2.55959,49.09754],[2.55991,49.09777],[2.56038,49.09741],[2.56034,49.09736],[2.56089,49.09699],[2.56235,49.09778],[2.56341,49.09714],[2.56396,49.09657],[2.56426,49.0963],[2.56496,49.09527],[2.56522,49.09486],[2.56702,49.09409],[2.5679,49.09476],[2.56897,49.09432],[2.56925,49.09465],[2.56959,49.09494],[2.57044,49.09457],[2.57102,49.09513],[2.5711,49.09511],[2.57272,49.09443],[2.57293,49.09428],[2.57214,49.09338],[2.5735,49.09343],[2.57383,49.09346],[2.57435,49.09343],[2.57465,49.09338],[2.57507,49.09317],[2.57625,49.09277],[2.57654,49.09264],[2.57698,49.09263],[2.57709,49.0926],[2.57763,49.09236],[2.57808,49.09214],[2.57858,49.09198],[2.57872,49.09174],[2.57893,49.09159],[2.57911,49.09156],[2.57897,49.09141],[2.57883,49.09118],[2.5789,49.09107],[2.57917,49.09081],[2.57906,49.09076],[2.58013,49.08984],[2.57973,49.0895],[2.57835,49.08832],[2.57774,49.08782],[2.57981,49.08679],[2.58018,49.08677],[2.58043,49.0867],[2.58008,49.08632],[2.5793,49.08569],[2.57922,49.08494],[2.5789,49.0844],[2.57903,49.08436],[2.5789,49.08425],[2.58022,49.08383],[2.58047,49.08372],[2.58066,49.08352],[2.58174,49.08309],[2.58269,49.08245],[2.58298,49.08067],[2.58336,49.08075],[2.58356,49.07982],[2.5847,49.07993],[2.58467,49.08037],[2.58641,49.08055],[2.58661,49.07983],[2.59025,49.08004],[2.5903,49.0799],[2.59019,49.0798],[2.58989,49.07941],[2.58973,49.07912],[2.58972,49.07897],[2.59011,49.07806],[2.59013,49.07787],[2.58999,49.0778],[2.58965,49.0777],[2.58922,49.07754],[2.58905,49.07743],[2.58886,49.07722],[2.58836,49.07673],[2.5874,49.07623],[2.58714,49.07601],[2.58711,49.07578],[2.58697,49.07562],[2.58657,49.075],[2.58643,49.07468],[2.58597,49.07407],[2.58579,49.07364],[2.58553,49.07329],[2.58533,49.07285],[2.58506,49.07239],[2.58486,49.07207],[2.58481,49.07193],[2.58455,49.07171],[2.58401,49.07115],[2.58381,49.07085],[2.58328,49.07019],[2.58298,49.06984],[2.58269,49.06956],[2.58235,49.06929],[2.58172,49.06886],[2.5813,49.0686],[2.58044,49.06803],[2.57946,49.06743],[2.5787,49.067],[2.57834,49.06678],[2.57814,49.0667],[2.57754,49.06619],[2.5766,49.06577],[2.57662,49.06574],[2.5755,49.06498],[2.57531,49.06467],[2.57506,49.06436],[2.57451,49.06389],[2.57355,49.06292],[2.57305,49.06238],[2.57256,49.06191],[2.57138,49.06094],[2.57095,49.06058],[2.57149,49.05952],[2.57172,49.05902],[2.57192,49.05867],[2.57229,49.05808],[2.57304,49.05676],[2.57334,49.05604],[2.57408,49.05431],[2.57537,49.0546],[2.57618,49.05481],[2.5767,49.05496],[2.57725,49.05514],[2.57852,49.05562],[2.57903,49.0558],[2.57942,49.0559],[2.58029,49.05609],[2.58077,49.05622],[2.58286,49.05694],[2.58448,49.05752],[2.58497,49.05774],[2.58571,49.05805],[2.58647,49.05692],[2.5859,49.05662],[2.58672,49.05586],[2.58572,49.05536],[2.58473,49.05362],[2.58456,49.05334],[2.58476,49.05293],[2.58451,49.05283],[2.58538,49.05208],[2.58579,49.0517],[2.58654,49.05104],[2.58695,49.05072],[2.58795,49.04996],[2.58828,49.0498],[2.59066,49.04907],[2.59174,49.0487],[2.59335,49.0482],[2.595,49.04775],[2.59465,49.04738],[2.59454,49.04724],[2.59416,49.04714],[2.59311,49.04716],[2.59252,49.04714],[2.59168,49.04714],[2.59108,49.04717],[2.58945,49.0472],[2.58879,49.0472],[2.5887,49.04717],[2.58853,49.04702],[2.58662,49.04698],[2.58478,49.04705],[2.58385,49.04708],[2.58215,49.04697],[2.58187,49.04694],[2.58025,49.04672],[2.57821,49.04663],[2.57738,49.04668],[2.57714,49.04668],[2.57701,49.04643],[2.57691,49.04637],[2.57631,49.04582],[2.5753,49.04477],[2.57446,49.044],[2.57378,49.0435],[2.57253,49.04237],[2.57208,49.04195],[2.5715,49.04137],[2.57075,49.04067],[2.57035,49.04037],[2.56933,49.03958],[2.56944,49.03952],[2.56793,49.03909],[2.56842,49.03788],[2.56869,49.03727],[2.56884,49.03728],[2.56969,49.03536],[2.56879,49.03524],[2.56879,49.03511],[2.56864,49.03382],[2.56873,49.03281],[2.56702,49.03246],[2.56705,49.03211],[2.56625,49.0321],[2.56629,49.03021],[2.56585,49.03014],[2.56594,49.02937],[2.56601,49.02859],[2.56403,49.02845],[2.56465,49.02798],[2.56464,49.02797],[2.56333,49.02782],[2.56309,49.02776],[2.56238,49.0274],[2.56216,49.02738],[2.5617,49.02718],[2.56077,49.02686],[2.5601,49.02668],[2.5595,49.02648],[2.55911,49.02624],[2.55859,49.02589],[2.55851,49.02581],[2.55711,49.02581],[2.55711,49.02569],[2.556,49.02561],[2.55263,49.02534],[2.55247,49.02523],[2.55176,49.02496],[2.55005,49.02436],[2.54925,49.02408],[2.54753,49.02347],[2.54641,49.02309],[2.54597,49.02297],[2.54529,49.02291],[2.54526,49.02238],[2.54368,49.02238],[2.54185,49.02238],[2.5412,49.02238],[2.54119,49.02322],[2.53884,49.02342],[2.537,49.02358],[2.5357,49.02374],[2.53494,49.02383],[2.53466,49.02171],[2.5354,49.02165],[2.53535,49.02068],[2.53476,49.01985],[2.53445,49.01986],[2.53428,49.01852],[2.53633,49.01844],[2.53737,49.01846],[2.53743,49.01821],[2.5379,49.01644],[2.53792,49.01644],[2.53832,49.01516],[2.53809,49.01509],[2.53834,49.01426],[2.53881,49.01264],[2.54027,49.01167],[2.54074,49.01141],[2.54125,49.0115],[2.54226,49.01167],[2.54272,49.01172],[2.54485,49.01197],[2.54474,49.01369],[2.54522,49.01368],[2.54506,49.01469],[2.54885,49.01494],[2.54908,49.01495],[2.54936,49.01339],[2.55009,49.01198],[2.55337,49.01191],[2.55349,49.01088],[2.55349,49.01055],[2.55346,49.01014],[2.55308,49.00678],[2.55207,49.00676],[2.54882,49.0067],[2.54926,49.00316],[2.54808,49.00309],[2.54782,49.00505],[2.54694,49.00502],[2.54695,49.00492],[2.54551,49.00483],[2.54505,49.00481],[2.54408,49.00475],[2.54404,49.00564],[2.54115,49.00566],[2.5412,49.00629],[2.53839,49.00622],[2.53838,49.00532],[2.53573,49.00525],[2.53548,49.00659],[2.53443,49.00625],[2.53219,49.00524],[2.53107,49.00311],[2.5302,49.0023],[2.53048,49.00198],[2.53044,49.00191],[2.52964,49.002],[2.52915,49.00043],[2.52787,49.00045],[2.52441,48.99625],[2.52323,48.99425],[2.52278,48.99214],[2.52045,48.99228],[2.52015,48.9911],[2.51892,48.99095],[2.51914,48.98854],[2.5192,48.98784],[2.51692,48.98761],[2.51701,48.98611],[2.51656,48.98613],[2.51622,48.9861],[2.51226,48.98605],[2.51426,48.98294],[2.51449,48.98265],[2.51455,48.98249],[2.51472,48.98223],[2.51053,48.98062],[2.51074,48.98038],[2.50923,48.97982],[2.50882,48.98059],[2.50634,48.98031],[2.50672,48.97988],[2.50486,48.97879],[2.504,48.97932],[2.50376,48.97947],[2.50188,48.97853],[2.50037,48.97771],[2.50076,48.97747],[2.50211,48.97657],[2.50101,48.97603],[2.50024,48.97561],[2.50049,48.97544],[2.49835,48.97521],[2.49761,48.97509],[2.49724,48.97506],[2.49579,48.97505],[2.49796,48.97386],[2.4973,48.97338],[2.49618,48.9726],[2.49249,48.97459],[2.49091,48.97335],[2.4907,48.97318],[2.48832,48.9713],[2.49026,48.97007],[2.48677,48.96726],[2.48383,48.96832],[2.48151,48.96958],[2.48077,48.96981],[2.47928,48.96811],[2.47883,48.9675],[2.47853,48.96761],[2.4778,48.9667],[2.47503,48.96767],[2.4731,48.96587],[2.47059,48.96394],[2.4695,48.96302],[2.46735,48.96431],[2.46425,48.96124],[2.4634,48.96031],[2.46295,48.95975],[2.4626,48.95954],[2.4622,48.95923],[2.46114,48.95854],[2.46083,48.95847],[2.46072,48.9584],[2.46057,48.95817],[2.46047,48.95786],[2.46034,48.95731],[2.46018,48.95699],[2.4602,48.9568],[2.4603,48.95656],[2.46014,48.95615],[2.45959,48.95527],[2.45949,48.95505],[2.45901,48.95513],[2.45766,48.95553],[2.45675,48.95573],[2.45588,48.95567],[2.45418,48.95566],[2.45384,48.95562],[2.45319,48.95548],[2.4529,48.95534],[2.45263,48.95529],[2.45147,48.95515],[2.45105,48.95505],[2.45031,48.95494],[2.45004,48.95497],[2.44923,48.95511],[2.44891,48.95524],[2.44857,48.95547],[2.44801,48.95594],[2.44749,48.95578],[2.44518,48.95674],[2.44502,48.95673],[2.44479,48.95657],[2.44457,48.95672],[2.44446,48.95664],[2.44403,48.95672],[2.44392,48.9567],[2.44383,48.95653],[2.44374,48.95651],[2.44349,48.95661],[2.44333,48.9565],[2.44277,48.95655],[2.44227,48.95652],[2.44185,48.95656],[2.44165,48.95642],[2.44116,48.9564],[2.44081,48.95625],[2.43982,48.95603],[2.43913,48.95586],[2.43807,48.95578],[2.43709,48.95575],[2.43682,48.9556],[2.43648,48.95544],[2.43616,48.95539],[2.43593,48.95512],[2.43577,48.95508],[2.43564,48.95519],[2.43564,48.95543],[2.43538,48.95546],[2.43531,48.95563],[2.43502,48.95566],[2.43435,48.9559],[2.4341,48.95594],[2.43393,48.95641],[2.43376,48.95659],[2.43339,48.95676],[2.43318,48.95678],[2.43303,48.95716],[2.43285,48.9572],[2.43283,48.95742],[2.43264,48.9574],[2.43263,48.95756],[2.43247,48.95759],[2.43178,48.95774],[2.4316,48.9578],[2.43137,48.95794],[2.43103,48.95806],[2.4307,48.95814],[2.43041,48.95825],[2.43002,48.95833],[2.42988,48.95856],[2.42931,48.95866],[2.42902,48.95891],[2.42884,48.959],[2.4285,48.95903],[2.42823,48.95925],[2.42804,48.95923],[2.42736,48.95933],[2.42702,48.95941],[2.42653,48.95938],[2.42584,48.9594],[2.42565,48.95934],[2.42542,48.95915],[2.42532,48.95911],[2.42499,48.95914],[2.42444,48.95905],[2.42351,48.95897],[2.4227,48.95889],[2.42239,48.95882],[2.42225,48.95875],[2.4216,48.95853],[2.41881,48.95771],[2.41839,48.95759],[2.41841,48.95793],[2.4183,48.95825],[2.41779,48.95942],[2.41744,48.95952],[2.417,48.95933],[2.41609,48.95888],[2.41579,48.95875],[2.41536,48.95849],[2.41494,48.95826],[2.41366,48.958],[2.41369,48.95774],[2.41249,48.95772],[2.4109,48.95797],[2.40967,48.95787],[2.40984,48.95704],[2.40958,48.95693],[2.40834,48.95729],[2.40792,48.9568],[2.40736,48.95609],[2.40482,48.95743],[2.40329,48.95809],[2.40254,48.95796],[2.3989,48.95961],[2.39749,48.96055],[2.39736,48.96067],[2.39667,48.96112],[2.39654,48.96109],[2.39612,48.96142],[2.39541,48.96183],[2.39432,48.96254],[2.39456,48.96271],[2.39397,48.9631],[2.39356,48.96343],[2.39333,48.96359],[2.3933,48.96365],[2.39285,48.96403],[2.3925,48.96437],[2.39224,48.96455],[2.39178,48.96474],[2.39113,48.96509],[2.39099,48.96502],[2.39024,48.96556],[2.38803,48.96725],[2.38786,48.96735],[2.38621,48.96875],[2.3861,48.96886],[2.38459,48.97016],[2.38416,48.97113],[2.38244,48.97123],[2.38228,48.97124],[2.37872,48.97169],[2.37573,48.97207],[2.37254,48.97237],[2.3717,48.97253],[2.36943,48.97292],[2.36888,48.97303],[2.36597,48.97401],[2.36574,48.97403],[2.36556,48.97369],[2.36552,48.97354],[2.36529,48.97309],[2.36265,48.97366],[2.36267,48.97372],[2.36227,48.9738],[2.36172,48.97397],[2.36156,48.97389],[2.36129,48.9735],[2.36112,48.97335],[2.36081,48.97299],[2.36049,48.97269],[2.36009,48.97248],[2.36,48.9725],[2.35953,48.97269],[2.35899,48.97287],[2.3582,48.97182],[2.35793,48.9714],[2.35751,48.97083],[2.35642,48.9691],[2.35656,48.96897],[2.35693,48.96878],[2.35676,48.96866],[2.35653,48.96843],[2.35536,48.96744],[2.3548,48.9669],[2.35393,48.96576],[2.35365,48.96583],[2.35347,48.96562],[2.35257,48.96572],[2.35232,48.96578],[2.35201,48.96591],[2.35177,48.96606],[2.35164,48.96619],[2.3516,48.96633],[2.35158,48.96662],[2.35052,48.96702],[2.35,48.96713],[2.34916,48.96735],[2.3485,48.9675],[2.34832,48.96752],[2.34729,48.9677],[2.34708,48.96766],[2.34591,48.96797],[2.3455,48.96807],[2.34508,48.96819],[2.34466,48.96819],[2.34445,48.96823],[2.34387,48.96842],[2.33987,48.96255],[2.33939,48.9627],[2.33893,48.96292],[2.33842,48.96222],[2.33797,48.96163],[2.33746,48.96091],[2.33764,48.96072],[2.33798,48.96023],[2.33808,48.96007],[2.33699,48.95868],[2.3369,48.95858],[2.33651,48.95805],[2.33636,48.95774],[2.33622,48.95765],[2.33605,48.95746],[2.33564,48.95712],[2.33552,48.95714],[2.33535,48.95703],[2.33511,48.95679],[2.33506,48.95681],[2.33455,48.95631],[2.33427,48.95605],[2.33402,48.95617],[2.33364,48.95565],[2.33336,48.95532],[2.33215,48.9563],[2.3308,48.95737],[2.33025,48.95779],[2.32922,48.95847],[2.32792,48.95952],[2.32574,48.95841],[2.32533,48.95826],[2.32299,48.9576],[2.32269,48.95753],[2.32062,48.95813],[2.31987,48.95845],[2.31977,48.95847],[2.31909,48.95894],[2.31884,48.95905],[2.31795,48.95953],[2.31628,48.96048],[2.31561,48.96088],[2.3134,48.96212],[2.31305,48.96233],[2.313,48.96241],[2.31098,48.96216],[2.31089,48.962],[2.31069,48.96187],[2.31037,48.96175],[2.31018,48.96195],[2.30984,48.96222],[2.30935,48.9627],[2.30913,48.96316],[2.30894,48.96351],[2.30838,48.9633],[2.30752,48.96293],[2.30714,48.96274],[2.30677,48.963],[2.30509,48.96222],[2.30354,48.96367],[2.3031,48.96404],[2.3019,48.96494],[2.3015,48.96527],[2.30115,48.96547],[2.3005,48.96573],[2.30046,48.9657],[2.30007,48.96585],[2.29922,48.96615],[2.29888,48.9663],[2.29856,48.96616],[2.29491,48.96421],[2.29272,48.96304],[2.29209,48.96273],[2.29033,48.96171],[2.28923,48.95993],[2.28893,48.95943],[2.28833,48.95838],[2.28963,48.95603],[2.29132,48.95306],[2.29114,48.95304],[2.29076,48.95299],[2.29037,48.95293],[2.28994,48.95286],[2.28907,48.95272],[2.28754,48.95247],[2.28592,48.95221],[2.28519,48.95208],[2.28481,48.95202],[2.28446,48.95195],[2.28412,48.95189],[2.2838,48.95182],[2.28358,48.95177],[2.28335,48.95172],[2.28285,48.9516],[2.28237,48.95149],[2.28146,48.95125],[2.28138,48.95124],[2.28126,48.95121],[2.28096,48.95113],[2.28072,48.95107],[2.28017,48.95094],[2.27955,48.95081],[2.27895,48.95067],[2.27741,48.95034],[2.27657,48.95015],[2.27613,48.95005],[2.27572,48.94995],[2.27533,48.94985],[2.27495,48.94976],[2.2741,48.94954],[2.27335,48.94934],[2.27267,48.94915],[2.27203,48.94897],[2.27141,48.94879],[2.27083,48.94862],[2.27027,48.94844],[2.26974,48.94827],[2.26936,48.94814],[2.26894,48.94799],[2.26854,48.94784],[2.26764,48.9475],[2.26721,48.94734],[2.26684,48.94721],[2.2665,48.94709],[2.26622,48.947],[2.26592,48.94691],[2.2656,48.94682],[2.26525,48.94673],[2.26495,48.94665],[2.2646,48.94657],[2.26345,48.94629],[2.26301,48.94619],[2.26258,48.94608],[2.26252,48.94606],[2.2622,48.94598],[2.26199,48.94592],[2.2618,48.94586],[2.26161,48.94581],[2.26142,48.94575],[2.26125,48.94569],[2.26107,48.94563],[2.26091,48.94557],[2.26075,48.94551],[2.26058,48.94544],[2.2604,48.94537],[2.26022,48.94529],[2.26002,48.94521],[2.25967,48.94505],[2.25887,48.94468],[2.2585,48.94451],[2.25813,48.94435],[2.25807,48.94433],[2.25775,48.94446],[2.25745,48.9446],[2.25714,48.94474],[2.25686,48.9449],[2.25657,48.9451],[2.25631,48.94528],[2.25603,48.94551],[2.2558,48.94573],[2.2556,48.94592],[2.25542,48.94612],[2.25524,48.94632],[2.25509,48.94655],[2.25488,48.9468],[2.25472,48.94702],[2.25452,48.94725],[2.25427,48.94748],[2.25404,48.94769],[2.2538,48.94786],[2.25354,48.94804],[2.25324,48.94823],[2.2529,48.94843],[2.25264,48.94859],[2.25238,48.94875],[2.25207,48.94889],[2.25176,48.94899],[2.25134,48.94903],[2.25101,48.9489],[2.25085,48.9487],[2.25106,48.94843],[2.25137,48.94824],[2.25165,48.94808],[2.25199,48.94791],[2.2523,48.94778],[2.25263,48.94765],[2.25291,48.94752],[2.25323,48.94734],[2.25347,48.94714],[2.25365,48.94692],[2.25378,48.94664],[2.25385,48.94638],[2.25387,48.94611],[2.25387,48.94583],[2.25387,48.94553],[2.25385,48.94528],[2.2538,48.94501],[2.25371,48.94473],[2.2536,48.94448],[2.25344,48.94429],[2.25321,48.94401],[2.25297,48.94375],[2.25276,48.94356],[2.25239,48.94334],[2.25194,48.9431],[2.25159,48.94292],[2.25131,48.94277],[2.25089,48.94252],[2.2505,48.94224],[2.25027,48.94207],[2.24996,48.94184],[2.24964,48.94166],[2.24925,48.94146],[2.24887,48.94129],[2.24854,48.94116],[2.24821,48.94107],[2.24778,48.941],[2.24738,48.94096],[2.24697,48.94093],[2.24654,48.94094],[2.24612,48.94095],[2.24572,48.94095],[2.24531,48.94094],[2.24489,48.94094],[2.24448,48.94096],[2.24406,48.94098],[2.24365,48.94099],[2.24325,48.94097],[2.24284,48.94093],[2.2424,48.94089],[2.24199,48.94079],[2.24159,48.94062],[2.24118,48.94032],[2.24096,48.94013],[2.2409,48.94007],[2.24055,48.93975],[2.24029,48.93947],[2.24003,48.9392],[2.23961,48.93893],[2.23926,48.93879],[2.23883,48.93865],[2.23843,48.93851],[2.23805,48.93837],[2.23776,48.93825],[2.2374,48.93811],[2.23708,48.93797],[2.23678,48.93783],[2.23648,48.9377],[2.23619,48.93756],[2.2359,48.93743],[2.23547,48.9372],[2.2351,48.93702],[2.23481,48.93688],[2.23452,48.93675],[2.23404,48.93661],[2.23362,48.93657],[2.2332,48.93659],[2.23295,48.93676],[2.23258,48.937],[2.23218,48.93711],[2.23179,48.93702],[2.23138,48.93674],[2.23114,48.93652],[2.23093,48.93626],[2.23073,48.936],[2.23059,48.93579],[2.2304,48.93551],[2.23017,48.93524],[2.2299,48.935],[2.22966,48.93484],[2.22937,48.9347],[2.22896,48.93456],[2.22864,48.93447],[2.22824,48.93442],[2.22783,48.93442],[2.22742,48.93456],[2.22722,48.93484],[2.22715,48.93511],[2.22709,48.93539],[2.22701,48.93565],[2.22691,48.93593],[2.2268,48.93617],[2.2266,48.93648],[2.22638,48.93673],[2.22614,48.93689],[2.22576,48.93698],[2.22531,48.93677],[2.22514,48.93655],[2.22508,48.93633],[2.22501,48.93603],[2.22498,48.93579],[2.22497,48.9355],[2.22501,48.93523],[2.22509,48.93493],[2.22517,48.93469],[2.22529,48.93441],[2.22545,48.93414],[2.22562,48.93387],[2.22578,48.93367],[2.22592,48.93346],[2.22611,48.93319],[2.22628,48.9329],[2.2264,48.93266],[2.22652,48.93238],[2.2266,48.9321],[2.22656,48.93183],[2.22637,48.93154],[2.22607,48.93129],[2.22577,48.93114],[2.22535,48.9311],[2.22492,48.93112],[2.22451,48.93115],[2.2241,48.9312],[2.22368,48.93123],[2.22328,48.93125],[2.22288,48.93125],[2.22245,48.93125],[2.22203,48.93124],[2.22162,48.93119],[2.22121,48.93113],[2.22079,48.93103],[2.22037,48.93089],[2.21998,48.93078],[2.21966,48.93067],[2.21926,48.93057],[2.21883,48.9305],[2.21842,48.93045],[2.21802,48.93036],[2.21765,48.93026],[2.21729,48.93016],[2.21695,48.93005],[2.21658,48.92992],[2.21625,48.92982],[2.21593,48.9297],[2.21556,48.92957],[2.21522,48.92946],[2.2148,48.92934],[2.21438,48.92923],[2.21402,48.92916],[2.21366,48.92911],[2.21351,48.92908],[2.21325,48.92904],[2.21286,48.92898],[2.21253,48.92892],[2.2122,48.92883],[2.21181,48.9287],[2.21153,48.92854],[2.21126,48.92834],[2.21105,48.92814],[2.21081,48.92794],[2.21047,48.92776],[2.21013,48.9277],[2.20974,48.92769],[2.20933,48.92769],[2.20891,48.92763],[2.2086,48.92753],[2.2082,48.9274],[2.20788,48.92732],[2.20748,48.92723],[2.20706,48.92714],[2.20665,48.92705],[2.20633,48.92696],[2.20602,48.92685],[2.20561,48.92673],[2.2052,48.9266],[2.20489,48.92648],[2.20449,48.92637],[2.20416,48.92626],[2.20396,48.92618],[2.20367,48.92659],[2.20363,48.92657],[2.20307,48.92741],[2.20317,48.92741],[2.20378,48.9276],[2.20299,48.92868],[2.20256,48.92924],[2.20284,48.92932],[2.20221,48.93022],[2.20251,48.93032],[2.20175,48.93129],[2.20193,48.93135],[2.20175,48.93155],[2.20133,48.93209],[2.20009,48.93391],[2.19928,48.93527],[2.20102,48.93609],[2.20159,48.93591],[2.20182,48.93581],[2.20208,48.93565],[2.2021,48.93591],[2.20177,48.93721],[2.20164,48.93772],[2.20208,48.93763],[2.20215,48.9377],[2.20298,48.93775],[2.20278,48.93996],[2.2048,48.94006],[2.20507,48.94006],[2.20544,48.94014],[2.20561,48.94022],[2.20593,48.94047],[2.20609,48.94065],[2.20576,48.94135],[2.20528,48.9414],[2.20535,48.9421],[2.20563,48.94298],[2.20601,48.94463],[2.20608,48.94613],[2.20627,48.94612],[2.20606,48.94831],[2.20601,48.94879],[2.20595,48.94952],[2.20587,48.94986],[2.20549,48.9499],[2.20477,48.9499],[2.20111,48.95034],[2.20058,48.95036],[2.20037,48.94969],[2.19904,48.94979],[2.19763,48.94995],[2.19626,48.95014],[2.19437,48.95039],[2.19399,48.95046],[2.19382,48.95058],[2.19316,48.95056],[2.19271,48.95055],[2.19189,48.95045],[2.19134,48.95037],[2.19081,48.95035],[2.18976,48.95043],[2.18971,48.95046],[2.19018,48.95174],[2.1902,48.95177],[2.18795,48.95233],[2.18664,48.95265],[2.18563,48.95292],[2.18511,48.95304],[2.18401,48.95332],[2.18383,48.95312],[2.1817,48.95357],[2.17795,48.95456],[2.17721,48.95372],[2.17689,48.95339],[2.17632,48.95272],[2.17585,48.95219],[2.17574,48.95213],[2.17526,48.95233],[2.17644,48.95361],[2.17647,48.95363],[2.17635,48.95379],[2.17622,48.95387],[2.1761,48.95394],[2.17783,48.95572],[2.17784,48.95573],[2.1792,48.95755],[2.18064,48.96026],[2.181,48.96149],[2.18143,48.96299],[2.18161,48.9636],[2.18166,48.96444],[2.18166,48.96541],[2.18154,48.96615],[2.18129,48.96774],[2.18108,48.96805],[2.18103,48.96824],[2.18088,48.9688],[2.18062,48.96976],[2.1806,48.96985],[2.18044,48.97008],[2.17937,48.97164],[2.17888,48.97254],[2.17827,48.97299],[2.17793,48.97344],[2.17738,48.97474],[2.17676,48.97568],[2.17642,48.97609],[2.1763,48.97628],[2.1762,48.97646],[2.17587,48.97704],[2.17498,48.97825],[2.17426,48.97899],[2.17415,48.9791],[2.17326,48.97991],[2.17176,48.98108],[2.17114,48.98171],[2.17066,48.98206],[2.16977,48.98251],[2.16873,48.98314],[2.16579,48.98475],[2.16495,48.98516],[2.16402,48.9856],[2.16197,48.9861],[2.16158,48.98616],[2.15951,48.98653],[2.15889,48.98664],[2.15812,48.98678],[2.15768,48.98694],[2.15588,48.98758],[2.15551,48.98771],[2.15453,48.98806],[2.15407,48.98822],[2.15372,48.98835],[2.1533,48.9885],[2.15296,48.98862],[2.1528,48.98868],[2.15238,48.98883],[2.15182,48.989],[2.15125,48.98917],[2.15064,48.98936],[2.15015,48.98951],[2.14963,48.98967],[2.14925,48.98979],[2.1489,48.9899],[2.14844,48.99],[2.14792,48.99012],[2.14718,48.99029],[2.1469,48.99035],[2.14648,48.99045],[2.14618,48.99054],[2.14498,48.99093],[2.14496,48.99093],[2.14443,48.99107],[2.14441,48.99107],[2.14428,48.9911],[2.1435,48.99126],[2.14302,48.99135],[2.14253,48.99145],[2.14207,48.99155],[2.14205,48.99155],[2.14158,48.99162],[2.14101,48.9917],[2.14061,48.99176],[2.14016,48.99179],[2.14014,48.99179],[2.13986,48.99178],[2.1397,48.99178],[2.13918,48.99177],[2.13863,48.99175],[2.13863,48.99175],[2.13814,48.99174],[2.13812,48.99174],[2.13767,48.99172],[2.13724,48.9917],[2.1367,48.99167],[2.13622,48.99161],[2.13561,48.99153],[2.13545,48.99151],[2.13496,48.9915],[2.13398,48.9916],[2.13347,48.99165],[2.133,48.9917],[2.13253,48.99172],[2.13152,48.99175],[2.13109,48.99176],[2.13057,48.99178],[2.13055,48.99178],[2.13005,48.99183],[2.12961,48.99186],[2.1296,48.99186],[2.12911,48.99192],[2.12862,48.99197],[2.12814,48.99203],[2.12657,48.9922],[2.1238,48.9925],[2.12401,48.99359],[2.12333,48.99357],[2.12248,48.99348],[2.12156,48.99337],[2.12071,48.9933],[2.12105,48.99548],[2.12202,48.99863],[2.12237,48.99981],[2.12262,49.00062],[2.12278,49.00121],[2.1229,49.00159],[2.12296,49.00166],[2.12313,49.0023],[2.12356,49.00369],[2.12563,49.00706],[2.12712,49.00967],[2.12685,49.01108],[2.1267,49.0122],[2.12423,49.01498],[2.12273,49.01666],[2.12125,49.01833],[2.12099,49.0181],[2.12071,49.01789],[2.1204,49.01758],[2.11997,49.01722],[2.11949,49.0169],[2.11863,49.01626],[2.11815,49.01586],[2.1177,49.01555],[2.11746,49.01533],[2.11696,49.01496],[2.1164,49.01454],[2.11587,49.01418],[2.11545,49.01386],[2.1144,49.01303],[2.1132,49.01212],[2.1126,49.01175],[2.11181,49.01124],[2.11115,49.01076],[2.1108,49.01049],[2.11059,49.01035],[2.11058,49.00988],[2.11055,49.00957],[2.1105,49.00938],[2.11023,49.00874],[2.10679,49.00931],[2.10545,49.00956],[2.10441,49.00984],[2.10403,49.00993],[2.10318,49.01016],[2.10201,49.01046],[2.10159,49.01055],[2.09984,49.01083],[2.09931,49.01092],[2.09756,49.01131],[2.09678,49.01154],[2.09628,49.01172],[2.0957,49.01188],[2.09465,49.01212],[2.094,49.01228],[2.09315,49.01247],[2.09273,49.01255],[2.0924,49.01266],[2.09183,49.0128],[2.09078,49.01309],[2.08993,49.01333],[2.08982,49.01334],[2.08951,49.01344],[2.0884,49.01372],[2.08787,49.01386],[2.08713,49.01405],[2.08486,49.01455],[2.08459,49.01391],[2.08445,49.0135],[2.08417,49.0129],[2.08393,49.01225],[2.08364,49.01162],[2.08301,49.01016],[2.08266,49.00945],[2.08253,49.00946],[2.082,49.00913],[2.07986,49.00808],[2.07924,49.0078],[2.07868,49.00756],[2.0784,49.00746],[2.0772,49.00712],[2.07659,49.00701],[2.07643,49.00701],[2.0756,49.00676],[2.07517,49.00667],[2.07476,49.00668],[2.07482,49.00656],[2.07502,49.00516],[2.07526,49.00391],[2.07538,49.00319],[2.0753,49.00253],[2.07529,49.0021],[2.07354,49.00173],[2.07312,49.00176],[2.07313,49.00181],[2.07315,49.00208],[2.07316,49.00237],[2.07318,49.00265],[2.07315,49.00293],[2.07313,49.00322],[2.07305,49.00351],[2.07297,49.00378],[2.07284,49.00408],[2.07271,49.00436],[2.07259,49.00464],[2.0724,49.00491],[2.07221,49.0052],[2.07187,49.00556],[2.07145,49.00603],[2.07136,49.00613],[2.07056,49.00682],[2.06873,49.00844],[2.06845,49.00872],[2.06788,49.0093],[2.06604,49.01117],[2.06565,49.01145],[2.06553,49.01153],[2.06531,49.01169],[2.06282,49.01315],[2.0627,49.01321],[2.06173,49.01372],[2.0611,49.01414],[2.05792,49.01652],[2.05744,49.017],[2.05631,49.01793],[2.05584,49.01852],[2.05572,49.01872],[2.05533,49.01939],[2.05446,49.02133],[2.05439,49.02161],[2.05438,49.02249],[2.05444,49.0227],[2.05151,49.02547],[2.04809,49.02729],[2.04628,49.02883],[2.04551,49.02948],[2.04523,49.02973],[2.04487,49.03052],[2.04555,49.03105],[2.04722,49.0308],[2.04918,49.03032],[2.05345,49.02941],[2.05612,49.02807],[2.057,49.02726],[2.05778,49.02745],[2.05852,49.0275],[2.06027,49.02741],[2.0618,49.02646],[2.06291,49.02565],[2.06343,49.02517],[2.06514,49.02324],[2.06607,49.02229],[2.06705,49.02153],[2.06801,49.02091],[2.06837,49.02067],[2.06851,49.02058],[2.06945,49.02006],[2.06949,49.02004],[2.07045,49.01967],[2.07047,49.01967],[2.07103,49.0195],[2.07169,49.01932],[2.07171,49.01931],[2.07264,49.01911],[2.0736,49.01891],[2.0741,49.0188],[2.07462,49.01869],[2.07504,49.0186],[2.07518,49.01855],[2.07586,49.01834],[2.07588,49.01834],[2.0775,49.01812],[2.07753,49.01812],[2.07803,49.0181],[2.07845,49.01809],[2.07899,49.01807],[2.07949,49.01805],[2.07997,49.01804],[2.07999,49.01804],[2.081,49.01806],[2.08102,49.01806],[2.08134,49.01813],[2.08149,49.01816],[2.0815,49.01816],[2.08319,49.0187],[2.08321,49.01871],[2.08369,49.01878],[2.08415,49.01885],[2.08468,49.01893],[2.0847,49.01893],[2.08473,49.01893],[2.08564,49.01898],[2.08579,49.01902],[2.08597,49.01907],[2.08644,49.01924],[2.08697,49.01949],[2.08783,49.0199],[2.08822,49.02014],[2.08875,49.02046],[2.08943,49.02087],[2.08978,49.02104],[2.09037,49.02133],[2.09053,49.02141],[2.0908,49.02166],[2.09113,49.02198],[2.09138,49.02232],[2.09247,49.02384],[2.0927,49.02407],[2.09301,49.0244],[2.09326,49.02472],[2.09353,49.02507],[2.09357,49.02513],[2.09408,49.02532],[2.09456,49.02549],[2.09473,49.02555],[2.09503,49.0257],[2.09514,49.02577],[2.09568,49.02609],[2.0965,49.02657],[2.09702,49.02688],[2.09755,49.0272],[2.09796,49.02744],[2.09808,49.02751],[2.0982,49.02759],[2.09945,49.02847],[2.09978,49.02876],[2.10038,49.02932],[2.10056,49.02949],[2.10064,49.02959],[2.10089,49.02992],[2.10144,49.03084],[2.10161,49.03119],[2.10166,49.03128],[2.1017,49.03135],[2.10186,49.03168],[2.1023,49.03262],[2.10237,49.03275],[2.10246,49.03308],[2.10259,49.03355],[2.10272,49.03402],[2.10296,49.03491],[2.103,49.03502],[2.10312,49.03537],[2.10335,49.036],[2.10336,49.03605],[2.10338,49.03609],[2.10393,49.03765],[2.10425,49.03853],[2.10479,49.04033],[2.10509,49.041],[2.10525,49.04135],[2.1053,49.04146],[2.10544,49.04171],[2.10564,49.04205],[2.10597,49.04265],[2.10653,49.04331],[2.10661,49.04337],[2.1076,49.04405],[2.10801,49.04426],[2.10844,49.04448],[2.10845,49.04449],[2.10878,49.04461],[2.10926,49.04479],[2.10973,49.04496],[2.11021,49.04514],[2.11037,49.0452],[2.11042,49.04522],[2.11105,49.04539],[2.11108,49.0454],[2.11222,49.04556],[2.11238,49.04558],[2.11261,49.04559],[2.11295,49.0456],[2.1131,49.04561],[2.11366,49.0456],[2.11381,49.0456],[2.11439,49.04557],[2.11493,49.04553],[2.11568,49.04549],[2.11588,49.04547],[2.11634,49.04547],[2.11644,49.04547],[2.11652,49.04557],[2.11679,49.04593],[2.1186,49.04825],[2.119,49.04879],[2.1186,49.04924],[2.11836,49.04973],[2.11819,49.05026],[2.11816,49.05053],[2.11813,49.05082],[2.11828,49.05157],[2.1183,49.0516],[2.11937,49.0529],[2.11946,49.05299],[2.12005,49.05355],[2.12027,49.05376],[2.12034,49.05383],[2.12038,49.05387],[2.12048,49.05397],[2.12075,49.05423],[2.12076,49.05424],[2.12144,49.05445],[2.12195,49.05466],[2.12211,49.05473],[2.12283,49.05504],[2.12294,49.05508],[2.12296,49.05509],[2.12311,49.05515],[2.12344,49.05539],[2.12371,49.05559],[2.12436,49.05607],[2.12449,49.05617],[2.12466,49.05627],[2.1249,49.05642],[2.12534,49.05668],[2.12535,49.05669],[2.12574,49.05695],[2.1262,49.05727],[2.1265,49.05748],[2.12684,49.05771],[2.12685,49.05772],[2.12718,49.05792],[2.12926,49.05923],[2.1296,49.05945],[2.12962,49.05946],[2.12975,49.05953],[2.13042,49.0599],[2.13084,49.06013],[2.13086,49.06014],[2.13173,49.06037],[2.13223,49.0605],[2.13277,49.06064],[2.13317,49.06075],[2.13367,49.06094],[2.13385,49.06101],[2.13456,49.06123],[2.13501,49.06137],[2.13516,49.06142],[2.13679,49.06202],[2.13681,49.06203],[2.13716,49.06212],[2.13758,49.06223],[2.13773,49.06227],[2.13845,49.06242],[2.13859,49.06245],[2.139,49.06254],[2.13916,49.06255],[2.13982,49.0626],[2.14042,49.06265],[2.14095,49.0627],[2.14162,49.06275],[2.14173,49.06276],[2.14216,49.06274],[2.14218,49.06273],[2.14637,49.06279],[2.14641,49.06279],[2.14689,49.06292],[2.14749,49.06307],[2.14751,49.06308],[2.14886,49.06328],[2.14944,49.06337],[2.14984,49.06343],[2.14999,49.06345],[2.15095,49.06363],[2.15111,49.06368],[2.15112,49.06368],[2.1513,49.06373],[2.15161,49.06376],[2.15216,49.06381],[2.15218,49.06381],[2.1522,49.06381],[2.15327,49.06379],[2.15418,49.06382],[2.15561,49.06388],[2.15566,49.06388],[2.15568,49.06388],[2.1557,49.06388],[2.15575,49.06388],[2.15823,49.06373],[2.15855,49.06371],[2.15858,49.06371],[2.15976,49.06377],[2.16064,49.06382],[2.16103,49.06384],[2.16105,49.06384],[2.16177,49.06383],[2.16186,49.0638],[2.16201,49.06376],[2.16241,49.06346],[2.16264,49.06314],[2.16316,49.06176],[2.16335,49.06159],[2.16357,49.06154],[2.16405,49.06162],[2.16424,49.06173],[2.16445,49.06198],[2.165,49.06292],[2.16526,49.06313],[2.16556,49.06322],[2.16568,49.06325],[2.16649,49.06332],[2.16651,49.06332],[2.16925,49.0633],[2.16943,49.0633],[2.16945,49.0633],[2.16949,49.0633],[2.16953,49.06331],[2.16962,49.06332],[2.17229,49.06374],[2.17234,49.06374],[2.17288,49.06383],[2.17339,49.06395],[2.17452,49.06445],[2.18034,49.06791],[2.18169,49.06858],[2.18155,49.0688],[2.18618,49.06975],[2.18715,49.06987],[2.18972,49.07036],[2.19053,49.0704],[2.19181,49.07016],[2.19223,49.07023],[2.19244,49.07045],[2.19254,49.07071],[2.19252,49.07112],[2.19273,49.07154],[2.19324,49.07183],[2.19477,49.07235],[2.19549,49.07267],[2.19605,49.07299],[2.19724,49.0738],[2.1981,49.07426],[2.19878,49.07471],[2.2,49.07572],[2.20099,49.07664],[2.20158,49.07733],[2.20265,49.07881],[2.20351,49.08042],[2.20383,49.08083],[2.20475,49.08166],[2.20503,49.08209],[2.20524,49.08258],[2.20588,49.08332],[2.20613,49.08371],[2.20666,49.08493],[2.20965,49.08962],[2.20962,49.08991],[2.2097,49.09034],[2.21005,49.09113],[2.21049,49.09176],[2.21235,49.09389],[2.21293,49.09442],[2.21325,49.095],[2.21395,49.09573],[2.2145,49.09659],[2.21489,49.09704],[2.21526,49.09748],[2.21607,49.09876],[2.21629,49.09933],[2.21641,49.10004],[2.21641,49.10053],[2.2164,49.1009],[2.2163,49.10159],[2.21611,49.10221],[2.21751,49.10084],[2.21828,49.1013],[2.2186,49.10158],[2.21884,49.10205],[2.21895,49.10233],[2.21905,49.10325],[2.21919,49.10364],[2.21941,49.10411],[2.22027,49.10499],[2.22143,49.10604],[2.2219,49.10639],[2.22248,49.10687],[2.22282,49.10726],[2.22319,49.10778],[2.22326,49.10788],[2.22368,49.10835],[2.22412,49.10872],[2.22525,49.10944],[2.22636,49.11003],[2.22739,49.11045],[2.22817,49.11075],[2.2295,49.11112],[2.22988,49.11128],[2.23031,49.1115],[2.23076,49.11185],[2.2315,49.11263],[2.23299,49.11434],[2.23357,49.11491],[2.23423,49.11543],[2.23477,49.11576],[2.23493,49.11584],[2.2359,49.11614],[2.23701,49.11632],[2.23927,49.11647],[2.2397,49.11654],[2.24059,49.11675],[2.24158,49.11711],[2.24285,49.11767],[2.24367,49.11816],[2.24392,49.11832],[2.24453,49.11886],[2.24529,49.11978],[2.24567,49.12035],[2.24599,49.12107],[2.24606,49.12142],[2.24608,49.12149],[2.24611,49.12187],[2.24603,49.12234],[2.24583,49.12267],[2.2454,49.123],[2.24499,49.12319],[2.24545,49.12315],[2.24568,49.12309],[2.24776,49.12278],[2.24982,49.12222],[2.25106,49.12147],[2.25134,49.12022],[2.25028,49.11909],[2.24946,49.11781],[2.25041,49.11683],[2.25178,49.11629],[2.25233,49.11524],[2.2535,49.11428],[2.25679,49.11427],[2.25807,49.11444],[2.25939,49.11604],[2.25956,49.11624],[2.26336,49.12084],[2.26228,49.12065],[2.26162,49.12072],[2.26158,49.12073],[2.26136,49.12119],[2.26135,49.12121],[2.26095,49.12161],[2.26086,49.12171],[2.26038,49.12201],[2.25981,49.12211],[2.25979,49.12211],[2.25902,49.12209],[2.259,49.12209],[2.25819,49.12202],[2.25817,49.12201],[2.25773,49.12189],[2.25771,49.12189],[2.25728,49.12172],[2.25726,49.12171],[2.25686,49.1215],[2.25671,49.12142],[2.2566,49.12134],[2.25593,49.12087],[2.2553,49.12021],[2.25529,49.1202],[2.25517,49.11994],[2.25516,49.11991],[2.2551,49.11989],[2.25474,49.11979],[2.25472,49.11979],[2.25469,49.11978],[2.25466,49.11979],[2.25463,49.11981],[2.25371,49.12021],[2.25347,49.12047],[2.25315,49.12095],[2.25295,49.12151],[2.25297,49.12152],[2.2529,49.12173],[2.25289,49.12178],[2.25286,49.12183],[2.25257,49.12272],[2.25236,49.12305],[2.2521,49.12324],[2.25127,49.12354],[2.25126,49.12354],[2.25005,49.12381],[2.24931,49.12407],[2.24929,49.12408],[2.24867,49.12436],[2.24785,49.12488],[2.24682,49.12573],[2.24627,49.12609],[2.24626,49.1261],[2.24582,49.12631],[2.24508,49.1266],[2.2445,49.12683],[2.24362,49.12724],[2.24359,49.12727],[2.24307,49.12758],[2.24304,49.1276],[2.24153,49.12866],[2.24128,49.12883],[2.24059,49.12921],[2.24058,49.12921],[2.24053,49.12923],[2.24568,49.12956],[2.24613,49.12965],[2.24941,49.12975],[2.25029,49.12985],[2.25136,49.13005],[2.25189,49.1302],[2.25321,49.13056],[2.25448,49.13103],[2.25549,49.13119],[2.25556,49.1312],[2.25762,49.13136],[2.25859,49.1316],[2.26088,49.13196],[2.26217,49.13223],[2.26262,49.13241],[2.26445,49.13336],[2.26603,49.13396],[2.26689,49.13412],[2.26774,49.13417],[2.2712,49.13638],[2.27156,49.13678],[2.27299,49.13738],[2.27383,49.13785],[2.27429,49.13842],[2.27499,49.13962],[2.27553,49.14019],[2.28114,49.14319],[2.28258,49.14359],[2.2849,49.14449],[2.28564,49.14495],[2.28594,49.14507],[2.28718,49.14599],[2.28901,49.14679],[2.2908,49.14724],[2.2934,49.14774],[2.29518,49.14814],[2.29601,49.1481],[2.29834,49.14761],[2.29903,49.14761],[2.30197,49.14806],[2.30595,49.14806],[2.3076,49.14788],[2.30904,49.14761],[2.31062,49.14703],[2.31261,49.14671],[2.31721,49.14645],[2.3183,49.14627],[2.31954,49.14595],[2.31999,49.14579],[2.32002,49.14577],[2.32173,49.14528],[2.32311,49.14479],[2.32399,49.14426],[2.32411,49.14405],[2.32487,49.14338],[2.32555,49.14302],[2.32617,49.14248],[2.3272,49.14185],[2.32833,49.14154],[2.3308,49.14043],[2.33153,49.13997],[2.33199,49.13944],[2.33486,49.1389],[2.33602,49.13876],[2.33825,49.13833],[2.33891,49.13814],[2.33986,49.13763],[2.34069,49.13742],[2.34351,49.13701],[2.34452,49.1368],[2.34604,49.13638],[2.34712,49.13623],[2.34785,49.13623],[2.34989,49.13658],[2.35144,49.13678],[2.35268,49.13679],[2.35381,49.13672],[2.35472,49.13688],[2.35733,49.13751],[2.35788,49.13771],[2.3581,49.1379],[2.3584,49.1383],[2.35859,49.13886],[2.35919,49.13943],[2.35955,49.13994],[2.35972,49.1401],[2.36124,49.1416],[2.36241,49.14237],[2.36344,49.14273],[2.36467,49.14291],[2.36536,49.14309],[2.36584,49.14345],[2.36652,49.14457],[2.36748,49.1452],[2.36916,49.14579],[2.36926,49.14583],[2.3704,49.14608],[2.37091,49.14619],[2.37358,49.14668],[2.37434,49.14691],[2.37509,49.14723],[2.37509,49.14731],[2.37454,49.14754],[2.37434,49.14776],[2.37447,49.14803],[2.37447,49.1483],[2.3742,49.14826],[2.37262,49.14722],[2.37207,49.14718],[2.37166,49.14736],[2.37146,49.14767],[2.37166,49.14799],[2.37262,49.14866],[2.3729,49.14907],[2.37276,49.14974],[2.37261,49.15016],[2.37248,49.15051],[2.37248,49.15082],[2.37262,49.15118],[2.37323,49.15154],[2.37347,49.15295],[2.37237,49.15383],[2.37166,49.15401],[2.37104,49.15442],[2.3709,49.15487],[2.37111,49.15532],[2.37193,49.15604],[2.37279,49.15654],[2.37025,49.15703],[2.3702,49.15712]]],[[[2.20229,48.91633],[2.20246,48.91642],[2.20286,48.9166],[2.20327,48.91678],[2.2037,48.91693],[2.20431,48.91714],[2.20478,48.9173],[2.20518,48.91743],[2.20584,48.91763],[2.20675,48.91789],[2.2072,48.91802],[2.20766,48.91813],[2.20777,48.91815],[2.20816,48.91824],[2.20824,48.91825],[2.20858,48.91831],[2.20874,48.91835],[2.20911,48.91841],[2.20948,48.91846],[2.20954,48.91847],[2.21001,48.91853],[2.21054,48.91859],[2.21102,48.91865],[2.21152,48.91871],[2.21199,48.91876],[2.21204,48.91876],[2.21204,48.91876],[2.21252,48.9188],[2.21303,48.91884],[2.21337,48.91887],[2.21338,48.91887],[2.21339,48.91887],[2.21337,48.91886],[2.2132,48.91872],[2.21302,48.91858],[2.21285,48.91845],[2.21227,48.91803],[2.21212,48.91792],[2.21197,48.91782],[2.21182,48.91771],[2.21167,48.91762],[2.21152,48.91754],[2.21138,48.91746],[2.21124,48.91739],[2.21108,48.91732],[2.21091,48.91725],[2.21073,48.91717],[2.21055,48.9171],[2.21035,48.91703],[2.20972,48.9168],[2.20955,48.91674],[2.20938,48.91669],[2.20919,48.91663],[2.20899,48.91657],[2.20879,48.91651],[2.20857,48.91645],[2.20772,48.91623],[2.20736,48.91613],[2.20717,48.91608],[2.20699,48.91602],[2.20682,48.91597],[2.20666,48.91592],[2.20644,48.91584],[2.2062,48.91576],[2.20595,48.91567],[2.20568,48.91557],[2.20518,48.91538],[2.20406,48.91495],[2.20364,48.91479],[2.20229,48.91633]]]]}},{"type":"Feature","properties":{"code":"FRHG218","nom":"Albien-Néocomien captif","horizon":3,"type":"DS","milieu":"1","karstique":0,"multicouches":1,"nature_ecoulement":"2"},"geometry":{"type":"MultiPolygon","coordinates":[[[[1.69925,49.05448],[1.69882,49.05467],[1.69852,49.05471],[1.69858,49.0548],[1.69794,49.05504],[1.69713,49.05537],[1.69464,49.05606],[1.69503,49.05637],[1.69356,49.05681],[1.6939,49.05738],[1.69426,49.05786],[1.69515,49.05891],[1.69589,49.06001],[1.69618,49.06066],[1.69622,49.06088],[1.69617,49.0615],[1.6961,49.06181],[1.69604,49.0624],[1.69603,49.06283],[1.6961,49.06315],[1.69624,49.06342],[1.69646,49.06367],[1.69669,49.06398],[1.69693,49.06411],[1.69712,49.06438],[1.69729,49.06483],[1.69732,49.06518],[1.6973,49.06552],[1.69723,49.06567],[1.69699,49.06595],[1.69642,49.06641],[1.69596,49.06673],[1.69574,49.06681],[1.69557,49.06692],[1.69525,49.06759],[1.69486,49.06786],[1.69418,49.06837],[1.69304,49.06919],[1.69234,49.06962],[1.69064,49.07053],[1.69013,49.07083],[1.68927,49.07121],[1.68845,49.07154],[1.68766,49.07181],[1.68748,49.07186],[1.68662,49.0721],[1.68611,49.07227],[1.68546,49.07256],[1.68507,49.07277],[1.68458,49.073],[1.68394,49.07332],[1.68289,49.07397],[1.6822,49.07436],[1.68122,49.0748],[1.68,49.07547],[1.67966,49.07566],[1.67911,49.07587],[1.67793,49.07619],[1.6774,49.0763],[1.67611,49.07682],[1.67549,49.07705],[1.67513,49.07722],[1.67436,49.0776],[1.67305,49.07831],[1.67238,49.07854],[1.67147,49.07871],[1.66967,49.07901],[1.66927,49.07909],[1.66897,49.07911],[1.66862,49.0791],[1.66816,49.07905],[1.66782,49.07896],[1.66739,49.07893],[1.66705,49.07893],[1.6667,49.07898],[1.66593,49.07914],[1.66478,49.07929],[1.66397,49.07942],[1.66267,49.07976],[1.66217,49.0799],[1.66187,49.08002],[1.66133,49.08029],[1.6605,49.08081],[1.66014,49.081],[1.65985,49.08111],[1.65952,49.08119],[1.65882,49.08129],[1.65837,49.08129],[1.6574,49.08126],[1.65654,49.08128],[1.6562,49.08134],[1.65507,49.08146],[1.65354,49.08178],[1.65269,49.08191],[1.65184,49.08194],[1.65143,49.08192],[1.65091,49.08186],[1.65009,49.08172],[1.64947,49.08157],[1.64915,49.08143],[1.64877,49.08129],[1.6485,49.08125],[1.64808,49.0813],[1.64775,49.08132],[1.64726,49.08137],[1.64676,49.08139],[1.64661,49.08148],[1.64603,49.08142],[1.64575,49.08146],[1.64489,49.08151],[1.64445,49.08156],[1.64404,49.08155],[1.6434,49.08134],[1.64306,49.08126],[1.64267,49.08119],[1.64228,49.08106],[1.64127,49.08067],[1.64019,49.08036],[1.64007,49.08016],[1.64042,49.07933],[1.64033,49.07904],[1.63613,49.07912],[1.63376,49.07919],[1.63238,49.07897],[1.6309,49.07863],[1.6295,49.07827],[1.62861,49.07799],[1.62784,49.07766],[1.62714,49.07733],[1.62481,49.07615],[1.62013,49.07383],[1.61695,49.07235],[1.61587,49.0719],[1.61543,49.07171],[1.61442,49.07119],[1.61358,49.07186],[1.61229,49.07275],[1.6128,49.07308],[1.6119,49.07355],[1.61192,49.07357],[1.61206,49.07396],[1.6124,49.07442],[1.61365,49.07486],[1.6142,49.07569],[1.6152,49.07623],[1.61576,49.07641],[1.61617,49.07667],[1.61662,49.07706],[1.61707,49.07734],[1.61749,49.0775],[1.61832,49.07771],[1.62303,49.07952],[1.62449,49.08026],[1.62702,49.08113],[1.62829,49.08163],[1.63085,49.08238],[1.63144,49.08242],[1.63272,49.08263],[1.63316,49.08291],[1.63361,49.08308],[1.63409,49.08304],[1.63489,49.08308],[1.63646,49.08348],[1.64012,49.08389],[1.6435,49.08435],[1.64422,49.0844],[1.64868,49.0844],[1.64962,49.08445],[1.6507,49.08457],[1.65168,49.08449],[1.65235,49.08449],[1.6528,49.08459],[1.65363,49.08477],[1.65434,49.08447],[1.65507,49.08416],[1.65738,49.0839],[1.65826,49.0834],[1.65921,49.0832],[1.65983,49.08325],[1.66032,49.08323],[1.66103,49.08307],[1.66215,49.08271],[1.66335,49.08248],[1.6643,49.08241],[1.665,49.08219],[1.6656,49.08194],[1.66717,49.08179],[1.66718,49.08179],[1.66773,49.08163],[1.66864,49.0812],[1.66931,49.08095],[1.67047,49.08061],[1.67148,49.08025],[1.67264,49.07973],[1.67363,49.07937],[1.67457,49.07885],[1.67701,49.07798],[1.67856,49.07748],[1.68021,49.07669],[1.6814,49.07633],[1.68241,49.07617],[1.68428,49.07504],[1.68558,49.07438],[1.6873,49.07333],[1.6886,49.07267],[1.69044,49.07189],[1.69202,49.0711],[1.69333,49.07017],[1.69593,49.06844],[1.69731,49.06736],[1.69775,49.06681],[1.69792,49.06631],[1.69818,49.06601],[1.69839,49.06576],[1.69891,49.06528],[1.6997,49.06434],[1.6999,49.06399],[1.70008,49.0638],[1.70093,49.06287],[1.70145,49.06201],[1.70157,49.06152],[1.70146,49.06113],[1.70156,49.06115],[1.70118,49.06044],[1.7008,49.05917],[1.70033,49.05711],[1.69991,49.05608],[1.69968,49.05503],[1.69926,49.05447],[1.69925,49.05448]]],[[[2.35498,49.15217],[2.35488,49.15175],[2.35342,49.15116],[2.35379,49.15085],[2.35487,49.1495],[2.35509,49.14926],[2.35546,49.14904],[2.35598,49.14869],[2.35636,49.14895],[2.35747,49.14835],[2.35757,49.14833],[2.35765,49.14845],[2.35834,49.14826],[2.35799,49.14806],[2.35934,49.14733],[2.35954,49.14746],[2.35979,49.14767],[2.3601,49.14797],[2.36037,49.14825],[2.36106,49.14912],[2.36131,49.14948],[2.36177,49.15019],[2.36201,49.15067],[2.36219,49.15118],[2.36225,49.15148],[2.36227,49.15181],[2.36226,49.15217],[2.36221,49.15254],[2.36308,49.15251],[2.36351,49.15239],[2.36384,49.15248],[2.36402,49.15248],[2.36436,49.15233],[2.36487,49.15229],[2.36504,49.15235],[2.36492,49.15245],[2.36502,49.15286],[2.365,49.15297],[2.36488,49.15314],[2.365,49.15333],[2.36487,49.15355],[2.36512,49.15372],[2.36519,49.15403],[2.3653,49.1541],[2.36565,49.15402],[2.36596,49.154],[2.3663,49.1539],[2.36654,49.15397],[2.36654,49.15423],[2.36664,49.15443],[2.36651,49.15452],[2.36634,49.15447],[2.36619,49.15451],[2.36605,49.1548],[2.36621,49.15495],[2.36649,49.15485],[2.36661,49.15528],[2.36699,49.1554],[2.36704,49.15546],[2.36708,49.1558],[2.36716,49.15587],[2.36737,49.1558],[2.36752,49.1557],[2.36762,49.15576],[2.36773,49.15603],[2.36793,49.15608],[2.36827,49.15593],[2.36839,49.15606],[2.36871,49.15628],[2.36889,49.15632],[2.36928,49.15616],[2.3695,49.15619],[2.36962,49.15624],[2.36981,49.15643],[2.3698,49.15658],[2.3697,49.15679],[2.36971,49.15689],[2.36985,49.15692],[2.37005,49.15681],[2.37027,49.15685],[2.3703,49.15693],[2.37025,49.15703],[2.37279,49.15654],[2.37193,49.15604],[2.37111,49.15532],[2.3709,49.15487],[2.37104,49.15442],[2.37166,49.15401],[2.37237,49.15383],[2.37347,49.15295],[2.37323,49.15154],[2.37262,49.15118],[2.37248,49.15082],[2.37248,49.15051],[2.37261,49.15016],[2.37276,49.14974],[2.3729,49.14907],[2.37262,49.14866],[2.37166,49.14799],[2.37146,49.14767],[2.37166,49.14736],[2.37207,49.14718],[2.37262,49.14722],[2.3742,49.14826],[2.37447,49.1483],[2.37447,49.14803],[2.37434,49.14776],[2.37454,49.14754],[2.37509,49.14731],[2.37509,49.14723],[2.37434,49.14691],[2.37358,49.14668],[2.37091,49.14619],[2.3704,49.14608],[2.36926,49.14583],[2.36916,49.14579],[2.36748,49.1452],[2.36652,49.14457],[2.36584,49.14345],[2.36536,49.14309],[2.36467,49.14291],[2.36344,49.14273],[2.36241,49.14237],[2.36124,49.1416],[2.35972,49.1401],[2.35955,49.13994],[2.35919,49.13943],[2.35859,49.13886],[2.3584,49.1383],[2.3581,49.1379],[2.35788,49.13771],[2.35733,49.13751],[2.35472,49.13688],[2.35381,49.13672],[2.35268,49.13679],[2.35144,49.13678],[2.34989,49.13658],[2.34785,49.13623],[2.34712,49.13623],[2.34604,49.13638],[2.34452,49.1368],[2.34351,49.13701],[2.34069,49.13742],[2.33986,49.13763],[2.33891,49.13814],[2.33825,49.13833],[2.33602,49.13876],[2.33486,49.1389],[2.33199,49.13944],[2.33153,49.13997],[2.3308,49.14043],[2.32833,49.14154],[2.3272,49.14185],[2.32617,49.14248],[2.32555,49.14302],[2.32487,49.14338],[2.32411,49.14405],[2.32399,49.14426],[2.32311,49.14479],[2.32173,49.14528],[2.32002,49.14577],[2.31999,49.14579],[2.31954,49.14595],[2.3183,49.14627],[2.31721,49.14645],[2.31261,49.14671],[2.31062,49.14703],[2.30904,49.14761],[2.3076,49.14788],[2.30595,49.14806],[2.30197,49.14806],[2.29903,49.14761],[2.29834,49.14761],[2.29601,49.1481],[2.29518,49.14814],[2.2934,49.14774],[2.2908,49.14724],[2.28901,49.14679],[2.28718,49.14599],[2.28594,49.14507],[2.28564,49.14495],[2.2849,49.14449],[2.28258,49.14359],[2.28114,49.14319],[2.27553,49.14019],[2.27499,49.13962],[2.27429,49.13842],[2.27383,49.13785],[2.27299,49.13738],[2.27156,49.13678],[2.2712,49.13638],[2.26774,49.13417],[2.26689,49.13412],[2.26603,49.13396],[2.26445,49.13336],[2.26262,49.13241],[2.26217,49.13223],[2.26088,49.13196],[2.25859,49.1316],[2.25762,49.13136],[2.25556,49.1312],[2.25549,49.13119],[2.25448,49.13103],[2.25321,49.13056],[2.25189,49.1302],[2.25136,49.13005],[2.25029,49.12985],[2.24941,49.12975],[2.24613,49.12965],[2.24568,49.12956],[2.24053,49.12923],[2.24058,49.12921],[2.23749,49.1293],[2.23747,49.1293],[2.2373,49.12928],[2.23702,49.12926],[2.23628,49.12922],[2.23572,49.12917],[2.23569,49.12917],[2.23485,49.12901],[2.23482,49.12901],[2.23422,49.12888],[2.23409,49.12885],[2.23407,49.12885],[2.233,49.12853],[2.23279,49.12847],[2.23278,49.12847],[2.23277,49.12847],[2.23234,49.12835],[2.23196,49.12824],[2.23195,49.12824],[2.23194,49.12823],[2.23163,49.12815],[2.2304,49.12782],[2.23028,49.12779],[2.23025,49.12778],[2.22382,49.12648],[2.22362,49.12642],[2.22389,49.12605],[2.22596,49.12537],[2.22955,49.12496],[2.23194,49.1247],[2.2352,49.12412],[2.23791,49.12372],[2.24007,49.12358],[2.24276,49.12337],[2.24337,49.12332],[2.24499,49.12319],[2.2454,49.123],[2.24583,49.12267],[2.24603,49.12234],[2.24611,49.12187],[2.24608,49.12149],[2.24606,49.12142],[2.24599,49.12107],[2.24567,49.12035],[2.24529,49.11978],[2.24453,49.11886],[2.24392,49.11832],[2.24367,49.11816],[2.24285,49.11767],[2.24158,49.11711],[2.24059,49.11675],[2.2397,49.11654],[2.23927,49.11647],[2.23701,49.11632],[2.2359,49.11614],[2.23493,49.11584],[2.23477,49.11576],[2.23423,49.11543],[2.23357,49.11491],[2.23299,49.11434],[2.2315,49.11263],[2.23076,49.11185],[2.23031,49.1115],[2.22988,49.11128],[2.2295,49.11112],[2.22817,49.11075],[2.22739,49.11045],[2.22636,49.11003],[2.22525,49.10944],[2.22412,49.10872],[2.22368,49.10835],[2.22326,49.10788],[2.22319,49.10778],[2.22282,49.10726],[2.22248,49.10687],[2.2219,49.10639],[2.22143,49.10604],[2.22027,49.10499],[2.21941,49.10411],[2.21919,49.10364],[2.21905,49.10325],[2.21895,49.10233],[2.21884,49.10205],[2.2186,49.10158],[2.21828,49.1013],[2.21751,49.10084],[2.21611,49.10221],[2.2163,49.10159],[2.2164,49.1009],[2.21641,49.10053],[2.21641,49.10004],[2.21629,49.09933],[2.21607,49.09876],[2.21526,49.09748],[2.21489,49.09704],[2.2145,49.09659],[2.21395,49.09573],[2.21325,49.095],[2.21293,49.09442],[2.21235,49.09389],[2.21049,49.09176],[2.21005,49.09113],[2.2097,49.09034],[2.20962,49.08991],[2.20965,49.08962],[2.20666,49.08493],[2.20613,49.08371],[2.20588,49.08332],[2.20524,49.08258],[2.20503,49.08209],[2.20475,49.08166],[2.20383,49.08083],[2.20351,49.08042],[2.20265,49.07881],[2.20158,49.07733],[2.20099,49.07664],[2.2,49.07572],[2.19878,49.07471],[2.1981,49.07426],[2.19724,49.0738],[2.19605,49.07299],[2.19549,49.07267],[2.19477,49.07235],[2.19324,49.07183],[2.19273,49.07154],[2.19252,49.07112],[2.19254,49.07071],[2.19244,49.07045],[2.19223,49.07023],[2.19181,49.07016],[2.19053,49.0704],[2.18972,49.07036],[2.18715,49.06987],[2.18618,49.06975],[2.18155,49.0688],[2.18169,49.06858],[2.18034,49.06791],[2.17452,49.06445],[2.17339,49.06395],[2.17288,49.06383],[2.17234,49.06374],[2.17229,49.06374],[2.16962,49.06332],[2.16953,49.06331],[2.16949,49.0633],[2.16945,49.0633],[2.16943,49.0633],[2.16925,49.0633],[2.16651,49.06332],[2.16649,49.06332],[2.16568,49.06325],[2.16556,49.06322],[2.16526,49.06313],[2.165,49.06292],[2.16445,49.06198],[2.16424,49.06173],[2.16405,49.06162],[2.16357,49.06154],[2.16335,49.06159],[2.16316,49.06176],[2.16264,49.06314],[2.16241,49.06346],[2.16201,49.06376],[2.16186,49.0638],[2.16177,49.06383],[2.16105,49.06384],[2.16103,49.06384],[2.16064,49.06382],[2.15976,49.06377],[2.15858,49.06371],[2.15855,49.06371],[2.15823,49.06373],[2.15575,49.06388],[2.1557,49.06388],[2.15568,49.06388],[2.15566,49.06388],[2.15561,49.06388],[2.15418,49.06382],[2.15327,49.06379],[2.1522,49.06381],[2.15218,49.06381],[2.15216,49.06381],[2.15161,49.06376],[2.1513,49.06373],[2.15112,49.06368],[2.15111,49.06368],[2.15095,49.06363],[2.14999,49.06345],[2.14984,49.06343],[2.14944,49.06337],[2.14886,49.06328],[2.14751,49.06308],[2.14749,49.06307],[2.14689,49.06292],[2.14641,49.06279],[2.14637,49.06279],[2.14218,49.06273],[2.14216,49.06274],[2.14173,49.06276],[2.14162,49.06275],[2.14095,49.0627],[2.14042,49.06265],[2.13982,49.0626],[2.13916,49.06255],[2.139,49.06254],[2.13859,49.06245],[2.13845,49.06242],[2.13773,49.06227],[2.13758,49.06223],[2.13716,49.06212],[2.13681,49.06203],[2.13679,49.06202],[2.13516,49.06142],[2.13501,49.06137],[2.13456,49.06123],[2.13385,49.06101],[2.13367,49.06094],[2.13317,49.06075],[2.13277,49.06064],[2.13223,49.0605],[2.13173,49.06037],[2.13086,49.06014],[2.13084,49.06013],[2.13042,49.0599],[2.12975,49.05953],[2.12962,49.05946],[2.1296,49.05945],[2.12926,49.05923],[2.12718,49.05792],[2.12685,49.05772],[2.12684,49.05771],[2.1265,49.05748],[2.1262,49.05727],[2.12574,49.05695],[2.12535,49.05669],[2.12534,49.05668],[2.1249,49.05642],[2.12466,49.05627],[2.12449,49.05617],[2.12436,49.05607],[2.12371,49.05559],[2.12344,49.05539],[2.12311,49.05515],[2.12296,49.05509],[2.12294,49.05508],[2.12283,49.05504],[2.12211,49.05473],[2.12195,49.05466],[2.12144,49.05445],[2.12076,49.05424],[2.12075,49.05423],[2.12048,49.05397],[2.12038,49.05387],[2.12034,49.05383],[2.12027,49.05376],[2.12005,49.05355],[2.11946,49.05299],[2.11937,49.0529],[2.1183,49.0516],[2.11828,49.05157],[2.11813,49.05082],[2.11816,49.05053],[2.11819,49.05026],[2.11836,49.04973],[2.1186,49.04924],[2.119,49.04879],[2.1186,49.04825],[2.11679,49.04593],[2.11652,49.04557],[2.11644,49.04547],[2.11634,49.04547],[2.11588,49.04547],[2.11568,49.04549],[2.11493,49.04553],[2.11439,49.04557],[2.11381,49.0456],[2.11366,49.0456],[2.1131,49.04561],[2.11295,49.0456],[2.11261,49.04559],[2.11238,49.04558],[2.11222,49.04556],[2.11108,49.0454],[2.11105,49.04539],[2.11042,49.04522],[2.11037,49.0452],[2.11021,49.04514],[2.10973,49.04496],[2.10926,49.04479],[2.10878,49.04461],[2.10845,49.04449],[2.10844,49.04448],[2.10801,49.04426],[2.1076,49.04405],[2.10661,49.04337],[2.10653,49.04331],[2.10597,49.04265],[2.10564,49.04205],[2.10544,49.04171],[2.1053,49.04146],[2.10525,49.04135],[2.10509,49.041],[2.10479,49.04033],[2.10425,49.03853],[2.10393,49.03765],[2.10338,49.03609],[2.10336,49.03605],[2.10335,49.036],[2.10312,49.03537],[2.103,49.03502],[2.10296,49.03491],[2.10272,49.03402],[2.10259,49.03355],[2.10246,49.03308],[2.10237,49.03275],[2.1023,49.03262],[2.10186,49.03168],[2.1017,49.03135],[2.10166,49.03128],[2.10161,49.03119],[2.10144,49.03084],[2.10089,49.02992],[2.10064,49.02959],[2.10056,49.02949],[2.10038,49.02932],[2.09978,49.02876],[2.09945,49.02847],[2.0982,49.02759],[2.09808,49.02751],[2.09796,49.02744],[2.09755,49.0272],[2.09702,49.02688],[2.0965,49.02657],[2.09568,49.02609],[2.09514,49.02577],[2.09503,49.0257],[2.09473,49.02555],[2.09456,49.02549],[2.09408,49.02532],[2.09357,49.02513],[2.09353,49.02507],[2.09326,49.02472],[2.09301,49.0244],[2.0927,49.02407],[2.09247,49.02384],[2.09138,49.02232],[2.09113,49.02198],[2.0908,49.02166],[2.09053,49.02141],[2.09037,49.02133],[2.08978,49.02104],[2.08943,49.02087],[2.08875,49.02046],[2.08822,49.02014],[2.08783,49.0199],[2.08697,49.01949],[2.08644,49.01924],[2.08597,49.01907],[2.08579,49.01902],[2.08564,49.01898],[2.08473,49.01893],[2.0847,49.01893],[2.08468,49.01893],[2.08415,49.01885],[2.08369,49.01878],[2.08321,49.01871],[2.08319,49.0187],[2.0815,49.01816],[2.08149,49.01816],[2.08134,49.01813],[2.08102,49.01806],[2.081,49.01806],[2.07999,49.01804],[2.07997,49.01804],[2.07949,49.01805],[2.07899,49.01807],[2.07845,49.01809],[2.07803,49.0181],[2.07753,49.01812],[2.0775,49.01812],[2.07588,49.01834],[2.07586,49.01834],[2.07518,49.01855],[2.07504,49.0186],[2.07462,49.01869],[2.0741,49.0188],[2.0736,49.01891],[2.07264,49.01911],[2.07171,49.01931],[2.07169,49.01932],[2.07103,49.0195],[2.07047,49.01967],[2.07045,49.01967],[2.06949,49.02004],[2.06945,49.02006],[2.06851,49.02058],[2.06837,49.02067],[2.06801,49.02091],[2.06705,49.02153],[2.06607,49.02229],[2.06514,49.02324],[2.06343,49.02517],[2.06291,49.02565],[2.0618,49.02646],[2.06027,49.02741],[2.05852,49.0275],[2.05778,49.02745],[2.057,49.02726],[2.05612,49.02807],[2.05345,49.02941],[2.04918,49.03032],[2.04722,49.0308],[2.04555,49.03105],[2.04487,49.03052],[2.04523,49.02973],[2.04551,49.02948],[2.04628,49.02883],[2.04809,49.02729],[2.05151,49.02547],[2.05444,49.0227],[2.05438,49.02249],[2.05439,49.02161],[2.05446,49.02133],[2.05533,49.01939],[2.05572,49.01872],[2.05584,49.01852],[2.05631,49.01793],[2.05744,49.017],[2.05792,49.01652],[2.0611,49.01414],[2.06173,49.01372],[2.0627,49.01321],[2.06282,49.01315],[2.06531,49.01169],[2.06553,49.01153],[2.06565,49.01145],[2.06604,49.01117],[2.06788,49.0093],[2.06845,49.00872],[2.06873,49.00844],[2.07056,49.00682],[2.07136,49.00613],[2.07145,49.00603],[2.07187,49.00556],[2.07221,49.0052],[2.0724,49.00491],[2.07259,49.00464],[2.07271,49.00436],[2.07284,49.00408],[2.07297,49.00378],[2.07305,49.00351],[2.07313,49.00322],[2.07315,49.00293],[2.07318,49.00265],[2.07316,49.00237],[2.07315,49.00208],[2.07313,49.00181],[2.07312,49.00176],[2.07274,49.00178],[2.07171,49.0014],[2.07116,49.00243],[2.07083,49.00295],[2.0705,49.00338],[2.07009,49.00386],[2.06935,49.0046],[2.06869,49.00525],[2.06805,49.00584],[2.06754,49.00622],[2.0671,49.00651],[2.06657,49.0068],[2.06516,49.00772],[2.06471,49.00802],[2.06413,49.00846],[2.06369,49.00814],[2.06324,49.00792],[2.06236,49.00754],[2.06182,49.00731],[2.06164,49.00721],[2.06036,49.00669],[2.05939,49.00626],[2.05775,49.00583],[2.05695,49.00684],[2.05588,49.00835],[2.05529,49.00949],[2.05634,49.01122],[2.05593,49.01191],[2.05445,49.01297],[2.05346,49.01386],[2.05198,49.01507],[2.0509,49.01584],[2.04871,49.01713],[2.04694,49.01808],[2.04633,49.01848],[2.04524,49.01937],[2.04414,49.02007],[2.04364,49.02049],[2.04277,49.02096],[2.04186,49.0216],[2.04148,49.02209],[2.04087,49.02339],[2.04058,49.02371],[2.03995,49.02408],[2.03943,49.02451],[2.03865,49.02531],[2.03772,49.0264],[2.03694,49.02707],[2.03665,49.02739],[2.03607,49.02815],[2.03496,49.02964],[2.03466,49.03028],[2.03435,49.03157],[2.03454,49.03381],[2.03464,49.03413],[2.03506,49.03511],[2.03527,49.03543],[2.03593,49.03609],[2.03633,49.03639],[2.03716,49.03688],[2.03836,49.03741],[2.04055,49.03858],[2.04154,49.03916],[2.04168,49.03922],[2.04397,49.04015],[2.04531,49.0406],[2.04616,49.04097],[2.04714,49.04127],[2.04861,49.04189],[2.04863,49.0419],[2.04867,49.04191],[2.0491,49.04199],[2.04977,49.04205],[2.05058,49.04212],[2.05154,49.04204],[2.05254,49.04189],[2.05317,49.04174],[2.0532,49.04173],[2.054,49.04154],[2.05479,49.04128],[2.05483,49.04126],[2.05555,49.04096],[2.05647,49.04046],[2.05705,49.04],[2.05736,49.03968],[2.05781,49.03888],[2.05809,49.03776],[2.05825,49.03679],[2.05863,49.03583],[2.05899,49.03518],[2.06047,49.0331],[2.06141,49.0321],[2.0619,49.03168],[2.06275,49.03116],[2.06433,49.03052],[2.06484,49.03027],[2.06583,49.02951],[2.067,49.02876],[2.06818,49.02823],[2.06945,49.02764],[2.07296,49.02589],[2.07557,49.02541],[2.07751,49.02505],[2.07895,49.02479],[2.0808,49.0245],[2.08088,49.02449],[2.08104,49.0245],[2.08168,49.02454],[2.08185,49.02455],[2.08276,49.02465],[2.08389,49.02477],[2.08399,49.02478],[2.08498,49.02501],[2.08553,49.02516],[2.08675,49.02553],[2.08703,49.02589],[2.08745,49.02645],[2.08753,49.02654],[2.08814,49.02716],[2.08825,49.02727],[2.08874,49.02792],[2.08911,49.02861],[2.08935,49.0289],[2.08961,49.02922],[2.08966,49.02932],[2.08985,49.02968],[2.09041,49.03028],[2.09065,49.03053],[2.09109,49.03116],[2.09149,49.03173],[2.09208,49.03256],[2.09242,49.03304],[2.09256,49.03329],[2.09272,49.03356],[2.09355,49.03498],[2.09376,49.03546],[2.09452,49.03725],[2.09482,49.03807],[2.09485,49.0382],[2.09492,49.03846],[2.09498,49.03872],[2.09507,49.03914],[2.09516,49.03953],[2.09524,49.03991],[2.09532,49.04027],[2.0961,49.04221],[2.09624,49.04247],[2.09661,49.04311],[2.09678,49.0434],[2.09687,49.04367],[2.09963,49.04707],[2.09992,49.04731],[2.10159,49.04928],[2.10188,49.04962],[2.10198,49.04973],[2.10201,49.04977],[2.10313,49.05085],[2.10318,49.05091],[2.10649,49.05354],[2.10698,49.05349],[2.1073,49.05355],[2.10736,49.05356],[2.1074,49.05358],[2.10804,49.05394],[2.10805,49.05394],[2.10833,49.05418],[2.10856,49.05438],[2.1088,49.0546],[2.1091,49.05486],[2.10939,49.05508],[2.11175,49.05691],[2.11241,49.05752],[2.11283,49.05791],[2.11294,49.05802],[2.11349,49.05842],[2.1135,49.05843],[2.1138,49.05863],[2.11381,49.05864],[2.11414,49.0588],[2.11445,49.05896],[2.11568,49.05958],[2.11569,49.05959],[2.11597,49.05975],[2.11627,49.05994],[2.11657,49.06013],[2.11688,49.06033],[2.11689,49.06034],[2.11723,49.06051],[2.11798,49.06088],[2.11813,49.06095],[2.11845,49.06116],[2.11874,49.06135],[2.11903,49.06154],[2.11935,49.06175],[2.11967,49.06195],[2.11968,49.06196],[2.11996,49.06212],[2.12041,49.06238],[2.12087,49.06264],[2.12119,49.06282],[2.12166,49.06309],[2.1221,49.06334],[2.12243,49.06353],[2.12256,49.0636],[2.1235,49.0641],[2.12355,49.06413],[2.12412,49.06443],[2.1247,49.06474],[2.12516,49.06498],[2.12561,49.06522],[2.12609,49.06547],[2.12622,49.06557],[2.12639,49.06571],[2.1264,49.06572],[2.12645,49.06584],[2.1288,49.06672],[2.13068,49.06743],[2.13069,49.06744],[2.1312,49.06752],[2.13178,49.06761],[2.13196,49.06764],[2.13314,49.06789],[2.13378,49.06803],[2.13384,49.06804],[2.13396,49.06807],[2.13416,49.06814],[2.13486,49.06838],[2.13503,49.06844],[2.1355,49.06858],[2.1362,49.06878],[2.13761,49.0692],[2.13816,49.06935],[2.13858,49.06944],[2.13898,49.06947],[2.14021,49.06958],[2.14067,49.06963],[2.14129,49.06968],[2.14268,49.06981],[2.14283,49.06982],[2.14316,49.06985],[2.1436,49.06989],[2.14378,49.06991],[2.14429,49.06995],[2.14484,49.07001],[2.14526,49.07004],[2.14527,49.07005],[2.14578,49.07012],[2.14714,49.07032],[2.14721,49.07033],[2.14733,49.07034],[2.14856,49.07041],[2.14912,49.07044],[2.14973,49.07047],[2.14975,49.07048],[2.15022,49.07049],[2.15118,49.07051],[2.15119,49.07051],[2.15128,49.07051],[2.15158,49.0705],[2.15428,49.07046],[2.15431,49.07045],[2.1554,49.07039],[2.15581,49.07037],[2.15675,49.07023],[2.15678,49.07023],[2.15844,49.0699],[2.15946,49.0698],[2.16094,49.06964],[2.1617,49.06961],[2.16172,49.06961],[2.16273,49.06968],[2.16275,49.06968],[2.16383,49.06989],[2.16519,49.07015],[2.1652,49.07015],[2.16717,49.07044],[2.16719,49.07045],[2.16781,49.07065],[2.16797,49.07071],[2.16806,49.07078],[2.16827,49.07094],[2.17169,49.07121],[2.17173,49.07121],[2.17211,49.07113],[2.17262,49.07112],[2.17267,49.07112],[2.17268,49.07112],[2.17415,49.07125],[2.17569,49.07129],[2.17571,49.07129],[2.17637,49.0714],[2.17639,49.0714],[2.1783,49.07189],[2.17832,49.07189],[2.18002,49.07212],[2.18004,49.07212],[2.18007,49.07213],[2.18345,49.0732],[2.18362,49.07325],[2.1841,49.07346],[2.18411,49.07346],[2.1843,49.07356],[2.18681,49.07486],[2.18682,49.07487],[2.18778,49.07531],[2.1878,49.07532],[2.18863,49.07557],[2.18865,49.07558],[2.18871,49.0756],[2.18878,49.07563],[2.18891,49.07568],[2.18998,49.07612],[2.1911,49.07675],[2.19148,49.07705],[2.19149,49.07706],[2.19172,49.07737],[2.19217,49.07795],[2.19255,49.0783],[2.19316,49.07878],[2.1941,49.07952],[2.19411,49.07953],[2.19502,49.08035],[2.19503,49.08036],[2.19553,49.08083],[2.19553,49.08084],[2.1958,49.08116],[2.19594,49.08143],[2.196,49.08181],[2.19603,49.08208],[2.19612,49.08255],[2.1962,49.08443],[2.19635,49.08539],[2.19658,49.08606],[2.197,49.08683],[2.19745,49.0884],[2.19754,49.08906],[2.1974,49.08981],[2.19718,49.09054],[2.19872,49.09398],[2.19921,49.09403],[2.19967,49.09419],[2.20157,49.09445],[2.20415,49.09445],[2.20499,49.09462],[2.2054,49.09481],[2.20575,49.09504],[2.20629,49.0956],[2.20652,49.09595],[2.20693,49.09684],[2.20711,49.09737],[2.20721,49.09803],[2.20704,49.09947],[2.20703,49.10018],[2.20718,49.10109],[2.20743,49.10183],[2.20747,49.1019],[2.20799,49.103],[2.20836,49.10431],[2.20837,49.10467],[2.20842,49.10604],[2.20835,49.10668],[2.20794,49.10823],[2.20781,49.10893],[2.20789,49.10985],[2.20793,49.10999],[2.20844,49.11152],[2.20868,49.11226],[2.20958,49.11381],[2.2097,49.11402],[2.20982,49.11423],[2.20993,49.11441],[2.21002,49.11457],[2.21004,49.11461],[2.21013,49.11479],[2.21021,49.11497],[2.21028,49.11514],[2.2103,49.11526],[2.21032,49.11538],[2.21042,49.11594],[2.2105,49.11702],[2.21055,49.11756],[2.21052,49.11819],[2.21051,49.11831],[2.21053,49.11841],[2.21061,49.11899],[2.21087,49.11995],[2.21101,49.12048],[2.21188,49.12321],[2.21205,49.12358],[2.2121,49.12368],[2.21222,49.12388],[2.2123,49.12402],[2.21254,49.12441],[2.21272,49.12463],[2.21287,49.12479],[2.21293,49.12487],[2.21305,49.12499],[2.21308,49.12502],[2.21312,49.12505],[2.21433,49.12628],[2.21482,49.12626],[2.21489,49.12626],[2.21496,49.12626],[2.21503,49.12626],[2.21509,49.12626],[2.2151,49.12625],[2.21571,49.12632],[2.21578,49.12633],[2.2158,49.12633],[2.21588,49.12635],[2.21598,49.12638],[2.21608,49.12641],[2.21623,49.12646],[2.2164,49.12654],[2.21652,49.1266],[2.21667,49.12668],[2.21678,49.12675],[2.21748,49.12724],[2.21759,49.12731],[2.21777,49.12743],[2.21827,49.12764],[2.21963,49.12784],[2.21977,49.1279],[2.21979,49.1279],[2.22038,49.12812],[2.2204,49.12813],[2.2208,49.12834],[2.22082,49.12835],[2.22137,49.12864],[2.22279,49.12972],[2.2235,49.13031],[2.2243,49.13111],[2.22434,49.13115],[2.22472,49.13143],[2.22473,49.13144],[2.2251,49.1317],[2.22628,49.13222],[2.22698,49.13245],[2.22796,49.13267],[2.22875,49.13285],[2.22878,49.13285],[2.22877,49.13284],[2.22996,49.13304],[2.22997,49.13304],[2.22998,49.13304],[2.23,49.13305],[2.23003,49.13305],[2.23115,49.13329],[2.23123,49.13331],[2.23168,49.13343],[2.2324,49.13371],[2.23329,49.13419],[2.23437,49.13485],[2.23518,49.13554],[2.23529,49.13564],[2.23587,49.13616],[2.23714,49.13717],[2.23724,49.13725],[2.23747,49.13743],[2.23884,49.1381],[2.24114,49.13926],[2.24238,49.13989],[2.24245,49.13993],[2.24306,49.14036],[2.24525,49.14166],[2.2469,49.14239],[2.2482,49.14284],[2.24875,49.14315],[2.24888,49.14351],[2.24881,49.14387],[2.24874,49.14432],[2.24915,49.14459],[2.25093,49.14505],[2.25162,49.14536],[2.2521,49.14586],[2.2521,49.14594],[2.2521,49.14599],[2.2523,49.14644],[2.25264,49.14689],[2.25271,49.14716],[2.2523,49.1477],[2.25216,49.14792],[2.25257,49.14824],[2.25325,49.14824],[2.25353,49.14819],[2.25518,49.14824],[2.25579,49.14833],[2.25867,49.14896],[2.2597,49.14928],[2.26326,49.15108],[2.26369,49.15162],[2.26369,49.15162],[2.26362,49.15189],[2.26328,49.15257],[2.26251,49.15324],[2.26654,49.15427],[2.26677,49.15419],[2.26862,49.15397],[2.26972,49.15406],[2.27219,49.15393],[2.27404,49.1537],[2.27452,49.15379],[2.27534,49.15406],[2.27733,49.15447],[2.27884,49.15452],[2.27953,49.15461],[2.2811,49.15501],[2.28357,49.15537],[2.28453,49.15564],[2.28837,49.1574],[2.28988,49.15803],[2.2907,49.1583],[2.29084,49.15839],[2.29221,49.15866],[2.29351,49.15884],[2.29468,49.15893],[2.29632,49.15902],[2.29955,49.15903],[2.30085,49.15889],[2.30188,49.15871],[2.30401,49.15822],[2.30758,49.15723],[2.30998,49.15642],[2.31341,49.15535],[2.31437,49.15517],[2.31588,49.15503],[2.31719,49.15503],[2.31787,49.15481],[2.31822,49.15441],[2.31863,49.15369],[2.31904,49.15346],[2.32165,49.15229],[2.32206,49.15193],[2.32303,49.15144],[2.3246,49.1509],[2.32598,49.15059],[2.32728,49.15045],[2.32817,49.15027],[2.33078,49.15018],[2.33174,49.15],[2.33407,49.14915],[2.33524,49.14902],[2.33682,49.14897],[2.33744,49.14875],[2.33805,49.14825],[2.3384,49.14776],[2.33888,49.14744],[2.33984,49.1474],[2.34162,49.14763],[2.34279,49.14798],[2.34443,49.1492],[2.34614,49.15005],[2.34786,49.15068],[2.35511,49.1526],[2.35498,49.15217]]],[[[2.37016,49.15807],[2.37019,49.15836],[2.37005,49.15853],[2.37001,49.15871],[2.3701,49.1588],[2.37023,49.1588],[2.3704,49.15867],[2.37071,49.15866],[2.3709,49.1588],[2.37094,49.15897],[2.37093,49.1592],[2.37109,49.15926],[2.37229,49.15938],[2.37276,49.15946],[2.37286,49.15946],[2.3732,49.15925],[2.37238,49.15925],[2.37107,49.15897],[2.37073,49.15852],[2.37052,49.15848],[2.37034,49.15791],[2.37016,49.15807]]],[[[2.29194,48.95198],[2.29222,48.95147],[2.29081,48.95109],[2.28796,48.95076],[2.28546,48.95042],[2.28505,48.95037],[2.28149,48.94976],[2.279,48.94904],[2.27508,48.948],[2.27247,48.9474],[2.27067,48.94706],[2.26969,48.94682],[2.26909,48.94669],[2.26861,48.94653],[2.26815,48.94634],[2.26715,48.94593],[2.26671,48.94573],[2.26517,48.94498],[2.2636,48.94439],[2.26316,48.9442],[2.26216,48.94388],[2.26177,48.94376],[2.26092,48.94344],[2.26027,48.94314],[2.25982,48.94295],[2.25898,48.94254],[2.25863,48.94235],[2.25791,48.94192],[2.25708,48.94137],[2.25641,48.94084],[2.25607,48.9406],[2.25558,48.94019],[2.25527,48.94007],[2.25373,48.93944],[2.25289,48.93911],[2.25221,48.93883],[2.2517,48.93861],[2.251,48.93832],[2.25034,48.93803],[2.24905,48.93741],[2.24856,48.93721],[2.24756,48.93674],[2.24727,48.9366],[2.24587,48.93583],[2.24458,48.93485],[2.2442,48.93459],[2.2435,48.93405],[2.24264,48.93342],[2.24177,48.93285],[2.23888,48.93156],[2.23768,48.93109],[2.23687,48.93072],[2.23609,48.9304],[2.23494,48.92977],[2.23301,48.92877],[2.23175,48.92808],[2.23114,48.92773],[2.23027,48.92713],[2.22784,48.9255],[2.22675,48.92474],[2.2246,48.92329],[2.22406,48.92293],[2.22297,48.92224],[2.2204,48.92061],[2.2191,48.91979],[2.21672,48.91822],[2.21547,48.91741],[2.2142,48.91656],[2.21386,48.91628],[2.21316,48.9157],[2.21257,48.9151],[2.21214,48.9147],[2.2112,48.91398],[2.211,48.91386],[2.20972,48.91299],[2.20829,48.91206],[2.20767,48.91169],[2.2068,48.91124],[2.20598,48.91084],[2.20545,48.91064],[2.20447,48.91024],[2.20357,48.9099],[2.2022,48.90933],[2.20121,48.90896],[2.20047,48.90863],[2.19821,48.91204],[2.19942,48.91262],[2.20023,48.91296],[2.20064,48.91325],[2.20113,48.91341],[2.2023,48.91388],[2.20386,48.91454],[2.20364,48.91479],[2.20406,48.91495],[2.20518,48.91538],[2.20568,48.91557],[2.20595,48.91567],[2.2062,48.91576],[2.20644,48.91584],[2.20666,48.91592],[2.20682,48.91597],[2.20699,48.91602],[2.20717,48.91608],[2.20736,48.91613],[2.20772,48.91623],[2.20857,48.91645],[2.20879,48.91651],[2.20899,48.91657],[2.20919,48.91663],[2.20938,48.91669],[2.20955,48.91674],[2.20972,48.9168],[2.21035,48.91703],[2.21055,48.9171],[2.21073,48.91717],[2.21091,48.91725],[2.21108,48.91732],[2.21124,48.91739],[2.21138,48.91746],[2.21152,48.91754],[2.21167,48.91762],[2.21182,48.91771],[2.21197,48.91782],[2.21212,48.91792],[2.21227,48.91803],[2.21285,48.91845],[2.21302,48.91858],[2.2132,48.91872],[2.21337,48.91886],[2.21339,48.91887],[2.21338,48.91887],[2.21337,48.91887],[2.21303,48.91884],[2.21252,48.9188],[2.21204,48.91876],[2.21204,48.91876],[2.21199,48.91876],[2.21152,48.91871],[2.21102,48.91865],[2.21054,48.91859],[2.21001,48.91853],[2.20954,48.91847],[2.20948,48.91846],[2.20911,48.91841],[2.20874,48.91835],[2.20858,48.91831],[2.20824,48.91825],[2.20816,48.91824],[2.20777,48.91815],[2.20766,48.91813],[2.2072,48.91802],[2.20675,48.91789],[2.20584,48.91763],[2.20518,48.91743],[2.20478,48.9173],[2.20431,48.91714],[2.2037,48.91693],[2.20327,48.91678],[2.20286,48.9166],[2.20246,48.91642],[2.20229,48.91633],[2.20222,48.91641],[2.2015,48.91726],[2.20112,48.91769],[2.20082,48.91801],[2.20043,48.9183],[2.1998,48.91873],[2.19919,48.91897],[2.19956,48.91919],[2.20105,48.92015],[2.20209,48.92081],[2.20239,48.92097],[2.20363,48.92144],[2.20472,48.92183],[2.20517,48.92203],[2.20501,48.92225],[2.20511,48.92225],[2.20479,48.92271],[2.20492,48.92275],[2.20438,48.92362],[2.20462,48.92368],[2.20407,48.92455],[2.20432,48.92451],[2.20398,48.92507],[2.20462,48.92522],[2.20396,48.92618],[2.20416,48.92626],[2.20449,48.92637],[2.20489,48.92648],[2.2052,48.9266],[2.20561,48.92673],[2.20602,48.92685],[2.20633,48.92696],[2.20665,48.92705],[2.20706,48.92714],[2.20748,48.92723],[2.20788,48.92732],[2.2082,48.9274],[2.2086,48.92753],[2.20891,48.92763],[2.20933,48.92769],[2.20974,48.92769],[2.21013,48.9277],[2.21047,48.92776],[2.21081,48.92794],[2.21105,48.92814],[2.21126,48.92834],[2.21153,48.92854],[2.21181,48.9287],[2.2122,48.92883],[2.21253,48.92892],[2.21286,48.92898],[2.21325,48.92904],[2.21351,48.92908],[2.21366,48.92911],[2.21402,48.92916],[2.21438,48.92923],[2.2148,48.92934],[2.21522,48.92946],[2.21556,48.92957],[2.21593,48.9297],[2.21625,48.92982],[2.21658,48.92992],[2.21695,48.93005],[2.21729,48.93016],[2.21765,48.93026],[2.21802,48.93036],[2.21842,48.93045],[2.21883,48.9305],[2.21926,48.93057],[2.21966,48.93067],[2.21998,48.93078],[2.22037,48.93089],[2.22079,48.93103],[2.22121,48.93113],[2.22162,48.93119],[2.22203,48.93124],[2.22245,48.93125],[2.22288,48.93125],[2.22328,48.93125],[2.22368,48.93123],[2.2241,48.9312],[2.22451,48.93115],[2.22492,48.93112],[2.22535,48.9311],[2.22577,48.93114],[2.22607,48.93129],[2.22637,48.93154],[2.22656,48.93183],[2.2266,48.9321],[2.22652,48.93238],[2.2264,48.93266],[2.22628,48.9329],[2.22611,48.93319],[2.22592,48.93346],[2.22578,48.93367],[2.22562,48.93387],[2.22545,48.93414],[2.22529,48.93441],[2.22517,48.93469],[2.22509,48.93493],[2.22501,48.93523],[2.22497,48.9355],[2.22498,48.93579],[2.22501,48.93603],[2.22508,48.93633],[2.22514,48.93655],[2.22531,48.93677],[2.22576,48.93698],[2.22614,48.93689],[2.22638,48.93673],[2.2266,48.93648],[2.2268,48.93617],[2.22691,48.93593],[2.22701,48.93565],[2.22709,48.93539],[2.22715,48.93511],[2.22722,48.93484],[2.22742,48.93456],[2.22783,48.93442],[2.22824,48.93442],[2.22864,48.93447],[2.22896,48.93456],[2.22937,48.9347],[2.22966,48.93484],[2.2299,48.935],[2.23017,48.93524],[2.2304,48.93551],[2.23059,48.93579],[2.23073,48.936],[2.23093,48.93626],[2.23114,48.93652],[2.23138,48.93674],[2.23179,48.93702],[2.23218,48.93711],[2.23258,48.937],[2.23295,48.93676],[2.2332,48.93659],[2.23362,48.93657],[2.23404,48.93661],[2.23452,48.93675],[2.23481,48.93688],[2.2351,48.93702],[2.23547,48.9372],[2.2359,48.93743],[2.23619,48.93756],[2.23648,48.9377],[2.23678,48.93783],[2.23708,48.93797],[2.2374,48.93811],[2.23776,48.93825],[2.23805,48.93837],[2.23843,48.93851],[2.23883,48.93865],[2.23926,48.93879],[2.23961,48.93893],[2.24003,48.9392],[2.24029,48.93947],[2.24055,48.93975],[2.2409,48.94007],[2.24096,48.94013],[2.24118,48.94032],[2.24159,48.94062],[2.24199,48.94079],[2.2424,48.94089],[2.24284,48.94093],[2.24325,48.94097],[2.24365,48.94099],[2.24406,48.94098],[2.24448,48.94096],[2.24489,48.94094],[2.24531,48.94094],[2.24572,48.94095],[2.24612,48.94095],[2.24654,48.94094],[2.24697,48.94093],[2.24738,48.94096],[2.24778,48.941],[2.24821,48.94107],[2.24854,48.94116],[2.24887,48.94129],[2.24925,48.94146],[2.24964,48.94166],[2.24996,48.94184],[2.25027,48.94207],[2.2505,48.94224],[2.25089,48.94252],[2.25131,48.94277],[2.25159,48.94292],[2.25194,48.9431],[2.25239,48.94334],[2.25276,48.94356],[2.25297,48.94375],[2.25321,48.94401],[2.25344,48.94429],[2.2536,48.94448],[2.25371,48.94473],[2.2538,48.94501],[2.25385,48.94528],[2.25387,48.94553],[2.25387,48.94583],[2.25387,48.94611],[2.25385,48.94638],[2.25378,48.94664],[2.25365,48.94692],[2.25347,48.94714],[2.25323,48.94734],[2.25291,48.94752],[2.25263,48.94765],[2.2523,48.94778],[2.25199,48.94791],[2.25165,48.94808],[2.25137,48.94824],[2.25106,48.94843],[2.25085,48.9487],[2.25101,48.9489],[2.25134,48.94903],[2.25176,48.94899],[2.25207,48.94889],[2.25238,48.94875],[2.25264,48.94859],[2.2529,48.94843],[2.25324,48.94823],[2.25354,48.94804],[2.2538,48.94786],[2.25404,48.94769],[2.25427,48.94748],[2.25452,48.94725],[2.25472,48.94702],[2.25488,48.9468],[2.25509,48.94655],[2.25524,48.94632],[2.25542,48.94612],[2.2556,48.94592],[2.2558,48.94573],[2.25603,48.94551],[2.25631,48.94528],[2.25657,48.9451],[2.25686,48.9449],[2.25714,48.94474],[2.25745,48.9446],[2.25775,48.94446],[2.25807,48.94433],[2.25813,48.94435],[2.2585,48.94451],[2.25887,48.94468],[2.25967,48.94505],[2.26002,48.94521],[2.26022,48.94529],[2.2604,48.94537],[2.26058,48.94544],[2.26075,48.94551],[2.26091,48.94557],[2.26107,48.94563],[2.26125,48.94569],[2.26142,48.94575],[2.26161,48.94581],[2.2618,48.94586],[2.26199,48.94592],[2.2622,48.94598],[2.26252,48.94606],[2.26258,48.94608],[2.26301,48.94619],[2.26345,48.94629],[2.2646,48.94657],[2.26495,48.94665],[2.26525,48.94673],[2.2656,48.94682],[2.26592,48.94691],[2.26622,48.947],[2.2665,48.94709],[2.26684,48.94721],[2.26721,48.94734],[2.26764,48.9475],[2.26854,48.94784],[2.26894,48.94799],[2.26936,48.94814],[2.26974,48.94827],[2.27027,48.94844],[2.27083,48.94862],[2.27141,48.94879],[2.27203,48.94897],[2.27267,48.94915],[2.27335,48.94934],[2.2741,48.94954],[2.27495,48.94976],[2.27533,48.94985],[2.27572,48.94995],[2.27613,48.95005],[2.27657,48.95015],[2.27741,48.95034],[2.27895,48.95067],[2.27955,48.95081],[2.28017,48.95094],[2.28072,48.95107],[2.28096,48.95113],[2.28126,48.95121],[2.28138,48.95124],[2.28146,48.95125],[2.28237,48.95149],[2.28285,48.9516],[2.28335,48.95172],[2.28358,48.95177],[2.2838,48.95182],[2.28412,48.95189],[2.28446,48.95195],[2.28481,48.95202],[2.28519,48.95208],[2.28592,48.95221],[2.28754,48.95247],[2.28907,48.95272],[2.28994,48.95286],[2.29037,48.95293],[2.29076,48.95299],[2.29114,48.95304],[2.29132,48.95306],[2.29194,48.95198]]],[[[2.17515,48.95238],[2.17519,48.95243],[2.17333,48.95348],[2.17447,48.95429],[2.17481,48.95464],[2.1755,48.95534],[2.1759,48.95579],[2.17638,48.95638],[2.1769,48.95708],[2.1775,48.95784],[2.17777,48.95832],[2.178,48.95881],[2.17813,48.95902],[2.17822,48.95964],[2.17826,48.95993],[2.1783,48.96068],[2.17826,48.96119],[2.17811,48.96238],[2.17805,48.96327],[2.1782,48.96388],[2.17854,48.96492],[2.17882,48.96573],[2.17905,48.96609],[2.17847,48.96628],[2.178,48.96646],[2.17781,48.9666],[2.17755,48.96687],[2.17733,48.96719],[2.17717,48.9675],[2.17713,48.96776],[2.17717,48.96799],[2.17712,48.96848],[2.17693,48.96889],[2.17685,48.96904],[2.1764,48.9695],[2.1761,48.96998],[2.17563,48.97128],[2.1755,48.97174],[2.17549,48.97199],[2.17554,48.97226],[2.17557,48.97292],[2.17527,48.97358],[2.17472,48.9741],[2.1743,48.97453],[2.17382,48.97505],[2.17322,48.97557],[2.1726,48.97609],[2.17163,48.97707],[2.17064,48.97822],[2.17055,48.97839],[2.17044,48.97844],[2.16995,48.97859],[2.16948,48.97881],[2.16894,48.9791],[2.16834,48.97947],[2.16669,48.98046],[2.16627,48.98081],[2.16602,48.98111],[2.1659,48.9813],[2.16562,48.9816],[2.16468,48.98215],[2.16412,48.98238],[2.16338,48.98251],[2.16271,48.98266],[2.16237,48.98277],[2.16202,48.98284],[2.16157,48.98297],[2.16111,48.98319],[2.16091,48.98325],[2.16049,48.98346],[2.15922,48.98397],[2.1583,48.98421],[2.15634,48.9849],[2.15609,48.98508],[2.15589,48.98536],[2.1557,48.98559],[2.15047,48.98646],[2.1498,48.98639],[2.14894,48.98644],[2.14831,48.9865],[2.14768,48.98661],[2.14735,48.98669],[2.14623,48.98702],[2.14445,48.9875],[2.14346,48.98776],[2.14265,48.98794],[2.14163,48.98812],[2.14015,48.98828],[2.13808,48.98829],[2.13763,48.98829],[2.13693,48.9883],[2.13616,48.98837],[2.13539,48.98849],[2.13481,48.98854],[2.13412,48.98862],[2.13326,48.98869],[2.13214,48.98869],[2.13015,48.98878],[2.12881,48.98888],[2.12816,48.98896],[2.12763,48.98906],[2.127,48.98924],[2.12653,48.98941],[2.12626,48.98954],[2.1259,48.98979],[2.12556,48.99006],[2.12497,48.99066],[2.12454,48.99102],[2.12393,48.99148],[2.12364,48.99166],[2.1238,48.9925],[2.12657,48.9922],[2.12814,48.99203],[2.12862,48.99197],[2.12911,48.99192],[2.1296,48.99186],[2.12961,48.99186],[2.13005,48.99183],[2.13055,48.99178],[2.13057,48.99178],[2.13109,48.99176],[2.13152,48.99175],[2.13253,48.99172],[2.133,48.9917],[2.13347,48.99165],[2.13398,48.9916],[2.13496,48.9915],[2.13545,48.99151],[2.13561,48.99153],[2.13622,48.99161],[2.1367,48.99167],[2.13724,48.9917],[2.13767,48.99172],[2.13812,48.99174],[2.13814,48.99174],[2.13863,48.99175],[2.13863,48.99175],[2.13918,48.99177],[2.1397,48.99178],[2.13986,48.99178],[2.14014,48.99179],[2.14016,48.99179],[2.14061,48.99176],[2.14101,48.9917],[2.14158,48.99162],[2.14205,48.99155],[2.14207,48.99155],[2.14253,48.99145],[2.14302,48.99135],[2.1435,48.99126],[2.14428,48.9911],[2.14441,48.99107],[2.14443,48.99107],[2.14496,48.99093],[2.14498,48.99093],[2.14618,48.99054],[2.14648,48.99045],[2.1469,48.99035],[2.14718,48.99029],[2.14792,48.99012],[2.14844,48.99],[2.1489,48.9899],[2.14925,48.98979],[2.14963,48.98967],[2.15015,48.98951],[2.15064,48.98936],[2.15125,48.98917],[2.15182,48.989],[2.15238,48.98883],[2.1528,48.98868],[2.15296,48.98862],[2.1533,48.9885],[2.15372,48.98835],[2.15407,48.98822],[2.15453,48.98806],[2.15551,48.98771],[2.15588,48.98758],[2.15768,48.98694],[2.15812,48.98678],[2.15889,48.98664],[2.15951,48.98653],[2.16158,48.98616],[2.16197,48.9861],[2.16402,48.9856],[2.16495,48.98516],[2.16579,48.98475],[2.16873,48.98314],[2.16977,48.98251],[2.17066,48.98206],[2.17114,48.98171],[2.17176,48.98108],[2.17326,48.97991],[2.17415,48.9791],[2.17426,48.97899],[2.17498,48.97825],[2.17587,48.97704],[2.1762,48.97646],[2.1763,48.97628],[2.17642,48.97609],[2.17676,48.97568],[2.17738,48.97474],[2.17793,48.97344],[2.17827,48.97299],[2.17888,48.97254],[2.17937,48.97164],[2.18044,48.97008],[2.1806,48.96985],[2.18062,48.96976],[2.18088,48.9688],[2.18103,48.96824],[2.18108,48.96805],[2.18129,48.96774],[2.18154,48.96615],[2.18166,48.96541],[2.18166,48.96444],[2.18161,48.9636],[2.18143,48.96299],[2.181,48.96149],[2.18064,48.96026],[2.1792,48.95755],[2.17784,48.95573],[2.17783,48.95572],[2.1761,48.95394],[2.17622,48.95387],[2.17635,48.95379],[2.17647,48.95363],[2.17644,48.95361],[2.17526,48.95233],[2.17515,48.95238]]],[[[2.24153,49.12866],[2.24304,49.1276],[2.24307,49.12758],[2.24359,49.12727],[2.24362,49.12724],[2.2445,49.12683],[2.24508,49.1266],[2.24582,49.12631],[2.24626,49.1261],[2.24627,49.12609],[2.24682,49.12573],[2.24785,49.12488],[2.24867,49.12436],[2.24929,49.12408],[2.24931,49.12407],[2.25005,49.12381],[2.25126,49.12354],[2.25127,49.12354],[2.2521,49.12324],[2.25236,49.12305],[2.25257,49.12272],[2.25286,49.12183],[2.25289,49.12178],[2.2529,49.12173],[2.25297,49.12152],[2.25295,49.12151],[2.25315,49.12095],[2.25347,49.12047],[2.25371,49.12021],[2.25463,49.11981],[2.25466,49.11979],[2.25469,49.11978],[2.25472,49.11979],[2.25474,49.11979],[2.2551,49.11989],[2.25516,49.11991],[2.25517,49.11994],[2.25529,49.1202],[2.2553,49.12021],[2.25593,49.12087],[2.2566,49.12134],[2.25671,49.12142],[2.25686,49.1215],[2.25726,49.12171],[2.25728,49.12172],[2.25771,49.12189],[2.25773,49.12189],[2.25817,49.12201],[2.25819,49.12202],[2.259,49.12209],[2.25902,49.12209],[2.25979,49.12211],[2.25981,49.12211],[2.26038,49.12201],[2.26086,49.12171],[2.26095,49.12161],[2.26135,49.12121],[2.26136,49.12119],[2.26158,49.12073],[2.26162,49.12072],[2.26228,49.12065],[2.26336,49.12084],[2.25956,49.11624],[2.25939,49.11604],[2.25807,49.11444],[2.25679,49.11427],[2.2535,49.11428],[2.25233,49.11524],[2.25178,49.11629],[2.25041,49.11683],[2.24946,49.11781],[2.25028,49.11909],[2.25134,49.12022],[2.25106,49.12147],[2.24982,49.12222],[2.24776,49.12278],[2.24568,49.12309],[2.24545,49.12315],[2.24499,49.12319],[2.24445,49.12345],[2.24402,49.1238],[2.24374,49.12417],[2.24343,49.1246],[2.24284,49.12572],[2.24244,49.12665],[2.24233,49.12737],[2.24228,49.12767],[2.24212,49.12802],[2.24151,49.12865],[2.24139,49.12875],[2.24128,49.12883],[2.24153,49.12866]]],[[[2.24059,49.12921],[2.24128,49.12883],[2.24058,49.12921],[2.24059,49.12921]]]]}}]}
