{
  "type": "FeatureCollection",
  "features": [
    {
      "type": "Feature",
      "properties": {
        "code_station_hydrobio": "03082719",
        "libelle_station_hydrobio": "LE CROULD A BONNEUIL-EN-FRANCE 1",
        "uri_station_hydrobio": "https://id.eaufrance.fr/StationMesureEauxSurface/03082719",
        "coordonnee_x": 657984.0,
        "coordonnee_y": 6875251.0,
        "code_projection": "2154",
        "code_cours_eau": "F70-0410",
        "libelle_cours_eau": "Le Crould",
        "uri_cours_eau": "https://id.eaufrance.fr/CoursEau_Carthage2017/F70-0410",
        "code_masse_eau": "HR157A",
        "libelle_masse_eau": "le Croult de sa source au lac departemental de la Courneuve",
        "uri_masse_eau": "https://id.eaufrance.fr/MasseDEauRiviere_VEDL2019/HR157A",
        "code_sous_bassin": "FRH_IF",
        "libelle_sous_bassin": "Ile de France",
        "code_bassin": "H",
        "libelle_bassin": "La Seine et les cours d'eau côtiers normands",
        "code_commune": "95088",
        "libelle_commune": "Bonneuil-en-France",
        "code_departement": "95",
        "libelle_departement": "Val-d'Oise",
        "code_region": "11",
        "libelle_region": "Île-de-France",
        "codes_reseaux": [
          "0300000207",
          "0300000215"
        ],
        "libelles_reseaux": [
          "Réseau de gestion des eaux superficielles de la DRIF",
          "Réseau de gestion hydrobiologique de la DIREN Ile de France"
        ],
        "codes_supports": [
          "13",
          "10"
        ],
        "libelles_supports": [
          "Macroinvertébrés aquatiques",
          "Diatomées benthiques"
        ],
        "codes_appel_taxons": [
          "364",
          "1087",
          "1090",
          "1061",
          "1056",
          "933",
          "972",
          "1001",
          "978",
          "880",
          "3206",
          "3127",
          "892",
          "753",
          "783",
          "831",
          "796",
          "807",
          "908",
          "9034",
          "8987",
          "8989",
          "8845",
          "8719",
          "7408",
          "14664",
          "11981",
          "8190",
          "7881",
          "7076",
          "43146",
          "28635",
          "17937",
          "11785",
          "14114",
          "7226",
          "8420",
          "8393",
          "1043",
          "819",
          "9794",
          "1042",
          "928",
          "1044",
          "3170",
          "311",
          "6834",
          "8820",
          "8492",
          "41890",
          "14286",
          "11270",
          "7948",
          "9087",
          "32078",
          "8992",
          "8114",
          "7588",
          "38981",
          "8955",
          "13626",
          "7604",
          "31603",
          "8875",
          "6631",
          "7995",
          "7229",
          "11786",
          "9014",
          "7874",
          "18971",
          "8192",
          "7109",
          "7584",
          "13281",
          "8603",
          "12627",
          "14704",
          "8206",
          "7171",
          "10586",
          "8445",
          "9419",
          "17401",
          "20686",
          "14882",
          "16657",
          "200",
          "8847",
          "7101",
          "8934",
          "9430",
          "3168",
          "1071",
          "7116",
          "7843",
          "28980",
          "12097",
          "801",
          "7406",
          "8491",
          "14060"
        ],
        "libelles_appel_taxons": [
          "Baetis",
          "Bryozoa",
          "Porifera",
          "Planariidae",
          "Dugesia",
          "Oligochaeta",
          "Valvata",
          "Galba",
          "Potamopyrgus",
          "Asellidae",
          "Copepoda",
          "Cladocera",
          "Gammarus",
          "Tipulidae",
          "Psychodidae",
          "Empididae",
          "Culicidae",
          "Chironomidae",
          "Glossiphoniidae",
          "Nitzschia sociabilis",
          "Nitzschia palea",
          "Nitzschia palea var. debilis",
          "Nitzschia bulnheimiana",
          "Melosira varians",
          "Diploneis oculata",
          "Mayamaea permitis",
          "Caloneis lancettula",
          "Navicula tripunctata",
          "Navicula cryptotenella",
          "Achnanthidium minutissimum",
          "Sellaphora nigri",
          "Amphora indistincta",
          "Planothidium lanceolatum",
          "Cocconeis euglypta",
          "Gomphonema parvulum var. parvulum f. parvulum",
          "Cocconeis pediculus",
          "Rhoicosphenia abbreviata",
          "Planothidium frequentissimum",
          "Pisidium",
          "Ceratopogonidae",
          "Baetis lato sensu",
          "Sphaeriidae",
          "Erpobdellidae",
          "Sphaerium",
          "Ostracoda",
          "Athripsodes",
          "Tabularia fasciculata",
          "Nitzschia amphibia",
          "Surirella brebissonii var. kuetzingii",
          "Craticula subminuscula",
          "Hantzschia abundans",
          "Aulacoseira pusilla",
          "Navicula gregaria",
          "Tryblionella hungarica",
          "Ulnaria acus",
          "Nitzschia paleacea",
          "Navicula reichardtiana var. reichardtiana",
          "Fallacia subhamulata",
          "Luticola frequentissima",
          "Nitzschia linearis",
          "Fragilaria nevadensis",
          "Frustulia vulgaris",
          "Achnanthidium microcephalum",
          "Nitzschia dissipata",
          "Diatoma vulgare",
          "Navicula lanceolata",
          "Cocconeis placentula var. euglypta",
          "Cocconeis euglyptoides",
          "Nitzschia pusilla",
          "Navicula cryptocephala",
          "Tryblionella debilis",
          "Navicula trivialis var. trivialis",
          "Amphora montana",
          "Fallacia monoculata",
          "Eolimna subminuscula",
          "Cyclotella atomus",
          "Ellerbeckia arenaria",
          "Mayamaea excelsa",
          "Navicula veneta",
          "Caloneis bacillum",
          "Achnanthidium lauenburgianum",
          "Sellaphora seminulum",
          "Eolimna minima",
          "Planothidium frequentissimum abnormal form",
          "Mayamaea atomus var. permitis",
          "Nitzschia agnita",
          "Naviculadicta seminula",
          "Hydroptila",
          "Nitzschia capitellata",
          "Amphora copulata",
          "Nitzschia inconspicua",
          "Navicula",
          "Hydrozoa",
          "Dendrocoelidae",
          "Amphora pediculus",
          "Navicula capitatoradiata",
          "Conticribra weissflogii",
          "Cocconeis placentula var. placentula",
          "Simuliidae",
          "Diploneis oblongella",
          "Surirella brebissonii var. brebissonii",
          "Gomphonema olivaceum"
        ],
        "codes_indices": [
          "5910",
          "6035",
          "6034",
          "8060",
          "1022",
          "8059",
          "5856",
          "8054",
          "8055",
          "8056",
          "8057",
          "8058",
          "8050",
          "7613",
          "1080"
        ],
        "libelles_indices": [
          "Indice dit \"équivalent\" (Phases A+B) de la méthode macroinvertébrés NF T90-333 ou protocole RCS antérieur",
          "Groupe Faunistique Indicateur de l'indice dit \"équivalent\" (Phases A+B) de la méthode macroinvertébrés NF T90-333 ou protocole RCS antérieur",
          "Variété taxonomique de l'indice dit \"équivalent\" (Phases A+B) de la méthode macroinvertébrés NF T90-333 ou protocole RCS antérieur",
          "Nombre de taxons contributifs de l'IBD",
          "Indice polluosensibilité spécifique (I.P.S.)",
          "Nombre d'unités diatomiques contributives",
          "Indice Biologique Diatomées (IBD)",
          "Métrique Richesse Taxonomique de l'I2M2",
          "Métrique Ovoviviparite de l'I2M2",
          "Métrique Polyvoltinisme de l'I2M2",
          "Métrique ASPT de l'I2M2",
          "Métrique Indice de Shannon de l'I2M2",
          "Nombre de taxons contributifs de l'I2M2",
          "Indice Invertébrés Multimétrique (I2M2)",
          "Indice Biologique Diatomées ancien"
        ],
        "latitude": 48.97582557728864,
        "longitude": 2.4260516644275536,
        "date_premier_prelevement": "2010-07-19",
        "date_dernier_prelevement": "2020-07-14"
      },
      "geometry": {
        "type": "Point",
        "crs": {
          "type": "name",
          "properties": {
            "name": "urn:ogc:def:crs:OGC:1.3:CRS84"
          }
        },
        "coordinates": [
          2.4260516644275536,
          48.97582557728864
        ]
      }
    },
    {
      "type": "Feature",
      "properties": {
        "code_station_hydrobio": "03082758",
        "libelle_station_hydrobio": "LE ROSNE A GARGES-LES-GONESSE 1",
        "uri_station_hydrobio": "https://id.eaufrance.fr/StationMesureEauxSurface/03082758",
        "coordonnee_x": 657736.0,
        "coordonnee_y": 6875296.0,
        "code_projection": "2154",
        "code_cours_eau": "F7060600",
        "libelle_cours_eau": "Le Rosne",
        "uri_cours_eau": "https://id.eaufrance.fr/CoursEau_Carthage2017/F7060600",
        "code_masse_eau": "HR157A-F7060600",
        "libelle_masse_eau": "Petit Rosne",
        "uri_masse_eau": "https://id.eaufrance.fr/MasseDEauRiviere_VEDL2019/HR157A-F7060600",
        "code_sous_bassin": "FRH_IF",
        "libelle_sous_bassin": "Ile de France",
        "code_bassin": "H",
        "libelle_bassin": "La Seine et les cours d'eau côtiers normands",
        "code_commune": "95268",
        "libelle_commune": "Garges-lès-Gonesse",
        "code_departement": "95",
        "libelle_departement": "Val-d'Oise",
        "code_region": "11",
        "libelle_region": "Île-de-France",
        "codes_reseaux": [
          "0300000207",
          "0300000215"
        ],
        "libelles_reseaux": [
          "Réseau de gestion des eaux superficielles de la DRIF",
          "Réseau de gestion hydrobiologique de la DIREN Ile de France"
        ],
        "codes_supports": [
          "13",
          "10"
        ],
        "libelles_supports": [
          "Macroinvertébrés aquatiques",
          "Diatomées benthiques"
        ],
        "codes_appel_taxons": [
          "14114",
          "6849",
          "8891",
          "7881",
          "7076",
          "14664",
          "13689",
          "43263",
          "43146",
          "8987",
          "8633",
          "41890",
          "8393",
          "8820",
          "1028",
          "1004",
          "783",
          "978",
          "995",
          "19280",
          "933",
          "1077",
          "908",
          "831",
          "3206",
          "807",
          "880",
          "847",
          "3170",
          "3111",
          "1064",
          "998",
          "928",
          "17937",
          "8206",
          "7626",
          "14132",
          "8719",
          "10597",
          "8989",
          "8192",
          "9794",
          "892",
          "1009",
          "7229",
          "8746",
          "20686",
          "7995",
          "13281",
          "9419",
          "32410",
          "9081",
          "8475",
          "7226",
          "7948",
          "8854",
          "9468",
          "8845",
          "8114",
          "8809",
          "13999",
          "16657",
          "8420",
          "8559",
          "8955",
          "7807",
          "7874",
          "8992",
          "7783",
          "8472",
          "8492",
          "7782",
          "7777",
          "8445",
          "9049",
          "32379",
          "9417",
          "14703",
          "8816",
          "8879",
          "9040",
          "8183",
          "8781",
          "8603",
          "13775",
          "46891",
          "13106",
          "7242",
          "8599",
          "31603",
          "17401",
          "20044",
          "7448",
          "7583",
          "8444",
          "9361",
          "8483",
          "8847",
          "8934",
          "200",
          "7101",
          "8111",
          "7709",
          "8784",
          "9430",
          "14060",
          "801",
          "7116",
          "8491",
          "7443",
          "8656"
        ],
        "libelles_appel_taxons": [
          "Gomphonema parvulum var. parvulum f. parvulum",
          "Ulnaria ulna",
          "Nitzschia fonticola",
          "Navicula cryptotenella",
          "Achnanthidium minutissimum",
          "Mayamaea permitis",
          "Fistulifera saprophila",
          "Sellaphora atomoides",
          "Sellaphora nigri",
          "Nitzschia palea",
          "Cyclotella meneghiniana",
          "Craticula subminuscula",
          "Planothidium frequentissimum",
          "Nitzschia amphibia",
          "Ancylus",
          "Radix",
          "Psychodidae",
          "Potamopyrgus",
          "Physidae",
          "Physella",
          "Oligochaeta",
          "Hydra",
          "Glossiphoniidae",
          "Empididae",
          "Copepoda",
          "Chironomidae",
          "Asellidae",
          "Anthomyiidae",
          "Ostracoda",
          "Nemathelmintha",
          "Polycelis",
          "Lymnaeidae",
          "Erpobdellidae",
          "Planothidium lanceolatum",
          "Navicula veneta",
          "Gomphonema angustatum",
          "Gomphonema pumilum var. rigidum",
          "Melosira varians",
          "Achnanthidium pyrenaicum",
          "Nitzschia palea var. debilis",
          "Navicula trivialis var. trivialis",
          "Baetis lato sensu",
          "Gammarus",
          "Planorbidae",
          "Cocconeis placentula var. euglypta",
          "Stephanodiscus hantzschii",
          "Mayamaea atomus var. permitis",
          "Navicula lanceolata",
          "Eolimna subminuscula",
          "Eolimna minima",
          "Mayamaea atomus var. alcimonica",
          "Tryblionella apiculata",
          "Stauroneis thermicola",
          "Cocconeis pediculus",
          "Navicula gregaria",
          "Nitzschia communis",
          "Surirella",
          "Nitzschia bulnheimiana",
          "Navicula reichardtiana var. reichardtiana",
          "Nitzschia acicularis",
          "Gomphonema micropus var. micropus",
          "Naviculadicta seminula",
          "Rhoicosphenia abbreviata",
          "Aulacoseira granulata",
          "Nitzschia linearis",
          "Navicula arvensis",
          "Navicula cryptocephala",
          "Nitzschia paleacea",
          "Luticola mutica",
          "Stauroneis smithii",
          "Surirella brebissonii var. kuetzingii",
          "Luticola goeppertiana",
          "Hippodonta capitata",
          "Sellaphora seminulum",
          "Nitzschia supralitorea",
          "Adlafia minuscula var. muralis",
          "Caloneis",
          "Mayamaea atomus",
          "Nitzschia agnewii",
          "Nitzschia draveillensis",
          "Nitzschia subacicularis",
          "Navicula tenelloides",
          "Gomphonema",
          "Cyclotella atomus",
          "Gomphonema acidoclinatum",
          "Sellaphora saprotolerans",
          "Encyonema ventricosum",
          "Craticula accomoda",
          "Cyclostephanos dubius",
          "Achnanthidium microcephalum",
          "Planothidium frequentissimum abnormal form",
          "Bacillaria paxillifera",
          "Encyonopsis microcephala",
          "Fallacia insociabilis",
          "Sellaphora pupula",
          "Cocconeis",
          "Surirella angusta",
          "Nitzschia capitellata",
          "Nitzschia inconspicua",
          "Hydroptila",
          "Amphora copulata",
          "Navicula recens",
          "Gomphonema parvulum f. saprophilum",
          "Cylindrotheca gracilis",
          "Navicula",
          "Gomphonema olivaceum",
          "Simuliidae",
          "Amphora pediculus",
          "Surirella brebissonii var. brebissonii",
          "Encyonema silesiacum",
          "Discostella pseudostelligera"
        ],
        "codes_indices": [
          "5910",
          "6035",
          "6034",
          "8059",
          "8060",
          "5856",
          "1022",
          "8055",
          "8050",
          "7613",
          "8056",
          "8057",
          "8054",
          "8058",
          "1080",
          "6335"
        ],
        "libelles_indices": [
          "Indice dit \"équivalent\" (Phases A+B) de la méthode macroinvertébrés NF T90-333 ou protocole RCS antérieur",
          "Groupe Faunistique Indicateur de l'indice dit \"équivalent\" (Phases A+B) de la méthode macroinvertébrés NF T90-333 ou protocole RCS antérieur",
          "Variété taxonomique de l'indice dit \"équivalent\" (Phases A+B) de la méthode macroinvertébrés NF T90-333 ou protocole RCS antérieur",
          "Nombre d'unités diatomiques contributives",
          "Nombre de taxons contributifs de l'IBD",
          "Indice Biologique Diatomées (IBD)",
          "Indice polluosensibilité spécifique (I.P.S.)",
          "Métrique Ovoviviparite de l'I2M2",
          "Nombre de taxons contributifs de l'I2M2",
          "Indice Invertébrés Multimétrique (I2M2)",
          "Métrique Polyvoltinisme de l'I2M2",
          "Métrique ASPT de l'I2M2",
          "Métrique Richesse Taxonomique de l'I2M2",
          "Métrique Indice de Shannon de l'I2M2",
          "Indice Biologique Diatomées ancien",
          "Variété taxonomique de l'IBD 2007"
        ],
        "latitude": 48.97621395920495,
        "longitude": 2.4226595526827834,
        "date_premier_prelevement": "2010-08-09",
        "date_dernier_prelevement": "2023-08-24"
      },
      "geometry": {
        "type": "Point",
        "crs": {
          "type": "name",
          "properties": {
            "name": "urn:ogc:def:crs:OGC:1.3:CRS84"
          }
        },
        "coordinates": [
          2.4226595526827834,
          48.97621395920495
        ]
      }
    },
    {
      "type": "Feature",
      "properties": {
        "code_station_hydrobio": "03082781",
        "libelle_station_hydrobio": "LE CROULD A GARGES-LES-GONESSE 1",
        "uri_station_hydrobio": "https://id.eaufrance.fr/StationMesureEauxSurface/03082781",
        "coordonnee_x": 657110.0,
        "coordonnee_y": 6874054.0,
        "code_projection": "2154",
        "code_cours_eau": "F70-0410",
        "libelle_cours_eau": "Le Crould",
        "uri_cours_eau": "https://id.eaufrance.fr/CoursEau_Carthage2017/F70-0410",
        "code_masse_eau": "HR157B",
        "libelle_masse_eau": "le Croult du lac departemental de la Courneuve au confluent de la Seine  exclu",
        "uri_masse_eau": "https://id.eaufrance.fr/MasseDEauRiviere_VEDL2019/HR157B",
        "code_sous_bassin": "FRH_IF",
        "libelle_sous_bassin": "Ile de France",
        "code_bassin": "H",
        "libelle_bassin": "La Seine et les cours d'eau côtiers normands",
        "code_commune": "95268",
        "libelle_commune": "Garges-lès-Gonesse",
        "code_departement": "95",
        "libelle_departement": "Val-d'Oise",
        "code_region": "11",
        "libelle_region": "Île-de-France",
        "codes_reseaux": [
          "0300000207",
          "0300000211",
          "0300000215"
        ],
        "libelles_reseaux": [
          "Réseau de gestion des eaux superficielles de la DRIF",
          "Réseau de gestion des eaux superficielles de la DSAM",
          "Réseau de gestion hydrobiologique de la DIREN Ile de France"
        ],
        "codes_supports": [
          "13",
          "10"
        ],
        "libelles_supports": [
          "Macroinvertébrés aquatiques",
          "Diatomées benthiques"
        ],
        "codes_appel_taxons": [
          "364",
          "1089",
          "933",
          "908",
          "928",
          "880",
          "892",
          "887",
          "807",
          "1087",
          "1061",
          "1055",
          "783",
          "831",
          "1044",
          "972",
          "1009",
          "1043",
          "1056",
          "3206",
          "9794",
          "978",
          "8393",
          "8206",
          "8114",
          "8875",
          "6849",
          "8968",
          "13689",
          "41890",
          "8987",
          "14664",
          "17937",
          "8820",
          "7076",
          "7226",
          "7881",
          "8633",
          "8420",
          "14114",
          "11785",
          "8190",
          "8989",
          "9049",
          "11981",
          "7874",
          "9014",
          "43145",
          "13106",
          "7948",
          "1064",
          "618",
          "31603",
          "7588",
          "6631",
          "8719",
          "8748",
          "8891",
          "13626",
          "9419",
          "8992",
          "7995",
          "7229",
          "8395",
          "14704",
          "10878",
          "7783",
          "7107",
          "8445",
          "8192",
          "9034",
          "20686",
          "10586",
          "13281",
          "906",
          "200",
          "33829",
          "8847",
          "12017",
          "8934",
          "801",
          "3168",
          "1071",
          "14060",
          "12097",
          "7116",
          "8833",
          "20566",
          "7803"
        ],
        "libelles_appel_taxons": [
          "Baetis",
          "Nematoda",
          "Oligochaeta",
          "Glossiphoniidae",
          "Erpobdellidae",
          "Asellidae",
          "Gammarus",
          "Gammaridae",
          "Chironomidae",
          "Bryozoa",
          "Planariidae",
          "Dugesiidae",
          "Psychodidae",
          "Empididae",
          "Sphaerium",
          "Valvata",
          "Planorbidae",
          "Pisidium",
          "Dugesia",
          "Copepoda",
          "Baetis lato sensu",
          "Potamopyrgus",
          "Planothidium frequentissimum",
          "Navicula veneta",
          "Navicula reichardtiana var. reichardtiana",
          "Nitzschia dissipata",
          "Ulnaria ulna",
          "Nitzschia microcephala",
          "Fistulifera saprophila",
          "Craticula subminuscula",
          "Nitzschia palea",
          "Mayamaea permitis",
          "Planothidium lanceolatum",
          "Nitzschia amphibia",
          "Achnanthidium minutissimum",
          "Cocconeis pediculus",
          "Navicula cryptotenella",
          "Cyclotella meneghiniana",
          "Rhoicosphenia abbreviata",
          "Gomphonema parvulum var. parvulum f. parvulum",
          "Cocconeis euglypta",
          "Navicula tripunctata",
          "Nitzschia palea var. debilis",
          "Nitzschia supralitorea",
          "Caloneis lancettula",
          "Navicula cryptocephala",
          "Nitzschia pusilla",
          "Sellaphora saugerresii",
          "Encyonema ventricosum",
          "Navicula gregaria",
          "Polycelis",
          "Elmis",
          "Achnanthidium microcephalum",
          "Fallacia subhamulata",
          "Diatoma vulgare",
          "Melosira varians",
          "Stephanodiscus hantzschii f. tenuis",
          "Nitzschia fonticola",
          "Fragilaria nevadensis",
          "Eolimna minima",
          "Nitzschia paleacea",
          "Navicula lanceolata",
          "Cocconeis placentula var. euglypta",
          "Platessa conspicua",
          "Mayamaea excelsa",
          "Achnanthes fugei",
          "Luticola mutica",
          "Amphora inariensis",
          "Sellaphora seminulum",
          "Navicula trivialis var. trivialis",
          "Nitzschia sociabilis",
          "Mayamaea atomus var. permitis",
          "Achnanthidium lauenburgianum",
          "Eolimna subminuscula",
          "Hydracarina",
          "Hydroptila",
          "Achnanthidium delmontii",
          "Nitzschia capitellata",
          "Craticula molestiformis",
          "Nitzschia inconspicua",
          "Simuliidae",
          "Hydrozoa",
          "Dendrocoelidae",
          "Gomphonema olivaceum",
          "Cocconeis placentula var. placentula",
          "Amphora pediculus",
          "Nitzschia archibaldii",
          "Diatoma tenue",
          "Navicula antonii"
        ],
        "codes_indices": [
          "5910",
          "7613",
          "6035",
          "6034",
          "8050",
          "8054",
          "8056",
          "8057",
          "8055",
          "8058",
          "5856",
          "8059",
          "8060",
          "1022"
        ],
        "libelles_indices": [
          "Indice dit \"équivalent\" (Phases A+B) de la méthode macroinvertébrés NF T90-333 ou protocole RCS antérieur",
          "Indice Invertébrés Multimétrique (I2M2)",
          "Groupe Faunistique Indicateur de l'indice dit \"équivalent\" (Phases A+B) de la méthode macroinvertébrés NF T90-333 ou protocole RCS antérieur",
          "Variété taxonomique de l'indice dit \"équivalent\" (Phases A+B) de la méthode macroinvertébrés NF T90-333 ou protocole RCS antérieur",
          "Nombre de taxons contributifs de l'I2M2",
          "Métrique Richesse Taxonomique de l'I2M2",
          "Métrique Polyvoltinisme de l'I2M2",
          "Métrique ASPT de l'I2M2",
          "Métrique Ovoviviparite de l'I2M2",
          "Métrique Indice de Shannon de l'I2M2",
          "Indice Biologique Diatomées (IBD)",
          "Nombre d'unités diatomiques contributives",
          "Nombre de taxons contributifs de l'IBD",
          "Indice polluosensibilité spécifique (I.P.S.)"
        ],
        "latitude": 48.965004408337464,
        "longitude": 2.41423435098911,
        "date_premier_prelevement": "2014-08-12",
        "date_dernier_prelevement": "2023-08-23"
      },
      "geometry": {
        "type": "Point",
        "crs": {
          "type": "name",
          "properties": {
            "name": "urn:ogc:def:crs:OGC:1.3:CRS84"
          }
        },
        "coordinates": [
          2.41423435098911,
          48.965004408337464
        ]
      }
    },
    {
      "type": "Feature",
      "properties": {
        "code_station_hydrobio": "03083125",
        "libelle_station_hydrobio": "LE RU D'ENGHIEN A MONTLIGNON 1",
        "uri_station_hydrobio": "https://id.eaufrance.fr/StationMesureEauxSurface/03083125",
        "coordonnee_x": 647981.0,
        "coordonnee_y": 6879720.0,
        "code_projection": "2154",
        "code_cours_eau": "F7110600",
        "libelle_cours_eau": "Ru d'Enghien",
        "uri_cours_eau": "https://id.eaufrance.fr/CoursEau_Carthage2017/F7110600",
        "code_masse_eau": "HR155A-F7110600",
        "libelle_masse_eau": "Ru d Enghien",
        "uri_masse_eau": "https://id.eaufrance.fr/MasseDEauRiviere_VEDL2019/HR155A-F7110600",
        "code_sous_bassin": "FRH_IF",
        "libelle_sous_bassin": "Ile de France",
        "code_bassin": "H",
        "libelle_bassin": "La Seine et les cours d'eau côtiers normands",
        "code_commune": "95426",
        "libelle_commune": "Montlignon",
        "code_departement": "95",
        "libelle_departement": "Val-d'Oise",
        "code_region": "11",
        "libelle_region": "Île-de-France",
        "codes_reseaux": [
          "0300000207"
        ],
        "libelles_reseaux": [
          "Réseau de gestion des eaux superficielles de la DRIF"
        ],
        "codes_supports": [
          "13",
          "10"
        ],
        "libelles_supports": [
          "Macroinvertébrés aquatiques",
          "Diatomées benthiques"
        ],
        "codes_appel_taxons": [
          "44412",
          "8420",
          "7881",
          "8987",
          "8206",
          "14114",
          "8820",
          "13813",
          "8797",
          "8393",
          "7076",
          "8635",
          "42884",
          "14001",
          "6751",
          "11785",
          "44420",
          "7111",
          "8559",
          "14132",
          "7917",
          "8190",
          "9079",
          "11432",
          "8599",
          "34798",
          "7874",
          "8875",
          "8183",
          "28559",
          "43263",
          "43145",
          "7232",
          "9533",
          "7777",
          "14393",
          "38622",
          "7844",
          "8891",
          "42889",
          "8910",
          "7995",
          "8015",
          "8192",
          "17825",
          "8419",
          "10796",
          "10598",
          "20044",
          "41890",
          "8854",
          "8989",
          "16638",
          "43146",
          "3159",
          "807",
          "20537",
          "783",
          "892",
          "3206",
          "880",
          "1043",
          "1044",
          "908",
          "933",
          "1056",
          "1061",
          "819",
          "757",
          "928",
          "837",
          "8445",
          "6706",
          "9476",
          "7387",
          "7851",
          "14286",
          "32031",
          "14098",
          "6648",
          "8844",
          "8114",
          "7386",
          "7782",
          "18971",
          "13106",
          "7242",
          "7948",
          "9081",
          "8395",
          "13281",
          "6768",
          "9419",
          "9034",
          "9438",
          "8781",
          "20686",
          "8955",
          "7978",
          "13698",
          "7171",
          "8444",
          "17937",
          "7229",
          "8512",
          "8746",
          "14703",
          "8483",
          "7588",
          "7408",
          "13999",
          "6849",
          "10372",
          "14664",
          "18850",
          "13873",
          "8554",
          "28635",
          "7779",
          "16487",
          "7109",
          "8600",
          "9444",
          "20041",
          "16490",
          "16721",
          "9049",
          "9794",
          "1064",
          "1072",
          "726",
          "824",
          "618",
          "8934",
          "9430",
          "8847",
          "18123",
          "7116",
          "7803",
          "8833",
          "7843",
          "1071",
          "8491",
          "13151",
          "18411",
          "8656",
          "12097",
          "745",
          "801"
        ],
        "libelles_appel_taxons": [
          "Tryblionella angustatula",
          "Rhoicosphenia abbreviata",
          "Navicula cryptotenella",
          "Nitzschia palea",
          "Navicula veneta",
          "Gomphonema parvulum var. parvulum f. parvulum",
          "Nitzschia amphibia",
          "Gomphonema cuneolus",
          "Hantzschia amphioxys",
          "Planothidium frequentissimum",
          "Achnanthidium minutissimum",
          "Cyclotella ocellata",
          "Tryblionella kuetzingii",
          "Gomphonema minutum",
          "Pseudostaurosira brevistriata",
          "Cocconeis euglypta",
          "Luticola goeppertiana",
          "Amphora ovalis",
          "Aulacoseira granulata",
          "Gomphonema pumilum var. rigidum",
          "Navicula erifuga",
          "Navicula tripunctata",
          "Simonsenia delognei",
          "Cymbella affinis var. affinis",
          "Cyclostephanos dubius",
          "Mayamaea ingenua",
          "Navicula cryptocephala",
          "Nitzschia dissipata",
          "Navicula tenelloides",
          "Punctastriata lancettula",
          "Sellaphora atomoides",
          "Sellaphora saugerresii",
          "Cocconeis placentula var. lineata",
          "Fragilaria",
          "Hippodonta capitata",
          "Hippodonta lueneburgensis",
          "Humidophila contenta",
          "Navicula cari",
          "Nitzschia fonticola",
          "Navigeia decussis",
          "Nitzschia gessneri",
          "Navicula lanceolata",
          "Navicula menisculus var. menisculus",
          "Navicula trivialis var. trivialis",
          "Pinnularia schoenfelderi",
          "Reimeria sinuata",
          "Achnanthidium exile",
          "Achnanthidium rivulare",
          "Bacillaria paxillifera",
          "Craticula subminuscula",
          "Nitzschia communis",
          "Nitzschia palea var. debilis",
          "Navicula upsaliensis",
          "Sellaphora nigri",
          "Mermithoidea",
          "Chironomidae",
          "Pediciini",
          "Psychodidae",
          "Gammarus",
          "Copepoda",
          "Asellidae",
          "Pisidium",
          "Sphaerium",
          "Glossiphoniidae",
          "Oligochaeta",
          "Dugesia",
          "Planariidae",
          "Ceratopogonidae",
          "Limoniidae",
          "Erpobdellidae",
          "Tabanidae",
          "Sellaphora seminulum",
          "Fragilaria rumpens",
          "Aulacoseira",
          "Diadesmis contenta var. biceps",
          "Navicula cincta",
          "Hantzschia abundans",
          "Psammothidium lauenburgianum",
          "Geissleria paludosa",
          "Fragilaria brevistriata",
          "Nitzschia brevissima",
          "Navicula reichardtiana var. reichardtiana",
          "Diadesmis contenta",
          "Tryblionella debilis",
          "Encyonema ventricosum",
          "Craticula accomoda",
          "Navicula gregaria",
          "Tryblionella apiculata",
          "Platessa conspicua",
          "Eolimna subminuscula",
          "Staurosirella pinnata",
          "Eolimna minima",
          "Nitzschia sociabilis",
          "Pinnularia",
          "Gomphonema",
          "Mayamaea atomus var. permitis",
          "Nitzschia linearis",
          "Navicula ingenua",
          "Fallacia pygmaea",
          "Caloneis bacillum",
          "Sellaphora pupula",
          "Planothidium lanceolatum",
          "Cocconeis placentula var. euglypta",
          "Surirella minuta",
          "Stephanodiscus hantzschii",
          "Mayamaea atomus",
          "Surirella angusta",
          "Fallacia subhamulata",
          "Diploneis oculata",
          "Gomphonema micropus var. micropus",
          "Ulnaria ulna",
          "Achnanthidium eutrophilum",
          "Mayamaea permitis",
          "Surirella terricola",
          "Gomphonema elegantissimum",
          "Aulacoseira ambigua",
          "Amphora indistincta",
          "Luticola cohnii",
          "Nitzschia soratensis",
          "Amphora montana",
          "Cyclostephanos invisitatus",
          "Fallacia",
          "Navicula seibigiana",
          "Nitzschia solgensis",
          "Navicula vilaplanii",
          "Nitzschia supralitorea",
          "Baetis lato sensu",
          "Polycelis",
          "Dendrocoelum",
          "Nepa",
          "Stratiomyidae",
          "Elmis",
          "Nitzschia inconspicua",
          "Navicula",
          "Nitzschia capitellata",
          "Reimeria uniseriata",
          "Amphora pediculus",
          "Navicula antonii",
          "Nitzschia archibaldii",
          "Navicula capitatoradiata",
          "Dendrocoelidae",
          "Surirella brebissonii var. brebissonii",
          "Eolimna minima abnormal form",
          "Sellaphora joubaudii",
          "Discostella pseudostelligera",
          "Cocconeis placentula var. placentula",
          "Velia",
          "Simuliidae"
        ],
        "codes_indices": [
          "1000",
          "1002",
          "1001",
          "8059",
          "5856",
          "1022",
          "8060",
          "8050",
          "6034",
          "5910",
          "6035",
          "8058",
          "8057",
          "8056",
          "8055",
          "8054",
          "7613",
          "6335"
        ],
        "libelles_indices": [
          "Indice Biologique Global Normalisé (I.B.G.N.)",
          "Numéro d'ordre du groupe faunistique indicateur de l'IBGN",
          "Variété taxonomique de l'IBGN",
          "Nombre d'unités diatomiques contributives",
          "Indice Biologique Diatomées (IBD)",
          "Indice polluosensibilité spécifique (I.P.S.)",
          "Nombre de taxons contributifs de l'IBD",
          "Nombre de taxons contributifs de l'I2M2",
          "Variété taxonomique de l'indice dit \"équivalent\" (Phases A+B) de la méthode macroinvertébrés NF T90-333 ou protocole RCS antérieur",
          "Indice dit \"équivalent\" (Phases A+B) de la méthode macroinvertébrés NF T90-333 ou protocole RCS antérieur",
          "Groupe Faunistique Indicateur de l'indice dit \"équivalent\" (Phases A+B) de la méthode macroinvertébrés NF T90-333 ou protocole RCS antérieur",
          "Métrique Indice de Shannon de l'I2M2",
          "Métrique ASPT de l'I2M2",
          "Métrique Polyvoltinisme de l'I2M2",
          "Métrique Ovoviviparite de l'I2M2",
          "Métrique Richesse Taxonomique de l'I2M2",
          "Indice Invertébrés Multimétrique (I2M2)",
          "Variété taxonomique de l'IBD 2007"
        ],
        "latitude": 49.01527783742147,
        "longitude": 2.288865251343243,
        "date_premier_prelevement": "2010-05-19",
        "date_dernier_prelevement": "2022-09-15"
      },
      "geometry": {
        "type": "Point",
        "crs": {
          "type": "name",
          "properties": {
            "name": "urn:ogc:def:crs:OGC:1.3:CRS84"
          }
        },
        "coordinates": [
          2.288865251343243,
          49.01527783742147
        ]
      }
    },
    {
      "type": "Feature",
      "properties": {
        "code_station_hydrobio": "03083222",
        "libelle_station_hydrobio": "LA SEINE A ARGENTEUIL 1",
        "uri_station_hydrobio": "https://id.eaufrance.fr/StationMesureEauxSurface/03083222",
        "coordonnee_x": 647310.0,
        "coordonnee_y": 6872419.0,
        "code_projection": "2154",
        "code_cours_eau": null,
        "libelle_cours_eau": null,
        "uri_cours_eau": null,
        "code_masse_eau": null,
        "libelle_masse_eau": null,
        "uri_masse_eau": null,
        "code_sous_bassin": null,
        "libelle_sous_bassin": null,
        "code_bassin": null,
        "libelle_bassin": null,
        "code_commune": "95018",
        "libelle_commune": "Argenteuil",
        "code_departement": "95",
        "libelle_departement": "Val-d'Oise",
        "code_region": "11",
        "libelle_region": "Île-de-France",
        "codes_reseaux": [
          "0600000421"
        ],
        "libelles_reseaux": [
          "Réseau de suivi local des opérations de restauration hydromorphologique sur deux petits affluents du lac des Rousses (39)"
        ],
        "codes_supports": [
          "4"
        ],
        "libelles_supports": [
          "Poissons"
        ],
        "codes_appel_taxons": [
          "2086",
          "2165",
          "2137",
          "2135",
          "2133",
          "2038",
          "2090"
        ],
        "libelles_appel_taxons": [
          "Abramis brama",
          "Gasterosteus aculeatus aculeatus",
          "Tinca tinca",
          "Scardinius erythrophthalmus",
          "Rutilus rutilus",
          "Anguilla anguilla",
          "Alburnus alburnus"
        ],
        "codes_indices": null,
        "libelles_indices": null,
        "latitude": 48.94957406568714,
        "longitude": 2.2806020378083836,
        "date_premier_prelevement": "1991-03-12",
        "date_dernier_prelevement": "1991-03-12"
      },
      "geometry": {
        "type": "Point",
        "crs": {
          "type": "name",
          "properties": {
            "name": "urn:ogc:def:crs:OGC:1.3:CRS84"
          }
        },
        "coordinates": [
          2.2806020378083836,
          48.94957406568714
        ]
      }
    },
    {
      "type": "Feature",
      "properties": {
        "code_station_hydrobio": "03083250",
        "libelle_station_hydrobio": "LA SEINE A ARGENTEUIL 2",
        "uri_station_hydrobio": "https://id.eaufrance.fr/StationMesureEauxSurface/03083250",
        "coordonnee_x": 645435.0,
        "coordonnee_y": 6871391.0,
        "code_projection": "2154",
        "code_cours_eau": null,
        "libelle_cours_eau": null,
        "uri_cours_eau": null,
        "code_masse_eau": null,
        "libelle_masse_eau": null,
        "uri_masse_eau": null,
        "code_sous_bassin": null,
        "libelle_sous_bassin": null,
        "code_bassin": null,
        "libelle_bassin": null,
        "code_commune": "95018",
        "libelle_commune": "Argenteuil",
        "code_departement": "95",
        "libelle_departement": "Val-d'Oise",
        "code_region": "11",
        "libelle_region": "Île-de-France",
        "codes_reseaux": [
          "0600000421"
        ],
        "libelles_reseaux": [
          "Réseau de suivi local des opérations de restauration hydromorphologique sur deux petits affluents du lac des Rousses (39)"
        ],
        "codes_supports": [
          "4"
        ],
        "libelles_supports": [
          "Poissons"
        ],
        "codes_appel_taxons": [
          "2038",
          "31041",
          "2135",
          "2133",
          "2113",
          "2110"
        ],
        "libelles_appel_taxons": [
          "Anguilla anguilla",
          "Squalius cephalus",
          "Scardinius erythrophthalmus",
          "Rutilus rutilus",
          "Gobio gobio",
          "Cyprinus carpio"
        ],
        "codes_indices": null,
        "libelles_indices": null,
        "latitude": 48.94017386024578,
        "longitude": 2.2551357912197365,
        "date_premier_prelevement": "1990-05-03",
        "date_dernier_prelevement": "1990-05-03"
      },
      "geometry": {
        "type": "Point",
        "crs": {
          "type": "name",
          "properties": {
            "name": "urn:ogc:def:crs:OGC:1.3:CRS84"
          }
        },
        "coordinates": [
          2.2551357912197365,
          48.94017386024578
        ]
      }
    },
    {
      "type": "Feature",
      "properties": {
        "code_station_hydrobio": "03084814",
        "libelle_station_hydrobio": "LA SEINE A HERBLAY 1",
        "uri_station_hydrobio": "https://id.eaufrance.fr/StationMesureEauxSurface/03084814",
        "coordonnee_x": 638392.0,
        "coordonnee_y": 6876544.0,
        "code_projection": "2154",
        "code_cours_eau": null,
        "libelle_cours_eau": null,
        "uri_cours_eau": null,
        "code_masse_eau": null,
        "libelle_masse_eau": null,
        "uri_masse_eau": null,
        "code_sous_bassin": null,
        "libelle_sous_bassin": null,
        "code_bassin": null,
        "libelle_bassin": null,
        "code_commune": "95306",
        "libelle_commune": "Herblay-sur-Seine",
        "code_departement": "95",
        "libelle_departement": "Val-d'Oise",
        "code_region": "11",
        "libelle_region": "Île-de-France",
        "codes_reseaux": [
          "0600000421"
        ],
        "libelles_reseaux": [
          "Réseau de suivi local des opérations de restauration hydromorphologique sur deux petits affluents du lac des Rousses (39)"
        ],
        "codes_supports": [
          "4"
        ],
        "libelles_supports": [
          "Poissons"
        ],
        "codes_appel_taxons": [
          "2090",
          "2135",
          "2133",
          "2113",
          "2110"
        ],
        "libelles_appel_taxons": [
          "Alburnus alburnus",
          "Scardinius erythrophthalmus",
          "Rutilus rutilus",
          "Gobio gobio",
          "Cyprinus carpio"
        ],
        "codes_indices": null,
        "libelles_indices": null,
        "latitude": 48.98587273742247,
        "longitude": 2.158249154249542,
        "date_premier_prelevement": "1990-05-03",
        "date_dernier_prelevement": "1990-05-03"
      },
      "geometry": {
        "type": "Point",
        "crs": {
          "type": "name",
          "properties": {
            "name": "urn:ogc:def:crs:OGC:1.3:CRS84"
          }
        },
        "coordinates": [
          2.158249154249542,
          48.98587273742247
        ]
      }
    },
    {
      "type": "Feature",
      "properties": {
        "code_station_hydrobio": "03126033",
        "libelle_station_hydrobio": "L'AUBETTE A VIGNY 1",
        "uri_station_hydrobio": "https://id.eaufrance.fr/StationMesureEauxSurface/03126033",
        "coordonnee_x": 620500.0,
        "coordonnee_y": 6887277.0,
        "code_projection": "2154",
        "code_cours_eau": null,
        "libelle_cours_eau": null,
        "uri_cours_eau": null,
        "code_masse_eau": null,
        "libelle_masse_eau": null,
        "uri_masse_eau": null,
        "code_sous_bassin": null,
        "libelle_sous_bassin": null,
        "code_bassin": null,
        "libelle_bassin": null,
        "code_commune": "95658",
        "libelle_commune": "Vigny",
        "code_departement": "95",
        "libelle_departement": "Val-d'Oise",
        "code_region": "11",
        "libelle_region": "Île-de-France",
        "codes_reseaux": [
          "0600000421"
        ],
        "libelles_reseaux": [
          "Réseau de suivi local des opérations de restauration hydromorphologique sur deux petits affluents du lac des Rousses (39)"
        ],
        "codes_supports": [
          "4"
        ],
        "libelles_supports": [
          "Poissons"
        ],
        "codes_appel_taxons": [
          "2071",
          "2167"
        ],
        "libelles_appel_taxons": [
          "Barbatula barbatula",
          "Pungitius pungitius"
        ],
        "codes_indices": null,
        "libelles_indices": null,
        "latitude": 49.080407905005664,
        "longitude": 1.9117971328667411,
        "date_premier_prelevement": "1995-05-10",
        "date_dernier_prelevement": "1995-05-10"
      },
      "geometry": {
        "type": "Point",
        "crs": {
          "type": "name",
          "properties": {
            "name": "urn:ogc:def:crs:OGC:1.3:CRS84"
          }
        },
        "coordinates": [
          1.9117971328667411,
          49.080407905005664
        ]
      }
    },
    {
      "type": "Feature",
      "properties": {
        "code_station_hydrobio": "03126038",
        "libelle_station_hydrobio": "L'AUBETTE A VIGNY 2",
        "uri_station_hydrobio": "https://id.eaufrance.fr/StationMesureEauxSurface/03126038",
        "coordonnee_x": 621133.0,
        "coordonnee_y": 6885974.0,
        "code_projection": "2154",
        "code_cours_eau": null,
        "libelle_cours_eau": null,
        "uri_cours_eau": null,
        "code_masse_eau": null,
        "libelle_masse_eau": null,
        "uri_masse_eau": null,
        "code_sous_bassin": null,
        "libelle_sous_bassin": null,
        "code_bassin": null,
        "libelle_bassin": null,
        "code_commune": "95658",
        "libelle_commune": "Vigny",
        "code_departement": "95",
        "libelle_departement": "Val-d'Oise",
        "code_region": "11",
        "libelle_region": "Île-de-France",
        "codes_reseaux": [
          "0600000421"
        ],
        "libelles_reseaux": [
          "Réseau de suivi local des opérations de restauration hydromorphologique sur deux petits affluents du lac des Rousses (39)"
        ],
        "codes_supports": [
          "4"
        ],
        "libelles_supports": [
          "Poissons"
        ],
        "codes_appel_taxons": [
          "2071",
          "2167",
          "2127",
          "2193"
        ],
        "libelles_appel_taxons": [
          "Barbatula barbatula",
          "Pungitius pungitius",
          "Pimephales promelas",
          "Perca fluviatilis"
        ],
        "codes_indices": null,
        "libelles_indices": null,
        "latitude": 49.068771359035615,
        "longitude": 1.920704377575092,
        "date_premier_prelevement": "2018-10-08",
        "date_dernier_prelevement": "2018-10-08"
      },
      "geometry": {
        "type": "Point",
        "crs": {
          "type": "name",
          "properties": {
            "name": "urn:ogc:def:crs:OGC:1.3:CRS84"
          }
        },
        "coordinates": [
          1.920704377575092,
          49.068771359035615
        ]
      }
    },
    {
      "type": "Feature",
      "properties": {
        "code_station_hydrobio": "03126043",
        "libelle_station_hydrobio": "L'AUBETTE A LONGUESSE 1",
        "uri_station_hydrobio": "https://id.eaufrance.fr/StationMesureEauxSurface/03126043",
        "coordonnee_x": 622501.0,
        "coordonnee_y": 6884275.0,
        "code_projection": "2154",
        "code_cours_eau": null,
        "libelle_cours_eau": null,
        "uri_cours_eau": null,
        "code_masse_eau": null,
        "libelle_masse_eau": null,
        "uri_masse_eau": null,
        "code_sous_bassin": null,
        "libelle_sous_bassin": null,
        "code_bassin": null,
        "libelle_bassin": null,
        "code_commune": "95348",
        "libelle_commune": "Longuesse",
        "code_departement": "95",
        "libelle_departement": "Val-d'Oise",
        "code_region": "11",
        "libelle_region": "Île-de-France",
        "codes_reseaux": [
          "0600000421"
        ],
        "libelles_reseaux": [
          "Réseau de suivi local des opérations de restauration hydromorphologique sur deux petits affluents du lac des Rousses (39)"
        ],
        "codes_supports": [
          "4"
        ],
        "libelles_supports": [
          "Poissons"
        ],
        "codes_appel_taxons": [
          "2071",
          "2133",
          "2113",
          "2221",
          "2167",
          "2135",
          "2102",
          "2193",
          "2110"
        ],
        "libelles_appel_taxons": [
          "Barbatula barbatula",
          "Rutilus rutilus",
          "Gobio gobio",
          "Salmo trutta fario",
          "Pungitius pungitius",
          "Scardinius erythrophthalmus",
          "Carassius carassius",
          "Perca fluviatilis",
          "Cyprinus carpio"
        ],
        "codes_indices": null,
        "libelles_indices": null,
        "latitude": 49.05366285549956,
        "longitude": 1.9397353801282782,
        "date_premier_prelevement": "1988-08-16",
        "date_dernier_prelevement": "2018-10-08"
      },
      "geometry": {
        "type": "Point",
        "crs": {
          "type": "name",
          "properties": {
            "name": "urn:ogc:def:crs:OGC:1.3:CRS84"
          }
        },
        "coordinates": [
          1.9397353801282782,
          49.05366285549956
        ]
      }
    },
    {
      "type": "Feature",
      "properties": {
        "code_station_hydrobio": "03126045",
        "libelle_station_hydrobio": "L'AUBETTE A CONDECOURT 1",
        "uri_station_hydrobio": "https://id.eaufrance.fr/StationMesureEauxSurface/03126045",
        "coordonnee_x": 623019.0,
        "coordonnee_y": 6883208.0,
        "code_projection": "2154",
        "code_cours_eau": null,
        "libelle_cours_eau": null,
        "uri_cours_eau": null,
        "code_masse_eau": null,
        "libelle_masse_eau": null,
        "uri_masse_eau": null,
        "code_sous_bassin": null,
        "libelle_sous_bassin": null,
        "code_bassin": null,
        "libelle_bassin": null,
        "code_commune": "95170",
        "libelle_commune": "Condécourt",
        "code_departement": "95",
        "libelle_departement": "Val-d'Oise",
        "code_region": "11",
        "libelle_region": "Île-de-France",
        "codes_reseaux": [
          "0600000421"
        ],
        "libelles_reseaux": [
          "Réseau de suivi local des opérations de restauration hydromorphologique sur deux petits affluents du lac des Rousses (39)"
        ],
        "codes_supports": [
          "4"
        ],
        "libelles_supports": [
          "Poissons"
        ],
        "codes_appel_taxons": [
          "2071",
          "2133",
          "2113",
          "2216"
        ],
        "libelles_appel_taxons": [
          "Barbatula barbatula",
          "Rutilus rutilus",
          "Gobio gobio",
          "Oncorhynchus mykiss"
        ],
        "codes_indices": null,
        "libelles_indices": null,
        "latitude": 49.04413200220756,
        "longitude": 1.9470159519509795,
        "date_premier_prelevement": "1995-05-10",
        "date_dernier_prelevement": "1995-05-10"
      },
      "geometry": {
        "type": "Point",
        "crs": {
          "type": "name",
          "properties": {
            "name": "urn:ogc:def:crs:OGC:1.3:CRS84"
          }
        },
        "coordinates": [
          1.9470159519509795,
          49.04413200220756
        ]
      }
    },
    {
      "type": "Feature",
      "properties": {
        "code_station_hydrobio": "03127550",
        "libelle_station_hydrobio": "LE RU DE LA VALLÉE DU ROI A VETHEUIL 2",
        "uri_station_hydrobio": "https://id.eaufrance.fr/StationMesureEauxSurface/03127550",
        "coordonnee_x": 605105.0,
        "coordonnee_y": 6885695.0,
        "code_projection": "2154",
        "code_cours_eau": "H3085000",
        "libelle_cours_eau": "Ru de la Vallee du Roi",
        "uri_cours_eau": "https://id.eaufrance.fr/CoursEau_Carthage2017/H3085000",
        "code_masse_eau": "HR230B-H3085000",
        "libelle_masse_eau": "ru de la vallee du roi",
        "uri_masse_eau": "https://id.eaufrance.fr/MasseDEauRiviere_VEDL2019/HR230B-H3085000",
        "code_sous_bassin": "FRH_IF",
        "libelle_sous_bassin": "Ile de France",
        "code_bassin": "H",
        "libelle_bassin": "La Seine et les cours d'eau côtiers normands",
        "code_commune": "95651",
        "libelle_commune": "Vétheuil",
        "code_departement": "95",
        "libelle_departement": "Val-d'Oise",
        "code_region": "11",
        "libelle_region": "Île-de-France",
        "codes_reseaux": [
          "0300000207",
          "0300000211",
          "0300000215"
        ],
        "libelles_reseaux": [
          "Réseau de gestion des eaux superficielles de la DRIF",
          "Réseau de gestion des eaux superficielles de la DSAM",
          "Réseau de gestion hydrobiologique de la DIREN Ile de France"
        ],
        "codes_supports": [
          "13",
          "10"
        ],
        "libelles_supports": [
          "Macroinvertébrés aquatiques",
          "Diatomées benthiques"
        ],
        "codes_appel_taxons": [
          "3159",
          "933",
          "928",
          "978",
          "1043",
          "892",
          "783",
          "20537",
          "3202",
          "9813",
          "807",
          "822",
          "623",
          "619",
          "9794",
          "183",
          "245",
          "1056",
          "1004",
          "322",
          "189",
          "191",
          "909",
          "793",
          "625",
          "1089",
          "1055",
          "1028",
          "887",
          "753",
          "824",
          "757",
          "831",
          "819",
          "622",
          "364",
          "847",
          "211",
          "908",
          "457",
          "43145",
          "7881",
          "8190",
          "14132",
          "7076",
          "66777",
          "13717",
          "8875",
          "7226",
          "7408",
          "7588",
          "11432",
          "14104",
          "8420",
          "12451",
          "9449",
          "43263",
          "43146",
          "27445",
          "28635",
          "8619",
          "11785",
          "7745",
          "28559",
          "9079",
          "28504",
          "9812",
          "1001",
          "3110",
          "618",
          "1042",
          "3170",
          "9034",
          "14664",
          "9419",
          "10597",
          "32410",
          "8114",
          "7719",
          "13689",
          "11981",
          "11431",
          "6625",
          "7584",
          "14114",
          "8845",
          "7171",
          "18821",
          "7386",
          "7948",
          "8797",
          "7107",
          "13281",
          "8206",
          "20686",
          "10372",
          "6761",
          "8393",
          "7583",
          "8820",
          "7078",
          "7448",
          "7849",
          "17863",
          "3111",
          "765",
          "1009",
          "200",
          "906",
          "636",
          "11835",
          "8847",
          "8934",
          "801",
          "3163",
          "7116",
          "7803",
          "14060",
          "8491",
          "12097",
          "13151",
          "7406"
        ],
        "libelles_appel_taxons": [
          "Mermithoidea",
          "Oligochaeta",
          "Erpobdellidae",
          "Potamopyrgus",
          "Pisidium",
          "Gammarus",
          "Psychodidae",
          "Pediciini",
          "Hemerodromiinae",
          "Clinocerinae",
          "Chironomidae",
          "Ceratopogoninae",
          "Limnius",
          "Esolus",
          "Baetis lato sensu",
          "Rhyacophila lato-sensu",
          "Tinodes",
          "Dugesia",
          "Radix",
          "Sericostoma",
          "Glossosomatidae",
          "Agapetus",
          "Glossiphonia",
          "Dixidae",
          "Riolus",
          "Nematoda",
          "Dugesiidae",
          "Ancylus",
          "Gammaridae",
          "Tipulidae",
          "Stratiomyidae",
          "Limoniidae",
          "Empididae",
          "Ceratopogonidae",
          "Oulimnius",
          "Baetis",
          "Anthomyiidae",
          "Hydropsychidae",
          "Glossiphoniidae",
          "Caenis",
          "Sellaphora saugerresii",
          "Navicula cryptotenella",
          "Navicula tripunctata",
          "Gomphonema pumilum var. rigidum",
          "Achnanthidium minutissimum",
          "Navicula metareichardtiana",
          "Fallacia sublucidula",
          "Nitzschia dissipata",
          "Cocconeis pediculus",
          "Diploneis oculata",
          "Fallacia subhamulata",
          "Cymbella affinis var. affinis",
          "Gyrosigma sciotense",
          "Rhoicosphenia abbreviata",
          "Diploneis fontanella",
          "Encyonopsis minuta",
          "Sellaphora atomoides",
          "Sellaphora nigri",
          "Achnanthidium druartii",
          "Amphora indistincta",
          "Cyclotella distinguenda var. distinguenda",
          "Cocconeis euglypta",
          "Gyrosigma acuminatum",
          "Punctastriata lancettula",
          "Simonsenia delognei",
          "Staurosira lapponica",
          "Agapetinae",
          "Galba",
          "Prostoma",
          "Elmis",
          "Sphaeriidae",
          "Ostracoda",
          "Nitzschia sociabilis",
          "Mayamaea permitis",
          "Eolimna minima",
          "Achnanthidium pyrenaicum",
          "Mayamaea atomus var. alcimonica",
          "Navicula reichardtiana var. reichardtiana",
          "Gomphonema pumilum",
          "Fistulifera saprophila",
          "Caloneis lancettula",
          "Cymbella excisa var. excisa",
          "Diatoma moniliformis",
          "Fallacia monoculata",
          "Gomphonema parvulum var. parvulum f. parvulum",
          "Nitzschia bulnheimiana",
          "Caloneis bacillum",
          "Staurosira venter",
          "Diadesmis contenta",
          "Navicula gregaria",
          "Hantzschia amphioxys",
          "Amphora inariensis",
          "Eolimna subminuscula",
          "Navicula veneta",
          "Mayamaea atomus var. permitis",
          "Achnanthidium eutrophilum",
          "Staurosira construens",
          "Planothidium frequentissimum",
          "Fallacia insociabilis",
          "Nitzschia amphibia",
          "Achnanthidium straubianum",
          "Encyonopsis microcephala",
          "Navicula caterva",
          "Psammothidium strenzkei",
          "Nemathelmintha",
          "Dicranota",
          "Planorbidae",
          "Hydroptila",
          "Hydracarina",
          "Helodes",
          "Diploneis separanda",
          "Nitzschia capitellata",
          "Nitzschia inconspicua",
          "Simuliidae",
          "Limnephilinae",
          "Amphora pediculus",
          "Navicula antonii",
          "Gomphonema olivaceum",
          "Surirella brebissonii var. brebissonii",
          "Cocconeis placentula var. placentula",
          "Eolimna minima abnormal form",
          "Diploneis oblongella"
        ],
        "codes_indices": [
          "5910",
          "7613",
          "6035",
          "6034",
          "5856",
          "1022",
          "8060",
          "8059",
          "8054",
          "8050",
          "8057",
          "8056",
          "8058",
          "8055",
          "6335"
        ],
        "libelles_indices": [
          "Indice dit \"équivalent\" (Phases A+B) de la méthode macroinvertébrés NF T90-333 ou protocole RCS antérieur",
          "Indice Invertébrés Multimétrique (I2M2)",
          "Groupe Faunistique Indicateur de l'indice dit \"équivalent\" (Phases A+B) de la méthode macroinvertébrés NF T90-333 ou protocole RCS antérieur",
          "Variété taxonomique de l'indice dit \"équivalent\" (Phases A+B) de la méthode macroinvertébrés NF T90-333 ou protocole RCS antérieur",
          "Indice Biologique Diatomées (IBD)",
          "Indice polluosensibilité spécifique (I.P.S.)",
          "Nombre de taxons contributifs de l'IBD",
          "Nombre d'unités diatomiques contributives",
          "Métrique Richesse Taxonomique de l'I2M2",
          "Nombre de taxons contributifs de l'I2M2",
          "Métrique ASPT de l'I2M2",
          "Métrique Polyvoltinisme de l'I2M2",
          "Métrique Indice de Shannon de l'I2M2",
          "Métrique Ovoviviparite de l'I2M2",
          "Variété taxonomique de l'IBD 2007"
        ],
        "latitude": 49.06409320567615,
        "longitude": 1.7014600400068198,
        "date_premier_prelevement": "2010-08-12",
        "date_dernier_prelevement": "2022-08-04"
      },
      "geometry": {
        "type": "Point",
        "crs": {
          "type": "name",
          "properties": {
            "name": "urn:ogc:def:crs:OGC:1.3:CRS84"
          }
        },
        "coordinates": [
          1.7014600400068198,
          49.06409320567615
        ]
      }
    },
    {
      "type": "Feature",
      "properties": {
        "code_station_hydrobio": "03127611",
        "libelle_station_hydrobio": "LE RU DE LA VALLÉE DU ROI A VETHEUIL 1",
        "uri_station_hydrobio": "https://id.eaufrance.fr/StationMesureEauxSurface/03127611",
        "coordonnee_x": 605716.0,
        "coordonnee_y": 6885756.0,
        "code_projection": "2154",
        "code_cours_eau": null,
        "libelle_cours_eau": null,
        "uri_cours_eau": null,
        "code_masse_eau": "HR230B-H3085000",
        "libelle_masse_eau": "ru de la vallee du roi",
        "uri_masse_eau": "https://id.eaufrance.fr/MasseDEauRiviere_VEDL2019/HR230B-H3085000",
        "code_sous_bassin": "FRH_IF",
        "libelle_sous_bassin": "Ile de France",
        "code_bassin": "H",
        "libelle_bassin": "La Seine et les cours d'eau côtiers normands",
        "code_commune": "95651",
        "libelle_commune": "Vétheuil",
        "code_departement": "95",
        "libelle_departement": "Val-d'Oise",
        "code_region": "11",
        "libelle_region": "Île-de-France",
        "codes_reseaux": [
          "0900000012"
        ],
        "libelles_reseaux": [
          "Contrôle de surveillance des eaux côtières du bassin Guyane"
        ],
        "codes_supports": [
          "4"
        ],
        "libelles_supports": [
          "Poissons"
        ],
        "codes_appel_taxons": [
          "2167"
        ],
        "libelles_appel_taxons": [
          "Pungitius pungitius"
        ],
        "codes_indices": [
          "7036",
          "7787",
          "7786",
          "7746",
          "7745",
          "7744",
          "7743",
          "7644"
        ],
        "libelles_indices": [
          "Indice Poisson Rivière (IPR)",
          "Score de la métrique densité totale d'individus (DTI)",
          "Score de la métrique densité d'individus tolérants (DIT)",
          "Score de la métrique densité d'individus omnivores (DIO)",
          "Score de la métrique densité d'individus invertivores (DII)",
          "Score de la métrique nombre d'espèces rhéophiles (NER)",
          "Score de la métrique nombre d'espèces lithophiles (NEL)",
          "Score de la métrique nombre total d’espèces (NTE)"
        ],
        "latitude": 49.064731662396746,
        "longitude": 1.7098058128668776,
        "date_premier_prelevement": "2023-06-23",
        "date_dernier_prelevement": "2023-06-23"
      },
      "geometry": {
        "type": "Point",
        "crs": {
          "type": "name",
          "properties": {
            "name": "urn:ogc:def:crs:OGC:1.3:CRS84"
          }
        },
        "coordinates": [
          1.7098058128668776,
          49.064731662396746
        ]
      }
    },
    {
      "type": "Feature",
      "properties": {
        "code_station_hydrobio": "03127623",
        "libelle_station_hydrobio": "LA SEINE A VETHEUIL 1",
        "uri_station_hydrobio": "https://id.eaufrance.fr/StationMesureEauxSurface/03127623",
        "coordonnee_x": 604776.0,
        "coordonnee_y": 6885933.0,
        "code_projection": "2154",
        "code_cours_eau": null,
        "libelle_cours_eau": null,
        "uri_cours_eau": null,
        "code_masse_eau": null,
        "libelle_masse_eau": null,
        "uri_masse_eau": null,
        "code_sous_bassin": null,
        "libelle_sous_bassin": null,
        "code_bassin": null,
        "libelle_bassin": null,
        "code_commune": "95651",
        "libelle_commune": "Vétheuil",
        "code_departement": "95",
        "libelle_departement": "Val-d'Oise",
        "code_region": "11",
        "libelle_region": "Île-de-France",
        "codes_reseaux": [
          "0600000421"
        ],
        "libelles_reseaux": [
          "Réseau de suivi local des opérations de restauration hydromorphologique sur deux petits affluents du lac des Rousses (39)"
        ],
        "codes_supports": [
          "4"
        ],
        "libelles_supports": [
          "Poissons"
        ],
        "codes_appel_taxons": [
          "2038",
          "2135",
          "2133",
          "2113",
          "2086",
          "2193"
        ],
        "libelles_appel_taxons": [
          "Anguilla anguilla",
          "Scardinius erythrophthalmus",
          "Rutilus rutilus",
          "Gobio gobio",
          "Abramis brama",
          "Perca fluviatilis"
        ],
        "codes_indices": null,
        "libelles_indices": null,
        "latitude": 49.066184151687494,
        "longitude": 1.6969050901764355,
        "date_premier_prelevement": "1990-05-31",
        "date_dernier_prelevement": "1990-05-31"
      },
      "geometry": {
        "type": "Point",
        "crs": {
          "type": "name",
          "properties": {
            "name": "urn:ogc:def:crs:OGC:1.3:CRS84"
          }
        },
        "coordinates": [
          1.6969050901764355,
          49.066184151687494
        ]
      }
    },
    {
      "type": "Feature",
      "properties": {
        "code_station_hydrobio": "03137685",
        "libelle_station_hydrobio": "LA THEVE A ASNIERES-SUR-OISE 2",
        "uri_station_hydrobio": "https://id.eaufrance.fr/StationMesureEauxSurface/03137685",
        "coordonnee_x": 655056.0,
        "coordonnee_y": 6895220.0,
        "code_projection": "2154",
        "code_cours_eau": "H22-0500",
        "libelle_cours_eau": "La Theve",
        "uri_cours_eau": "https://id.eaufrance.fr/CoursEau_Carthage2017/H22-0500",
        "code_masse_eau": "HR227",
        "libelle_masse_eau": "la Theve de sa source au confluent de L Oise  exclu",
        "uri_masse_eau": "https://id.eaufrance.fr/MasseDEauRiviere_VEDL2019/HR227",
        "code_sous_bassin": "FRH_IF",
        "libelle_sous_bassin": "Ile de France",
        "code_bassin": "H",
        "libelle_bassin": "La Seine et les cours d'eau côtiers normands",
        "code_commune": "95026",
        "libelle_commune": "Asnières-sur-Oise",
        "code_departement": "95",
        "libelle_departement": "Val-d'Oise",
        "code_region": "11",
        "libelle_region": "Île-de-France",
        "codes_reseaux": [
          "0300000207",
          "0300000211",
          "0600000421"
        ],
        "libelles_reseaux": [
          "Réseau de gestion des eaux superficielles de la DRIF",
          "Réseau de gestion des eaux superficielles de la DSAM",
          "Réseau de suivi local des opérations de restauration hydromorphologique sur deux petits affluents du lac des Rousses (39)"
        ],
        "codes_supports": [
          "13",
          "10",
          "4"
        ],
        "libelles_supports": [
          "Macroinvertébrés aquatiques",
          "Diatomées benthiques",
          "Poissons"
        ],
        "codes_appel_taxons": [
          "212",
          "933",
          "928",
          "978",
          "1043",
          "880",
          "892",
          "888",
          "650",
          "837",
          "807",
          "618",
          "364",
          "1087",
          "1044",
          "502",
          "1077",
          "1056",
          "908",
          "1033",
          "757",
          "819",
          "622",
          "3170",
          "704",
          "1061",
          "1009",
          "658",
          "783",
          "608",
          "1064",
          "1074",
          "909",
          "20537",
          "822",
          "3159",
          "844",
          "312",
          "967",
          "1028",
          "623",
          "721",
          "1042",
          "1051",
          "9794",
          "625",
          "919",
          "626",
          "831",
          "836",
          "5196",
          "311",
          "838",
          "7748",
          "7232",
          "6768",
          "7948",
          "8393",
          "8719",
          "7719",
          "7111",
          "44422",
          "7881",
          "8820",
          "43146",
          "43263",
          "8190",
          "7076",
          "7226",
          "38989",
          "11785",
          "8420",
          "18855",
          "8395",
          "14458",
          "14132",
          "32463",
          "6751",
          "43145",
          "7844",
          "14664",
          "8987",
          "8206",
          "28504",
          "10586",
          "7225",
          "7851",
          "16721",
          "7078",
          "8619",
          "16034",
          "8115",
          "17928",
          "18473",
          "726",
          "613",
          "617",
          "856",
          "861",
          "697",
          "16657",
          "14114",
          "9419",
          "13999",
          "20686",
          "13689",
          "8419",
          "32397",
          "7386",
          "8114",
          "7242",
          "13281",
          "7588",
          "16901",
          "13446",
          "8394",
          "7019",
          "7229",
          "11786",
          "32031",
          "8554",
          "8992",
          "9049",
          "9079",
          "7224",
          "8845",
          "8635",
          "8748",
          "8559",
          "1004",
          "887",
          "241",
          "1055",
          "847",
          "515",
          "8746",
          "8781",
          "7408",
          "7995",
          "28559",
          "18821",
          "28635",
          "14104",
          "8875",
          "7874",
          "14426",
          "4860",
          "8599",
          "10468",
          "11111",
          "906",
          "914",
          "14452",
          "18123",
          "200",
          "8934",
          "918",
          "7101",
          "1071",
          "801",
          "994",
          "3168",
          "745",
          "3163",
          "7116",
          "12097",
          "7803",
          "9016",
          "657",
          "7659",
          "8656",
          "14060",
          "2038",
          "2151",
          "2133",
          "2113",
          "31041",
          "2165",
          "2156",
          "2086",
          "2071",
          "2193"
        ],
        "libelles_appel_taxons": [
          "Hydropsyche",
          "Oligochaeta",
          "Erpobdellidae",
          "Potamopyrgus",
          "Pisidium",
          "Asellidae",
          "Gammarus",
          "Echinogammarus",
          "Calopteryx",
          "Tabanidae",
          "Chironomidae",
          "Elmis",
          "Baetis",
          "Bryozoa",
          "Sphaerium",
          "Ephemera",
          "Hydra",
          "Dugesia",
          "Glossiphoniidae",
          "Acroloxus",
          "Limoniidae",
          "Ceratopogonidae",
          "Oulimnius",
          "Ostracoda",
          "Sialis",
          "Planariidae",
          "Planorbidae",
          "Coenagrionidae",
          "Psychodidae",
          "Hydraena",
          "Polycelis",
          "Dendrocoelum lacteum",
          "Glossiphonia",
          "Pediciini",
          "Ceratopogoninae",
          "Mermithoidea",
          "Ephydridae",
          "Mystacides",
          "Theodoxus",
          "Ancylus",
          "Limnius",
          "Aphelocheirus",
          "Sphaeriidae",
          "Corbicula",
          "Baetis lato sensu",
          "Riolus",
          "Piscicola",
          "Macronychus",
          "Empididae",
          "Dolichopodidae",
          "Corixinae",
          "Athripsodes",
          "Athericidae",
          "Gyrosigma attenuatum",
          "Cocconeis placentula var. lineata",
          "Staurosirella pinnata",
          "Navicula gregaria",
          "Planothidium frequentissimum",
          "Melosira varians",
          "Gomphonema pumilum",
          "Amphora ovalis",
          "Kolbesia ploenensis",
          "Navicula cryptotenella",
          "Nitzschia amphibia",
          "Sellaphora nigri",
          "Sellaphora atomoides",
          "Navicula tripunctata",
          "Achnanthidium minutissimum",
          "Cocconeis pediculus",
          "Planothidium rostratoholarcticum",
          "Cocconeis euglypta",
          "Rhoicosphenia abbreviata",
          "Staurosirella ovata",
          "Platessa conspicua",
          "Kolbesia gessneri",
          "Gomphonema pumilum var. rigidum",
          "Karayevia clevei",
          "Pseudostaurosira brevistriata",
          "Sellaphora saugerresii",
          "Navicula cari",
          "Mayamaea permitis",
          "Nitzschia palea",
          "Navicula veneta",
          "Staurosira lapponica",
          "Achnanthidium lauenburgianum",
          "Cocconeis neothumensis",
          "Navicula cincta",
          "Navicula vilaplanii",
          "Achnanthidium straubianum",
          "Cyclotella distinguenda var. distinguenda",
          "Navicula oligotraphenta",
          "Navicula reinhardtii",
          "Planothidium delicatulum",
          "Staurosira martyi",
          "Nepa",
          "Dryops",
          "Stenelmis",
          "Sisyra",
          "Atyaephyra",
          "Libellula",
          "Naviculadicta seminula",
          "Gomphonema parvulum var. parvulum f. parvulum",
          "Eolimna minima",
          "Gomphonema micropus var. micropus",
          "Mayamaea atomus var. permitis",
          "Fistulifera saprophila",
          "Reimeria sinuata",
          "Navicula sublucidula",
          "Diadesmis contenta",
          "Navicula reichardtiana var. reichardtiana",
          "Craticula accomoda",
          "Eolimna subminuscula",
          "Fallacia subhamulata",
          "Opephora mutabilis",
          "Fragilaria capucina ssp. rumpens",
          "Planothidium rostratum",
          "Achnanthes ploenensis var. gessneri",
          "Cocconeis placentula var. euglypta",
          "Cocconeis euglyptoides",
          "Psammothidium lauenburgianum",
          "Aulacoseira ambigua",
          "Nitzschia paleacea",
          "Nitzschia supralitorea",
          "Simonsenia delognei",
          "Cocconeis neodiminuta",
          "Nitzschia bulnheimiana",
          "Cyclotella ocellata",
          "Stephanodiscus hantzschii f. tenuis",
          "Aulacoseira granulata",
          "Radix",
          "Gammaridae",
          "Lype",
          "Dugesiidae",
          "Anthomyiidae",
          "Orectochilus",
          "Stephanodiscus hantzschii",
          "Gomphonema",
          "Diploneis oculata",
          "Navicula lanceolata",
          "Punctastriata lancettula",
          "Staurosira venter",
          "Amphora indistincta",
          "Gyrosigma sciotense",
          "Nitzschia dissipata",
          "Navicula cryptocephala",
          "Karayevia ploenensis",
          "Asterionella formosa",
          "Cyclostephanos dubius",
          "Cocconeis pseudolineata",
          "Amphora oligotraphenta",
          "Hydracarina",
          "Hemiclepsis",
          "Karayevia kolbei",
          "Reimeria uniseriata",
          "Hydroptila",
          "Nitzschia inconspicua",
          "Piscicolidae",
          "Amphora copulata",
          "Dendrocoelidae",
          "Simuliidae",
          "Bithynia",
          "Hydrozoa",
          "Velia",
          "Limnephilinae",
          "Amphora pediculus",
          "Cocconeis placentula var. placentula",
          "Navicula antonii",
          "Nitzschia recta",
          "Platycnemis",
          "Gomphonema gracile",
          "Discostella pseudostelligera",
          "Gomphonema olivaceum",
          "Anguilla anguilla",
          "Esox lucius",
          "Rutilus rutilus",
          "Gobio gobio",
          "Squalius cephalus",
          "Gasterosteus aculeatus aculeatus",
          "Lota lota",
          "Abramis brama",
          "Barbatula barbatula",
          "Perca fluviatilis"
        ],
        "codes_indices": [
          "5910",
          "6035",
          "6034",
          "7613",
          "8055",
          "8050",
          "8054",
          "8056",
          "8057",
          "8058",
          "8060",
          "1022",
          "5856",
          "8059",
          "1080",
          "6335"
        ],
        "libelles_indices": [
          "Indice dit \"équivalent\" (Phases A+B) de la méthode macroinvertébrés NF T90-333 ou protocole RCS antérieur",
          "Groupe Faunistique Indicateur de l'indice dit \"équivalent\" (Phases A+B) de la méthode macroinvertébrés NF T90-333 ou protocole RCS antérieur",
          "Variété taxonomique de l'indice dit \"équivalent\" (Phases A+B) de la méthode macroinvertébrés NF T90-333 ou protocole RCS antérieur",
          "Indice Invertébrés Multimétrique (I2M2)",
          "Métrique Ovoviviparite de l'I2M2",
          "Nombre de taxons contributifs de l'I2M2",
          "Métrique Richesse Taxonomique de l'I2M2",
          "Métrique Polyvoltinisme de l'I2M2",
          "Métrique ASPT de l'I2M2",
          "Métrique Indice de Shannon de l'I2M2",
          "Nombre de taxons contributifs de l'IBD",
          "Indice polluosensibilité spécifique (I.P.S.)",
          "Indice Biologique Diatomées (IBD)",
          "Nombre d'unités diatomiques contributives",
          "Indice Biologique Diatomées ancien",
          "Variété taxonomique de l'IBD 2007"
        ],
        "latitude": 49.155172391029296,
        "longitude": 2.3839278481359405,
        "date_premier_prelevement": "1985-11-20",
        "date_dernier_prelevement": "2023-08-23"
      },
      "geometry": {
        "type": "Point",
        "crs": {
          "type": "name",
          "properties": {
            "name": "urn:ogc:def:crs:OGC:1.3:CRS84"
          }
        },
        "coordinates": [
          2.3839278481359405,
          49.155172391029296
        ]
      }
    },
    {
      "type": "Feature",
      "properties": {
        "code_station_hydrobio": "03137744",
        "libelle_station_hydrobio": "L'YSIEUX A BELLEFONTAINE 2 ",
        "uri_station_hydrobio": "https://id.eaufrance.fr/StationMesureEauxSurface/03137744",
        "coordonnee_x": 661321.0,
        "coordonnee_y": 6888514.0,
        "code_projection": "2154",
        "code_cours_eau": null,
        "libelle_cours_eau": null,
        "uri_cours_eau": null,
        "code_masse_eau": "HR227-H2246000",
        "libelle_masse_eau": "l ysieux",
        "uri_masse_eau": "https://id.eaufrance.fr/MasseDEauRiviere_VEDL2019/HR227-H2246000",
        "code_sous_bassin": "FRH_IF",
        "libelle_sous_bassin": "Ile de France",
        "code_bassin": "H",
        "libelle_bassin": "La Seine et les cours d'eau côtiers normands",
        "code_commune": "95055",
        "libelle_commune": "Bellefontaine",
        "code_departement": "95",
        "libelle_departement": "Val-d'Oise",
        "code_region": "11",
        "libelle_region": "Île-de-France",
        "codes_reseaux": [
          "0900000012"
        ],
        "libelles_reseaux": [
          "Contrôle de surveillance des eaux côtières du bassin Guyane"
        ],
        "codes_supports": [
          "4"
        ],
        "libelles_supports": [
          "Poissons"
        ],
        "codes_appel_taxons": [
          "2028",
          "2113",
          "2071",
          "20550",
          "2110"
        ],
        "libelles_appel_taxons": [
          "Procambarus clarkii",
          "Gobio gobio",
          "Barbatula barbatula",
          "Carassius gibelio",
          "Cyprinus carpio"
        ],
        "codes_indices": [
          "7036",
          "7787",
          "7786",
          "7746",
          "7745",
          "7744",
          "7743",
          "7644"
        ],
        "libelles_indices": [
          "Indice Poisson Rivière (IPR)",
          "Score de la métrique densité totale d'individus (DTI)",
          "Score de la métrique densité d'individus tolérants (DIT)",
          "Score de la métrique densité d'individus omnivores (DIO)",
          "Score de la métrique densité d'individus invertivores (DII)",
          "Score de la métrique nombre d'espèces rhéophiles (NER)",
          "Score de la métrique nombre d'espèces lithophiles (NEL)",
          "Score de la métrique nombre total d’espèces (NTE)"
        ],
        "latitude": 49.09528941632796,
        "longitude": 2.47041935853276,
        "date_premier_prelevement": "2021-07-09",
        "date_dernier_prelevement": "2021-07-09"
      },
      "geometry": {
        "type": "Point",
        "crs": {
          "type": "name",
          "properties": {
            "name": "urn:ogc:def:crs:OGC:1.3:CRS84"
          }
        },
        "coordinates": [
          2.47041935853276,
          49.09528941632796
        ]
      }
    },
    {
      "type": "Feature",
      "properties": {
        "code_station_hydrobio": "03137790",
        "libelle_station_hydrobio": "L'YSIEUX A LUZARCHES 1",
        "uri_station_hydrobio": "https://id.eaufrance.fr/StationMesureEauxSurface/03137790",
        "coordonnee_x": 659500.0,
        "coordonnee_y": 6890574.0,
        "code_projection": "2154",
        "code_cours_eau": null,
        "libelle_cours_eau": null,
        "uri_cours_eau": null,
        "code_masse_eau": null,
        "libelle_masse_eau": null,
        "uri_masse_eau": null,
        "code_sous_bassin": null,
        "libelle_sous_bassin": null,
        "code_bassin": null,
        "libelle_bassin": null,
        "code_commune": "95352",
        "libelle_commune": "Luzarches",
        "code_departement": "95",
        "libelle_departement": "Val-d'Oise",
        "code_region": "11",
        "libelle_region": "Île-de-France",
        "codes_reseaux": [
          "0600000421"
        ],
        "libelles_reseaux": [
          "Réseau de suivi local des opérations de restauration hydromorphologique sur deux petits affluents du lac des Rousses (39)"
        ],
        "codes_supports": [
          "4"
        ],
        "libelles_supports": [
          "Poissons"
        ],
        "codes_appel_taxons": [
          "2071",
          "2167",
          "2165",
          "2133",
          "2113",
          "2193"
        ],
        "libelles_appel_taxons": [
          "Barbatula barbatula",
          "Pungitius pungitius",
          "Gasterosteus aculeatus aculeatus",
          "Rutilus rutilus",
          "Gobio gobio",
          "Perca fluviatilis"
        ],
        "codes_indices": null,
        "libelles_indices": null,
        "latitude": 49.11369826140787,
        "longitude": 2.4452894680511097,
        "date_premier_prelevement": "1989-05-11",
        "date_dernier_prelevement": "1989-05-11"
      },
      "geometry": {
        "type": "Point",
        "crs": {
          "type": "name",
          "properties": {
            "name": "urn:ogc:def:crs:OGC:1.3:CRS84"
          }
        },
        "coordinates": [
          2.4452894680511097,
          49.11369826140787
        ]
      }
    },
    {
      "type": "Feature",
      "properties": {
        "code_station_hydrobio": "03137810",
        "libelle_station_hydrobio": "L'YSIEUX A LUZARCHES 2",
        "uri_station_hydrobio": "https://id.eaufrance.fr/StationMesureEauxSurface/03137810",
        "coordonnee_x": 657363.0,
        "coordonnee_y": 6892763.0,
        "code_projection": "2154",
        "code_cours_eau": null,
        "libelle_cours_eau": null,
        "uri_cours_eau": null,
        "code_masse_eau": "HR227-H2246000",
        "libelle_masse_eau": "l ysieux",
        "uri_masse_eau": "https://id.eaufrance.fr/MasseDEauRiviere_VEDL2019/HR227-H2246000",
        "code_sous_bassin": "FRH_IF",
        "libelle_sous_bassin": "Ile de France",
        "code_bassin": "H",
        "libelle_bassin": "La Seine et les cours d'eau côtiers normands",
        "code_commune": "95352",
        "libelle_commune": "Luzarches",
        "code_departement": "95",
        "libelle_departement": "Val-d'Oise",
        "code_region": "11",
        "libelle_region": "Île-de-France",
        "codes_reseaux": [
          "0300000207",
          "0300000215"
        ],
        "libelles_reseaux": [
          "Réseau de gestion des eaux superficielles de la DRIF",
          "Réseau de gestion hydrobiologique de la DIREN Ile de France"
        ],
        "codes_supports": [
          "10",
          "13"
        ],
        "libelles_supports": [
          "Diatomées benthiques",
          "Macroinvertébrés aquatiques"
        ],
        "codes_appel_taxons": [
          "18971",
          "8633",
          "11785",
          "7076",
          "7948",
          "6751",
          "8444",
          "7881",
          "8183",
          "14132",
          "8600",
          "8987",
          "17878",
          "8603",
          "8875",
          "11981",
          "14114",
          "11270",
          "12451",
          "14001",
          "8190",
          "8393",
          "8420",
          "9079",
          "37468",
          "8472",
          "8599",
          "7232",
          "7242",
          "7588",
          "7777",
          "8719",
          "9034",
          "8206",
          "17926",
          "18821",
          "20342",
          "27445",
          "7408",
          "13098",
          "7604",
          "67411",
          "14104",
          "8809",
          "7849",
          "20727",
          "8994",
          "8955",
          "8989",
          "9438",
          "6761",
          "18855",
          "42884",
          "19096",
          "7111",
          "34796",
          "32665",
          "6690",
          "38622",
          "38981",
          "44420",
          "28497",
          "8891",
          "7995",
          "8192",
          "38646",
          "43263",
          "43145",
          "933",
          "212",
          "312",
          "9794",
          "451",
          "502",
          "618",
          "622",
          "515",
          "838",
          "819",
          "807",
          "831",
          "757",
          "783",
          "837",
          "650",
          "892",
          "880",
          "978",
          "908",
          "1056",
          "3159",
          "20537",
          "1043",
          "1042",
          "623",
          "7745",
          "7874",
          "12163",
          "28635",
          "9470",
          "6768",
          "6752",
          "17937",
          "8114",
          "8746",
          "13578",
          "28553",
          "9081",
          "7225",
          "38989",
          "4767",
          "9804",
          "32498",
          "8106",
          "241",
          "364",
          "387",
          "730",
          "518",
          "844",
          "824",
          "753",
          "887",
          "3206",
          "19280",
          "1055",
          "450",
          "3170",
          "1009",
          "8934",
          "8147",
          "8847",
          "32680",
          "200",
          "198",
          "906",
          "7116",
          "10944",
          "8657",
          "7443",
          "43231",
          "9016",
          "7235",
          "12097",
          "801",
          "7803",
          "7843",
          "8656",
          "719"
        ],
        "libelles_appel_taxons": [
          "Tryblionella debilis",
          "Cyclotella meneghiniana",
          "Cocconeis euglypta",
          "Achnanthidium minutissimum",
          "Navicula gregaria",
          "Pseudostaurosira brevistriata",
          "Sellaphora pupula",
          "Navicula cryptotenella",
          "Navicula tenelloides",
          "Gomphonema pumilum var. rigidum",
          "Cyclostephanos invisitatus",
          "Nitzschia palea",
          "Pseudostaurosira elliptica",
          "Cyclotella atomus",
          "Nitzschia dissipata",
          "Caloneis lancettula",
          "Gomphonema parvulum var. parvulum f. parvulum",
          "Aulacoseira pusilla",
          "Diploneis fontanella",
          "Gomphonema minutum",
          "Navicula tripunctata",
          "Planothidium frequentissimum",
          "Rhoicosphenia abbreviata",
          "Simonsenia delognei",
          "Surirella lacrimula",
          "Stauroneis smithii",
          "Cyclostephanos dubius",
          "Cocconeis placentula var. lineata",
          "Craticula accomoda",
          "Fallacia subhamulata",
          "Hippodonta capitata",
          "Melosira varians",
          "Nitzschia sociabilis",
          "Navicula veneta",
          "Placoneis symmetrica",
          "Staurosira venter",
          "Achnanthidium gracillimum",
          "Achnanthidium druartii",
          "Diploneis oculata",
          "Encyonema simile",
          "Frustulia vulgaris",
          "Gomphonella olivacea",
          "Gyrosigma sciotense",
          "Nitzschia acicularis",
          "Navicula caterva",
          "Navicula difficillimoides",
          "Nitzschia paleaeformis",
          "Nitzschia linearis",
          "Nitzschia palea var. debilis",
          "Pinnularia",
          "Staurosira construens",
          "Staurosirella ovata",
          "Tryblionella kuetzingii",
          "Tabularia tabulata",
          "Amphora ovalis",
          "Aulacoseira ambigua f. japonica",
          "Fallacia mitis",
          "Fragilaria nanana",
          "Humidophila contenta",
          "Luticola frequentissima",
          "Luticola goeppertiana",
          "Neidiomorpha binodis",
          "Nitzschia fonticola",
          "Navicula lanceolata",
          "Navicula trivialis var. trivialis",
          "Praestephanos triporus",
          "Sellaphora atomoides",
          "Sellaphora saugerresii",
          "Oligochaeta",
          "Hydropsyche",
          "Mystacides",
          "Baetis lato sensu",
          "Ephemerella ignita",
          "Ephemera",
          "Elmis",
          "Oulimnius",
          "Orectochilus",
          "Athericidae",
          "Ceratopogonidae",
          "Chironomidae",
          "Empididae",
          "Limoniidae",
          "Psychodidae",
          "Tabanidae",
          "Calopteryx",
          "Gammarus",
          "Asellidae",
          "Potamopyrgus",
          "Glossiphoniidae",
          "Dugesia",
          "Mermithoidea",
          "Pediciini",
          "Pisidium",
          "Sphaeriidae",
          "Limnius",
          "Gyrosigma acuminatum",
          "Navicula cryptocephala",
          "Craticula buderi",
          "Amphora indistincta",
          "Amphora",
          "Staurosirella pinnata",
          "Pseudostaurosira parasitica",
          "Planothidium lanceolatum",
          "Navicula reichardtiana var. reichardtiana",
          "Stephanodiscus hantzschii",
          "Fallacia lenzii",
          "Prestauroneis integra",
          "Tryblionella apiculata",
          "Cocconeis neothumensis",
          "Planothidium rostratoholarcticum",
          "Bacillariophyceae",
          "Nitzschia",
          "Karayevia ploenensis abnormal form",
          "Navicula radiosa",
          "Lype",
          "Baetis",
          "Cloeon",
          "Notonecta",
          "Haliplus",
          "Ephydridae",
          "Stratiomyidae",
          "Tipulidae",
          "Gammaridae",
          "Copepoda",
          "Physella",
          "Dugesiidae",
          "Ephemerella",
          "Ostracoda",
          "Planorbidae",
          "Nitzschia inconspicua",
          "Navicula slesvicensis",
          "Nitzschia capitellata",
          "Karayevia ploenensis var. gessneri",
          "Hydroptila",
          "Ithytrichia",
          "Hydracarina",
          "Amphora pediculus",
          "Amphora macedoniensis",
          "Discostella stelligera",
          "Encyonema silesiacum",
          "Lemnicola exigua",
          "Nitzschia recta",
          "Cocconeis pseudothumensis",
          "Cocconeis placentula var. placentula",
          "Simuliidae",
          "Navicula antonii",
          "Navicula capitatoradiata",
          "Discostella pseudostelligera",
          "Micronecta"
        ],
        "codes_indices": [
          "8060",
          "5856",
          "8059",
          "7613",
          "6034",
          "6035",
          "8050",
          "8054",
          "8055",
          "8056",
          "5910",
          "8057",
          "8058"
        ],
        "libelles_indices": [
          "Nombre de taxons contributifs de l'IBD",
          "Indice Biologique Diatomées (IBD)",
          "Nombre d'unités diatomiques contributives",
          "Indice Invertébrés Multimétrique (I2M2)",
          "Variété taxonomique de l'indice dit \"équivalent\" (Phases A+B) de la méthode macroinvertébrés NF T90-333 ou protocole RCS antérieur",
          "Groupe Faunistique Indicateur de l'indice dit \"équivalent\" (Phases A+B) de la méthode macroinvertébrés NF T90-333 ou protocole RCS antérieur",
          "Nombre de taxons contributifs de l'I2M2",
          "Métrique Richesse Taxonomique de l'I2M2",
          "Métrique Ovoviviparite de l'I2M2",
          "Métrique Polyvoltinisme de l'I2M2",
          "Indice dit \"équivalent\" (Phases A+B) de la méthode macroinvertébrés NF T90-333 ou protocole RCS antérieur",
          "Métrique ASPT de l'I2M2",
          "Métrique Indice de Shannon de l'I2M2"
        ],
        "latitude": 49.13324036833324,
        "longitude": 2.415799153168273,
        "date_premier_prelevement": "2021-08-10",
        "date_dernier_prelevement": "2023-08-23"
      },
      "geometry": {
        "type": "Point",
        "crs": {
          "type": "name",
          "properties": {
            "name": "urn:ogc:def:crs:OGC:1.3:CRS84"
          }
        },
        "coordinates": [
          2.415799153168273,
          49.13324036833324
        ]
      }
    },
    {
      "type": "Feature",
      "properties": {
        "code_station_hydrobio": "03137830",
        "libelle_station_hydrobio": "L'YSIEUX A ASNIERES-SUR-OISE 1",
        "uri_station_hydrobio": "https://id.eaufrance.fr/StationMesureEauxSurface/03137830",
        "coordonnee_x": 655185.0,
        "coordonnee_y": 6894175.0,
        "code_projection": "2154",
        "code_cours_eau": "H2246000",
        "libelle_cours_eau": "L'Ysieux",
        "uri_cours_eau": "https://id.eaufrance.fr/CoursEau_Carthage2017/H2246000",
        "code_masse_eau": "HR227-H2246000",
        "libelle_masse_eau": "l ysieux",
        "uri_masse_eau": "https://id.eaufrance.fr/MasseDEauRiviere_VEDL2019/HR227-H2246000",
        "code_sous_bassin": "FRH_IF",
        "libelle_sous_bassin": "Ile de France",
        "code_bassin": "H",
        "libelle_bassin": "La Seine et les cours d'eau côtiers normands",
        "code_commune": "95026",
        "libelle_commune": "Asnières-sur-Oise",
        "code_departement": "95",
        "libelle_departement": "Val-d'Oise",
        "code_region": "11",
        "libelle_region": "Île-de-France",
        "codes_reseaux": [
          "0300000211",
          "0300000215",
          "0600000421"
        ],
        "libelles_reseaux": [
          "Réseau de gestion des eaux superficielles de la DSAM",
          "Réseau de gestion hydrobiologique de la DIREN Ile de France",
          "Réseau de suivi local des opérations de restauration hydromorphologique sur deux petits affluents du lac des Rousses (39)"
        ],
        "codes_supports": [
          "13",
          "10",
          "4"
        ],
        "libelles_supports": [
          "Macroinvertébrés aquatiques",
          "Diatomées benthiques",
          "Poissons"
        ],
        "codes_appel_taxons": [
          "241",
          "933",
          "908",
          "928",
          "19280",
          "1004",
          "978",
          "1043",
          "3170",
          "887",
          "892",
          "888",
          "704",
          "837",
          "807",
          "819",
          "822",
          "608",
          "5196",
          "383",
          "9794",
          "236",
          "345",
          "1033",
          "3159",
          "880",
          "870",
          "650",
          "20358",
          "728",
          "390",
          "1089",
          "364",
          "972",
          "997",
          "1028",
          "387",
          "1061",
          "1055",
          "658",
          "844",
          "1042",
          "838",
          "457",
          "1009",
          "1044",
          "3206",
          "3127",
          "618",
          "212",
          "622",
          "623",
          "726",
          "722",
          "312",
          "11785",
          "46891",
          "6752",
          "8015",
          "11897",
          "7745",
          "8206",
          "6722",
          "34906",
          "28131",
          "6751",
          "9449",
          "10468",
          "8600",
          "14001",
          "7874",
          "12063",
          "28171",
          "8781",
          "9544",
          "9356",
          "28635",
          "9034",
          "29112",
          "11981",
          "8875",
          "8987",
          "43146",
          "7226",
          "17937",
          "28247",
          "13717",
          "13578",
          "10372",
          "9058",
          "8599",
          "14132",
          "28383",
          "38989",
          "6679",
          "11984",
          "10095",
          "8114",
          "16487",
          "7948",
          "7844",
          "7882",
          "14114",
          "37468",
          "32463",
          "8820",
          "14104",
          "7588",
          "7076",
          "7881",
          "8393",
          "8190",
          "8420",
          "14458",
          "9545",
          "9419",
          "17281",
          "7995",
          "9079",
          "10597",
          "8559",
          "8794",
          "9444",
          "9072",
          "7078",
          "7019",
          "8891",
          "9014",
          "15962",
          "16490",
          "8444",
          "8472",
          "7777",
          "8395",
          "14664",
          "10598",
          "28497",
          "7719",
          "7386",
          "15643",
          "8748",
          "9082",
          "32665",
          "8992",
          "18821",
          "37466",
          "17406",
          "8719",
          "8192",
          "14397",
          "9361",
          "15246",
          "17930",
          "8635",
          "9804",
          "7408",
          "7107",
          "7218",
          "8923",
          "8914",
          "7122",
          "7242",
          "8746",
          "7111",
          "8957",
          "11477",
          "7171",
          "6768",
          "8955",
          "14426",
          "8487",
          "7411",
          "6753",
          "6849",
          "9476",
          "7232",
          "7604",
          "8797",
          "8731",
          "8633",
          "29060",
          "6690",
          "20686",
          "15443",
          "33293",
          "8179",
          "7229",
          "8237",
          "16034",
          "8394",
          "6648",
          "7225",
          "7748",
          "8392",
          "11786",
          "8210",
          "8958",
          "8735",
          "793",
          "783",
          "757",
          "831",
          "3111",
          "1064",
          "5124",
          "1077",
          "1056",
          "856",
          "556",
          "906",
          "918",
          "200",
          "9430",
          "8847",
          "14452",
          "7101",
          "9051",
          "8147",
          "8631",
          "32680",
          "8934",
          "27524",
          "8109",
          "18123",
          "801",
          "719",
          "3168",
          "657",
          "1071",
          "3163",
          "14060",
          "9016",
          "12097",
          "7803",
          "7116",
          "8656",
          "28325",
          "8491",
          "6666",
          "7843",
          "8833",
          "994",
          "2071",
          "31041",
          "2165",
          "2133",
          "2125",
          "2113",
          "2080"
        ],
        "libelles_appel_taxons": [
          "Lype",
          "Oligochaeta",
          "Glossiphoniidae",
          "Erpobdellidae",
          "Physella",
          "Radix",
          "Potamopyrgus",
          "Pisidium",
          "Ostracoda",
          "Gammaridae",
          "Gammarus",
          "Echinogammarus",
          "Sialis",
          "Tabanidae",
          "Chironomidae",
          "Ceratopogonidae",
          "Ceratopogoninae",
          "Hydraena",
          "Corixinae",
          "Centroptilum",
          "Baetis lato sensu",
          "Neureclipsis",
          "Molanna",
          "Acroloxus",
          "Mermithoidea",
          "Asellidae",
          "Orconectes",
          "Calopteryx",
          "Hexatomini",
          "Notonectidae",
          "Procloeon",
          "Nematoda",
          "Baetis",
          "Valvata",
          "Physa lato-sensu",
          "Ancylus",
          "Cloeon",
          "Planariidae",
          "Dugesiidae",
          "Coenagrionidae",
          "Ephydridae",
          "Sphaeriidae",
          "Athericidae",
          "Caenis",
          "Planorbidae",
          "Sphaerium",
          "Copepoda",
          "Cladocera",
          "Elmis",
          "Hydropsyche",
          "Oulimnius",
          "Limnius",
          "Nepa",
          "Naucoridae",
          "Mystacides",
          "Cocconeis euglypta",
          "Sellaphora saprotolerans",
          "Pseudostaurosira parasitica",
          "Navicula menisculus var. menisculus",
          "Craticula minusculoides",
          "Gyrosigma acuminatum",
          "Navicula veneta",
          "Fragilaria vaucheriae",
          "Platessa lutheri",
          "Sellaphora capitata",
          "Pseudostaurosira brevistriata",
          "Encyonopsis minuta",
          "Cocconeis pseudolineata",
          "Cyclostephanos invisitatus",
          "Gomphonema minutum",
          "Navicula cryptocephala",
          "Cymbella perparva",
          "Amphora hemicyclus",
          "Gomphonema",
          "Staurosira",
          "Achnanthidium",
          "Amphora indistincta",
          "Nitzschia sociabilis",
          "Pseudostaurosira medliniae",
          "Caloneis lancettula",
          "Nitzschia dissipata",
          "Nitzschia palea",
          "Sellaphora nigri",
          "Cocconeis pediculus",
          "Planothidium lanceolatum",
          "Achnanthidium jackii",
          "Fallacia sublucidula",
          "Fallacia lenzii",
          "Achnanthidium eutrophilum",
          "Nitzschia thermaloides",
          "Cyclostephanos dubius",
          "Gomphonema pumilum var. rigidum",
          "Halamphora montana",
          "Planothidium rostratoholarcticum",
          "Fragilaria gracilis",
          "Cymbella neoleptoceros abnormal form",
          "Psammothidium",
          "Navicula reichardtiana var. reichardtiana",
          "Nitzschia soratensis",
          "Navicula gregaria",
          "Navicula cari",
          "Navicula cryptotenelloides",
          "Gomphonema parvulum var. parvulum f. parvulum",
          "Surirella lacrimula",
          "Karayevia clevei",
          "Nitzschia amphibia",
          "Gyrosigma sciotense",
          "Fallacia subhamulata",
          "Achnanthidium minutissimum",
          "Navicula cryptotenella",
          "Planothidium frequentissimum",
          "Navicula tripunctata",
          "Rhoicosphenia abbreviata",
          "Kolbesia gessneri",
          "Staurosirella",
          "Eolimna minima",
          "Planothidium granum",
          "Navicula lanceolata",
          "Simonsenia delognei",
          "Achnanthidium pyrenaicum",
          "Aulacoseira granulata",
          "Denticula tenuis",
          "Fallacia",
          "Nitzschia vermicularis",
          "Achnanthidium straubianum",
          "Achnanthes ploenensis var. gessneri",
          "Nitzschia fonticola",
          "Nitzschia pusilla",
          "Navicula namibica",
          "Nitzschia solgensis",
          "Sellaphora pupula",
          "Stauroneis smithii",
          "Hippodonta capitata",
          "Platessa conspicua",
          "Mayamaea permitis",
          "Achnanthidium rivulare",
          "Neidiomorpha binodis",
          "Gomphonema pumilum",
          "Diadesmis contenta",
          "Nitzschia media",
          "Stephanodiscus hantzschii f. tenuis",
          "Tryblionella calida",
          "Fallacia mitis",
          "Nitzschia paleacea",
          "Staurosira venter",
          "Achnanthes lanceolata ssp. frequentissima var. rostratiformis",
          "Platessa hustedtii",
          "Melosira varians",
          "Navicula trivialis var. trivialis",
          "Hippodonta neglecta",
          "Cocconeis",
          "Naviculadicta vitabunda",
          "Planothidium dubium",
          "Cyclotella ocellata",
          "Nitzschia",
          "Diploneis oculata",
          "Amphora inariensis",
          "Cocconeis disculus",
          "Nitzschia heufleriana",
          "Nitzschia gracilis",
          "Amphora veneta",
          "Craticula accomoda",
          "Stephanodiscus hantzschii",
          "Amphora ovalis",
          "Nitzschia linearis var. subtilis",
          "Caloneis amphisbaena f. amphisbaena",
          "Caloneis bacillum",
          "Staurosirella pinnata",
          "Nitzschia linearis",
          "Karayevia ploenensis",
          "Surirella birostrata",
          "Diploneis parma",
          "Pseudostaurosira parasitica var. subconstricta",
          "Ulnaria ulna",
          "Aulacoseira",
          "Cocconeis placentula var. lineata",
          "Frustulia vulgaris",
          "Hantzschia amphioxys",
          "Puncticulata radiosa",
          "Cyclotella meneghiniana",
          "Ulnaria ulna Sippe angustissima",
          "Fragilaria nanana",
          "Mayamaea atomus var. permitis",
          "Nitzschia filiformis",
          "Achnanthes rupestris",
          "Navicula symmetrica",
          "Cocconeis placentula var. euglypta",
          "Neidium dubium",
          "Navicula oligotraphenta",
          "Planothidium rostratum",
          "Fragilaria brevistriata",
          "Cocconeis neothumensis",
          "Gyrosigma attenuatum",
          "Placoneis pseudanglica",
          "Cocconeis euglyptoides",
          "Navicula viridula",
          "Nitzschia linearis var. tenuis",
          "Skeletonema potamos",
          "Dixidae",
          "Psychodidae",
          "Limoniidae",
          "Empididae",
          "Nemathelmintha",
          "Polycelis",
          "Stagnicola",
          "Hydra",
          "Dugesia",
          "Sisyra",
          "Platambus",
          "Hydracarina",
          "Piscicolidae",
          "Hydroptila",
          "Navicula",
          "Nitzschia capitellata",
          "Karayevia kolbei",
          "Amphora copulata",
          "Nitzschia tenuis",
          "Navicula slesvicensis",
          "Cyclotella meduanae",
          "Karayevia ploenensis var. gessneri",
          "Nitzschia inconspicua",
          "Amphora pseudominutissima",
          "Navicula radiosafallax",
          "Reimeria uniseriata",
          "Simuliidae",
          "Micronecta",
          "Hydrozoa",
          "Platycnemis",
          "Dendrocoelidae",
          "Limnephilinae",
          "Gomphonema olivaceum",
          "Nitzschia recta",
          "Cocconeis placentula var. placentula",
          "Navicula antonii",
          "Amphora pediculus",
          "Discostella pseudostelligera",
          "Fragilaria recapitellata",
          "Surirella brebissonii var. brebissonii",
          "Fragilaria crotonensis",
          "Navicula capitatoradiata",
          "Nitzschia archibaldii",
          "Bithynia",
          "Barbatula barbatula",
          "Squalius cephalus",
          "Gasterosteus aculeatus aculeatus",
          "Rutilus rutilus",
          "Phoxinus phoxinus",
          "Gobio gobio",
          "Cottus gobio"
        ],
        "codes_indices": [
          "5910",
          "7613",
          "6035",
          "6034",
          "8050",
          "8054",
          "8055",
          "8056",
          "8057",
          "8058",
          "5856",
          "6335"
        ],
        "libelles_indices": [
          "Indice dit \"équivalent\" (Phases A+B) de la méthode macroinvertébrés NF T90-333 ou protocole RCS antérieur",
          "Indice Invertébrés Multimétrique (I2M2)",
          "Groupe Faunistique Indicateur de l'indice dit \"équivalent\" (Phases A+B) de la méthode macroinvertébrés NF T90-333 ou protocole RCS antérieur",
          "Variété taxonomique de l'indice dit \"équivalent\" (Phases A+B) de la méthode macroinvertébrés NF T90-333 ou protocole RCS antérieur",
          "Nombre de taxons contributifs de l'I2M2",
          "Métrique Richesse Taxonomique de l'I2M2",
          "Métrique Ovoviviparite de l'I2M2",
          "Métrique Polyvoltinisme de l'I2M2",
          "Métrique ASPT de l'I2M2",
          "Métrique Indice de Shannon de l'I2M2",
          "Indice Biologique Diatomées (IBD)",
          "Variété taxonomique de l'IBD 2007"
        ],
        "latitude": 49.145786423691064,
        "longitude": 2.3858074676546654,
        "date_premier_prelevement": "1985-11-20",
        "date_dernier_prelevement": "2020-06-18"
      },
      "geometry": {
        "type": "Point",
        "crs": {
          "type": "name",
          "properties": {
            "name": "urn:ogc:def:crs:OGC:1.3:CRS84"
          }
        },
        "coordinates": [
          2.3858074676546654,
          49.145786423691064
        ]
      }
    },
    {
      "type": "Feature",
      "properties": {
        "code_station_hydrobio": "03137851",
        "libelle_station_hydrobio": "LA THEVE A ASNIERES-SUR-OISE 1",
        "uri_station_hydrobio": "https://id.eaufrance.fr/StationMesureEauxSurface/03137851",
        "coordonnee_x": 656080.0,
        "coordonnee_y": 6894675.0,
        "code_projection": "2154",
        "code_cours_eau": null,
        "libelle_cours_eau": null,
        "uri_cours_eau": null,
        "code_masse_eau": null,
        "libelle_masse_eau": null,
        "uri_masse_eau": null,
        "code_sous_bassin": null,
        "libelle_sous_bassin": null,
        "code_bassin": null,
        "libelle_bassin": null,
        "code_commune": "95026",
        "libelle_commune": "Asnières-sur-Oise",
        "code_departement": "95",
        "libelle_departement": "Val-d'Oise",
        "code_region": "11",
        "libelle_region": "Île-de-France",
        "codes_reseaux": [
          "0600000417"
        ],
        "libelles_reseaux": [
          "Réseau de suivi local de l’opération de restauration hydromorphologique en avant-projet sur le ruisseau de l’Abbaye à Appenans (25)"
        ],
        "codes_supports": [
          "4"
        ],
        "libelles_supports": [
          "Poissons"
        ],
        "codes_appel_taxons": [
          "2038",
          "31041",
          "2167",
          "2156",
          "2133",
          "2113",
          "2096",
          "2090",
          "2071",
          "2151",
          "2131",
          "2086",
          "2135",
          "2165",
          "2067",
          "2177",
          "2137",
          "2088",
          "2099",
          "2080",
          "2084",
          "2191",
          "2195",
          "2193"
        ],
        "libelles_appel_taxons": [
          "Anguilla anguilla",
          "Squalius cephalus",
          "Pungitius pungitius",
          "Lota lota",
          "Rutilus rutilus",
          "Gobio gobio",
          "Barbus barbus",
          "Alburnus alburnus",
          "Barbatula barbatula",
          "Esox lucius",
          "Rhodeus amarus",
          "Abramis brama",
          "Scardinius erythrophthalmus",
          "Gasterosteus aculeatus aculeatus",
          "Cobitis taenia",
          "Ameiurus melas",
          "Tinca tinca",
          "Alburnoides bipunctatus",
          "Blicca bjoerkna",
          "Cottus gobio",
          "Cyprinidae",
          "Gymnocephalus cernuus",
          "Sander lucioperca",
          "Perca fluviatilis"
        ],
        "codes_indices": [
          "7036",
          "7787",
          "7786",
          "7746",
          "7745",
          "7744",
          "7743",
          "7644"
        ],
        "libelles_indices": [
          "Indice Poisson Rivière (IPR)",
          "Score de la métrique densité totale d'individus (DTI)",
          "Score de la métrique densité d'individus tolérants (DIT)",
          "Score de la métrique densité d'individus omnivores (DIO)",
          "Score de la métrique densité d'individus invertivores (DII)",
          "Score de la métrique nombre d'espèces rhéophiles (NER)",
          "Score de la métrique nombre d'espèces lithophiles (NEL)",
          "Score de la métrique nombre total d’espèces (NTE)"
        ],
        "latitude": 49.15034362063368,
        "longitude": 2.398020781616207,
        "date_premier_prelevement": "1995-06-15",
        "date_dernier_prelevement": "2006-08-31"
      },
      "geometry": {
        "type": "Point",
        "crs": {
          "type": "name",
          "properties": {
            "name": "urn:ogc:def:crs:OGC:1.3:CRS84"
          }
        },
        "coordinates": [
          2.398020781616207,
          49.15034362063368
        ]
      }
    },
    {
      "type": "Feature",
      "properties": {
        "code_station_hydrobio": "03138000",
        "libelle_station_hydrobio": "L'OISE A BEAUMONT-SUR-OISE 1",
        "uri_station_hydrobio": "https://id.eaufrance.fr/StationMesureEauxSurface/03138000",
        "coordonnee_x": 647848.0,
        "coordonnee_y": 6894199.0,
        "code_projection": "2154",
        "code_cours_eau": "H---0100",
        "libelle_cours_eau": "L'Oise",
        "uri_cours_eau": "https://id.eaufrance.fr/CoursEau_Carthage2017/H---0100",
        "code_masse_eau": "HR216A",
        "libelle_masse_eau": "L Oise du confluent du Therain  exclu  au confluent de l Esches  exclu",
        "uri_masse_eau": "https://id.eaufrance.fr/MasseDEauRiviere_VEDL2019/HR216A",
        "code_sous_bassin": "FRH_OISE",
        "libelle_sous_bassin": "Oise",
        "code_bassin": "H",
        "libelle_bassin": "La Seine et les cours d'eau côtiers normands",
        "code_commune": "95052",
        "libelle_commune": "Beaumont-sur-Oise",
        "code_departement": "95",
        "libelle_departement": "Val-d'Oise",
        "code_region": "11",
        "libelle_region": "Île-de-France",
        "codes_reseaux": [
          "0300000208",
          "0300000210",
          "0300000222",
          "0600000417",
          "0600000418"
        ],
        "libelles_reseaux": [
          "Réseau de gestion des eaux superficielles de la DBN",
          "Réseau de gestion des eaux superficiellesde la DVO",
          "Réseau de gestion hydrobiologique de la DREAL Picardie ",
          "Réseau de suivi local de l’opération de restauration hydromorphologique en avant-projet sur le ruisseau de l’Abbaye à Appenans (25)",
          "Réseau de suivi local des opérations de restauration hydromorphologique sur l'Allaine (90)"
        ],
        "codes_supports": [
          "4",
          "13",
          "11",
          "10",
          "27"
        ],
        "libelles_supports": [
          "Poissons",
          "Macroinvertébrés aquatiques",
          "Phytoplancton",
          "Diatomées benthiques",
          "Macrophytes"
        ],
        "codes_appel_taxons": [
          "2038",
          "68137",
          "31041",
          "2177",
          "2156",
          "2151",
          "2137",
          "2135",
          "2133",
          "2090",
          "2086",
          "2131",
          "2113",
          "2109",
          "2099",
          "2104",
          "2122",
          "2050",
          "2080",
          "2167",
          "2012",
          "2067",
          "2096",
          "2238",
          "2191",
          "2102",
          "2121",
          "2085",
          "29117",
          "2071",
          "10233",
          "68136",
          "2088",
          "2195",
          "2129",
          "2193",
          "2110",
          "1089",
          "4226",
          "933",
          "1004",
          "1041",
          "1043",
          "1042",
          "1046",
          "1051",
          "4202",
          "31185",
          "32503",
          "3170",
          "807",
          "625",
          "502",
          "457",
          "224",
          "223",
          "3106",
          "978",
          "972",
          "908",
          "1028",
          "997",
          "617",
          "622",
          "623",
          "618",
          "317",
          "312",
          "212",
          "4324",
          "819",
          "245",
          "928",
          "1033",
          "3212",
          "783",
          "619",
          "1030",
          "3114",
          "1090",
          "919",
          "19280",
          "870",
          "892",
          "704",
          "658",
          "496",
          "1087",
          "1077",
          "3082",
          "1056",
          "3127",
          "236",
          "313",
          "995",
          "880",
          "861",
          "650",
          "319",
          "3110",
          "1037",
          "23156",
          "21530",
          "888",
          "34957",
          "9335",
          "7076",
          "44412",
          "5711",
          "8603",
          "6456",
          "6000",
          "6016",
          "5702",
          "6658",
          "6260",
          "7704",
          "35416",
          "5645",
          "5730",
          "24459",
          "24941",
          "32004",
          "8820",
          "5888",
          "16487",
          "9633",
          "9570",
          "5011",
          "8641",
          "3332",
          "1103",
          "7874",
          "5736",
          "8554",
          "8987",
          "8875",
          "8559",
          "5664",
          "9034",
          "42873",
          "9081",
          "33822",
          "8599",
          "43227",
          "7229",
          "42844",
          "8746",
          "8633",
          "31974",
          "18855",
          "7777",
          "42876",
          "6158",
          "8535",
          "8600",
          "6134",
          "9029",
          "5981",
          "7995",
          "18821",
          "8719",
          "6527",
          "7881",
          "9634",
          "46504",
          "31933",
          "6273",
          "8190",
          "7232",
          "31930",
          "7111",
          "6414",
          "6209",
          "5595",
          "4860",
          "9020",
          "5596",
          "8944",
          "31950",
          "6004",
          "6751",
          "6163",
          "6150",
          "5635",
          "8992",
          "14001",
          "13106",
          "66777",
          "9214",
          "6137",
          "5631",
          "40119",
          "8809",
          "5758",
          "46109",
          "8737",
          "64076",
          "8483",
          "8752",
          "20044",
          "37468",
          "6479",
          "7228",
          "8955",
          "6577",
          "3159",
          "887",
          "831",
          "3206",
          "608",
          "387",
          "6330",
          "31903",
          "8891",
          "46214",
          "5885",
          "46569",
          "5652",
          "30028",
          "6327",
          "8420",
          "9463",
          "6523",
          "5610",
          "31932",
          "5741",
          "6152",
          "9571",
          "10788",
          "8735",
          "5731",
          "45037",
          "4767",
          "6013",
          "8444",
          "9069",
          "20343",
          "14104",
          "9533",
          "6019",
          "5867",
          "14132",
          "6048",
          "33821",
          "42835",
          "34196",
          "6270",
          "8760",
          "46026",
          "6151",
          "9195",
          "6459",
          "34764",
          "6130",
          "8789",
          "6211",
          "4764",
          "34126",
          "11981",
          "8394",
          "8754",
          "18355",
          "6571",
          "8206",
          "16638",
          "14114",
          "7633",
          "7408",
          "6834",
          "43145",
          "43267",
          "8395",
          "42889",
          "14397",
          "6631",
          "11785",
          "29112",
          "51662",
          "18473",
          "28559",
          "27445",
          "8393",
          "9470",
          "9545",
          "32451",
          "32463",
          "44420",
          "7225",
          "8845",
          "43146",
          "38989",
          "1134",
          "1670",
          "1453",
          "1244",
          "31545",
          "1321",
          "1108",
          "1652",
          "1649",
          "1789",
          "1125",
          "6269",
          "9361",
          "37351",
          "6397",
          "6598",
          "970",
          "265",
          "1045",
          "822",
          "42884",
          "7948",
          "15183",
          "14317",
          "13913",
          "7588",
          "14678",
          "14664",
          "14458",
          "41890",
          "10372",
          "43263",
          "16490",
          "11432",
          "8968",
          "28635",
          "6046",
          "6264",
          "6572",
          "20626",
          "9440",
          "6391",
          "32026",
          "9804",
          "7417",
          "9378",
          "9468",
          "1717",
          "1169",
          "1197",
          "1778",
          "43682",
          "15443",
          "7435",
          "13578",
          "8174",
          "9421",
          "9079",
          "20681",
          "43280",
          "17479",
          "13689",
          "15513",
          "8114",
          "8773",
          "6847",
          "7256",
          "13227",
          "6612",
          "7917",
          "238",
          "518",
          "669",
          "2948",
          "1009",
          "856",
          "9002",
          "9419",
          "6768",
          "17930",
          "7849",
          "37466",
          "32410",
          "9420",
          "32235",
          "15643",
          "6648",
          "8876",
          "8661",
          "7748",
          "28302",
          "8386",
          "9014",
          "7411",
          "10603",
          "27965",
          "7171",
          "14703",
          "20727",
          "7107",
          "7150",
          "7782",
          "11786",
          "10878",
          "10586",
          "17281",
          "28986",
          "7078",
          "8830",
          "7218",
          "7807",
          "18971",
          "7226",
          "9360",
          "7732",
          "6849",
          "20704",
          "15544",
          "7398",
          "8923",
          "7081",
          "9444",
          "16951",
          "8492",
          "8419",
          "7760",
          "14882",
          "13281",
          "7019",
          "32031",
          "9049",
          "9071",
          "17937",
          "7851",
          "7386",
          "11431",
          "7409",
          "7346",
          "7844",
          "8124",
          "9544",
          "13408",
          "8391",
          "11983",
          "13717",
          "6627",
          "1147",
          "8714",
          "1124",
          "42839",
          "5772",
          "46583",
          "6111",
          "6003",
          "42829",
          "31945",
          "4755",
          "6308",
          "8880",
          "6679",
          "38744",
          "5734",
          "9606",
          "5787",
          "5735",
          "9234",
          "9794",
          "390",
          "838",
          "43277",
          "7224",
          "7690",
          "8237",
          "28509",
          "1044",
          "193",
          "4334",
          "626",
          "902",
          "311",
          "1072",
          "679",
          "1055",
          "3326",
          "3032",
          "912",
          "20676",
          "5120",
          "836",
          "581",
          "973",
          "388",
          "364",
          "241",
          "1025",
          "615",
          "16205",
          "15143",
          "11662",
          "28498",
          "31006",
          "200",
          "906",
          "24226",
          "31999",
          "7731",
          "4765",
          "8847",
          "9088",
          "5905",
          "33829",
          "7375",
          "20115",
          "9430",
          "4925",
          "7101",
          "11415",
          "8111",
          "12017",
          "8934",
          "37239",
          "32680",
          "18123",
          "8109",
          "8387",
          "9422",
          "9044",
          "1294",
          "1310",
          "9275",
          "363",
          "5127",
          "5097",
          "249",
          "994",
          "1040",
          "719",
          "1071",
          "657",
          "3163",
          "23202",
          "3168",
          "6274",
          "7116",
          "32028",
          "31929",
          "46582",
          "29998",
          "8813",
          "10944",
          "9016",
          "5116",
          "8906",
          "7803",
          "5904",
          "7254",
          "8440",
          "1655",
          "1839",
          "27741",
          "7443",
          "12097",
          "8656",
          "7406",
          "14125",
          "14060",
          "8491",
          "13151",
          "7843",
          "8657",
          "8833"
        ],
        "libelles_appel_taxons": [
          "Anguilla anguilla",
          "Faxonius limosus",
          "Squalius cephalus",
          "Ameiurus melas",
          "Lota lota",
          "Esox lucius",
          "Tinca tinca",
          "Scardinius erythrophthalmus",
          "Rutilus rutilus",
          "Alburnus alburnus",
          "Abramis brama",
          "Rhodeus amarus",
          "Gobio gobio",
          "Cyprinus carpio",
          "Blicca bjoerkna",
          "Chondrostoma nasus",
          "Leuciscus leuciscus",
          "Lepomis gibbosus",
          "Cottus gobio",
          "Pungitius pungitius",
          "Lampetra planeri",
          "Cobitis taenia",
          "Barbus barbus",
          "Silurus glanis",
          "Gymnocephalus cernuus",
          "Carassius carassius",
          "Leuciscus idus",
          "Abramis",
          "Neogobius melanostomus",
          "Barbatula barbatula",
          "Proterorhinus semilunaris",
          "Leuciscus aspius",
          "Alburnoides bipunctatus",
          "Sander lucioperca",
          "Pseudorasbora parva",
          "Perca fluviatilis",
          "Nematoda",
          "Hypania",
          "Oligochaeta",
          "Radix",
          "Unio",
          "Pisidium",
          "Sphaeriidae",
          "Dreissena",
          "Corbicula",
          "Dikerogammarus",
          "Gammarida",
          "Chelicorophium",
          "Ostracoda",
          "Chironomidae",
          "Riolus",
          "Ephemera",
          "Caenis",
          "Cyrnus",
          "Polycentropodidae",
          "Spongillidae",
          "Potamopyrgus",
          "Valvata",
          "Glossiphoniidae",
          "Ancylus",
          "Physa lato-sensu",
          "Stenelmis",
          "Oulimnius",
          "Limnius",
          "Elmis",
          "Oecetis",
          "Mystacides",
          "Hydropsyche",
          "Mysidae",
          "Ceratopogonidae",
          "Tinodes",
          "Erpobdellidae",
          "Acroloxus",
          "Corophium",
          "Psychodidae",
          "Esolus",
          "Ferrissia",
          "Amphipoda",
          "Porifera",
          "Piscicola",
          "Physella",
          "Orconectes",
          "Gammarus",
          "Sialis",
          "Coenagrionidae",
          "Ephoron",
          "Bryozoa",
          "Hydra",
          "Cordylophora",
          "Dugesia",
          "Cladocera",
          "Neureclipsis",
          "Ceraclea",
          "Physidae",
          "Asellidae",
          "Atyaephyra",
          "Calopteryx",
          "Leptocerus",
          "Prostoma",
          "Unionidae",
          "Gammaroidea",
          "Dendrocoelum romanodanubiale",
          "Echinogammarus",
          "Spermatozopsis similis",
          "Spermatozopsis exsultans",
          "Achnanthidium minutissimum",
          "Tryblionella angustatula",
          "Lagerheimia balatonica",
          "Cyclotella atomus",
          "Pseudanabaena catenata",
          "Planctonema lauterbornii",
          "Chlamydomonas",
          "Kirchneriella obesa",
          "Fragilaria capucina var. vaucheriae",
          "Chroomonas",
          "Gomphonema parvulum",
          "Goniomonas truncata",
          "Dictyosphaerium",
          "Monoraphidium circinale",
          "Rhodomonas lens",
          "Nitzschia costei",
          "Monactinus simplex",
          "Nitzschia amphibia",
          "Tetraedron minimum",
          "Nitzschia soratensis",
          "Plagioselmis lacustris",
          "Chrysococcus",
          "Gymnodiniales",
          "Cyclotella pseudostelligera",
          "Chlorophyta",
          "Aphanizomenon",
          "Navicula cryptocephala",
          "Monoraphidium minutum",
          "Aulacoseira ambigua",
          "Nitzschia palea",
          "Nitzschia dissipata",
          "Aulacoseira granulata",
          "Elakatothrix gelatinosa",
          "Nitzschia sociabilis",
          "Pantocsekiella comensis",
          "Tryblionella apiculata",
          "Phacus oscillans",
          "Cyclostephanos dubius",
          "Lindavia balatonis",
          "Cocconeis placentula var. euglypta",
          "Pantocsekiella costei",
          "Stephanodiscus hantzschii",
          "Cyclotella meneghiniana",
          "Hariotina reticulata",
          "Staurosirella ovata",
          "Hippodonta capitata",
          "Pantocsekiella ocellata",
          "Ochromonas",
          "Surirella suecica",
          "Cyclostephanos invisitatus",
          "Dinobryon sertularia",
          "Nitzschia sigmoidea",
          "Tetraselmis cordiformis",
          "Navicula lanceolata",
          "Staurosira venter",
          "Melosira varians",
          "Trachelomonas",
          "Navicula cryptotenella",
          "Plagioselmis nannoplanctica",
          "Limnococcus limneticus",
          "Desmodesmus communis",
          "Cryptomonas marssonii",
          "Navicula tripunctata",
          "Cocconeis placentula var. lineata",
          "Desmodesmus armatus",
          "Amphora ovalis",
          "Phormidium",
          "Mallomonas",
          "Ankyra inerme",
          "Asterionella formosa",
          "Nitzschia reversa",
          "Ankyra judayi",
          "Nitzschia lacuum",
          "Desmodesmus subspicatus",
          "Stichococcus bacillaris",
          "Pseudostaurosira brevistriata",
          "Pseudokephyrion pseudospirale",
          "Kephyrion",
          "Crucigeniella apiculata",
          "Nitzschia paleacea",
          "Gomphonema minutum",
          "Encyonema ventricosum",
          "Navicula metareichardtiana",
          "Granulocystis",
          "Dinobryon sociale var. americanum",
          "Crucigenia quadrata",
          "Carteria globulosa",
          "Nitzschia acicularis",
          "Oocystis parva",
          "Colacium elongatum",
          "Skeletonema subsalsum",
          "Chroomonas americana",
          "Surirella angusta",
          "Stephanodiscus medius",
          "Bacillaria paxillifera",
          "Surirella lacrimula",
          "Euglena",
          "Cocconeis placentula",
          "Nitzschia linearis",
          "Peridinium",
          "Mermithoidea",
          "Gammaridae",
          "Empididae",
          "Copepoda",
          "Hydraena",
          "Cloeon",
          "Merismopedia tenuissima",
          "Chrysochromulina parva",
          "Nitzschia fonticola",
          "Lepocinclis oxyuris",
          "Tetraedron caudatum",
          "Dangeardinia pseudopertusa",
          "Didymocystis comasii",
          "Desmodesmus intermedius",
          "Merismopedia glauca",
          "Rhoicosphenia abbreviata",
          "Cymatopleura solea",
          "Strombomonas",
          "Coelastrum microporum",
          "Desmodesmus costato-granulatus",
          "Monoraphidium tortile",
          "Kephyrion rubri-claustri",
          "Chrysococcus rufescens",
          "Acanthoceras zachariasii",
          "Skeletonema potamos",
          "Monoraphidium contortum",
          "Tetradesmus obliquus",
          "Bacillariophyceae",
          "Carteria",
          "Sellaphora pupula",
          "Nitzschia umbonata",
          "Pseudotetraedriella kamillae",
          "Gyrosigma sciotense",
          "Fragilaria",
          "Chlamydomonas globosa",
          "Schroederia setigera",
          "Gomphonema pumilum var. rigidum",
          "Phacotus lenticularis",
          "Mallomonas mangofera",
          "Pseudopediastrum boryanum",
          "Mucidosphaerium pulchellum",
          "Cryptomonas curvata",
          "Stephanodiscus",
          "Ankistrodesmus arcuatus",
          "Kephyrion littorale",
          "Didymogenes palatina",
          "Pseudanabaena limnetica",
          "Chrysococcus triporus",
          "Dinobryon divergens",
          "Denticula kuetzingii var. kuetzingii",
          "Mallomonas akrokomos",
          "Pseudopedinella",
          "Chrysococcus biporus",
          "Caloneis lancettula",
          "Planothidium rostratum",
          "Stephanodiscus neoastraea",
          "Surirella helvetica",
          "Peridiniopsis",
          "Navicula veneta",
          "Navicula upsaliensis",
          "Gomphonema parvulum var. parvulum f. parvulum",
          "Gomphonema augur",
          "Diploneis oculata",
          "Tabularia fasciculata",
          "Sellaphora saugerresii",
          "Sellaphora utermoehlii",
          "Platessa conspicua",
          "Navigeia decussis",
          "Hippodonta neglecta",
          "Diatoma vulgare",
          "Cocconeis euglypta",
          "Pseudostaurosira medliniae",
          "Planothidium pumilum",
          "Staurosira martyi",
          "Punctastriata lancettula",
          "Achnanthidium druartii",
          "Planothidium frequentissimum",
          "Amphora",
          "Staurosirella",
          "Staurosira binodis",
          "Karayevia clevei",
          "Luticola goeppertiana",
          "Cocconeis neothumensis",
          "Nitzschia bulnheimiana",
          "Sellaphora nigri",
          "Planothidium rostratoholarcticum",
          "Oedogonium",
          "Sparganium emersum",
          "Sagittaria sagittifolia",
          "Leptodictyum riparium",
          "Fissidens fontanus",
          "Cinclidotus riparius",
          "Oscillatoria",
          "Potamogeton nodosus",
          "Potamogeton lucens",
          "Lycopus europaeus",
          "Rhizoclonium",
          "Cryptomonas",
          "Cocconeis",
          "Desmodesmus bicaudatus",
          "Komvophoron",
          "Bacillariophyta",
          "Viviparus",
          "Brachycentrus",
          "Dreissenidae",
          "Ceratopogoninae",
          "Tryblionella kuetzingii",
          "Navicula gregaria",
          "Navicula cataracta-rheni",
          "Hippodonta costulata",
          "Gomphonema italicum",
          "Fallacia subhamulata",
          "Navicula amphiceropsis",
          "Mayamaea permitis",
          "Kolbesia gessneri",
          "Craticula subminuscula",
          "Achnanthidium eutrophilum",
          "Sellaphora atomoides",
          "Nitzschia solgensis",
          "Cymbella affinis var. affinis",
          "Nitzschia microcephala",
          "Amphora indistincta",
          "Pandorina morum",
          "Rhodomonas",
          "Peridiniopsis cunningtonii",
          "Chlamydomonas pertusa",
          "Gyrosigma",
          "Oscillatoriales",
          "Pseudoschroederia robusta",
          "Nitzschia",
          "Diploneis",
          "Encyonema",
          "Surirella",
          "Ceratophyllum demersum",
          "Vaucheria",
          "Pellia endiviifolia",
          "Myriophyllum spicatum",
          "Discostella pseudostelligera",
          "Nitzschia filiformis",
          "Encyonema minutum",
          "Fallacia lenzii",
          "Navicula subrotundata",
          "Geissleria acceptata",
          "Simonsenia delognei",
          "Achnanthidium affine",
          "Sellaphora subrotundata",
          "Planothidium minutissimum",
          "Fistulifera saprophila",
          "Navicula germainii",
          "Navicula reichardtiana var. reichardtiana",
          "Thalassiosira lacustris",
          "Ulnaria biceps",
          "Cymatopleura solea var. solea",
          "Encyonema prostratum",
          "Ctenophora pulchella",
          "Navicula erifuga",
          "Psychomyiidae",
          "Haliplus",
          "Aeshnidae",
          "Parapoynx",
          "Planorbidae",
          "Sisyra",
          "Nitzschia perminuta",
          "Eolimna minima",
          "Staurosirella pinnata",
          "Planothidium dubium",
          "Navicula caterva",
          "Achnanthes lanceolata ssp. frequentissima var. rostratiformis",
          "Mayamaea atomus var. alcimonica",
          "Eolimna",
          "Abnormal diatom valve",
          "Nitzschia media",
          "Fragilaria brevistriata",
          "Nitzschia dissipata var. media",
          "Hydrosera triquetra",
          "Gyrosigma attenuatum",
          "Eolimna rotunda",
          "Placoneis dicephala",
          "Nitzschia pusilla",
          "Diploneis parma",
          "Achnanthidium lineare",
          "Eolimna utermoehlii",
          "Caloneis bacillum",
          "Mayamaea atomus",
          "Navicula difficillimoides",
          "Amphora inariensis",
          "Berkeleya rutilans",
          "Cocconeis euglyptoides",
          "Achnanthes fugei",
          "Achnanthidium lauenburgianum",
          "Planothidium granum",
          "Staurosira mutabilis",
          "Achnanthidium straubianum",
          "Nitzschia angustatula",
          "Cocconeis disculus",
          "Navicula arvensis",
          "Tryblionella debilis",
          "Cocconeis pediculus",
          "Planothidium",
          "Gomphonema truncatum",
          "Ulnaria ulna",
          "Gomphonema lingulatiformis",
          "Navicula hintzii",
          "Diploneis elliptica",
          "Nitzschia heufleriana",
          "Amphipleura pellucida",
          "Fallacia",
          "Planothidium daui",
          "Surirella brebissonii var. kuetzingii",
          "Reimeria sinuata",
          "Gyrosigma nodiferum",
          "Nitzschia agnita",
          "Eolimna subminuscula",
          "Achnanthes ploenensis var. gessneri",
          "Psammothidium lauenburgianum",
          "Nitzschia supralitorea",
          "Nitzschia valdestriata",
          "Planothidium lanceolatum",
          "Navicula cincta",
          "Diadesmis contenta",
          "Cymbella excisa var. excisa",
          "Diploneis ovalis",
          "Cymbella parva",
          "Navicula cari",
          "Navicula rostellata",
          "Staurosira",
          "Fragilaria canariensis",
          "Placoneis placentula",
          "Cymbella neoleptoceros var. neoleptoceros",
          "Fallacia sublucidula",
          "Diatoma",
          "Spirogyra",
          "Melosira",
          "Cladophora",
          "Stauridium tetras",
          "Pediastrum duplex",
          "Lemmermannia triangularis",
          "Bitrichia chodatii",
          "Stichococcus",
          "Tetradesmus dimorphus",
          "Desmodesmus protuberans",
          "Kirchneriella",
          "Aphanocapsa delicatissima",
          "Nitzschia dubia",
          "Fragilaria gracilis",
          "Cyclotella meduanae",
          "Monoraphidium griffithii",
          "Goniochloris fallax",
          "Pseudodidymocystis planctonica",
          "Monoraphidium komarkovae",
          "Monoraphidium nanum",
          "Baetis lato sensu",
          "Procloeon",
          "Athericidae",
          "Sellaphora rotunda",
          "Cocconeis neodiminuta",
          "Gomphonema mexicanum",
          "Neidium dubium",
          "Staurosira pseudoconstruens",
          "Sphaerium",
          "Hydroptilidae",
          "Hemimysis",
          "Macronychus",
          "Niphargus",
          "Athripsodes",
          "Dendrocoelum",
          "Gomphus",
          "Dugesiidae",
          "Turbellaria",
          "Physa acuta",
          "Helobdella",
          "Succineidae",
          "Orchestia",
          "Dolichopodidae",
          "Laccobius",
          "Hydrobiidae",
          "Cloeon dipterum",
          "Baetis",
          "Lype",
          "Menetus",
          "Potamophilus",
          "Nitzschia paleacea abnormal form",
          "Navicula cryptotenella abnormal form",
          "Cymbella compacta",
          "Staurosira brevistriata",
          "Tryblionella constricta",
          "Hydroptila",
          "Hydracarina",
          "Mysis",
          "Raphidocelis danubiana",
          "Gomphonema tergestinum",
          "Cryptophyceae",
          "Nitzschia capitellata",
          "Tryblionella levidensis",
          "Tetrastrum triacanthum",
          "Achnanthidium delmontii",
          "Cymbella tumida",
          "Cryptomonas pyrenoidifera",
          "Navicula",
          "Gymnodinium",
          "Amphora copulata",
          "Cyclotella atomus var. gracilis",
          "Navicula recens",
          "Craticula molestiformis",
          "Nitzschia inconspicua",
          "Platessa bahlsii",
          "Karayevia ploenensis var. gessneri",
          "Reimeria uniseriata",
          "Navicula radiosafallax",
          "Placoneis elginensis",
          "Geissleria",
          "Nitzschia sublinearis",
          "Fissidens crassipes",
          "Fontinalis antipyretica",
          "Scenedesmus caudato-aculeolatus",
          "Baetidae",
          "Acentria",
          "Jaera",
          "Ecnomus",
          "Bithynia",
          "Pseudanodonta",
          "Micronecta",
          "Dendrocoelidae",
          "Platycnemis",
          "Limnephilinae",
          "Limnomysis",
          "Hydrozoa",
          "Cryptomonas ovata",
          "Amphora pediculus",
          "Pseudodidymocystis fina",
          "Desmodesmus abundans",
          "Lemmermannia tetrapedia",
          "Desmodesmus",
          "Nitzschia acula",
          "Amphora macedoniensis",
          "Nitzschia recta",
          "Crangonyx",
          "Nitzschia fruticosa",
          "Navicula antonii",
          "Tetrastrum staurogeniaeforme",
          "Cymatopleura solea var. apiculata",
          "Sellaphora bacillum",
          "Potamogeton pectinatus",
          "Nuphar lutea",
          "Fragilaria pectinalis",
          "Encyonema silesiacum",
          "Cocconeis placentula var. placentula",
          "Diploneis oblongella",
          "Gomphosphenia lingulatiformis",
          "Gomphonema olivaceum",
          "Surirella brebissonii var. brebissonii",
          "Eolimna minima abnormal form",
          "Navicula capitatoradiata",
          "Discostella stelligera",
          "Nitzschia archibaldii"
        ],
        "codes_indices": [
          "7036",
          "7787",
          "7786",
          "7746",
          "7745",
          "7744",
          "7743",
          "7644",
          "6951",
          "6959",
          "6955",
          "2528",
          "2527",
          "2529",
          "9140",
          "9126",
          "9143",
          "9142",
          "9141",
          "8992",
          "8991",
          "8990",
          "8989",
          "8988",
          "8987",
          "8130",
          "8060",
          "8059",
          "5856",
          "2928",
          "7973",
          "1022",
          "8063",
          "1080",
          "6350"
        ],
        "libelles_indices": [
          "Indice Poisson Rivière (IPR)",
          "Score de la métrique densité totale d'individus (DTI)",
          "Score de la métrique densité d'individus tolérants (DIT)",
          "Score de la métrique densité d'individus omnivores (DIO)",
          "Score de la métrique densité d'individus invertivores (DII)",
          "Score de la métrique nombre d'espèces rhéophiles (NER)",
          "Score de la métrique nombre d'espèces lithophiles (NEL)",
          "Score de la métrique nombre total d’espèces (NTE)",
          "Indice macroinvertébrés grands cours d'eau - 12 prélèvements",
          "Groupe Faunistique Indicateur macroinvertébrés grands cours d'eau - 12 prélèvements",
          "Variété taxonomique macroinvertébrés grands cours d'eau - 12 prélèvements",
          "Variété taxonomique de l'IBGA",
          "Indice Biologique Global Adapté (I.B.G.A.)",
          "Numéro d'ordre du groupe faunistique indicateur de l'IBGA",
          "Métrique de Biomasse Phytoplanctonique en EQR de l'Indice Phytoplancton Grands Cours d’Eau Métropole (IPHYGE)",
          "Note en EQR de l'Indice Phytoplancton Grands Cours d’Eau Métropole (IPHYGE)",
          "Métrique de composition spécifique du nitrate en EQR de l'Indice Phytoplancton Grands Cours d’Eau Métropole (IPHYGE)",
          "Métrique de composition générique de l’azote en EQR de l'Indice Phytoplancton Grands Cours d’Eau Métropole (IPHYGE)",
          "Métrique de composition générique du phosphore en EQR de l'Indice Phytoplancton Grands Cours d’Eau Métropole (IPHYGE)",
          "Métrique du niveau de spécialisation moyen en matière de ressources trophiques utilisées pour l'I2M2_CEP",
          "Métrique de richesse relative des taxons (groupe B) pour l'I2M2_CEP",
          "Métrique aquatique, passive (Dispersion) de l'I2M2_CEP",
          "Métrique β-mesosaprobe de l'I2M2_CEP",
          "Métrique Ovoviviparite de l'I2M2_CEP",
          "Indice Invertébrés Multimétrique - Cours d'eau profonds (I2M2_CEP)",
          "Nombre de taxons contributifs de MGCE 12 prélèvements",
          "Nombre de taxons contributifs de l'IBD",
          "Nombre d'unités diatomiques contributives",
          "Indice Biologique Diatomées (IBD)",
          "Indice Biologique Macrophytique en Rivière (I.B.M.R.)",
          "Nombre de Taxons IBMR totaux",
          "Indice polluosensibilité spécifique (I.P.S.)",
          "Note IBMR robuste",
          "Indice Biologique Diatomées ancien",
          "Variété taxonomique de l'IBMR"
        ],
        "latitude": 49.145447104528294,
        "longitude": 2.285255527318485,
        "date_premier_prelevement": "1995-06-15",
        "date_dernier_prelevement": "2025-09-05"
      },
      "geometry": {
        "type": "Point",
        "crs": {
          "type": "name",
          "properties": {
            "name": "urn:ogc:def:crs:OGC:1.3:CRS84"
          }
        },
        "coordinates": [
          2.285255527318485,
          49.145447104528294
        ]
      }
    },
    {
      "type": "Feature",
      "properties": {
        "code_station_hydrobio": "03138485",
        "libelle_station_hydrobio": "L'ESCHES A PERSAN 1",
        "uri_station_hydrobio": "https://id.eaufrance.fr/StationMesureEauxSurface/03138485",
        "coordonnee_x": 646836.0,
        "coordonnee_y": 6894163.0,
        "code_projection": "2154",
        "code_cours_eau": "H2258000",
        "libelle_cours_eau": "L'Esches",
        "uri_cours_eau": "https://id.eaufrance.fr/CoursEau_Carthage2017/H2258000",
        "code_masse_eau": "HR216B",
        "libelle_masse_eau": "L Esches de sa source au confluent de l Oise  exclu",
        "uri_masse_eau": "https://id.eaufrance.fr/MasseDEauRiviere_VEDL2019/HR216B",
        "code_sous_bassin": "FRH_OISE",
        "libelle_sous_bassin": "Oise",
        "code_bassin": "H",
        "libelle_bassin": "La Seine et les cours d'eau côtiers normands",
        "code_commune": "95487",
        "libelle_commune": "Persan",
        "code_departement": "95",
        "libelle_departement": "Val-d'Oise",
        "code_region": "11",
        "libelle_region": "Île-de-France",
        "codes_reseaux": [
          "0300000208",
          "0300000210",
          "0300000211",
          "0300000222"
        ],
        "libelles_reseaux": [
          "Réseau de gestion des eaux superficielles de la DBN",
          "Réseau de gestion des eaux superficiellesde la DVO",
          "Réseau de gestion des eaux superficielles de la DSAM",
          "Réseau de gestion hydrobiologique de la DREAL Picardie "
        ],
        "codes_supports": [
          "13",
          "10"
        ],
        "libelles_supports": [
          "Macroinvertébrés aquatiques",
          "Diatomées benthiques"
        ],
        "codes_appel_taxons": [
          "312",
          "1061",
          "1055",
          "933",
          "908",
          "928",
          "1009",
          "1043",
          "880",
          "892",
          "3170",
          "824",
          "807",
          "847",
          "451",
          "9794",
          "183",
          "1089",
          "1042",
          "1028",
          "757",
          "1056",
          "364",
          "995",
          "3111",
          "617",
          "450",
          "212",
          "305",
          "618",
          "625",
          "848",
          "831",
          "887",
          "3206",
          "978",
          "3159",
          "1077",
          "211",
          "623",
          "819",
          "919",
          "3110",
          "6849",
          "9079",
          "7076",
          "11785",
          "7881",
          "8875",
          "32665",
          "7408",
          "7588",
          "20727",
          "8190",
          "17937",
          "8420",
          "8955",
          "9034",
          "18821",
          "18855",
          "12451",
          "10586",
          "11981",
          "7232",
          "41356",
          "14114",
          "14104",
          "14763",
          "8987",
          "8192",
          "37468",
          "43146",
          "35959",
          "41354",
          "13717",
          "13813",
          "7777",
          "14664",
          "8719",
          "29112",
          "8748",
          "9419",
          "28635",
          "7948",
          "6722",
          "10485",
          "13153",
          "14132",
          "9356",
          "6753",
          "17930",
          "7995",
          "7851",
          "7874",
          "7411",
          "8393",
          "28559",
          "32235",
          "20686",
          "8891",
          "8483",
          "9468",
          "7242",
          "6671",
          "16657",
          "8766",
          "7229",
          "7171",
          "6713",
          "14001",
          "7584",
          "8609",
          "32031",
          "6768",
          "13689",
          "8600",
          "32410",
          "7760",
          "13446",
          "16721",
          "7882",
          "9361",
          "8114",
          "8419",
          "8395",
          "9444",
          "10468",
          "8781",
          "8492",
          "16490",
          "31006",
          "8820",
          "7719",
          "7604",
          "9378",
          "17938",
          "37466",
          "10486",
          "6658",
          "6679",
          "6631",
          "37249",
          "9029",
          "30021",
          "43182",
          "9545",
          "8840",
          "8015",
          "8994",
          "7924",
          "13638",
          "9014",
          "13106",
          "6751",
          "8923",
          "191",
          "912",
          "909",
          "1064",
          "1024",
          "1015",
          "1004",
          "9813",
          "457",
          "3146",
          "276",
          "3202",
          "320",
          "193",
          "759",
          "972",
          "1016",
          "19280",
          "224",
          "241",
          "3186",
          "783",
          "918",
          "906",
          "200",
          "9430",
          "11835",
          "7101",
          "9044",
          "8111",
          "3168",
          "801",
          "614",
          "3163",
          "1071",
          "7116",
          "7803",
          "9016",
          "14060",
          "12097",
          "8656",
          "28325",
          "13151",
          "7443"
        ],
        "libelles_appel_taxons": [
          "Mystacides",
          "Planariidae",
          "Dugesiidae",
          "Oligochaeta",
          "Glossiphoniidae",
          "Erpobdellidae",
          "Planorbidae",
          "Pisidium",
          "Asellidae",
          "Gammarus",
          "Ostracoda",
          "Stratiomyidae",
          "Chironomidae",
          "Anthomyiidae",
          "Ephemerella ignita",
          "Baetis lato sensu",
          "Rhyacophila lato-sensu",
          "Nematoda",
          "Sphaeriidae",
          "Ancylus",
          "Limoniidae",
          "Dugesia",
          "Baetis",
          "Physidae",
          "Nemathelmintha",
          "Stenelmis",
          "Ephemerella",
          "Hydropsyche",
          "Lepidostoma",
          "Elmis",
          "Riolus",
          "Limnophora",
          "Empididae",
          "Gammaridae",
          "Copepoda",
          "Potamopyrgus",
          "Mermithoidea",
          "Hydra",
          "Hydropsychidae",
          "Limnius",
          "Ceratopogonidae",
          "Piscicola",
          "Prostoma",
          "Ulnaria ulna",
          "Simonsenia delognei",
          "Achnanthidium minutissimum",
          "Cocconeis euglypta",
          "Navicula cryptotenella",
          "Nitzschia dissipata",
          "Fallacia mitis",
          "Diploneis oculata",
          "Fallacia subhamulata",
          "Navicula difficillimoides",
          "Navicula tripunctata",
          "Planothidium lanceolatum",
          "Rhoicosphenia abbreviata",
          "Nitzschia linearis",
          "Nitzschia sociabilis",
          "Staurosira venter",
          "Staurosirella ovata",
          "Diploneis fontanella",
          "Achnanthidium lauenburgianum",
          "Caloneis lancettula",
          "Cocconeis placentula var. lineata",
          "Fragilaria microvaucheriae",
          "Gomphonema parvulum var. parvulum f. parvulum",
          "Gyrosigma sciotense",
          "Meridion circulare var. circulare",
          "Nitzschia palea",
          "Navicula trivialis var. trivialis",
          "Surirella lacrimula",
          "Sellaphora nigri",
          "Achnanthidium hoffmannii",
          "Fragilaria candidagilae",
          "Fallacia sublucidula",
          "Gomphonema cuneolus",
          "Hippodonta capitata",
          "Mayamaea permitis",
          "Melosira varians",
          "Pseudostaurosira medliniae",
          "Stephanodiscus hantzschii f. tenuis",
          "Eolimna minima",
          "Amphora indistincta",
          "Navicula gregaria",
          "Fragilaria vaucheriae",
          "Adlafia minuscula",
          "Eolimna rhombelliptica",
          "Gomphonema pumilum var. rigidum",
          "Achnanthidium",
          "Pseudostaurosira parasitica var. subconstricta",
          "Planothidium dubium",
          "Navicula lanceolata",
          "Navicula cincta",
          "Navicula cryptocephala",
          "Diploneis parma",
          "Planothidium frequentissimum",
          "Punctastriata lancettula",
          "Abnormal diatom valve",
          "Mayamaea atomus var. permitis",
          "Nitzschia fonticola",
          "Surirella angusta",
          "Surirella",
          "Craticula accomoda",
          "Fragilaria famelica var. famelica",
          "Naviculadicta seminula",
          "Thalassiosira gessneri",
          "Cocconeis placentula var. euglypta",
          "Caloneis bacillum",
          "Fragilaria tenera",
          "Gomphonema minutum",
          "Fallacia monoculata",
          "Cyclotella comensis",
          "Psammothidium lauenburgianum",
          "Staurosirella pinnata",
          "Fistulifera saprophila",
          "Cyclostephanos invisitatus",
          "Mayamaea atomus var. alcimonica",
          "Gyrosigma nodiferum",
          "Fragilaria capucina ssp. rumpens",
          "Navicula vilaplanii",
          "Navicula cryptotenelloides",
          "Cocconeis",
          "Navicula reichardtiana var. reichardtiana",
          "Reimeria sinuata",
          "Platessa conspicua",
          "Fallacia",
          "Cocconeis pseudolineata",
          "Gomphonema",
          "Surirella brebissonii var. kuetzingii",
          "Nitzschia solgensis",
          "Tryblionella constricta",
          "Nitzschia amphibia",
          "Gomphonema pumilum",
          "Frustulia vulgaris",
          "Encyonema",
          "Planothidium lanceolatum abnormal form",
          "Achnanthes lanceolata ssp. frequentissima var. rostratiformis",
          "Achnanthidium minutissimum abnormal form",
          "Fragilaria capucina var. vaucheriae",
          "Fragilaria gracilis",
          "Diatoma vulgare",
          "Pseudostaurosira alvareziae",
          "Nitzschia sigmoidea",
          "Cocconeis lineata",
          "Achnanthidium robustum",
          "Staurosirella",
          "Nitzschia bergii",
          "Navicula menisculus var. menisculus",
          "Nitzschia paleaeformis",
          "Navicula exilis",
          "Fistulifera pelliculosa",
          "Nitzschia pusilla",
          "Encyonema ventricosum",
          "Pseudostaurosira brevistriata",
          "Nitzschia heufleriana",
          "Agapetus",
          "Helobdella",
          "Glossiphonia",
          "Polycelis",
          "Planorbis",
          "Gyraulus",
          "Radix",
          "Clinocerinae",
          "Caenis",
          "Stenophylacini-chaetopterygini",
          "Limnephilidae",
          "Hemerodromiinae",
          "Adicella",
          "Hydroptilidae",
          "Antocha",
          "Valvata",
          "Armiger",
          "Physella",
          "Cyrnus",
          "Lype",
          "Halesus",
          "Psychodidae",
          "Piscicolidae",
          "Hydracarina",
          "Hydroptila",
          "Navicula",
          "Diploneis separanda",
          "Amphora copulata",
          "Nitzschia sublinearis",
          "Navicula recens",
          "Hydrozoa",
          "Simuliidae",
          "Elmidae",
          "Limnephilinae",
          "Dendrocoelidae",
          "Amphora pediculus",
          "Navicula antonii",
          "Nitzschia recta",
          "Gomphonema olivaceum",
          "Cocconeis placentula var. placentula",
          "Discostella pseudostelligera",
          "Fragilaria recapitellata",
          "Eolimna minima abnormal form",
          "Encyonema silesiacum"
        ],
        "codes_indices": [
          "5910",
          "6035",
          "6034",
          "8050",
          "8058",
          "8057",
          "8056",
          "8055",
          "8054",
          "7613",
          "8060",
          "8059",
          "1022",
          "5856",
          "1080"
        ],
        "libelles_indices": [
          "Indice dit \"équivalent\" (Phases A+B) de la méthode macroinvertébrés NF T90-333 ou protocole RCS antérieur",
          "Groupe Faunistique Indicateur de l'indice dit \"équivalent\" (Phases A+B) de la méthode macroinvertébrés NF T90-333 ou protocole RCS antérieur",
          "Variété taxonomique de l'indice dit \"équivalent\" (Phases A+B) de la méthode macroinvertébrés NF T90-333 ou protocole RCS antérieur",
          "Nombre de taxons contributifs de l'I2M2",
          "Métrique Indice de Shannon de l'I2M2",
          "Métrique ASPT de l'I2M2",
          "Métrique Polyvoltinisme de l'I2M2",
          "Métrique Ovoviviparite de l'I2M2",
          "Métrique Richesse Taxonomique de l'I2M2",
          "Indice Invertébrés Multimétrique (I2M2)",
          "Nombre de taxons contributifs de l'IBD",
          "Nombre d'unités diatomiques contributives",
          "Indice polluosensibilité spécifique (I.P.S.)",
          "Indice Biologique Diatomées (IBD)",
          "Indice Biologique Diatomées ancien"
        ],
        "latitude": 49.14504029518818,
        "longitude": 2.27139137403557,
        "date_premier_prelevement": "2010-07-06",
        "date_dernier_prelevement": "2022-09-15"
      },
      "geometry": {
        "type": "Point",
        "crs": {
          "type": "name",
          "properties": {
            "name": "urn:ogc:def:crs:OGC:1.3:CRS84"
          }
        },
        "coordinates": [
          2.27139137403557,
          49.14504029518818
        ]
      }
    },
    {
      "type": "Feature",
      "properties": {
        "code_station_hydrobio": "03138524",
        "libelle_station_hydrobio": "L'OISE A CHAMPAGNE-SUR-OISE 1",
        "uri_station_hydrobio": "https://id.eaufrance.fr/StationMesureEauxSurface/03138524",
        "coordonnee_x": 646274.0,
        "coordonnee_y": 6893177.0,
        "code_projection": "2154",
        "code_cours_eau": null,
        "libelle_cours_eau": null,
        "uri_cours_eau": null,
        "code_masse_eau": null,
        "libelle_masse_eau": null,
        "uri_masse_eau": null,
        "code_sous_bassin": null,
        "libelle_sous_bassin": null,
        "code_bassin": null,
        "libelle_bassin": null,
        "code_commune": "95134",
        "libelle_commune": "Champagne-sur-Oise",
        "code_departement": "95",
        "libelle_departement": "Val-d'Oise",
        "code_region": "11",
        "libelle_region": "Île-de-France",
        "codes_reseaux": [
          "0600000421"
        ],
        "libelles_reseaux": [
          "Réseau de suivi local des opérations de restauration hydromorphologique sur deux petits affluents du lac des Rousses (39)"
        ],
        "codes_supports": [
          "4"
        ],
        "libelles_supports": [
          "Poissons"
        ],
        "codes_appel_taxons": [
          "2038",
          "31041",
          "2137",
          "2133",
          "2090",
          "2086",
          "2135",
          "2193"
        ],
        "libelles_appel_taxons": [
          "Anguilla anguilla",
          "Squalius cephalus",
          "Tinca tinca",
          "Rutilus rutilus",
          "Alburnus alburnus",
          "Abramis brama",
          "Scardinius erythrophthalmus",
          "Perca fluviatilis"
        ],
        "codes_indices": null,
        "libelles_indices": null,
        "latitude": 49.13612888812238,
        "longitude": 2.263815631845578,
        "date_premier_prelevement": "1990-05-02",
        "date_dernier_prelevement": "1990-05-02"
      },
      "geometry": {
        "type": "Point",
        "crs": {
          "type": "name",
          "properties": {
            "name": "urn:ogc:def:crs:OGC:1.3:CRS84"
          }
        },
        "coordinates": [
          2.263815631845578,
          49.13612888812238
        ]
      }
    },
    {
      "type": "Feature",
      "properties": {
        "code_station_hydrobio": "03138530",
        "libelle_station_hydrobio": "LE RU DE PRESLES A MOURS 1",
        "uri_station_hydrobio": "https://id.eaufrance.fr/StationMesureEauxSurface/03138530",
        "coordonnee_x": 647112.0,
        "coordonnee_y": 6892203.0,
        "code_projection": "2154",
        "code_cours_eau": null,
        "libelle_cours_eau": null,
        "uri_cours_eau": null,
        "code_masse_eau": null,
        "libelle_masse_eau": null,
        "uri_masse_eau": null,
        "code_sous_bassin": null,
        "libelle_sous_bassin": null,
        "code_bassin": null,
        "libelle_bassin": null,
        "code_commune": "95436",
        "libelle_commune": "Mours",
        "code_departement": "95",
        "libelle_departement": "Val-d'Oise",
        "code_region": "11",
        "libelle_region": "Île-de-France",
        "codes_reseaux": [
          "0600000421"
        ],
        "libelles_reseaux": [
          "Réseau de suivi local des opérations de restauration hydromorphologique sur deux petits affluents du lac des Rousses (39)"
        ],
        "codes_supports": [
          "4"
        ],
        "libelles_supports": [
          "Poissons"
        ],
        "codes_appel_taxons": [
          "2071",
          "2167",
          "2221",
          "2165"
        ],
        "libelles_appel_taxons": [
          "Barbatula barbatula",
          "Pungitius pungitius",
          "Salmo trutta fario",
          "Gasterosteus aculeatus aculeatus"
        ],
        "codes_indices": [
          "7036",
          "7787",
          "7786",
          "7746",
          "7745",
          "7744",
          "7743",
          "7644"
        ],
        "libelles_indices": [
          "Indice Poisson Rivière (IPR)",
          "Score de la métrique densité totale d'individus (DTI)",
          "Score de la métrique densité d'individus tolérants (DIT)",
          "Score de la métrique densité d'individus omnivores (DIO)",
          "Score de la métrique densité d'individus invertivores (DII)",
          "Score de la métrique nombre d'espèces rhéophiles (NER)",
          "Score de la métrique nombre d'espèces lithophiles (NEL)",
          "Score de la métrique nombre total d’espèces (NTE)"
        ],
        "latitude": 49.12744184292739,
        "longitude": 2.275420202816146,
        "date_premier_prelevement": "2005-07-12",
        "date_dernier_prelevement": "2005-07-12"
      },
      "geometry": {
        "type": "Point",
        "crs": {
          "type": "name",
          "properties": {
            "name": "urn:ogc:def:crs:OGC:1.3:CRS84"
          }
        },
        "coordinates": [
          2.275420202816146,
          49.12744184292739
        ]
      }
    },
    {
      "type": "Feature",
      "properties": {
        "code_station_hydrobio": "03138535",
        "libelle_station_hydrobio": "LE RU DE PRESLES A PRESLES 1",
        "uri_station_hydrobio": "https://id.eaufrance.fr/StationMesureEauxSurface/03138535",
        "coordonnee_x": 649448.0,
        "coordonnee_y": 6889246.0,
        "code_projection": "2154",
        "code_cours_eau": null,
        "libelle_cours_eau": null,
        "uri_cours_eau": null,
        "code_masse_eau": null,
        "libelle_masse_eau": null,
        "uri_masse_eau": null,
        "code_sous_bassin": null,
        "libelle_sous_bassin": null,
        "code_bassin": null,
        "libelle_bassin": null,
        "code_commune": "95504",
        "libelle_commune": "Presles",
        "code_departement": "95",
        "libelle_departement": "Val-d'Oise",
        "code_region": "11",
        "libelle_region": "Île-de-France",
        "codes_reseaux": [
          "0600000421"
        ],
        "libelles_reseaux": [
          "Réseau de suivi local des opérations de restauration hydromorphologique sur deux petits affluents du lac des Rousses (39)"
        ],
        "codes_supports": [
          "4"
        ],
        "libelles_supports": [
          "Poissons"
        ],
        "codes_appel_taxons": [
          "2133"
        ],
        "libelles_appel_taxons": [
          "Rutilus rutilus"
        ],
        "codes_indices": null,
        "libelles_indices": null,
        "latitude": 49.10104486713859,
        "longitude": 2.3077774871431807,
        "date_premier_prelevement": "1995-05-11",
        "date_dernier_prelevement": "1995-05-11"
      },
      "geometry": {
        "type": "Point",
        "crs": {
          "type": "name",
          "properties": {
            "name": "urn:ogc:def:crs:OGC:1.3:CRS84"
          }
        },
        "coordinates": [
          2.3077774871431807,
          49.10104486713859
        ]
      }
    },
    {
      "type": "Feature",
      "properties": {
        "code_station_hydrobio": "03138550",
        "libelle_station_hydrobio": "LE RU DE PRESLES A MOURS 2",
        "uri_station_hydrobio": "https://id.eaufrance.fr/StationMesureEauxSurface/03138550",
        "coordonnee_x": 646574.0,
        "coordonnee_y": 6893022.0,
        "code_projection": "2154",
        "code_cours_eau": "H2261000",
        "libelle_cours_eau": "Ru de Presles",
        "uri_cours_eau": "https://id.eaufrance.fr/CoursEau_Carthage2017/H2261000",
        "code_masse_eau": "HR228A-H2261000",
        "libelle_masse_eau": "ru de presles",
        "uri_masse_eau": "https://id.eaufrance.fr/MasseDEauRiviere_VEDL2019/HR228A-H2261000",
        "code_sous_bassin": "FRH_IF",
        "libelle_sous_bassin": "Ile de France",
        "code_bassin": "H",
        "libelle_bassin": "La Seine et les cours d'eau côtiers normands",
        "code_commune": "95436",
        "libelle_commune": "Mours",
        "code_departement": "95",
        "libelle_departement": "Val-d'Oise",
        "code_region": "11",
        "libelle_region": "Île-de-France",
        "codes_reseaux": [
          "0300000207",
          "0300000211",
          "0300000215",
          "0600000421"
        ],
        "libelles_reseaux": [
          "Réseau de gestion des eaux superficielles de la DRIF",
          "Réseau de gestion des eaux superficielles de la DSAM",
          "Réseau de gestion hydrobiologique de la DIREN Ile de France",
          "Réseau de suivi local des opérations de restauration hydromorphologique sur deux petits affluents du lac des Rousses (39)"
        ],
        "codes_supports": [
          "4",
          "13",
          "10"
        ],
        "libelles_supports": [
          "Poissons",
          "Macroinvertébrés aquatiques",
          "Diatomées benthiques"
        ],
        "codes_appel_taxons": [
          "2038",
          "68137",
          "2167",
          "2165",
          "2133",
          "2080",
          "2071",
          "2067",
          "2221",
          "2177",
          "2137",
          "2113",
          "2193",
          "1028",
          "972",
          "1044",
          "704",
          "183",
          "783",
          "978",
          "1043",
          "919",
          "3170",
          "933",
          "312",
          "908",
          "892",
          "928",
          "618",
          "888",
          "807",
          "819",
          "650",
          "9794",
          "838",
          "753",
          "837",
          "1004",
          "1061",
          "622",
          "3159",
          "880",
          "245",
          "870",
          "725",
          "241",
          "623",
          "1077",
          "831",
          "1056",
          "793",
          "311",
          "847",
          "11785",
          "9047",
          "46894",
          "8192",
          "8114",
          "8875",
          "14458",
          "7777",
          "11981",
          "8781",
          "7232",
          "14132",
          "17604",
          "7948",
          "14114",
          "38989",
          "8393",
          "8420",
          "17937",
          "8190",
          "7995",
          "7076",
          "7881",
          "8419",
          "7588",
          "10586",
          "14104",
          "8395",
          "9361",
          "7408",
          "32665",
          "8820",
          "9034",
          "8206",
          "6761",
          "43146",
          "13227",
          "13717",
          "14286",
          "17406",
          "287",
          "364",
          "387",
          "451",
          "625",
          "518",
          "840",
          "3202",
          "658",
          "3206",
          "1042",
          "19280",
          "1009",
          "909",
          "1074",
          "1064",
          "3110",
          "887",
          "848",
          "8992",
          "8445",
          "7226",
          "8987",
          "6768",
          "14703",
          "7107",
          "11786",
          "7229",
          "8394",
          "13281",
          "18821",
          "9419",
          "13689",
          "20686",
          "9081",
          "8891",
          "6849",
          "8809",
          "37468",
          "18971",
          "14317",
          "8719",
          "9014",
          "16487",
          "6751",
          "17930",
          "32463",
          "11432",
          "8554",
          "28635",
          "8937",
          "8499",
          "28472",
          "9421",
          "9360",
          "998",
          "757",
          "845",
          "5196",
          "1072",
          "735",
          "3111",
          "1055",
          "1054",
          "647",
          "450",
          "191",
          "906",
          "200",
          "14452",
          "18123",
          "8147",
          "198",
          "8847",
          "8934",
          "7101",
          "3166",
          "918",
          "3163",
          "994",
          "801",
          "1071",
          "10944",
          "7803",
          "12097",
          "7116",
          "7235"
        ],
        "libelles_appel_taxons": [
          "Anguilla anguilla",
          "Faxonius limosus",
          "Pungitius pungitius",
          "Gasterosteus aculeatus aculeatus",
          "Rutilus rutilus",
          "Cottus gobio",
          "Barbatula barbatula",
          "Cobitis taenia",
          "Salmo trutta fario",
          "Ameiurus melas",
          "Tinca tinca",
          "Gobio gobio",
          "Perca fluviatilis",
          "Ancylus",
          "Valvata",
          "Sphaerium",
          "Sialis",
          "Rhyacophila lato-sensu",
          "Psychodidae",
          "Potamopyrgus",
          "Pisidium",
          "Piscicola",
          "Ostracoda",
          "Oligochaeta",
          "Mystacides",
          "Glossiphoniidae",
          "Gammarus",
          "Erpobdellidae",
          "Elmis",
          "Echinogammarus",
          "Chironomidae",
          "Ceratopogonidae",
          "Calopteryx",
          "Baetis lato sensu",
          "Athericidae",
          "Tipulidae",
          "Tabanidae",
          "Radix",
          "Planariidae",
          "Oulimnius",
          "Mermithoidea",
          "Asellidae",
          "Tinodes",
          "Orconectes",
          "Nepidae",
          "Lype",
          "Limnius",
          "Hydra",
          "Empididae",
          "Dugesia",
          "Dixidae",
          "Athripsodes",
          "Anthomyiidae",
          "Cocconeis euglypta",
          "Nitzschia subtilis",
          "Diploneis calcilacustris",
          "Navicula trivialis var. trivialis",
          "Navicula reichardtiana var. reichardtiana",
          "Nitzschia dissipata",
          "Kolbesia gessneri",
          "Hippodonta capitata",
          "Caloneis lancettula",
          "Gomphonema",
          "Cocconeis placentula var. lineata",
          "Gomphonema pumilum var. rigidum",
          "Punctastriata ovalis",
          "Navicula gregaria",
          "Gomphonema parvulum var. parvulum f. parvulum",
          "Planothidium rostratoholarcticum",
          "Planothidium frequentissimum",
          "Rhoicosphenia abbreviata",
          "Planothidium lanceolatum",
          "Navicula tripunctata",
          "Navicula lanceolata",
          "Achnanthidium minutissimum",
          "Navicula cryptotenella",
          "Reimeria sinuata",
          "Fallacia subhamulata",
          "Achnanthidium lauenburgianum",
          "Gyrosigma sciotense",
          "Platessa conspicua",
          "Cocconeis",
          "Diploneis oculata",
          "Fallacia mitis",
          "Nitzschia amphibia",
          "Nitzschia sociabilis",
          "Navicula veneta",
          "Staurosira construens",
          "Sellaphora nigri",
          "Encyonema prostratum",
          "Fallacia sublucidula",
          "Hantzschia abundans",
          "Platessa hustedtii",
          "Goera",
          "Baetis",
          "Cloeon",
          "Ephemerella ignita",
          "Riolus",
          "Haliplus",
          "Atrichops",
          "Hemerodromiinae",
          "Coenagrionidae",
          "Copepoda",
          "Sphaeriidae",
          "Physella",
          "Planorbidae",
          "Glossiphonia",
          "Dendrocoelum lacteum",
          "Polycelis",
          "Prostoma",
          "Gammaridae",
          "Limnophora",
          "Nitzschia paleacea",
          "Sellaphora seminulum",
          "Cocconeis pediculus",
          "Nitzschia palea",
          "Staurosirella pinnata",
          "Mayamaea atomus",
          "Amphora inariensis",
          "Cocconeis euglyptoides",
          "Cocconeis placentula var. euglypta",
          "Planothidium rostratum",
          "Eolimna subminuscula",
          "Staurosira venter",
          "Eolimna minima",
          "Fistulifera saprophila",
          "Mayamaea atomus var. permitis",
          "Tryblionella apiculata",
          "Nitzschia fonticola",
          "Ulnaria ulna",
          "Nitzschia acicularis",
          "Surirella lacrimula",
          "Tryblionella debilis",
          "Hippodonta costulata",
          "Melosira varians",
          "Nitzschia pusilla",
          "Nitzschia soratensis",
          "Pseudostaurosira brevistriata",
          "Planothidium dubium",
          "Karayevia clevei",
          "Cymbella affinis var. affinis",
          "Aulacoseira ambigua",
          "Amphora indistincta",
          "Nitzschia intermedia",
          "Surirella crumena",
          "Halamphora veneta",
          "Geissleria acceptata",
          "Planothidium",
          "Lymnaeidae",
          "Limoniidae",
          "Sciomyzidae",
          "Corixinae",
          "Dendrocoelum",
          "Gerris",
          "Nemathelmintha",
          "Dugesiidae",
          "Tricladida",
          "Curculionidae",
          "Ephemerella",
          "Agapetus",
          "Hydracarina",
          "Hydroptila",
          "Karayevia kolbei",
          "Reimeria uniseriata",
          "Navicula slesvicensis",
          "Ithytrichia",
          "Nitzschia capitellata",
          "Nitzschia inconspicua",
          "Amphora copulata",
          "Hydrozoa",
          "Piscicolidae",
          "Limnephilinae",
          "Bithynia",
          "Simuliidae",
          "Dendrocoelidae",
          "Amphora macedoniensis",
          "Navicula antonii",
          "Cocconeis placentula var. placentula",
          "Amphora pediculus",
          "Cocconeis pseudothumensis"
        ],
        "codes_indices": [
          "1000",
          "1002",
          "1001",
          "5910",
          "8050",
          "7613",
          "8054",
          "8055",
          "8056",
          "8057",
          "8058",
          "6035",
          "6034",
          "8060",
          "1022",
          "5856",
          "8059",
          "6335"
        ],
        "libelles_indices": [
          "Indice Biologique Global Normalisé (I.B.G.N.)",
          "Numéro d'ordre du groupe faunistique indicateur de l'IBGN",
          "Variété taxonomique de l'IBGN",
          "Indice dit \"équivalent\" (Phases A+B) de la méthode macroinvertébrés NF T90-333 ou protocole RCS antérieur",
          "Nombre de taxons contributifs de l'I2M2",
          "Indice Invertébrés Multimétrique (I2M2)",
          "Métrique Richesse Taxonomique de l'I2M2",
          "Métrique Ovoviviparite de l'I2M2",
          "Métrique Polyvoltinisme de l'I2M2",
          "Métrique ASPT de l'I2M2",
          "Métrique Indice de Shannon de l'I2M2",
          "Groupe Faunistique Indicateur de l'indice dit \"équivalent\" (Phases A+B) de la méthode macroinvertébrés NF T90-333 ou protocole RCS antérieur",
          "Variété taxonomique de l'indice dit \"équivalent\" (Phases A+B) de la méthode macroinvertébrés NF T90-333 ou protocole RCS antérieur",
          "Nombre de taxons contributifs de l'IBD",
          "Indice polluosensibilité spécifique (I.P.S.)",
          "Indice Biologique Diatomées (IBD)",
          "Nombre d'unités diatomiques contributives",
          "Variété taxonomique de l'IBD 2007"
        ],
        "latitude": 49.13476044436006,
        "longitude": 2.2679458570654227,
        "date_premier_prelevement": "1995-05-11",
        "date_dernier_prelevement": "2023-08-23"
      },
      "geometry": {
        "type": "Point",
        "crs": {
          "type": "name",
          "properties": {
            "name": "urn:ogc:def:crs:OGC:1.3:CRS84"
          }
        },
        "coordinates": [
          2.2679458570654227,
          49.13476044436006
        ]
      }
    },
    {
      "type": "Feature",
      "properties": {
        "code_station_hydrobio": "03138728",
        "libelle_station_hydrobio": "LE RU DU VIEUX MOUTIERS A L'ISLE-ADAM 2",
        "uri_station_hydrobio": "https://id.eaufrance.fr/StationMesureEauxSurface/03138728",
        "coordonnee_x": 642594.65,
        "coordonnee_y": 6887769.0,
        "code_projection": "2154",
        "code_cours_eau": null,
        "libelle_cours_eau": null,
        "uri_cours_eau": null,
        "code_masse_eau": "HR228A-H2271000",
        "libelle_masse_eau": "ru du vieux moutiers",
        "uri_masse_eau": "https://id.eaufrance.fr/MasseDEauRiviere_VEDL2019/HR228A-H2271000",
        "code_sous_bassin": "FRH_IF",
        "libelle_sous_bassin": "Ile de France",
        "code_bassin": "H",
        "libelle_bassin": "La Seine et les cours d'eau côtiers normands",
        "code_commune": "95313",
        "libelle_commune": "L'Isle-Adam",
        "code_departement": "95",
        "libelle_departement": "Val-d'Oise",
        "code_region": "11",
        "libelle_region": "Île-de-France",
        "codes_reseaux": [
          "0300000207",
          "0300000211",
          "0300000215"
        ],
        "libelles_reseaux": [
          "Réseau de gestion des eaux superficielles de la DRIF",
          "Réseau de gestion des eaux superficielles de la DSAM",
          "Réseau de gestion hydrobiologique de la DIREN Ile de France"
        ],
        "codes_supports": [
          "13",
          "10"
        ],
        "libelles_supports": [
          "Macroinvertébrés aquatiques",
          "Diatomées benthiques"
        ],
        "codes_appel_taxons": [
          "212",
          "1074",
          "933",
          "909",
          "995",
          "978",
          "1043",
          "3170",
          "892",
          "789",
          "757",
          "807",
          "822",
          "502",
          "241",
          "3159",
          "837",
          "20537",
          "618",
          "364",
          "321",
          "325",
          "328",
          "928",
          "1009",
          "2024",
          "658",
          "650",
          "3202",
          "794",
          "625",
          "623",
          "320",
          "1044",
          "880",
          "887",
          "783",
          "793",
          "819",
          "1089",
          "908",
          "997",
          "704",
          "648",
          "824",
          "183",
          "305",
          "622",
          "836",
          "20455",
          "1042",
          "19280",
          "696",
          "520",
          "6751",
          "8746",
          "16721",
          "8183",
          "16487",
          "27925",
          "7995",
          "8875",
          "7874",
          "8820",
          "38622",
          "7408",
          "7226",
          "8599",
          "11477",
          "64368",
          "43146",
          "28559",
          "34824",
          "8393",
          "8190",
          "14458",
          "7745",
          "14104",
          "13775",
          "7588",
          "13698",
          "8794",
          "11981",
          "8619",
          "10586",
          "9082",
          "8420",
          "17937",
          "8395",
          "8192",
          "11432",
          "64195",
          "43682",
          "27445",
          "7881",
          "11785",
          "18406",
          "7076",
          "29112",
          "18855",
          "18821",
          "6761",
          "6768",
          "28635",
          "9419",
          "13717",
          "9034",
          "10372",
          "7777",
          "14397",
          "7948",
          "8206",
          "32031",
          "17577",
          "8472",
          "10597",
          "8633",
          "13128",
          "7657",
          "14001",
          "7844",
          "8919",
          "8845",
          "8114",
          "28493",
          "18110",
          "8781",
          "9079",
          "33279",
          "9544",
          "10362",
          "9356",
          "16755",
          "838",
          "735",
          "1055",
          "697",
          "608",
          "906",
          "198",
          "636",
          "11835",
          "33829",
          "7101",
          "8934",
          "3163",
          "801",
          "2517",
          "1071",
          "7721",
          "28747",
          "12097",
          "7116",
          "6765",
          "8656",
          "7803",
          "7637"
        ],
        "libelles_appel_taxons": [
          "Hydropsyche",
          "Dendrocoelum lacteum",
          "Oligochaeta",
          "Glossiphonia",
          "Physidae",
          "Potamopyrgus",
          "Pisidium",
          "Ostracoda",
          "Gammarus",
          "Ptychopteridae",
          "Limoniidae",
          "Chironomidae",
          "Ceratopogoninae",
          "Ephemera",
          "Lype",
          "Mermithoidea",
          "Tabanidae",
          "Pediciini",
          "Elmis",
          "Baetis",
          "Sericostomatidae",
          "Notidobia",
          "Beraea",
          "Erpobdellidae",
          "Planorbidae",
          "Cambaridae",
          "Coenagrionidae",
          "Calopteryx",
          "Hemerodromiinae",
          "Dixa",
          "Riolus",
          "Limnius",
          "Adicella",
          "Sphaerium",
          "Asellidae",
          "Gammaridae",
          "Psychodidae",
          "Dixidae",
          "Ceratopogonidae",
          "Nematoda",
          "Glossiphoniidae",
          "Physa lato-sensu",
          "Sialis",
          "Odonata",
          "Stratiomyidae",
          "Rhyacophila lato-sensu",
          "Lepidostoma",
          "Oulimnius",
          "Dolichopodidae",
          "Forcipomyinae",
          "Sphaeriidae",
          "Physella",
          "Libellulidae",
          "Brychius",
          "Pseudostaurosira brevistriata",
          "Stephanodiscus hantzschii",
          "Navicula vilaplanii",
          "Navicula tenelloides",
          "Nitzschia soratensis",
          "Navicula lacuum",
          "Navicula lanceolata",
          "Nitzschia dissipata",
          "Navicula cryptocephala",
          "Nitzschia amphibia",
          "Humidophila contenta",
          "Diploneis oculata",
          "Cocconeis pediculus",
          "Cyclostephanos dubius",
          "Caloneis amphisbaena f. amphisbaena",
          "Achnanthidium subhudsonis var. kraeuselii",
          "Sellaphora nigri",
          "Punctastriata lancettula",
          "Pseudofallacia monoculata",
          "Planothidium frequentissimum",
          "Navicula tripunctata",
          "Kolbesia gessneri",
          "Gyrosigma acuminatum",
          "Gyrosigma sciotense",
          "Gomphonema acidoclinatum",
          "Fallacia subhamulata",
          "Fallacia pygmaea",
          "Denticula tenuis",
          "Caloneis lancettula",
          "Cyclotella distinguenda var. distinguenda",
          "Achnanthidium lauenburgianum",
          "Tryblionella calida",
          "Rhoicosphenia abbreviata",
          "Planothidium lanceolatum",
          "Platessa conspicua",
          "Navicula trivialis var. trivialis",
          "Cymbella affinis var. affinis",
          "Achnanthidium tropicocatenatum",
          "Discostella pseudostelligera",
          "Achnanthidium druartii",
          "Navicula cryptotenella",
          "Cocconeis euglypta",
          "Sellaphora japonica",
          "Achnanthidium minutissimum",
          "Pseudostaurosira medliniae",
          "Staurosirella ovata",
          "Staurosira venter",
          "Staurosira construens",
          "Staurosirella pinnata",
          "Amphora indistincta",
          "Eolimna minima",
          "Fallacia sublucidula",
          "Nitzschia sociabilis",
          "Achnanthidium eutrophilum",
          "Hippodonta capitata",
          "Hippodonta neglecta",
          "Navicula gregaria",
          "Navicula veneta",
          "Psammothidium lauenburgianum",
          "Placoneis paraelginensis",
          "Stauroneis smithii",
          "Achnanthidium pyrenaicum",
          "Cyclotella meneghiniana",
          "Encyonopsis subminuta",
          "Gomphonema exilissimum",
          "Gomphonema minutum",
          "Navicula cari",
          "Nitzschia hantzschiana",
          "Nitzschia bulnheimiana",
          "Navicula reichardtiana var. reichardtiana",
          "Navicula simulata",
          "Rhopalodia operculata",
          "Gomphonema",
          "Simonsenia delognei",
          "Planothidium minutissimum",
          "Staurosira",
          "Achnanthidium atomoides",
          "Achnanthidium",
          "Nitzschia wuellerstorffii",
          "Athericidae",
          "Gerris",
          "Dugesiidae",
          "Libellula",
          "Hydraena",
          "Hydracarina",
          "Ithytrichia",
          "Helodes",
          "Diploneis separanda",
          "Achnanthidium delmontii",
          "Amphora copulata",
          "Nitzschia inconspicua",
          "Limnephilinae",
          "Simuliidae",
          "Hydrophilinae",
          "Dendrocoelidae",
          "Gomphonema rhombicum",
          "Amphora lange-bertalotii var. tenuis",
          "Cocconeis placentula var. placentula",
          "Amphora pediculus",
          "Staurosirella lapponica",
          "Navicula antonii",
          "Gomphonema auritum"
        ],
        "codes_indices": [
          "5910",
          "7613",
          "6035",
          "6034",
          "8058",
          "8057",
          "8056",
          "8055",
          "8054",
          "8050",
          "8060",
          "8059",
          "5856",
          "6335"
        ],
        "libelles_indices": [
          "Indice dit \"équivalent\" (Phases A+B) de la méthode macroinvertébrés NF T90-333 ou protocole RCS antérieur",
          "Indice Invertébrés Multimétrique (I2M2)",
          "Groupe Faunistique Indicateur de l'indice dit \"équivalent\" (Phases A+B) de la méthode macroinvertébrés NF T90-333 ou protocole RCS antérieur",
          "Variété taxonomique de l'indice dit \"équivalent\" (Phases A+B) de la méthode macroinvertébrés NF T90-333 ou protocole RCS antérieur",
          "Métrique Indice de Shannon de l'I2M2",
          "Métrique ASPT de l'I2M2",
          "Métrique Polyvoltinisme de l'I2M2",
          "Métrique Ovoviviparite de l'I2M2",
          "Métrique Richesse Taxonomique de l'I2M2",
          "Nombre de taxons contributifs de l'I2M2",
          "Nombre de taxons contributifs de l'IBD",
          "Nombre d'unités diatomiques contributives",
          "Indice Biologique Diatomées (IBD)",
          "Variété taxonomique de l'IBD 2007"
        ],
        "latitude": 49.08718872008384,
        "longitude": 2.2141397779070653,
        "date_premier_prelevement": "2014-08-26",
        "date_dernier_prelevement": "2024-07-23"
      },
      "geometry": {
        "type": "Point",
        "crs": {
          "type": "name",
          "properties": {
            "name": "urn:ogc:def:crs:OGC:1.3:CRS84"
          }
        },
        "coordinates": [
          2.2141397779070653,
          49.08718872008384
        ]
      }
    },
    {
      "type": "Feature",
      "properties": {
        "code_station_hydrobio": "03138800",
        "libelle_station_hydrobio": "L'OISE A MERIEL 1",
        "uri_station_hydrobio": "https://id.eaufrance.fr/StationMesureEauxSurface/03138800",
        "coordonnee_x": 641855.0,
        "coordonnee_y": 6887463.0,
        "code_projection": "2154",
        "code_cours_eau": "H---0100",
        "libelle_cours_eau": "L'Oise",
        "uri_cours_eau": "https://id.eaufrance.fr/CoursEau_Carthage2017/H---0100",
        "code_masse_eau": "HR228A",
        "libelle_masse_eau": "L Oise du confluent de l Esches  exclu  au confluent de la Seine  exclu",
        "uri_masse_eau": "https://id.eaufrance.fr/MasseDEauRiviere_VEDL2019/HR228A",
        "code_sous_bassin": "FRH_IF",
        "libelle_sous_bassin": "Ile de France",
        "code_bassin": "H",
        "libelle_bassin": "La Seine et les cours d'eau côtiers normands",
        "code_commune": "95392",
        "libelle_commune": "Mériel",
        "code_departement": "95",
        "libelle_departement": "Val-d'Oise",
        "code_region": "11",
        "libelle_region": "Île-de-France",
        "codes_reseaux": [
          "0300000207",
          "0300000215",
          "0600000418"
        ],
        "libelles_reseaux": [
          "Réseau de gestion des eaux superficielles de la DRIF",
          "Réseau de gestion hydrobiologique de la DIREN Ile de France",
          "Réseau de suivi local des opérations de restauration hydromorphologique sur l'Allaine (90)"
        ],
        "codes_supports": [
          "13",
          "11",
          "27",
          "10",
          "4"
        ],
        "libelles_supports": [
          "Macroinvertébrés aquatiques",
          "Phytoplancton",
          "Macrophytes",
          "Diatomées benthiques",
          "Poissons"
        ],
        "codes_appel_taxons": [
          "4226",
          "933",
          "978",
          "1030",
          "1028",
          "1051",
          "4202",
          "3212",
          "807",
          "224",
          "312",
          "21530",
          "1044",
          "1046",
          "1089",
          "1056",
          "908",
          "1033",
          "1043",
          "870",
          "3170",
          "626",
          "241",
          "313",
          "1004",
          "622",
          "457",
          "245",
          "319",
          "3110",
          "928",
          "1009",
          "3206",
          "783",
          "317",
          "212",
          "3082",
          "1072",
          "650",
          "880",
          "831",
          "619",
          "236",
          "19280",
          "311",
          "1090",
          "919",
          "861",
          "364",
          "265",
          "4324",
          "3111",
          "30103",
          "679",
          "690",
          "623",
          "496",
          "3159",
          "1038",
          "1042",
          "23156",
          "972",
          "1025",
          "888",
          "625",
          "223",
          "1087",
          "995",
          "3127",
          "704",
          "518",
          "1077",
          "892",
          "819",
          "618",
          "658",
          "6571",
          "9020",
          "6158",
          "6330",
          "31950",
          "31903",
          "8603",
          "8944",
          "31932",
          "6136",
          "42876",
          "42873",
          "6016",
          "8820",
          "5736",
          "5645",
          "8992",
          "66777",
          "8809",
          "31931",
          "9449",
          "10788",
          "5730",
          "7881",
          "8746",
          "34196",
          "9335",
          "6260",
          "8875",
          "34957",
          "16487",
          "8535",
          "9081",
          "5711",
          "9034",
          "8987",
          "8735",
          "18855",
          "37468",
          "8641",
          "8599",
          "8559",
          "8737",
          "8600",
          "6209",
          "7232",
          "43227",
          "8719",
          "8633",
          "6849",
          "9634",
          "7076",
          "6152",
          "5741",
          "14104",
          "6150",
          "4860",
          "9571",
          "9570",
          "34126",
          "38115",
          "14001",
          "6511",
          "5731",
          "42844",
          "6459",
          "46583",
          "8891",
          "3332",
          "8554",
          "7111",
          "6429",
          "6273",
          "8190",
          "9029",
          "31930",
          "5610",
          "24941",
          "31933",
          "8754",
          "18821",
          "9549",
          "24459",
          "7258",
          "8561",
          "6019",
          "6751",
          "5758",
          "6137",
          "17937",
          "11270",
          "7229",
          "8748",
          "7995",
          "613",
          "390",
          "9794",
          "1169",
          "1268",
          "1147",
          "1107",
          "1124",
          "1670",
          "8714",
          "1321",
          "6414",
          "1233",
          "1765",
          "1652",
          "6768",
          "28506",
          "43263",
          "8492",
          "7225",
          "7150",
          "10598",
          "20681",
          "7588",
          "32665",
          "11981",
          "38989",
          "7844",
          "14703",
          "8393",
          "32463",
          "7948",
          "16490",
          "43146",
          "44420",
          "6631",
          "4767",
          "37351",
          "9356",
          "5787",
          "6327",
          "9633",
          "46109",
          "30028",
          "9361",
          "33822",
          "9463",
          "9804",
          "9462",
          "6598",
          "44412",
          "5702",
          "7704",
          "31936",
          "5888",
          "10468",
          "5844",
          "5826",
          "44681",
          "4757",
          "31974",
          "18355",
          "7228",
          "8766",
          "9072",
          "8394",
          "5735",
          "6211",
          "1136",
          "7874",
          "5772",
          "8444",
          "6454",
          "44419",
          "1128",
          "1160",
          "5981",
          "6269",
          "6264",
          "6572",
          "9440",
          "6046",
          "1134",
          "1717",
          "1244",
          "31545",
          "1778",
          "1125",
          "32503",
          "856",
          "4334",
          "998",
          "7417",
          "9625",
          "8781",
          "9378",
          "6270",
          "9468",
          "33821",
          "9421",
          "27789",
          "14317",
          "43145",
          "14458",
          "10372",
          "7849",
          "38880",
          "8420",
          "11785",
          "28635",
          "13578",
          "7882",
          "41855",
          "8845",
          "27445",
          "17281",
          "7408",
          "46905",
          "13227",
          "8888",
          "15443",
          "15513",
          "8968",
          "9545",
          "20044",
          "41890",
          "7256",
          "7426",
          "7748",
          "8192",
          "17406",
          "1045",
          "997",
          "383",
          "502",
          "1132",
          "1588",
          "1453",
          "1108",
          "8773",
          "17479",
          "14114",
          "9079",
          "11432",
          "14664",
          "43267",
          "43682",
          "15183",
          "42889",
          "6761",
          "41897",
          "310",
          "8756",
          "7171",
          "8114",
          "7760",
          "13106",
          "7304",
          "9419",
          "6658",
          "6679",
          "20727",
          "15544",
          "6721",
          "11786",
          "7226",
          "7019",
          "8876",
          "8830",
          "14882",
          "8914",
          "9014",
          "8419",
          "13689",
          "15643",
          "13281",
          "13717",
          "7107",
          "7782",
          "28493",
          "7732",
          "7807",
          "28498",
          "34798",
          "37466",
          "28504",
          "28986",
          "11793",
          "9049",
          "7978",
          "8206",
          "28302",
          "7280",
          "17902",
          "20704",
          "6648",
          "6654",
          "8395",
          "12627",
          "13983",
          "18700",
          "7604",
          "28559",
          "14397",
          "8957",
          "32031",
          "7435",
          "7386",
          "32405",
          "28383",
          "14426",
          "20686",
          "42884",
          "16638",
          "7917",
          "7787",
          "9544",
          "8445",
          "8124",
          "8952",
          "7988",
          "9359",
          "11662",
          "7078",
          "8392",
          "1320",
          "19655",
          "1303",
          "19695",
          "5266",
          "5292",
          "1176",
          "31592",
          "1197",
          "1274",
          "30014",
          "19527",
          "1260",
          "19760",
          "1142",
          "9615",
          "46026",
          "42835",
          "20753",
          "9299",
          "5906",
          "42829",
          "6523",
          "8643",
          "38744",
          "10597",
          "9215",
          "46504",
          "5734",
          "5631",
          "6003",
          "6334",
          "6308",
          "46569",
          "9234",
          "887",
          "46",
          "3211",
          "838",
          "13128",
          "13913",
          "51662",
          "9360",
          "29112",
          "9445",
          "17604",
          "32451",
          "6149",
          "6479",
          "9470",
          "6220",
          "796",
          "7122",
          "10586",
          "14132",
          "7187",
          "844",
          "443",
          "387",
          "399",
          "1074",
          "3202",
          "200",
          "906",
          "33829",
          "1294",
          "1310",
          "18123",
          "8934",
          "9088",
          "31999",
          "9430",
          "7731",
          "35414",
          "4925",
          "20115",
          "24226",
          "12017",
          "7101",
          "14452",
          "8111",
          "11835",
          "7709",
          "7375",
          "32680",
          "8109",
          "18399",
          "6071",
          "1950",
          "1157",
          "5782",
          "9275",
          "37239",
          "5097",
          "23202",
          "994",
          "249",
          "657",
          "1071",
          "3168",
          "3163",
          "8906",
          "32028",
          "5904",
          "7116",
          "7843",
          "9016",
          "6274",
          "46582",
          "31929",
          "37353",
          "7254",
          "801",
          "1839",
          "27741",
          "44968",
          "7803",
          "1598",
          "1655",
          "5738",
          "7235",
          "12097",
          "14060",
          "10944",
          "7606",
          "8833",
          "7443",
          "8656",
          "7406",
          "8654",
          "14125",
          "13151",
          "7183",
          "51635",
          "10854",
          "2038",
          "31041",
          "2191",
          "2151",
          "2133",
          "2113",
          "2090",
          "2080",
          "2096",
          "2131",
          "2122",
          "2109",
          "68137",
          "2238",
          "2121",
          "2104",
          "2071",
          "29117",
          "2137",
          "2165",
          "2193"
        ],
        "libelles_appel_taxons": [
          "Hypania",
          "Oligochaeta",
          "Potamopyrgus",
          "Ferrissia",
          "Ancylus",
          "Corbicula",
          "Dikerogammarus",
          "Corophium",
          "Chironomidae",
          "Cyrnus",
          "Mystacides",
          "Dendrocoelum romanodanubiale",
          "Sphaerium",
          "Dreissena",
          "Nematoda",
          "Dugesia",
          "Glossiphoniidae",
          "Acroloxus",
          "Pisidium",
          "Orconectes",
          "Ostracoda",
          "Macronychus",
          "Lype",
          "Ceraclea",
          "Radix",
          "Oulimnius",
          "Caenis",
          "Tinodes",
          "Leptocerus",
          "Prostoma",
          "Erpobdellidae",
          "Planorbidae",
          "Copepoda",
          "Psychodidae",
          "Oecetis",
          "Hydropsyche",
          "Cordylophora",
          "Dendrocoelum",
          "Calopteryx",
          "Asellidae",
          "Empididae",
          "Esolus",
          "Neureclipsis",
          "Physella",
          "Athripsodes",
          "Porifera",
          "Piscicola",
          "Atyaephyra",
          "Baetis",
          "Brachycentrus",
          "Mysidae",
          "Nemathelmintha",
          "Physa stricto-sensu",
          "Gomphus",
          "Corduliidae",
          "Limnius",
          "Ephoron",
          "Mermithoidea",
          "Anodonta",
          "Sphaeriidae",
          "Gammaroidea",
          "Valvata",
          "Menetus",
          "Echinogammarus",
          "Riolus",
          "Polycentropodidae",
          "Bryozoa",
          "Physidae",
          "Cladocera",
          "Sialis",
          "Haliplus",
          "Hydra",
          "Gammarus",
          "Ceratopogonidae",
          "Elmis",
          "Coenagrionidae",
          "Peridiniopsis",
          "Nitzschia reversa",
          "Ochromonas",
          "Merismopedia tenuissima",
          "Desmodesmus subspicatus",
          "Chrysochromulina parva",
          "Cyclotella atomus",
          "Nitzschia lacuum",
          "Desmodesmus costato-granulatus",
          "Dinobryon sociale",
          "Pantocsekiella ocellata",
          "Pantocsekiella comensis",
          "Chlamydomonas",
          "Nitzschia amphibia",
          "Monoraphidium minutum",
          "Dictyosphaerium",
          "Nitzschia paleacea",
          "Navicula metareichardtiana",
          "Nitzschia acicularis",
          "Desmodesmus brasiliensis",
          "Encyonopsis minuta",
          "Acanthoceras zachariasii",
          "Monoraphidium circinale",
          "Navicula cryptotenella",
          "Stephanodiscus hantzschii",
          "Mucidosphaerium pulchellum",
          "Spermatozopsis exsultans",
          "Chroomonas",
          "Nitzschia dissipata",
          "Spermatozopsis similis",
          "Nitzschia soratensis",
          "Surirella suecica",
          "Tryblionella apiculata",
          "Lagerheimia balatonica",
          "Nitzschia sociabilis",
          "Nitzschia palea",
          "Skeletonema potamos",
          "Staurosirella ovata",
          "Surirella lacrimula",
          "Cyclotella pseudostelligera",
          "Cyclostephanos dubius",
          "Aulacoseira granulata",
          "Skeletonema subsalsum",
          "Cyclostephanos invisitatus",
          "Mallomonas",
          "Cocconeis placentula var. lineata",
          "Lindavia balatonis",
          "Melosira varians",
          "Cyclotella meneghiniana",
          "Ulnaria ulna",
          "Plagioselmis nannoplanctica",
          "Achnanthidium minutissimum",
          "Kephyrion rubri-claustri",
          "Monoraphidium tortile",
          "Gyrosigma sciotense",
          "Kephyrion",
          "Asterionella formosa",
          "Chrysococcus rufescens",
          "Chrysococcus",
          "Chrysococcus biporus",
          "Kephyrion planctonicum",
          "Gomphonema minutum",
          "Phacus longicauda",
          "Monoraphidium contortum",
          "Pantocsekiella costei",
          "Pseudanabaena limnetica",
          "Lemmermannia triangularis",
          "Nitzschia fonticola",
          "Chlorophyta",
          "Aulacoseira ambigua",
          "Amphora ovalis",
          "Planktothrix",
          "Cryptomonas marssonii",
          "Navicula tripunctata",
          "Nitzschia sigmoidea",
          "Desmodesmus armatus",
          "Coelastrum microporum",
          "Nitzschia costei",
          "Desmodesmus communis",
          "Stephanodiscus neoastraea",
          "Staurosira venter",
          "Ulnaria",
          "Rhodomonas lens",
          "Cymbella affinis",
          "Aulacoseira granulata var. angustissima",
          "Chlamydomonas globosa",
          "Pseudostaurosira brevistriata",
          "Oocystis parva",
          "Dinobryon sociale var. americanum",
          "Planothidium lanceolatum",
          "Aulacoseira pusilla",
          "Cocconeis placentula var. euglypta",
          "Stephanodiscus hantzschii f. tenuis",
          "Navicula lanceolata",
          "Dryops",
          "Procloeon",
          "Baetis lato sensu",
          "Vaucheria",
          "Rhynchostegium riparioides",
          "Spirogyra",
          "Lyngbya",
          "Cladophora",
          "Sparganium emersum",
          "Melosira",
          "Cinclidotus riparius",
          "Phormidium",
          "Cratoneuron filicinum",
          "Rorippa amphibia",
          "Potamogeton nodosus",
          "Staurosirella pinnata",
          "Staurosira oldenburgiana",
          "Sellaphora atomoides",
          "Surirella brebissonii var. kuetzingii",
          "Cocconeis neothumensis",
          "Berkeleya rutilans",
          "Achnanthidium rivulare",
          "Achnanthidium affine",
          "Fallacia subhamulata",
          "Fallacia mitis",
          "Caloneis lancettula",
          "Planothidium rostratoholarcticum",
          "Navicula cari",
          "Mayamaea atomus",
          "Planothidium frequentissimum",
          "Karayevia clevei",
          "Navicula gregaria",
          "Nitzschia solgensis",
          "Sellaphora nigri",
          "Luticola goeppertiana",
          "Diatoma vulgare",
          "Bacillariophyceae",
          "Desmodesmus bicaudatus",
          "Achnanthidium",
          "Pseudodidymocystis planctonica",
          "Merismopedia glauca",
          "Plagioselmis lacustris",
          "Colacium elongatum",
          "Desmodesmus intermedius",
          "Cocconeis",
          "Phacus oscillans",
          "Cymatopleura solea",
          "Nitzschia",
          "Cymatopleura elliptica",
          "Bacillariophyta",
          "Tryblionella angustatula",
          "Kirchneriella obesa",
          "Gomphonema parvulum",
          "Desmodesmus grahneisii",
          "Tetraedron minimum",
          "Cocconeis pseudolineata",
          "Scenedesmus obtusus",
          "Scenedesmus ellipticus",
          "Desmodesmus armatus var. bicaudatus",
          "Scenedesmus quadricauda",
          "Hariotina reticulata",
          "Surirella helvetica",
          "Cocconeis placentula",
          "Thalassiosira gessneri",
          "Nitzschia vermicularis",
          "Planothidium rostratum",
          "Monoraphidium komarkovae",
          "Mallomonas akrokomos",
          "Scenedesmus",
          "Navicula cryptocephala",
          "Pediastrum duplex",
          "Sellaphora pupula",
          "Pseudanabaena acicularis",
          "Tryblionella brunoi",
          "Staurastrum",
          "Chrysophyceae",
          "Tetraselmis cordiformis",
          "Cryptomonas",
          "Rhodomonas",
          "Peridiniopsis cunningtonii",
          "Gyrosigma",
          "Pandorina morum",
          "Oedogonium",
          "Ceratophyllum demersum",
          "Leptodictyum riparium",
          "Fissidens fontanus",
          "Myriophyllum spicatum",
          "Rhizoclonium",
          "Chelicorophium",
          "Sisyra",
          "Hemimysis",
          "Lymnaeidae",
          "Diploneis",
          "Chroomonas coerulea",
          "Gomphonema",
          "Encyonema",
          "Cryptomonas curvata",
          "Surirella",
          "Mallomonas mangofera",
          "Geissleria acceptata",
          "Gomphonema supertergestinum",
          "Hippodonta costulata",
          "Sellaphora saugerresii",
          "Kolbesia gessneri",
          "Achnanthidium eutrophilum",
          "Navicula caterva",
          "Nitzschia oligotraphenta",
          "Rhoicosphenia abbreviata",
          "Cocconeis euglypta",
          "Amphora indistincta",
          "Fallacia lenzii",
          "Navicula cryptotenelloides",
          "Pseudostaurosira sopotensis",
          "Nitzschia bulnheimiana",
          "Achnanthidium druartii",
          "Planothidium granum",
          "Diploneis oculata",
          "Diploneis praetermissa",
          "Encyonema prostratum",
          "Nitzschia filiformis var. conferta",
          "Nitzschia filiformis",
          "Navicula germainii",
          "Nitzschia microcephala",
          "Staurosirella",
          "Bacillaria paxillifera",
          "Craticula subminuscula",
          "Cymatopleura solea var. solea",
          "Encyonema caespitosum",
          "Gyrosigma attenuatum",
          "Navicula trivialis var. trivialis",
          "Platessa hustedtii",
          "Dreissenidae",
          "Physa lato-sensu",
          "Centroptilum",
          "Ephemera",
          "Microspora",
          "Elodea nuttalii",
          "Sagittaria sagittifolia",
          "Oscillatoria",
          "Thalassiosira lacustris",
          "Planothidium minutissimum",
          "Gomphonema parvulum var. parvulum f. parvulum",
          "Simonsenia delognei",
          "Cymbella affinis var. affinis",
          "Mayamaea permitis",
          "Sellaphora utermoehlii",
          "Discostella pseudostelligera",
          "Navicula cataracta-rheni",
          "Navigeia decussis",
          "Staurosira construens",
          "Sellaphora schaumburgii",
          "Leptoceridae",
          "Stephanodiscus parvus",
          "Caloneis bacillum",
          "Navicula reichardtiana var. reichardtiana",
          "Gyrosigma nodiferum",
          "Encyonema ventricosum",
          "Cymbella helvetica",
          "Eolimna minima",
          "Fragilaria capucina var. vaucheriae",
          "Fragilaria gracilis",
          "Navicula difficillimoides",
          "Navicula hintzii",
          "Fragilaria ulna var. acus",
          "Cocconeis euglyptoides",
          "Cocconeis pediculus",
          "Achnanthes ploenensis var. gessneri",
          "Nitzschia dissipata var. media",
          "Nitzschia angustatula",
          "Nitzschia agnita",
          "Nitzschia gracilis",
          "Nitzschia pusilla",
          "Reimeria sinuata",
          "Fistulifera saprophila",
          "Nitzschia media",
          "Eolimna subminuscula",
          "Fallacia sublucidula",
          "Amphora inariensis",
          "Navicula simulata",
          "Gomphonema truncatum",
          "Navicula arvensis",
          "Staurosira brevistriata",
          "Mayamaea ingenua",
          "Achnanthes lanceolata ssp. frequentissima var. rostratiformis",
          "Staurosira lapponica",
          "Staurosira mutabilis",
          "Caloneis fontinalis",
          "Nitzschia supralitorea",
          "Navicula ingenua",
          "Navicula veneta",
          "Eolimna rotunda",
          "Cymbella cistula",
          "Planothidium hauckianum",
          "Gomphonema lingulatiformis",
          "Fragilaria brevistriata",
          "Fragilaria capucina var. capucina",
          "Platessa conspicua",
          "Ellerbeckia arenaria",
          "Gomphonema lagenula",
          "Staurosira leptostauron",
          "Frustulia vulgaris",
          "Punctastriata lancettula",
          "Hippodonta neglecta",
          "Nitzschia linearis var. subtilis",
          "Psammothidium lauenburgianum",
          "Encyonema minutum",
          "Diadesmis contenta",
          "Karayevia laterostrata",
          "Halamphora montana",
          "Karayevia ploenensis",
          "Mayamaea atomus var. permitis",
          "Tryblionella kuetzingii",
          "Navicula upsaliensis",
          "Navicula erifuga",
          "Luticola ventricosa",
          "Staurosira",
          "Sellaphora seminulum",
          "Navicula rostellata",
          "Nitzschia liebetruthii var. liebetruthii",
          "Navicula kotschyi",
          "Karayevia",
          "Cymbella compacta",
          "Achnanthidium straubianum",
          "Placoneis pseudanglica",
          "Cinclidotus fontinaloides",
          "Eurhynchium hians",
          "Octodiceras fontanum",
          "Sparganium emersum f. longissimum",
          "Nitella mucronata",
          "Sirogonium",
          "Conocephalum conicum",
          "Marchantia polymorpha subsp. montivagans",
          "Pellia endiviifolia",
          "Bryum pseudotriquetrum",
          "Kindbergia praelonga",
          "Barbarea vulgaris",
          "Brachythecium rivulare",
          "Amblystegium serpens",
          "Ulothrix",
          "Nephrodiella",
          "Ankistrodesmus arcuatus",
          "Pseudopediastrum boryanum",
          "Pseudopedinella elastica",
          "Tetrastrum elegans",
          "Treubaria",
          "Tetradesmus dimorphus",
          "Strombomonas",
          "Cyclotella radiosa",
          "Cyclotella meduanae",
          "Achnanthidium pyrenaicum",
          "Granulocystis helenae",
          "Limnococcus limneticus",
          "Monoraphidium griffithii",
          "Crucigenia quadrata",
          "Stichococcus",
          "Rhabdoderma lineare",
          "Aphanocapsa delicatissima",
          "Dangeardinia pseudopertusa",
          "Monoraphidium nanum",
          "Gammaridae",
          "Protonemura",
          "Corophiidae",
          "Athericidae",
          "Encyonopsis subminuta",
          "Gomphonema italicum",
          "Planothidium pumilum",
          "Planothidium",
          "Pseudostaurosira medliniae",
          "Sellaphora",
          "Punctastriata ovalis",
          "Staurosira binodis",
          "Erkenia subaequiciliata",
          "Euglena",
          "Amphora",
          "Synura",
          "Culicidae",
          "Amphora veneta",
          "Achnanthidium lauenburgianum",
          "Gomphonema pumilum var. rigidum",
          "Caloneis schumanniana",
          "Ephydridae",
          "Heptagenia",
          "Cloeon",
          "Heptageniidae",
          "Dendrocoelum lacteum",
          "Hemerodromiinae",
          "Hydroptila",
          "Hydracarina",
          "Achnanthidium delmontii",
          "Fissidens crassipes",
          "Fontinalis antipyretica",
          "Reimeria uniseriata",
          "Nitzschia inconspicua",
          "Tryblionella levidensis",
          "Raphidocelis danubiana",
          "Navicula",
          "Gomphonema tergestinum",
          "Chrysidalis peritaphrena",
          "Gymnodinium",
          "Cryptomonas pyrenoidifera",
          "Mysis",
          "Craticula molestiformis",
          "Amphora copulata",
          "Karayevia kolbei",
          "Navicula recens",
          "Diploneis separanda",
          "Gomphonema parvulum f. saprophilum",
          "Cymbella tumida",
          "Karayevia ploenensis var. gessneri",
          "Navicula radiosafallax",
          "Sellaphora hustedtii",
          "Compsopogon",
          "Scrophularia auriculata",
          "Hildenbrandia",
          "Planktosphaeria gelatinosa",
          "Scenedesmus caudato-aculeolatus",
          "Platessa bahlsii",
          "Jaera",
          "Limnomysis",
          "Bithynia",
          "Ecnomus",
          "Platycnemis",
          "Dendrocoelidae",
          "Hydrozoa",
          "Limnephilinae",
          "Nitzschia fruticosa",
          "Pseudodidymocystis fina",
          "Tetrastrum staurogeniaeforme",
          "Amphora pediculus",
          "Navicula capitatoradiata",
          "Nitzschia recta",
          "Cryptomonas ovata",
          "Lemmermannia tetrapedia",
          "Desmodesmus abundans",
          "Desmodesmus aculeolatus",
          "Cymatopleura solea var. apiculata",
          "Simuliidae",
          "Nuphar lutea",
          "Fragilaria pectinalis",
          "Scenedesmus obtusus f. disciformis",
          "Navicula antonii",
          "Vallisneria spiralis",
          "Potamogeton pectinatus",
          "Monoraphidium skujae",
          "Cocconeis pseudothumensis",
          "Cocconeis placentula var. placentula",
          "Gomphonema olivaceum",
          "Amphora macedoniensis",
          "Geissleria decussis",
          "Nitzschia archibaldii",
          "Encyonema silesiacum",
          "Diploneis oblongella",
          "Cyclotella wuethrichiana",
          "Gomphosphenia lingulatiformis",
          "Eolimna minima abnormal form",
          "Caloneis molaris",
          "Encyonema bonapartei",
          "Achnanthidium subatomus",
          "Anguilla anguilla",
          "Squalius cephalus",
          "Gymnocephalus cernuus",
          "Esox lucius",
          "Rutilus rutilus",
          "Gobio gobio",
          "Alburnus alburnus",
          "Cottus gobio",
          "Barbus barbus",
          "Rhodeus amarus",
          "Leuciscus leuciscus",
          "Cyprinus carpio",
          "Faxonius limosus",
          "Silurus glanis",
          "Leuciscus idus",
          "Chondrostoma nasus",
          "Barbatula barbatula",
          "Neogobius melanostomus",
          "Tinca tinca",
          "Gasterosteus aculeatus aculeatus",
          "Perca fluviatilis"
        ],
        "codes_indices": [
          "6951",
          "6959",
          "6955",
          "9140",
          "9141",
          "9143",
          "9126",
          "9142",
          "8130",
          "8992",
          "8991",
          "8990",
          "8989",
          "8988",
          "8987",
          "2928",
          "8063",
          "7973",
          "5856",
          "8060",
          "8059",
          "1022",
          "1080",
          "6335",
          "6350",
          "7613",
          "8054",
          "8055",
          "8056",
          "8057",
          "8058",
          "8050",
          "7036",
          "7787",
          "7786",
          "7746",
          "7745",
          "7744",
          "7743",
          "7644"
        ],
        "libelles_indices": [
          "Indice macroinvertébrés grands cours d'eau - 12 prélèvements",
          "Groupe Faunistique Indicateur macroinvertébrés grands cours d'eau - 12 prélèvements",
          "Variété taxonomique macroinvertébrés grands cours d'eau - 12 prélèvements",
          "Métrique de Biomasse Phytoplanctonique en EQR de l'Indice Phytoplancton Grands Cours d’Eau Métropole (IPHYGE)",
          "Métrique de composition générique du phosphore en EQR de l'Indice Phytoplancton Grands Cours d’Eau Métropole (IPHYGE)",
          "Métrique de composition spécifique du nitrate en EQR de l'Indice Phytoplancton Grands Cours d’Eau Métropole (IPHYGE)",
          "Note en EQR de l'Indice Phytoplancton Grands Cours d’Eau Métropole (IPHYGE)",
          "Métrique de composition générique de l’azote en EQR de l'Indice Phytoplancton Grands Cours d’Eau Métropole (IPHYGE)",
          "Nombre de taxons contributifs de MGCE 12 prélèvements",
          "Métrique du niveau de spécialisation moyen en matière de ressources trophiques utilisées pour l'I2M2_CEP",
          "Métrique de richesse relative des taxons (groupe B) pour l'I2M2_CEP",
          "Métrique aquatique, passive (Dispersion) de l'I2M2_CEP",
          "Métrique β-mesosaprobe de l'I2M2_CEP",
          "Métrique Ovoviviparite de l'I2M2_CEP",
          "Indice Invertébrés Multimétrique - Cours d'eau profonds (I2M2_CEP)",
          "Indice Biologique Macrophytique en Rivière (I.B.M.R.)",
          "Note IBMR robuste",
          "Nombre de Taxons IBMR totaux",
          "Indice Biologique Diatomées (IBD)",
          "Nombre de taxons contributifs de l'IBD",
          "Nombre d'unités diatomiques contributives",
          "Indice polluosensibilité spécifique (I.P.S.)",
          "Indice Biologique Diatomées ancien",
          "Variété taxonomique de l'IBD 2007",
          "Variété taxonomique de l'IBMR",
          "Indice Invertébrés Multimétrique (I2M2)",
          "Métrique Richesse Taxonomique de l'I2M2",
          "Métrique Ovoviviparite de l'I2M2",
          "Métrique Polyvoltinisme de l'I2M2",
          "Métrique ASPT de l'I2M2",
          "Métrique Indice de Shannon de l'I2M2",
          "Nombre de taxons contributifs de l'I2M2",
          "Indice Poisson Rivière (IPR)",
          "Score de la métrique densité totale d'individus (DTI)",
          "Score de la métrique densité d'individus tolérants (DIT)",
          "Score de la métrique densité d'individus omnivores (DIO)",
          "Score de la métrique densité d'individus invertivores (DII)",
          "Score de la métrique nombre d'espèces rhéophiles (NER)",
          "Score de la métrique nombre d'espèces lithophiles (NEL)",
          "Score de la métrique nombre total d’espèces (NTE)"
        ],
        "latitude": 49.084370916613864,
        "longitude": 2.204057120153075,
        "date_premier_prelevement": "2008-10-09",
        "date_dernier_prelevement": "2024-10-22"
      },
      "geometry": {
        "type": "Point",
        "crs": {
          "type": "name",
          "properties": {
            "name": "urn:ogc:def:crs:OGC:1.3:CRS84"
          }
        },
        "coordinates": [
          2.204057120153075,
          49.084370916613864
        ]
      }
    },
    {
      "type": "Feature",
      "properties": {
        "code_station_hydrobio": "03139015",
        "libelle_station_hydrobio": "LE RU DE LIESSE A SAINT-OUEN-L'AUMONE 1",
        "uri_station_hydrobio": "https://id.eaufrance.fr/StationMesureEauxSurface/03139015",
        "coordonnee_x": 636167.0,
        "coordonnee_y": 6882240.0,
        "code_projection": "2154",
        "code_cours_eau": null,
        "libelle_cours_eau": null,
        "uri_cours_eau": null,
        "code_masse_eau": "HR228A-H2278000",
        "libelle_masse_eau": "ru de liesse",
        "uri_masse_eau": "https://id.eaufrance.fr/MasseDEauRiviere_VEDL2019/HR228A-H2278000",
        "code_sous_bassin": "FRH_IF",
        "libelle_sous_bassin": "Ile de France",
        "code_bassin": "H",
        "libelle_bassin": "La Seine et les cours d'eau côtiers normands",
        "code_commune": "95572",
        "libelle_commune": "Saint-Ouen-l'Aumône",
        "code_departement": "95",
        "libelle_departement": "Val-d'Oise",
        "code_region": "11",
        "libelle_region": "Île-de-France",
        "codes_reseaux": [
          "0300000207",
          "0300000211"
        ],
        "libelles_reseaux": [
          "Réseau de gestion des eaux superficielles de la DRIF",
          "Réseau de gestion des eaux superficielles de la DSAM"
        ],
        "codes_supports": [
          "10",
          "13"
        ],
        "libelles_supports": [
          "Diatomées benthiques",
          "Macroinvertébrés aquatiques"
        ],
        "codes_appel_taxons": [
          "9049",
          "8393",
          "14114",
          "43145",
          "43146",
          "8820",
          "43263",
          "11785",
          "9356",
          "7076",
          "17937",
          "7226",
          "7111",
          "41890",
          "7588",
          "7874",
          "8987",
          "8206",
          "8420",
          "1056",
          "807",
          "841",
          "892",
          "880",
          "3072",
          "1043",
          "1042",
          "1033",
          "978",
          "1004",
          "19280",
          "928",
          "908",
          "933",
          "1064",
          "824",
          "32031",
          "9419",
          "13281",
          "8797",
          "7779",
          "7787",
          "20686",
          "8445",
          "9449",
          "7777",
          "14703",
          "15443",
          "9794",
          "1077",
          "995",
          "998",
          "1028",
          "783",
          "3159",
          "753",
          "819",
          "3127",
          "888",
          "8847",
          "201",
          "7116",
          "12097",
          "994",
          "5116",
          "3168"
        ],
        "libelles_appel_taxons": [
          "Nitzschia supralitorea",
          "Planothidium frequentissimum",
          "Gomphonema parvulum var. parvulum f. parvulum",
          "Sellaphora saugerresii",
          "Sellaphora nigri",
          "Nitzschia amphibia",
          "Sellaphora atomoides",
          "Cocconeis euglypta",
          "Achnanthidium",
          "Achnanthidium minutissimum",
          "Planothidium lanceolatum",
          "Cocconeis pediculus",
          "Amphora ovalis",
          "Craticula subminuscula",
          "Fallacia subhamulata",
          "Navicula cryptocephala",
          "Nitzschia palea",
          "Navicula veneta",
          "Rhoicosphenia abbreviata",
          "Dugesia",
          "Chironomidae",
          "Rhagionidae",
          "Gammarus",
          "Asellidae",
          "Musculium",
          "Pisidium",
          "Sphaeriidae",
          "Acroloxus",
          "Potamopyrgus",
          "Radix",
          "Physella",
          "Erpobdellidae",
          "Glossiphoniidae",
          "Oligochaeta",
          "Polycelis",
          "Stratiomyidae",
          "Psammothidium lauenburgianum",
          "Eolimna minima",
          "Eolimna subminuscula",
          "Hantzschia amphioxys",
          "Luticola cohnii",
          "Luticola ventricosa",
          "Mayamaea atomus var. permitis",
          "Sellaphora seminulum",
          "Encyonopsis minuta",
          "Hippodonta capitata",
          "Mayamaea atomus",
          "Nitzschia filiformis",
          "Baetis lato sensu",
          "Hydra",
          "Physidae",
          "Lymnaeidae",
          "Ancylus",
          "Psychodidae",
          "Mermithoidea",
          "Tipulidae",
          "Ceratopogonidae",
          "Cladocera",
          "Echinogammarus",
          "Nitzschia capitellata",
          "Agraylea",
          "Amphora pediculus",
          "Cocconeis placentula var. placentula",
          "Bithynia",
          "Crangonyx",
          "Hydrozoa"
        ],
        "codes_indices": [
          "1022",
          "5856",
          "8060",
          "8059",
          "5910",
          "6034",
          "6035",
          "8058",
          "8057",
          "8056",
          "8055",
          "8054",
          "7613",
          "8050",
          "6335"
        ],
        "libelles_indices": [
          "Indice polluosensibilité spécifique (I.P.S.)",
          "Indice Biologique Diatomées (IBD)",
          "Nombre de taxons contributifs de l'IBD",
          "Nombre d'unités diatomiques contributives",
          "Indice dit \"équivalent\" (Phases A+B) de la méthode macroinvertébrés NF T90-333 ou protocole RCS antérieur",
          "Variété taxonomique de l'indice dit \"équivalent\" (Phases A+B) de la méthode macroinvertébrés NF T90-333 ou protocole RCS antérieur",
          "Groupe Faunistique Indicateur de l'indice dit \"équivalent\" (Phases A+B) de la méthode macroinvertébrés NF T90-333 ou protocole RCS antérieur",
          "Métrique Indice de Shannon de l'I2M2",
          "Métrique ASPT de l'I2M2",
          "Métrique Polyvoltinisme de l'I2M2",
          "Métrique Ovoviviparite de l'I2M2",
          "Métrique Richesse Taxonomique de l'I2M2",
          "Indice Invertébrés Multimétrique (I2M2)",
          "Nombre de taxons contributifs de l'I2M2",
          "Variété taxonomique de l'IBD 2007"
        ],
        "latitude": 49.0368704681876,
        "longitude": 2.126990991346213,
        "date_premier_prelevement": "2017-07-03",
        "date_dernier_prelevement": "2022-09-14"
      },
      "geometry": {
        "type": "Point",
        "crs": {
          "type": "name",
          "properties": {
            "name": "urn:ogc:def:crs:OGC:1.3:CRS84"
          }
        },
        "coordinates": [
          2.126990991346213,
          49.0368704681876
        ]
      }
    },
    {
      "type": "Feature",
      "properties": {
        "code_station_hydrobio": "03139019",
        "libelle_station_hydrobio": "L'OISE A AUVERS-SUR-OISE 1",
        "uri_station_hydrobio": "https://id.eaufrance.fr/StationMesureEauxSurface/03139019",
        "coordonnee_x": 637440.0,
        "coordonnee_y": 6885571.0,
        "code_projection": "2154",
        "code_cours_eau": null,
        "libelle_cours_eau": null,
        "uri_cours_eau": null,
        "code_masse_eau": null,
        "libelle_masse_eau": null,
        "uri_masse_eau": null,
        "code_sous_bassin": null,
        "libelle_sous_bassin": null,
        "code_bassin": null,
        "libelle_bassin": null,
        "code_commune": "95039",
        "libelle_commune": "Auvers-sur-Oise",
        "code_departement": "95",
        "libelle_departement": "Val-d'Oise",
        "code_region": "11",
        "libelle_region": "Île-de-France",
        "codes_reseaux": [
          "0600000421"
        ],
        "libelles_reseaux": [
          "Réseau de suivi local des opérations de restauration hydromorphologique sur deux petits affluents du lac des Rousses (39)"
        ],
        "codes_supports": [
          "4"
        ],
        "libelles_supports": [
          "Poissons"
        ],
        "codes_appel_taxons": [
          "2038",
          "2151",
          "2135",
          "2133",
          "2113",
          "2090",
          "2086",
          "2193"
        ],
        "libelles_appel_taxons": [
          "Anguilla anguilla",
          "Esox lucius",
          "Scardinius erythrophthalmus",
          "Rutilus rutilus",
          "Gobio gobio",
          "Alburnus alburnus",
          "Abramis brama",
          "Perca fluviatilis"
        ],
        "codes_indices": null,
        "libelles_indices": null,
        "latitude": 49.06694492336176,
        "longitude": 2.143905846428987,
        "date_premier_prelevement": "1990-05-02",
        "date_dernier_prelevement": "1990-05-02"
      },
      "geometry": {
        "type": "Point",
        "crs": {
          "type": "name",
          "properties": {
            "name": "urn:ogc:def:crs:OGC:1.3:CRS84"
          }
        },
        "coordinates": [
          2.143905846428987,
          49.06694492336176
        ]
      }
    },
    {
      "type": "Feature",
      "properties": {
        "code_station_hydrobio": "03140325",
        "libelle_station_hydrobio": "LA VIOSNE A CHARS 1",
        "uri_station_hydrobio": "https://id.eaufrance.fr/StationMesureEauxSurface/03140325",
        "coordonnee_x": 622479.0,
        "coordonnee_y": 6896240.0,
        "code_projection": "2154",
        "code_cours_eau": "H2280600",
        "libelle_cours_eau": "La Viosne",
        "uri_cours_eau": "https://id.eaufrance.fr/CoursEau_Carthage2017/H2280600",
        "code_masse_eau": "HR229",
        "libelle_masse_eau": "la Viosne de sa source au confluent de l Oise  exclu",
        "uri_masse_eau": "https://id.eaufrance.fr/MasseDEauRiviere_VEDL2019/HR229",
        "code_sous_bassin": "FRH_IF",
        "libelle_sous_bassin": "Ile de France",
        "code_bassin": "H",
        "libelle_bassin": "La Seine et les cours d'eau côtiers normands",
        "code_commune": "95142",
        "libelle_commune": "Chars",
        "code_departement": "95",
        "libelle_departement": "Val-d'Oise",
        "code_region": "11",
        "libelle_region": "Île-de-France",
        "codes_reseaux": [
          "0300000207",
          "0300000211",
          "0300000215"
        ],
        "libelles_reseaux": [
          "Réseau de gestion des eaux superficielles de la DRIF",
          "Réseau de gestion des eaux superficielles de la DSAM",
          "Réseau de gestion hydrobiologique de la DIREN Ile de France"
        ],
        "codes_supports": [
          "13",
          "10",
          "27"
        ],
        "libelles_supports": [
          "Macroinvertébrés aquatiques",
          "Diatomées benthiques",
          "Macrophytes"
        ],
        "codes_appel_taxons": [
          "212",
          "1089",
          "933",
          "908",
          "928",
          "972",
          "1009",
          "1043",
          "880",
          "892",
          "888",
          "704",
          "807",
          "819",
          "622",
          "502",
          "457",
          "383",
          "364",
          "312",
          "1004",
          "978",
          "887",
          "837",
          "783",
          "831",
          "310",
          "1087",
          "650",
          "648",
          "793",
          "625",
          "623",
          "618",
          "2395",
          "231",
          "224",
          "311",
          "305",
          "8444",
          "6751",
          "7881",
          "28635",
          "9034",
          "7076",
          "8190",
          "7408",
          "18821",
          "11981",
          "14104",
          "11785",
          "10597",
          "8609",
          "8635",
          "8393",
          "28559",
          "9419",
          "13578",
          "6761",
          "9449",
          "7948",
          "8554",
          "8615",
          "32463",
          "8731",
          "17937",
          "6768",
          "9356",
          "8619",
          "7232",
          "14132",
          "14397",
          "20727",
          "8875",
          "10372",
          "7078",
          "9361",
          "12414",
          "13128",
          "7582",
          "14114",
          "7745",
          "7748",
          "8987",
          "28006",
          "16638",
          "9079",
          "8492",
          "34824",
          "16721",
          "8193",
          "8719",
          "7642",
          "46905",
          "8789",
          "46894",
          "11360",
          "42876",
          "8955",
          "8781",
          "14001",
          "13813",
          "7448",
          "10586",
          "29112",
          "15082",
          "14352",
          "14703",
          "13717",
          "32665",
          "42884",
          "7588",
          "8420",
          "42873",
          "18855",
          "7882",
          "1543",
          "1169",
          "2000",
          "1671",
          "1763",
          "1692",
          "1626",
          "1601",
          "1237",
          "30053",
          "1557",
          "1703",
          "1700",
          "1077",
          "1064",
          "3170",
          "740",
          "451",
          "9794",
          "20",
          "757",
          "838",
          "608",
          "236",
          "286",
          "2393",
          "5196",
          "241",
          "3159",
          "998",
          "387",
          "3206",
          "1061",
          "3127",
          "223",
          "7218",
          "7107",
          "7844",
          "7171",
          "8394",
          "6648",
          "7225",
          "7719",
          "7040",
          "8419",
          "16490",
          "7229",
          "906",
          "198",
          "200",
          "11835",
          "8847",
          "14452",
          "7101",
          "1910",
          "1577",
          "363",
          "18123",
          "719",
          "3168",
          "1071",
          "801",
          "3163",
          "7116",
          "9016",
          "12097",
          "7803",
          "8870",
          "657",
          "6765"
        ],
        "libelles_appel_taxons": [
          "Hydropsyche",
          "Nematoda",
          "Oligochaeta",
          "Glossiphoniidae",
          "Erpobdellidae",
          "Valvata",
          "Planorbidae",
          "Pisidium",
          "Asellidae",
          "Gammarus",
          "Echinogammarus",
          "Sialis",
          "Chironomidae",
          "Ceratopogonidae",
          "Oulimnius",
          "Ephemera",
          "Caenis",
          "Centroptilum",
          "Baetis",
          "Mystacides",
          "Radix",
          "Potamopyrgus",
          "Gammaridae",
          "Tabanidae",
          "Psychodidae",
          "Empididae",
          "Leptoceridae",
          "Bryozoa",
          "Calopteryx",
          "Odonata",
          "Dixidae",
          "Riolus",
          "Limnius",
          "Elmis",
          "Colymbetinae",
          "Polycentropus",
          "Cyrnus",
          "Athripsodes",
          "Lepidostoma",
          "Sellaphora pupula",
          "Pseudostaurosira brevistriata",
          "Navicula cryptotenella",
          "Amphora indistincta",
          "Nitzschia sociabilis",
          "Achnanthidium minutissimum",
          "Navicula tripunctata",
          "Diploneis oculata",
          "Staurosira venter",
          "Caloneis lancettula",
          "Gyrosigma sciotense",
          "Cocconeis euglypta",
          "Achnanthidium pyrenaicum",
          "Cyclotella comensis",
          "Cyclotella ocellata",
          "Planothidium frequentissimum",
          "Punctastriata lancettula",
          "Eolimna minima",
          "Fallacia lenzii",
          "Staurosira construens",
          "Encyonopsis minuta",
          "Navicula gregaria",
          "Aulacoseira ambigua",
          "Cyclotella costei",
          "Karayevia clevei",
          "Puncticulata radiosa",
          "Planothidium lanceolatum",
          "Staurosirella pinnata",
          "Achnanthidium",
          "Cyclotella distinguenda var. distinguenda",
          "Cocconeis placentula var. lineata",
          "Gomphonema pumilum var. rigidum",
          "Hippodonta neglecta",
          "Navicula difficillimoides",
          "Nitzschia dissipata",
          "Achnanthidium eutrophilum",
          "Achnanthidium straubianum",
          "Cocconeis",
          "Cyclotella delicatula",
          "Encyonopsis subminuta",
          "Fallacia helensis",
          "Gomphonema parvulum var. parvulum f. parvulum",
          "Gyrosigma acuminatum",
          "Gyrosigma attenuatum",
          "Nitzschia palea",
          "Nitzschia puriformis",
          "Navicula upsaliensis",
          "Simonsenia delognei",
          "Surirella brebissonii var. kuetzingii",
          "Pseudofallacia monoculata",
          "Navicula vilaplanii",
          "Navicula trophicatrix",
          "Melosira varians",
          "Gomphonema clavatum",
          "Diploneis praetermissa",
          "Denticula kuetzingii var. kuetzingii",
          "Diploneis calcilacustris",
          "Cymbella lancettula",
          "Pantocsekiella ocellata",
          "Nitzschia linearis",
          "Gomphonema",
          "Gomphonema minutum",
          "Gomphonema cuneolus",
          "Encyonopsis microcephala",
          "Achnanthidium lauenburgianum",
          "Pseudostaurosira medliniae",
          "Navicula catalanogermanica",
          "Hippodonta hungarica",
          "Mayamaea atomus",
          "Fallacia sublucidula",
          "Fallacia mitis",
          "Tryblionella kuetzingii",
          "Fallacia subhamulata",
          "Rhoicosphenia abbreviata",
          "Pantocsekiella comensis",
          "Staurosirella ovata",
          "Navicula cryptotenelloides",
          "Agrostis stolonifera",
          "Vaucheria",
          "Urtica dioica",
          "Sparganium erectum",
          "Nasturtium officinale",
          "Myosotis scorpioides",
          "Lemna minor",
          "Iris pseudacorus",
          "Hygroamblystegium fluviatile",
          "Helosciadium nodiflorum",
          "Deschampsia cespitosa",
          "Callitriche stagnalis",
          "Callitriche obtusangula",
          "Hydra",
          "Polycelis",
          "Ostracoda",
          "Hydrometra",
          "Ephemerella ignita",
          "Baetis lato sensu",
          "Nemouridae",
          "Limoniidae",
          "Athericidae",
          "Hydraena",
          "Neureclipsis",
          "Goeridae",
          "Hydroporinae",
          "Corixinae",
          "Lype",
          "Mermithoidea",
          "Lymnaeidae",
          "Cloeon",
          "Copepoda",
          "Planariidae",
          "Cladocera",
          "Polycentropodidae",
          "Cocconeis disculus",
          "Amphora inariensis",
          "Navicula cari",
          "Caloneis bacillum",
          "Planothidium rostratum",
          "Fragilaria brevistriata",
          "Cocconeis neothumensis",
          "Gomphonema pumilum",
          "Achnanthes rupestoides",
          "Reimeria sinuata",
          "Nitzschia solgensis",
          "Cocconeis placentula var. euglypta",
          "Hydracarina",
          "Ithytrichia",
          "Hydroptila",
          "Diploneis separanda",
          "Nitzschia capitellata",
          "Karayevia kolbei",
          "Amphora copulata",
          "Ranunculus repens",
          "Phalaris arundinacea",
          "Baetidae",
          "Reimeria uniseriata",
          "Micronecta",
          "Hydrozoa",
          "Dendrocoelidae",
          "Simuliidae",
          "Limnephilinae",
          "Amphora pediculus",
          "Nitzschia recta",
          "Cocconeis placentula var. placentula",
          "Navicula antonii",
          "Nitzschia desertorum",
          "Platycnemis",
          "Staurosirella lapponica"
        ],
        "codes_indices": [
          "5910",
          "6035",
          "6034",
          "5856",
          "1022",
          "6335",
          "2928",
          "7973",
          "8050",
          "7613",
          "8054",
          "8055",
          "8056",
          "8057",
          "8058"
        ],
        "libelles_indices": [
          "Indice dit \"équivalent\" (Phases A+B) de la méthode macroinvertébrés NF T90-333 ou protocole RCS antérieur",
          "Groupe Faunistique Indicateur de l'indice dit \"équivalent\" (Phases A+B) de la méthode macroinvertébrés NF T90-333 ou protocole RCS antérieur",
          "Variété taxonomique de l'indice dit \"équivalent\" (Phases A+B) de la méthode macroinvertébrés NF T90-333 ou protocole RCS antérieur",
          "Indice Biologique Diatomées (IBD)",
          "Indice polluosensibilité spécifique (I.P.S.)",
          "Variété taxonomique de l'IBD 2007",
          "Indice Biologique Macrophytique en Rivière (I.B.M.R.)",
          "Nombre de Taxons IBMR totaux",
          "Nombre de taxons contributifs de l'I2M2",
          "Indice Invertébrés Multimétrique (I2M2)",
          "Métrique Richesse Taxonomique de l'I2M2",
          "Métrique Ovoviviparite de l'I2M2",
          "Métrique Polyvoltinisme de l'I2M2",
          "Métrique ASPT de l'I2M2",
          "Métrique Indice de Shannon de l'I2M2"
        ],
        "latitude": 49.16122882286799,
        "longitude": 1.9372313925021938,
        "date_premier_prelevement": "2012-08-28",
        "date_dernier_prelevement": "2019-07-16"
      },
      "geometry": {
        "type": "Point",
        "crs": {
          "type": "name",
          "properties": {
            "name": "urn:ogc:def:crs:OGC:1.3:CRS84"
          }
        },
        "coordinates": [
          1.9372313925021938,
          49.16122882286799
        ]
      }
    },
    {
      "type": "Feature",
      "properties": {
        "code_station_hydrobio": "03140332",
        "libelle_station_hydrobio": "LA VIOSNE A CHARS 2",
        "uri_station_hydrobio": "https://id.eaufrance.fr/StationMesureEauxSurface/03140332",
        "coordonnee_x": 622451.0,
        "coordonnee_y": 6894555.0,
        "code_projection": "2154",
        "code_cours_eau": null,
        "libelle_cours_eau": null,
        "uri_cours_eau": null,
        "code_masse_eau": null,
        "libelle_masse_eau": null,
        "uri_masse_eau": null,
        "code_sous_bassin": null,
        "libelle_sous_bassin": null,
        "code_bassin": null,
        "libelle_bassin": null,
        "code_commune": "95142",
        "libelle_commune": "Chars",
        "code_departement": "95",
        "libelle_departement": "Val-d'Oise",
        "code_region": "11",
        "libelle_region": "Île-de-France",
        "codes_reseaux": [
          "0600000421",
          "0900000012"
        ],
        "libelles_reseaux": [
          "Réseau de suivi local des opérations de restauration hydromorphologique sur deux petits affluents du lac des Rousses (39)",
          "Contrôle de surveillance des eaux côtières du bassin Guyane"
        ],
        "codes_supports": [
          "4"
        ],
        "libelles_supports": [
          "Poissons"
        ],
        "codes_appel_taxons": [
          "2038",
          "2167",
          "2165",
          "2135",
          "2133",
          "2071",
          "2216",
          "2151",
          "2113",
          "2125",
          "2080",
          "2221",
          "2193"
        ],
        "libelles_appel_taxons": [
          "Anguilla anguilla",
          "Pungitius pungitius",
          "Gasterosteus aculeatus aculeatus",
          "Scardinius erythrophthalmus",
          "Rutilus rutilus",
          "Barbatula barbatula",
          "Oncorhynchus mykiss",
          "Esox lucius",
          "Gobio gobio",
          "Phoxinus phoxinus",
          "Cottus gobio",
          "Salmo trutta fario",
          "Perca fluviatilis"
        ],
        "codes_indices": [
          "7036",
          "7787",
          "7786",
          "7746",
          "7745",
          "7744",
          "7743",
          "7644"
        ],
        "libelles_indices": [
          "Indice Poisson Rivière (IPR)",
          "Score de la métrique densité totale d'individus (DTI)",
          "Score de la métrique densité d'individus tolérants (DIT)",
          "Score de la métrique densité d'individus omnivores (DIO)",
          "Score de la métrique densité d'individus invertivores (DII)",
          "Score de la métrique nombre d'espèces rhéophiles (NER)",
          "Score de la métrique nombre d'espèces lithophiles (NEL)",
          "Score de la métrique nombre total d’espèces (NTE)"
        ],
        "latitude": 49.14607751571711,
        "longitude": 1.9371584892582028,
        "date_premier_prelevement": "1987-05-06",
        "date_dernier_prelevement": "2021-06-10"
      },
      "geometry": {
        "type": "Point",
        "crs": {
          "type": "name",
          "properties": {
            "name": "urn:ogc:def:crs:OGC:1.3:CRS84"
          }
        },
        "coordinates": [
          1.9371584892582028,
          49.14607751571711
        ]
      }
    },
    {
      "type": "Feature",
      "properties": {
        "code_station_hydrobio": "03140358",
        "libelle_station_hydrobio": "LA COULEUVRE A SANTEUIL 1",
        "uri_station_hydrobio": "https://id.eaufrance.fr/StationMesureEauxSurface/03140358",
        "coordonnee_x": 623192.0,
        "coordonnee_y": 6891741.0,
        "code_projection": "2154",
        "code_cours_eau": "H2286000",
        "libelle_cours_eau": "La Couleuvre",
        "uri_cours_eau": "https://id.eaufrance.fr/CoursEau_Carthage2017/H2286000",
        "code_masse_eau": "HR229-H2286000",
        "libelle_masse_eau": "ruisseau la couleuvre",
        "uri_masse_eau": "https://id.eaufrance.fr/MasseDEauRiviere_VEDL2019/HR229-H2286000",
        "code_sous_bassin": "FRH_IF",
        "libelle_sous_bassin": "Ile de France",
        "code_bassin": "H",
        "libelle_bassin": "La Seine et les cours d'eau côtiers normands",
        "code_commune": "95584",
        "libelle_commune": "Santeuil",
        "code_departement": "95",
        "libelle_departement": "Val-d'Oise",
        "code_region": "11",
        "libelle_region": "Île-de-France",
        "codes_reseaux": [
          "0300000207",
          "0300000211",
          "0300000215"
        ],
        "libelles_reseaux": [
          "Réseau de gestion des eaux superficielles de la DRIF",
          "Réseau de gestion des eaux superficielles de la DSAM",
          "Réseau de gestion hydrobiologique de la DIREN Ile de France"
        ],
        "codes_supports": [
          "13",
          "10",
          "27"
        ],
        "libelles_supports": [
          "Macroinvertébrés aquatiques",
          "Diatomées benthiques",
          "Macrophytes"
        ],
        "codes_appel_taxons": [
          "191",
          "933",
          "908",
          "1009",
          "978",
          "1044",
          "1043",
          "3170",
          "892",
          "888",
          "757",
          "831",
          "807",
          "819",
          "623",
          "619",
          "618",
          "502",
          "364",
          "322",
          "1064",
          "789",
          "622",
          "743",
          "721",
          "451",
          "311",
          "1074",
          "928",
          "880",
          "650",
          "783",
          "793",
          "847",
          "515",
          "625",
          "183",
          "241",
          "212",
          "286",
          "14104",
          "18821",
          "28504",
          "17937",
          "8955",
          "38623",
          "43145",
          "7948",
          "7844",
          "8719",
          "7748",
          "13873",
          "7604",
          "7225",
          "11432",
          "6751",
          "8987",
          "8444",
          "28559",
          "9034",
          "8923",
          "14001",
          "7111",
          "8875",
          "7226",
          "7076",
          "41855",
          "7719",
          "7881",
          "14114",
          "14132",
          "11785",
          "8190",
          "8420",
          "837",
          "704",
          "321",
          "383",
          "231",
          "223",
          "310",
          "909",
          "1072",
          "3120",
          "9794",
          "836",
          "20537",
          "1056",
          "189",
          "838",
          "29112",
          "7882",
          "8781",
          "6768",
          "10603",
          "7408",
          "9544",
          "9029",
          "43146",
          "7382",
          "8633",
          "13775",
          "14458",
          "7988",
          "7995",
          "32463",
          "9449",
          "13128",
          "7229",
          "8599",
          "9356",
          "7330",
          "1543",
          "1670",
          "1268",
          "29962",
          "1176",
          "1124",
          "1700",
          "30914",
          "10206",
          "1051",
          "824",
          "822",
          "312",
          "520",
          "5218",
          "608",
          "304",
          "9545",
          "7588",
          "7019",
          "9361",
          "8789",
          "13578",
          "7078",
          "11981",
          "9419",
          "6679",
          "8820",
          "9014",
          "8114",
          "16657",
          "16721",
          "8393",
          "8392",
          "37468",
          "906",
          "200",
          "11835",
          "292",
          "198",
          "1964",
          "1577",
          "1823",
          "18123",
          "801",
          "3163",
          "9016",
          "12097",
          "7116",
          "719",
          "1071",
          "994"
        ],
        "libelles_appel_taxons": [
          "Agapetus",
          "Oligochaeta",
          "Glossiphoniidae",
          "Planorbidae",
          "Potamopyrgus",
          "Sphaerium",
          "Pisidium",
          "Ostracoda",
          "Gammarus",
          "Echinogammarus",
          "Limoniidae",
          "Empididae",
          "Chironomidae",
          "Ceratopogonidae",
          "Limnius",
          "Esolus",
          "Elmis",
          "Ephemera",
          "Baetis",
          "Sericostoma",
          "Polycelis",
          "Ptychopteridae",
          "Oulimnius",
          "Veliidae",
          "Aphelocheirus",
          "Ephemerella ignita",
          "Athripsodes",
          "Dendrocoelum lacteum",
          "Erpobdellidae",
          "Asellidae",
          "Calopteryx",
          "Psychodidae",
          "Dixidae",
          "Anthomyiidae",
          "Orectochilus",
          "Riolus",
          "Rhyacophila lato-sensu",
          "Lype",
          "Hydropsyche",
          "Goeridae",
          "Gyrosigma sciotense",
          "Staurosira venter",
          "Staurosira lapponica",
          "Planothidium lanceolatum",
          "Nitzschia linearis",
          "Humidophila perpusilla",
          "Sellaphora saugerresii",
          "Navicula gregaria",
          "Navicula cari",
          "Melosira varians",
          "Gyrosigma attenuatum",
          "Gomphonema elegantissimum",
          "Frustulia vulgaris",
          "Cocconeis neothumensis",
          "Cymbella affinis var. affinis",
          "Pseudostaurosira brevistriata",
          "Nitzschia palea",
          "Sellaphora pupula",
          "Punctastriata lancettula",
          "Nitzschia sociabilis",
          "Nitzschia heufleriana",
          "Gomphonema minutum",
          "Amphora ovalis",
          "Nitzschia dissipata",
          "Cocconeis pediculus",
          "Achnanthidium minutissimum",
          "Pseudostaurosira sopotensis",
          "Gomphonema pumilum",
          "Navicula cryptotenella",
          "Gomphonema parvulum var. parvulum f. parvulum",
          "Gomphonema pumilum var. rigidum",
          "Cocconeis euglypta",
          "Navicula tripunctata",
          "Rhoicosphenia abbreviata",
          "Tabanidae",
          "Sialis",
          "Sericostomatidae",
          "Centroptilum",
          "Polycentropus",
          "Polycentropodidae",
          "Leptoceridae",
          "Glossiphonia",
          "Dendrocoelum",
          "Drusinae",
          "Baetis lato sensu",
          "Dolichopodidae",
          "Pediciini",
          "Dugesia",
          "Glossosomatidae",
          "Athericidae",
          "Pseudostaurosira medliniae",
          "Navicula cryptotenelloides",
          "Gomphonema",
          "Staurosirella pinnata",
          "Achnanthidium lineare",
          "Diploneis oculata",
          "Staurosira",
          "Nitzschia sigmoidea",
          "Sellaphora nigri",
          "Cymbopleura amphicephala",
          "Cyclotella meneghiniana",
          "Gomphonema acidoclinatum",
          "Kolbesia gessneri",
          "Navicula kotschyi",
          "Navicula lanceolata",
          "Karayevia clevei",
          "Encyonopsis minuta",
          "Encyonopsis subminuta",
          "Cocconeis placentula var. euglypta",
          "Cyclostephanos dubius",
          "Achnanthidium",
          "Cymbella leptoceros",
          "Agrostis stolonifera",
          "Sparganium emersum",
          "Rhynchostegium riparioides",
          "Lemna minuta",
          "Conocephalum conicum",
          "Cladophora",
          "Callitriche obtusangula",
          "Asplenium scolopendrium",
          "Aneura pinguis",
          "Corbicula",
          "Stratiomyidae",
          "Ceratopogoninae",
          "Mystacides",
          "Brychius",
          "Agapetus-synagapetus",
          "Hydraena",
          "Lepidostomatidae",
          "Staurosirella",
          "Fallacia subhamulata",
          "Achnanthes ploenensis var. gessneri",
          "Cocconeis",
          "Denticula kuetzingii var. kuetzingii",
          "Fallacia lenzii",
          "Achnanthidium straubianum",
          "Caloneis lancettula",
          "Eolimna minima",
          "Fragilaria gracilis",
          "Nitzschia amphibia",
          "Nitzschia pusilla",
          "Navicula reichardtiana var. reichardtiana",
          "Naviculadicta seminula",
          "Navicula vilaplanii",
          "Planothidium frequentissimum",
          "Placoneis pseudanglica",
          "Surirella lacrimula",
          "Hydracarina",
          "Hydroptila",
          "Diploneis separanda",
          "Silo",
          "Ithytrichia",
          "Solanum dulcamara",
          "Phalaris arundinacea",
          "Lythrum salicaria",
          "Reimeria uniseriata",
          "Simuliidae",
          "Limnephilinae",
          "Nitzschia recta",
          "Cocconeis placentula var. placentula",
          "Amphora pediculus",
          "Micronecta",
          "Dendrocoelidae",
          "Bithynia"
        ],
        "codes_indices": [
          "5910",
          "7613",
          "6035",
          "6034",
          "8059",
          "1022",
          "5856",
          "8060",
          "8057",
          "8054",
          "8055",
          "8056",
          "8050",
          "8058",
          "6335",
          "2928",
          "7973"
        ],
        "libelles_indices": [
          "Indice dit \"équivalent\" (Phases A+B) de la méthode macroinvertébrés NF T90-333 ou protocole RCS antérieur",
          "Indice Invertébrés Multimétrique (I2M2)",
          "Groupe Faunistique Indicateur de l'indice dit \"équivalent\" (Phases A+B) de la méthode macroinvertébrés NF T90-333 ou protocole RCS antérieur",
          "Variété taxonomique de l'indice dit \"équivalent\" (Phases A+B) de la méthode macroinvertébrés NF T90-333 ou protocole RCS antérieur",
          "Nombre d'unités diatomiques contributives",
          "Indice polluosensibilité spécifique (I.P.S.)",
          "Indice Biologique Diatomées (IBD)",
          "Nombre de taxons contributifs de l'IBD",
          "Métrique ASPT de l'I2M2",
          "Métrique Richesse Taxonomique de l'I2M2",
          "Métrique Ovoviviparite de l'I2M2",
          "Métrique Polyvoltinisme de l'I2M2",
          "Nombre de taxons contributifs de l'I2M2",
          "Métrique Indice de Shannon de l'I2M2",
          "Variété taxonomique de l'IBD 2007",
          "Indice Biologique Macrophytique en Rivière (I.B.M.R.)",
          "Nombre de Taxons IBMR totaux"
        ],
        "latitude": 49.12086873386173,
        "longitude": 1.947826870631277,
        "date_premier_prelevement": "2015-06-23",
        "date_dernier_prelevement": "2023-08-16"
      },
      "geometry": {
        "type": "Point",
        "crs": {
          "type": "name",
          "properties": {
            "name": "urn:ogc:def:crs:OGC:1.3:CRS84"
          }
        },
        "coordinates": [
          1.947826870631277,
          49.12086873386173
        ]
      }
    },
    {
      "type": "Feature",
      "properties": {
        "code_station_hydrobio": "03140383",
        "libelle_station_hydrobio": "LA VIOSNE A SANTEUIL 2",
        "uri_station_hydrobio": "https://id.eaufrance.fr/StationMesureEauxSurface/03140383",
        "coordonnee_x": 623481.0,
        "coordonnee_y": 6891600.0,
        "code_projection": "2154",
        "code_cours_eau": null,
        "libelle_cours_eau": null,
        "uri_cours_eau": null,
        "code_masse_eau": null,
        "libelle_masse_eau": null,
        "uri_masse_eau": null,
        "code_sous_bassin": null,
        "libelle_sous_bassin": null,
        "code_bassin": null,
        "libelle_bassin": null,
        "code_commune": "95584",
        "libelle_commune": "Santeuil",
        "code_departement": "95",
        "libelle_departement": "Val-d'Oise",
        "code_region": "11",
        "libelle_region": "Île-de-France",
        "codes_reseaux": [
          "0600000421"
        ],
        "libelles_reseaux": [
          "Réseau de suivi local des opérations de restauration hydromorphologique sur deux petits affluents du lac des Rousses (39)"
        ],
        "codes_supports": [
          "4"
        ],
        "libelles_supports": [
          "Poissons"
        ],
        "codes_appel_taxons": [
          "2038",
          "2221",
          "2165",
          "2125",
          "2113",
          "2080",
          "2071",
          "2216",
          "2133",
          "2090",
          "2122",
          "2167",
          "2193"
        ],
        "libelles_appel_taxons": [
          "Anguilla anguilla",
          "Salmo trutta fario",
          "Gasterosteus aculeatus aculeatus",
          "Phoxinus phoxinus",
          "Gobio gobio",
          "Cottus gobio",
          "Barbatula barbatula",
          "Oncorhynchus mykiss",
          "Rutilus rutilus",
          "Alburnus alburnus",
          "Leuciscus leuciscus",
          "Pungitius pungitius",
          "Perca fluviatilis"
        ],
        "codes_indices": null,
        "libelles_indices": null,
        "latitude": 49.11963567551144,
        "longitude": 1.9518109802352055,
        "date_premier_prelevement": "1990-05-23",
        "date_dernier_prelevement": "1992-07-30"
      },
      "geometry": {
        "type": "Point",
        "crs": {
          "type": "name",
          "properties": {
            "name": "urn:ogc:def:crs:OGC:1.3:CRS84"
          }
        },
        "coordinates": [
          1.9518109802352055,
          49.11963567551144
        ]
      }
    },
    {
      "type": "Feature",
      "properties": {
        "code_station_hydrobio": "03140400",
        "libelle_station_hydrobio": "LA VIOSNE A ABLEIGES 1",
        "uri_station_hydrobio": "https://id.eaufrance.fr/StationMesureEauxSurface/03140400",
        "coordonnee_x": 625887.0,
        "coordonnee_y": 6887993.0,
        "code_projection": "2154",
        "code_cours_eau": "H2280600",
        "libelle_cours_eau": "La Viosne",
        "uri_cours_eau": "https://id.eaufrance.fr/CoursEau_Carthage2017/H2280600",
        "code_masse_eau": "HR229",
        "libelle_masse_eau": "la Viosne de sa source au confluent de l Oise  exclu",
        "uri_masse_eau": "https://id.eaufrance.fr/MasseDEauRiviere_VEDL2019/HR229",
        "code_sous_bassin": "FRH_IF",
        "libelle_sous_bassin": "Ile de France",
        "code_bassin": "H",
        "libelle_bassin": "La Seine et les cours d'eau côtiers normands",
        "code_commune": "95002",
        "libelle_commune": "Ableiges",
        "code_departement": "95",
        "libelle_departement": "Val-d'Oise",
        "code_region": "11",
        "libelle_region": "Île-de-France",
        "codes_reseaux": [
          "0300000207",
          "0300000211",
          "0300000215",
          "0600000417",
          "0600000418"
        ],
        "libelles_reseaux": [
          "Réseau de gestion des eaux superficielles de la DRIF",
          "Réseau de gestion des eaux superficielles de la DSAM",
          "Réseau de gestion hydrobiologique de la DIREN Ile de France",
          "Réseau de suivi local de l’opération de restauration hydromorphologique en avant-projet sur le ruisseau de l’Abbaye à Appenans (25)",
          "Réseau de suivi local des opérations de restauration hydromorphologique sur l'Allaine (90)"
        ],
        "codes_supports": [
          "4",
          "13",
          "10",
          "27"
        ],
        "libelles_supports": [
          "Poissons",
          "Macroinvertébrés aquatiques",
          "Diatomées benthiques",
          "Macrophytes"
        ],
        "codes_appel_taxons": [
          "2071",
          "31041",
          "2167",
          "2151",
          "2133",
          "2113",
          "2086",
          "2080",
          "2038",
          "2165",
          "2125",
          "2137",
          "2131",
          "2084",
          "2050",
          "2135",
          "2122",
          "2216",
          "2090",
          "68137",
          "2221",
          "2099",
          "2227",
          "2085",
          "2191",
          "2193",
          "2117",
          "2110",
          "212",
          "3111",
          "933",
          "908",
          "978",
          "1043",
          "880",
          "3170",
          "3206",
          "892",
          "704",
          "831",
          "3202",
          "807",
          "819",
          "840",
          "622",
          "618",
          "556",
          "721",
          "502",
          "457",
          "325",
          "312",
          "1056",
          "1009",
          "824",
          "450",
          "383",
          "9794",
          "241",
          "236",
          "224",
          "1064",
          "919",
          "928",
          "972",
          "967",
          "1004",
          "1028",
          "1044",
          "888",
          "650",
          "822",
          "608",
          "512",
          "623",
          "329",
          "1089",
          "838",
          "2393",
          "887",
          "687",
          "518",
          "2395",
          "1087",
          "1090",
          "1055",
          "997",
          "783",
          "793",
          "796",
          "515",
          "514",
          "613",
          "743",
          "730",
          "740",
          "735",
          "311",
          "1061",
          "5196",
          "757",
          "625",
          "364",
          "3159",
          "909",
          "451",
          "321",
          "839",
          "619",
          "245",
          "1077",
          "2611",
          "322",
          "238",
          "313",
          "658",
          "844",
          "728",
          "387",
          "20455",
          "231",
          "9034",
          "6849",
          "8492",
          "16490",
          "8987",
          "66777",
          "8017",
          "8955",
          "8914",
          "8891",
          "8719",
          "44420",
          "7777",
          "67411",
          "7582",
          "43682",
          "7408",
          "7225",
          "11983",
          "10598",
          "20681",
          "37468",
          "8483",
          "28559",
          "17928",
          "8192",
          "7748",
          "14001",
          "28302",
          "10616",
          "7232",
          "7111",
          "42884",
          "8487",
          "15513",
          "6761",
          "8420",
          "7995",
          "18821",
          "8393",
          "7874",
          "7076",
          "7588",
          "7948",
          "8875",
          "32665",
          "6751",
          "8190",
          "11785",
          "7881",
          "14104",
          "1155",
          "1670",
          "1453",
          "1268",
          "1244",
          "1628",
          "29962",
          "1626",
          "1926",
          "1696",
          "1702",
          "1543",
          "1169",
          "1197",
          "6627",
          "1124",
          "9545",
          "18406",
          "46891",
          "43263",
          "43257",
          "17930",
          "38989",
          "9058",
          "8114",
          "9804",
          "8840",
          "32463",
          "34037",
          "6631",
          "7402",
          "27445",
          "10372",
          "9079",
          "8386",
          "42873",
          "8845",
          "7782",
          "7249",
          "15183",
          "43146",
          "14114",
          "8820",
          "20727",
          "11981",
          "1042",
          "390",
          "837",
          "183",
          "30105",
          "1439",
          "1642",
          "1763",
          "1692",
          "8444",
          "6768",
          "46905",
          "17937",
          "9014",
          "8193",
          "8210",
          "18355",
          "7074",
          "8599",
          "8633",
          "8781",
          "7924",
          "28006",
          "9544",
          "10586",
          "28635",
          "9047",
          "8106",
          "16638",
          "8830",
          "29112",
          "287",
          "1694",
          "1681",
          "1846",
          "1789",
          "624",
          "305",
          "30103",
          "1041",
          "44412",
          "17604",
          "10597",
          "8635",
          "9421",
          "14393",
          "14458",
          "9002",
          "8499",
          "9081",
          "9361",
          "7226",
          "8731",
          "13578",
          "13689",
          "8554",
          "7107",
          "9449",
          "14397",
          "32031",
          "6752",
          "8609",
          "8615",
          "8619",
          "10468",
          "28301",
          "7604",
          "14426",
          "8809",
          "8992",
          "8206",
          "8472",
          "18855",
          "9035",
          "8880",
          "8879",
          "7844",
          "41031",
          "6679",
          "8015",
          "13717",
          "14132",
          "7448",
          "20686",
          "15143",
          "14066",
          "10603",
          "6648",
          "37466",
          "7229",
          "9419",
          "7171",
          "8445",
          "11786",
          "11964",
          "6706",
          "17281",
          "7411",
          "12627",
          "6735",
          "16755",
          "9072",
          "8897",
          "15082",
          "14664",
          "18930",
          "8395",
          "39391",
          "42877",
          "12451",
          "1903",
          "1176",
          "1627",
          "19695",
          "2000",
          "29968",
          "1974",
          "30099",
          "6193",
          "1703",
          "10206",
          "1885",
          "1125",
          "6414",
          "31691",
          "8714",
          "211",
          "304",
          "9447",
          "8923",
          "8989",
          "16034",
          "34824",
          "8419",
          "9087",
          "3127",
          "648",
          "5124",
          "789",
          "609",
          "722",
          "276",
          "1037",
          "998",
          "856",
          "320",
          "753",
          "16487",
          "31628",
          "13106",
          "32405",
          "7019",
          "7078",
          "8603",
          "8394",
          "8600",
          "32166",
          "9425",
          "8748",
          "7218",
          "7783",
          "7386",
          "8126",
          "8233",
          "6724",
          "9013",
          "8083",
          "7584",
          "9355",
          "8794",
          "7435",
          "10878",
          "11432",
          "11431",
          "6713",
          "7760",
          "14317",
          "906",
          "198",
          "200",
          "918",
          "363",
          "914",
          "255",
          "8111",
          "1910",
          "1577",
          "1842",
          "1294",
          "1977",
          "9051",
          "7368",
          "13755",
          "14452",
          "8847",
          "18123",
          "7101",
          "8934",
          "11835",
          "34913",
          "1688",
          "1964",
          "17458",
          "9430",
          "994",
          "801",
          "719",
          "2517",
          "3168",
          "1071",
          "657",
          "3163",
          "12097",
          "9016",
          "7406",
          "7116",
          "10944",
          "7803",
          "1655",
          "7843",
          "1839",
          "7235",
          "8486",
          "14060",
          "18411",
          "8833",
          "28384",
          "8440",
          "34849",
          "1040",
          "614",
          "8656",
          "8491",
          "8119",
          "8657",
          "8813"
        ],
        "libelles_appel_taxons": [
          "Barbatula barbatula",
          "Squalius cephalus",
          "Pungitius pungitius",
          "Esox lucius",
          "Rutilus rutilus",
          "Gobio gobio",
          "Abramis brama",
          "Cottus gobio",
          "Anguilla anguilla",
          "Gasterosteus aculeatus aculeatus",
          "Phoxinus phoxinus",
          "Tinca tinca",
          "Rhodeus amarus",
          "Cyprinidae",
          "Lepomis gibbosus",
          "Scardinius erythrophthalmus",
          "Leuciscus leuciscus",
          "Oncorhynchus mykiss",
          "Alburnus alburnus",
          "Faxonius limosus",
          "Salmo trutta fario",
          "Blicca bjoerkna",
          "Salvelinus fontinalis",
          "Abramis",
          "Gymnocephalus cernuus",
          "Perca fluviatilis",
          "Leucaspius delineatus",
          "Cyprinus carpio",
          "Hydropsyche",
          "Nemathelmintha",
          "Oligochaeta",
          "Glossiphoniidae",
          "Potamopyrgus",
          "Pisidium",
          "Asellidae",
          "Ostracoda",
          "Copepoda",
          "Gammarus",
          "Sialis",
          "Empididae",
          "Hemerodromiinae",
          "Chironomidae",
          "Ceratopogonidae",
          "Atrichops",
          "Oulimnius",
          "Elmis",
          "Platambus",
          "Aphelocheirus",
          "Ephemera",
          "Caenis",
          "Notidobia",
          "Mystacides",
          "Dugesia",
          "Planorbidae",
          "Stratiomyidae",
          "Ephemerella",
          "Centroptilum",
          "Baetis lato sensu",
          "Lype",
          "Neureclipsis",
          "Cyrnus",
          "Polycelis",
          "Piscicola",
          "Erpobdellidae",
          "Valvata",
          "Theodoxus",
          "Radix",
          "Ancylus",
          "Sphaerium",
          "Echinogammarus",
          "Calopteryx",
          "Ceratopogoninae",
          "Hydraena",
          "Gyrinidae",
          "Limnius",
          "Beraeodes",
          "Nematoda",
          "Athericidae",
          "Hydroporinae",
          "Gammaridae",
          "Cordulegaster",
          "Haliplus",
          "Colymbetinae",
          "Bryozoa",
          "Porifera",
          "Dugesiidae",
          "Physa lato-sensu",
          "Psychodidae",
          "Dixidae",
          "Culicidae",
          "Orectochilus",
          "Gyrinus",
          "Dryops",
          "Veliidae",
          "Notonecta",
          "Hydrometra",
          "Gerris",
          "Athripsodes",
          "Planariidae",
          "Corixinae",
          "Limoniidae",
          "Riolus",
          "Baetis",
          "Mermithoidea",
          "Glossiphonia",
          "Ephemerella ignita",
          "Sericostomatidae",
          "Atherix",
          "Esolus",
          "Tinodes",
          "Hydra",
          "Chalcolestes",
          "Sericostoma",
          "Psychomyiidae",
          "Ceraclea",
          "Coenagrionidae",
          "Ephydridae",
          "Notonectidae",
          "Cloeon",
          "Forcipomyinae",
          "Polycentropus",
          "Nitzschia sociabilis",
          "Ulnaria ulna",
          "Surirella brebissonii var. kuetzingii",
          "Nitzschia solgensis",
          "Nitzschia palea",
          "Navicula metareichardtiana",
          "Navicula meniscus",
          "Nitzschia linearis",
          "Nitzschia gracilis",
          "Nitzschia fonticola",
          "Melosira varians",
          "Luticola goeppertiana",
          "Hippodonta capitata",
          "Gomphonella olivacea",
          "Fallacia helensis",
          "Discostella pseudostelligera",
          "Diploneis oculata",
          "Cocconeis neothumensis",
          "Cymbella neoleptoceros var. neoleptoceros",
          "Achnanthidium rivulare",
          "Achnanthidium affine",
          "Surirella lacrimula",
          "Surirella angusta",
          "Punctastriata lancettula",
          "Planothidium delicatulum",
          "Navicula trivialis var. trivialis",
          "Gyrosigma attenuatum",
          "Gomphonema minutum",
          "Eolimna rotunda",
          "Diadesmis biceps",
          "Cocconeis placentula var. lineata",
          "Amphora ovalis",
          "Tryblionella kuetzingii",
          "Surirella birostrata",
          "Navicula germainii",
          "Staurosira construens",
          "Rhoicosphenia abbreviata",
          "Navicula lanceolata",
          "Staurosira venter",
          "Planothidium frequentissimum",
          "Navicula cryptocephala",
          "Achnanthidium minutissimum",
          "Fallacia subhamulata",
          "Navicula gregaria",
          "Nitzschia dissipata",
          "Fallacia mitis",
          "Pseudostaurosira brevistriata",
          "Navicula tripunctata",
          "Cocconeis euglypta",
          "Navicula cryptotenella",
          "Gyrosigma sciotense",
          "Batrachospermum",
          "Sparganium emersum",
          "Sagittaria sagittifolia",
          "Rhynchostegium riparioides",
          "Leptodictyum riparium",
          "Lemna trisulca",
          "Lemna minuta",
          "Lemna minor",
          "Galium",
          "Callitriche",
          "Callitriche platycarpa",
          "Agrostis stolonifera",
          "Vaucheria",
          "Pellia endiviifolia",
          "Diatoma",
          "Cladophora",
          "Staurosirella",
          "Sellaphora japonica",
          "Sellaphora saprotolerans",
          "Sellaphora atomoides",
          "Sellaphora absoluta",
          "Planothidium dubium",
          "Planothidium rostratoholarcticum",
          "Nitzschia thermaloides",
          "Navicula reichardtiana var. reichardtiana",
          "Nitzschia",
          "Nitzschia bergii",
          "Karayevia clevei",
          "Fragilaria radians",
          "Diatoma vulgare",
          "Diploneis marginestriata",
          "Achnanthidium druartii",
          "Achnanthidium eutrophilum",
          "Simonsenia delognei",
          "Placoneis dicephala",
          "Pantocsekiella comensis",
          "Nitzschia bulnheimiana",
          "Cymatopleura elliptica var. elliptica",
          "Navicula cataracta-rheni",
          "Sellaphora nigri",
          "Gomphonema parvulum var. parvulum f. parvulum",
          "Nitzschia amphibia",
          "Navicula difficillimoides",
          "Caloneis lancettula",
          "Sphaeriidae",
          "Procloeon",
          "Tabanidae",
          "Rhyacophila lato-sensu",
          "Gongrosira",
          "Azolla filiculoides",
          "Potamogeton berchtoldii",
          "Nasturtium officinale",
          "Myosotis scorpioides",
          "Sellaphora pupula",
          "Staurosirella pinnata",
          "Diploneis praetermissa",
          "Planothidium lanceolatum",
          "Nitzschia pusilla",
          "Navicula trophicatrix",
          "Navicula viridula",
          "Surirella helvetica",
          "Achnanthidium catenatum",
          "Cyclostephanos dubius",
          "Cyclotella meneghiniana",
          "Gomphonema",
          "Navicula exilis",
          "Nitzschia puriformis",
          "Staurosira",
          "Achnanthidium lauenburgianum",
          "Amphora indistincta",
          "Nitzschia subtilis",
          "Navicula radiosa",
          "Navicula upsaliensis",
          "Nitzschia angustatula",
          "Pseudostaurosira medliniae",
          "Goera",
          "Symphytum officinale",
          "Zannichellia palustris",
          "Epilobium hirsutum",
          "Lycopus europaeus",
          "Normandia",
          "Lepidostoma",
          "Physa stricto-sensu",
          "Unio",
          "Tryblionella angustatula",
          "Punctastriata ovalis",
          "Achnanthidium pyrenaicum",
          "Cyclotella ocellata",
          "Geissleria acceptata",
          "Hippodonta lueneburgensis",
          "Kolbesia gessneri",
          "Nitzschia perminuta",
          "Surirella crumena",
          "Tryblionella apiculata",
          "Cocconeis",
          "Cocconeis pediculus",
          "Puncticulata radiosa",
          "Fallacia lenzii",
          "Fistulifera saprophila",
          "Aulacoseira ambigua",
          "Amphora inariensis",
          "Encyonopsis minuta",
          "Hippodonta neglecta",
          "Psammothidium lauenburgianum",
          "Pseudostaurosira parasitica",
          "Cyclotella comensis",
          "Cyclotella costei",
          "Cyclotella distinguenda var. distinguenda",
          "Cocconeis pseudolineata",
          "Eolimna raederae",
          "Frustulia vulgaris",
          "Karayevia ploenensis",
          "Nitzschia acicularis",
          "Nitzschia paleacea",
          "Navicula veneta",
          "Stauroneis smithii",
          "Staurosirella ovata",
          "Nitzschia solita",
          "Nitzschia dubia",
          "Nitzschia draveillensis",
          "Navicula cari",
          "Lindavia radiosa",
          "Fragilaria gracilis",
          "Navicula menisculus var. menisculus",
          "Fallacia sublucidula",
          "Gomphonema pumilum var. rigidum",
          "Encyonopsis microcephala",
          "Mayamaea atomus var. permitis",
          "Navicula cryptotenella abnormal form",
          "Gomphonema olivaceum abnormal form",
          "Achnanthidium lineare",
          "Fragilaria brevistriata",
          "Achnanthes lanceolata ssp. frequentissima var. rostratiformis",
          "Cocconeis placentula var. euglypta",
          "Eolimna minima",
          "Caloneis bacillum",
          "Sellaphora seminulum",
          "Cocconeis euglyptoides",
          "Cymbella lanceolata",
          "Fragilaria rumpens",
          "Planothidium granum",
          "Diploneis parma",
          "Ellerbeckia arenaria",
          "Martyana martyi",
          "Nitzschia wuellerstorffii",
          "Nitzschia vermicularis",
          "Nitzschia frequens",
          "Navicula catalanogermanica",
          "Mayamaea permitis",
          "Sellaphora verecundiae",
          "Platessa conspicua",
          "Encyonema leibleinii",
          "Pantocsekiella polymorpha",
          "Diploneis fontanella",
          "Ranunculus fluitans",
          "Conocephalum conicum",
          "Lemna minuscula",
          "Sparganium emersum f. longissimum",
          "Urtica dioica",
          "Festuca gigantea",
          "Apium nodiflorum",
          "Oxyrrhynchium speciosum",
          "Vaucheria sp.",
          "Callitriche stagnalis",
          "Aneura pinguis",
          "Lysimachia nummularia",
          "Rhizoclonium",
          "Phormidium",
          "Platyhypnidium riparioides",
          "Melosira",
          "Hydropsychidae",
          "Lepidostomatidae",
          "Stauroneis",
          "Nitzschia heufleriana",
          "Nitzschia palea var. debilis",
          "Navicula oligotraphenta",
          "Pseudofallacia monoculata",
          "Reimeria sinuata",
          "Tryblionella hungarica",
          "Cladocera",
          "Odonata",
          "Stagnicola",
          "Ptychopteridae",
          "Ochthebius",
          "Naucoridae",
          "Limnephilidae",
          "Unionidae",
          "Lymnaeidae",
          "Sisyra",
          "Adicella",
          "Tipulidae",
          "Nitzschia soratensis",
          "Detonia superba",
          "Encyonema ventricosum",
          "Karayevia laterostrata",
          "Achnanthes ploenensis var. gessneri",
          "Achnanthidium straubianum",
          "Cyclotella atomus",
          "Planothidium rostratum",
          "Cyclostephanos invisitatus",
          "Kolbesia kolbei",
          "Navicula concentrica",
          "Stephanodiscus hantzschii f. tenuis",
          "Cocconeis disculus",
          "Luticola mutica",
          "Diadesmis contenta",
          "Navicula rotunda",
          "Neidium binodeforme",
          "Fragilaria virescens",
          "Nitzschia pura",
          "Navicula pseudolanceolata",
          "Fallacia monoculata",
          "Achnanthidium biasolettianum",
          "Denticula tenuis",
          "Encyonema minutum",
          "Achnanthes fugei",
          "Cymbella affinis var. affinis",
          "Cymbella excisa var. excisa",
          "Fragilaria tenera",
          "Gyrosigma nodiferum",
          "Hippodonta costulata",
          "Hydracarina",
          "Ithytrichia",
          "Hydroptila",
          "Piscicolidae",
          "Baetidae",
          "Hemiclepsis",
          "Phryganea",
          "Navicula recens",
          "Ranunculus repens",
          "Phalaris arundinacea",
          "Nymphaea alba",
          "Fissidens crassipes",
          "Berula erecta",
          "Nitzschia tenuis",
          "Cymbella",
          "Fragilaria tenera var. lemanensis",
          "Karayevia kolbei",
          "Nitzschia capitellata",
          "Reimeria uniseriata",
          "Amphora copulata",
          "Nitzschia inconspicua",
          "Diploneis separanda",
          "Pseudostaurosira (as Punctastriata) subconstricta",
          "Myosotis",
          "Solanum dulcamara",
          "Pinnularia lundii var. lundii",
          "Navicula",
          "Bithynia",
          "Simuliidae",
          "Micronecta",
          "Hydrophilinae",
          "Hydrozoa",
          "Dendrocoelidae",
          "Platycnemis",
          "Limnephilinae",
          "Cocconeis placentula var. placentula",
          "Nitzschia recta",
          "Diploneis oblongella",
          "Amphora pediculus",
          "Amphora macedoniensis",
          "Navicula antonii",
          "Potamogeton pectinatus",
          "Navicula capitatoradiata",
          "Nuphar lutea",
          "Cocconeis pseudothumensis",
          "Surirella bifrons",
          "Gomphonema olivaceum",
          "Sellaphora joubaudii",
          "Nitzschia archibaldii",
          "Halamphora normanii",
          "Sellaphora bacillum",
          "Tryblionella salinarum",
          "Pseudanodonta",
          "Elmidae",
          "Surirella brebissonii var. brebissonii",
          "Navicula rhynchocephala",
          "Discostella stelligera",
          "Nitzschia acula"
        ],
        "codes_indices": [
          "7036",
          "7787",
          "7786",
          "7746",
          "7745",
          "7744",
          "7743",
          "7644",
          "5910",
          "6035",
          "6034",
          "7613",
          "8058",
          "8057",
          "8056",
          "8055",
          "8054",
          "8050",
          "8059",
          "8060",
          "5856",
          "2928",
          "7973",
          "1022",
          "6335",
          "6350",
          "8063"
        ],
        "libelles_indices": [
          "Indice Poisson Rivière (IPR)",
          "Score de la métrique densité totale d'individus (DTI)",
          "Score de la métrique densité d'individus tolérants (DIT)",
          "Score de la métrique densité d'individus omnivores (DIO)",
          "Score de la métrique densité d'individus invertivores (DII)",
          "Score de la métrique nombre d'espèces rhéophiles (NER)",
          "Score de la métrique nombre d'espèces lithophiles (NEL)",
          "Score de la métrique nombre total d’espèces (NTE)",
          "Indice dit \"équivalent\" (Phases A+B) de la méthode macroinvertébrés NF T90-333 ou protocole RCS antérieur",
          "Groupe Faunistique Indicateur de l'indice dit \"équivalent\" (Phases A+B) de la méthode macroinvertébrés NF T90-333 ou protocole RCS antérieur",
          "Variété taxonomique de l'indice dit \"équivalent\" (Phases A+B) de la méthode macroinvertébrés NF T90-333 ou protocole RCS antérieur",
          "Indice Invertébrés Multimétrique (I2M2)",
          "Métrique Indice de Shannon de l'I2M2",
          "Métrique ASPT de l'I2M2",
          "Métrique Polyvoltinisme de l'I2M2",
          "Métrique Ovoviviparite de l'I2M2",
          "Métrique Richesse Taxonomique de l'I2M2",
          "Nombre de taxons contributifs de l'I2M2",
          "Nombre d'unités diatomiques contributives",
          "Nombre de taxons contributifs de l'IBD",
          "Indice Biologique Diatomées (IBD)",
          "Indice Biologique Macrophytique en Rivière (I.B.M.R.)",
          "Nombre de Taxons IBMR totaux",
          "Indice polluosensibilité spécifique (I.P.S.)",
          "Variété taxonomique de l'IBD 2007",
          "Variété taxonomique de l'IBMR",
          "Note IBMR robuste"
        ],
        "latitude": 49.08749001897753,
        "longitude": 1.985400521314428,
        "date_premier_prelevement": "1995-10-18",
        "date_dernier_prelevement": "2025-10-02"
      },
      "geometry": {
        "type": "Point",
        "crs": {
          "type": "name",
          "properties": {
            "name": "urn:ogc:def:crs:OGC:1.3:CRS84"
          }
        },
        "coordinates": [
          1.985400521314428,
          49.08749001897753
        ]
      }
    },
    {
      "type": "Feature",
      "properties": {
        "code_station_hydrobio": "03140402",
        "libelle_station_hydrobio": "LA VIOSNE A US 2",
        "uri_station_hydrobio": "https://id.eaufrance.fr/StationMesureEauxSurface/03140402",
        "coordonnee_x": 624864.0,
        "coordonnee_y": 6889528.0,
        "code_projection": "2154",
        "code_cours_eau": null,
        "libelle_cours_eau": null,
        "uri_cours_eau": null,
        "code_masse_eau": null,
        "libelle_masse_eau": null,
        "uri_masse_eau": null,
        "code_sous_bassin": null,
        "libelle_sous_bassin": null,
        "code_bassin": null,
        "libelle_bassin": null,
        "code_commune": "95625",
        "libelle_commune": "Us",
        "code_departement": "95",
        "libelle_departement": "Val-d'Oise",
        "code_region": "11",
        "libelle_region": "Île-de-France",
        "codes_reseaux": [
          "0600000421"
        ],
        "libelles_reseaux": [
          "Réseau de suivi local des opérations de restauration hydromorphologique sur deux petits affluents du lac des Rousses (39)"
        ],
        "codes_supports": [
          "4"
        ],
        "libelles_supports": [
          "Poissons"
        ],
        "codes_appel_taxons": [
          "2012",
          "31041",
          "2221",
          "2216",
          "2167",
          "2137",
          "2133",
          "2125",
          "2113",
          "2080",
          "2071",
          "2038",
          "68137",
          "2151",
          "2086",
          "2193"
        ],
        "libelles_appel_taxons": [
          "Lampetra planeri",
          "Squalius cephalus",
          "Salmo trutta fario",
          "Oncorhynchus mykiss",
          "Pungitius pungitius",
          "Tinca tinca",
          "Rutilus rutilus",
          "Phoxinus phoxinus",
          "Gobio gobio",
          "Cottus gobio",
          "Barbatula barbatula",
          "Anguilla anguilla",
          "Faxonius limosus",
          "Esox lucius",
          "Abramis brama",
          "Perca fluviatilis"
        ],
        "codes_indices": null,
        "libelles_indices": null,
        "latitude": 49.101171345676555,
        "longitude": 1.9711235329364818,
        "date_premier_prelevement": "1990-05-22",
        "date_dernier_prelevement": "1992-07-29"
      },
      "geometry": {
        "type": "Point",
        "crs": {
          "type": "name",
          "properties": {
            "name": "urn:ogc:def:crs:OGC:1.3:CRS84"
          }
        },
        "coordinates": [
          1.9711235329364818,
          49.101171345676555
        ]
      }
    },
    {
      "type": "Feature",
      "properties": {
        "code_station_hydrobio": "03140424",
        "libelle_station_hydrobio": "LA VIOSNE A MONTGEROULT 1",
        "uri_station_hydrobio": "https://id.eaufrance.fr/StationMesureEauxSurface/03140424",
        "coordonnee_x": 626530.0,
        "coordonnee_y": 6887640.0,
        "code_projection": "2154",
        "code_cours_eau": null,
        "libelle_cours_eau": null,
        "uri_cours_eau": null,
        "code_masse_eau": null,
        "libelle_masse_eau": null,
        "uri_masse_eau": null,
        "code_sous_bassin": null,
        "libelle_sous_bassin": null,
        "code_bassin": null,
        "libelle_bassin": null,
        "code_commune": "95422",
        "libelle_commune": "Montgeroult",
        "code_departement": "95",
        "libelle_departement": "Val-d'Oise",
        "code_region": "11",
        "libelle_region": "Île-de-France",
        "codes_reseaux": [
          "0600000421"
        ],
        "libelles_reseaux": [
          "Réseau de suivi local des opérations de restauration hydromorphologique sur deux petits affluents du lac des Rousses (39)"
        ],
        "codes_supports": [
          "4"
        ],
        "libelles_supports": [
          "Poissons"
        ],
        "codes_appel_taxons": [
          "2071",
          "2133",
          "2113",
          "2080"
        ],
        "libelles_appel_taxons": [
          "Barbatula barbatula",
          "Rutilus rutilus",
          "Gobio gobio",
          "Cottus gobio"
        ],
        "codes_indices": null,
        "libelles_indices": null,
        "latitude": 49.08439031745532,
        "longitude": 1.9942637182366252,
        "date_premier_prelevement": "1987-05-06",
        "date_dernier_prelevement": "1987-05-06"
      },
      "geometry": {
        "type": "Point",
        "crs": {
          "type": "name",
          "properties": {
            "name": "urn:ogc:def:crs:OGC:1.3:CRS84"
          }
        },
        "coordinates": [
          1.9942637182366252,
          49.08439031745532
        ]
      }
    },
    {
      "type": "Feature",
      "properties": {
        "code_station_hydrobio": "03140450",
        "libelle_station_hydrobio": "LA VIOSNE A OSNY 1",
        "uri_station_hydrobio": "https://id.eaufrance.fr/StationMesureEauxSurface/03140450",
        "coordonnee_x": 629689.0,
        "coordonnee_y": 6885771.0,
        "code_projection": "2154",
        "code_cours_eau": null,
        "libelle_cours_eau": null,
        "uri_cours_eau": null,
        "code_masse_eau": null,
        "libelle_masse_eau": null,
        "uri_masse_eau": null,
        "code_sous_bassin": null,
        "libelle_sous_bassin": null,
        "code_bassin": null,
        "libelle_bassin": null,
        "code_commune": "95476",
        "libelle_commune": "Osny",
        "code_departement": "95",
        "libelle_departement": "Val-d'Oise",
        "code_region": "11",
        "libelle_region": "Île-de-France",
        "codes_reseaux": [
          "0600000421"
        ],
        "libelles_reseaux": [
          "Réseau de suivi local des opérations de restauration hydromorphologique sur deux petits affluents du lac des Rousses (39)"
        ],
        "codes_supports": [
          "4"
        ],
        "libelles_supports": [
          "Poissons"
        ],
        "codes_appel_taxons": [
          "2038",
          "31041",
          "2165",
          "2133",
          "2125",
          "2113",
          "2086",
          "2080",
          "2071",
          "2012",
          "2221",
          "2177",
          "2167",
          "68137",
          "2216"
        ],
        "libelles_appel_taxons": [
          "Anguilla anguilla",
          "Squalius cephalus",
          "Gasterosteus aculeatus aculeatus",
          "Rutilus rutilus",
          "Phoxinus phoxinus",
          "Gobio gobio",
          "Abramis brama",
          "Cottus gobio",
          "Barbatula barbatula",
          "Lampetra planeri",
          "Salmo trutta fario",
          "Ameiurus melas",
          "Pungitius pungitius",
          "Faxonius limosus",
          "Oncorhynchus mykiss"
        ],
        "codes_indices": null,
        "libelles_indices": null,
        "latitude": 49.06794069890594,
        "longitude": 2.0378148707990316,
        "date_premier_prelevement": "1990-05-23",
        "date_dernier_prelevement": "1991-07-29"
      },
      "geometry": {
        "type": "Point",
        "crs": {
          "type": "name",
          "properties": {
            "name": "urn:ogc:def:crs:OGC:1.3:CRS84"
          }
        },
        "coordinates": [
          2.0378148707990316,
          49.06794069890594
        ]
      }
    },
    {
      "type": "Feature",
      "properties": {
        "code_station_hydrobio": "03140490",
        "libelle_station_hydrobio": "LA VIOSNE A PONTOISE 1",
        "uri_station_hydrobio": "https://id.eaufrance.fr/StationMesureEauxSurface/03140490",
        "coordonnee_x": 633227.0,
        "coordonnee_y": 6884005.0,
        "code_projection": "2154",
        "code_cours_eau": "H2280600",
        "libelle_cours_eau": "La Viosne",
        "uri_cours_eau": "https://id.eaufrance.fr/CoursEau_Carthage2017/H2280600",
        "code_masse_eau": "HR229",
        "libelle_masse_eau": "la Viosne de sa source au confluent de l Oise  exclu",
        "uri_masse_eau": "https://id.eaufrance.fr/MasseDEauRiviere_VEDL2019/HR229",
        "code_sous_bassin": "FRH_IF",
        "libelle_sous_bassin": "Ile de France",
        "code_bassin": "H",
        "libelle_bassin": "La Seine et les cours d'eau côtiers normands",
        "code_commune": "95500",
        "libelle_commune": "Pontoise",
        "code_departement": "95",
        "libelle_departement": "Val-d'Oise",
        "code_region": "11",
        "libelle_region": "Île-de-France",
        "codes_reseaux": [
          "0300000207",
          "0300000211",
          "0300000215"
        ],
        "libelles_reseaux": [
          "Réseau de gestion des eaux superficielles de la DRIF",
          "Réseau de gestion des eaux superficielles de la DSAM",
          "Réseau de gestion hydrobiologique de la DIREN Ile de France"
        ],
        "codes_supports": [
          "10",
          "13",
          "27"
        ],
        "libelles_supports": [
          "Diatomées benthiques",
          "Macroinvertébrés aquatiques",
          "Macrophytes"
        ],
        "codes_appel_taxons": [
          "6849",
          "11785",
          "7881",
          "8420",
          "8190",
          "14104",
          "7076",
          "42873",
          "14114",
          "8554",
          "43682",
          "32463",
          "38989",
          "6751",
          "8444",
          "7408",
          "7657",
          "7777",
          "7948",
          "7588",
          "14001",
          "14132",
          "7748",
          "7844",
          "8106",
          "8600",
          "11981",
          "7232",
          "7412",
          "7448",
          "6679",
          "8719",
          "8820",
          "7874",
          "7882",
          "20727",
          "9014",
          "9034",
          "8472",
          "9544",
          "6880",
          "4860",
          "11279",
          "9361",
          "10468",
          "7226",
          "6631",
          "7582",
          "7732",
          "14458",
          "44420",
          "15021",
          "9425",
          "8875",
          "8891",
          "8955",
          "8987",
          "29112",
          "17937",
          "9079",
          "43145",
          "1028",
          "212",
          "312",
          "9794",
          "451",
          "730",
          "618",
          "623",
          "622",
          "625",
          "807",
          "831",
          "650",
          "888",
          "892",
          "880",
          "1043",
          "1044",
          "1042",
          "978",
          "967",
          "928",
          "908",
          "933",
          "1056",
          "183",
          "721",
          "619",
          "757",
          "998",
          "515",
          "783",
          "3170",
          "997",
          "8512",
          "9081",
          "7111",
          "8559",
          "8609",
          "8633",
          "7995",
          "18821",
          "14426",
          "8393",
          "28635",
          "9419",
          "8619",
          "8599",
          "7849",
          "28559",
          "37468",
          "7225",
          "9449",
          "28301",
          "13578",
          "13717",
          "7604",
          "14317",
          "14397",
          "15513",
          "9029",
          "16638",
          "9072",
          "6752",
          "44412",
          "8746",
          "8483",
          "8958",
          "8193",
          "9040",
          "8114",
          "9047",
          "28497",
          "7851",
          "8840",
          "14664",
          "9421",
          "13689",
          "8789",
          "7256",
          "18930",
          "9468",
          "18855",
          "43146",
          "8395",
          "38565",
          "8192",
          "9378",
          "12451",
          "42884",
          "16034",
          "38622",
          "32665",
          "12608",
          "1700",
          "1681",
          "1268",
          "1903",
          "1626",
          "6627",
          "1124",
          "1702",
          "1090",
          "1089",
          "1055",
          "972",
          "1033",
          "887",
          "856",
          "847",
          "450",
          "364",
          "1061",
          "1004",
          "793",
          "5196",
          "3159",
          "819",
          "502",
          "325",
          "838",
          "1077",
          "1072",
          "3206",
          "320",
          "19280",
          "30103",
          "313",
          "919",
          "8781",
          "6648",
          "8206",
          "7782",
          "13106",
          "8015",
          "7107",
          "7633",
          "11755",
          "7229",
          "11786",
          "8731",
          "7171",
          "8735",
          "14864",
          "20686",
          "6768",
          "8631",
          "14452",
          "9051",
          "18123",
          "200",
          "198",
          "7101",
          "8847",
          "11835",
          "18938",
          "46907",
          "8147",
          "1294",
          "906",
          "7116",
          "7803",
          "10944",
          "9016",
          "12097",
          "801",
          "994",
          "8753",
          "8656",
          "8440",
          "7254",
          "8657",
          "7443",
          "14060",
          "7843",
          "7235",
          "3168",
          "1071",
          "7406",
          "14125"
        ],
        "libelles_appel_taxons": [
          "Ulnaria ulna",
          "Cocconeis euglypta",
          "Navicula cryptotenella",
          "Rhoicosphenia abbreviata",
          "Navicula tripunctata",
          "Gyrosigma sciotense",
          "Achnanthidium minutissimum",
          "Pantocsekiella comensis",
          "Gomphonema parvulum var. parvulum f. parvulum",
          "Aulacoseira ambigua",
          "Discostella pseudostelligera",
          "Karayevia clevei",
          "Planothidium rostratoholarcticum",
          "Pseudostaurosira brevistriata",
          "Sellaphora pupula",
          "Diploneis oculata",
          "Gomphonema exilissimum",
          "Hippodonta capitata",
          "Navicula gregaria",
          "Fallacia subhamulata",
          "Gomphonema minutum",
          "Gomphonema pumilum var. rigidum",
          "Gyrosigma attenuatum",
          "Navicula cari",
          "Navicula radiosa",
          "Cyclostephanos invisitatus",
          "Caloneis lancettula",
          "Cocconeis placentula var. lineata",
          "Diploneis petersenii",
          "Encyonopsis microcephala",
          "Fragilaria gracilis",
          "Melosira varians",
          "Nitzschia amphibia",
          "Navicula cryptocephala",
          "Navicula cryptotenelloides",
          "Navicula difficillimoides",
          "Nitzschia pusilla",
          "Nitzschia sociabilis",
          "Stauroneis smithii",
          "Staurosira",
          "Achnanthes coarctata",
          "Asterionella formosa",
          "Aulacoseira tethera",
          "Cocconeis",
          "Cocconeis pseudolineata",
          "Cocconeis pediculus",
          "Diatoma vulgare",
          "Fallacia helensis",
          "Gomphonema truncatum",
          "Kolbesia gessneri",
          "Luticola goeppertiana",
          "Nitzschia brunoi",
          "Navicula concentrica",
          "Nitzschia dissipata",
          "Nitzschia fonticola",
          "Nitzschia linearis",
          "Nitzschia palea",
          "Pseudostaurosira medliniae",
          "Planothidium lanceolatum",
          "Simonsenia delognei",
          "Sellaphora saugerresii",
          "Ancylus",
          "Hydropsyche",
          "Mystacides",
          "Baetis lato sensu",
          "Ephemerella ignita",
          "Notonecta",
          "Elmis",
          "Limnius",
          "Oulimnius",
          "Riolus",
          "Chironomidae",
          "Empididae",
          "Calopteryx",
          "Echinogammarus",
          "Gammarus",
          "Asellidae",
          "Pisidium",
          "Sphaerium",
          "Sphaeriidae",
          "Potamopyrgus",
          "Theodoxus",
          "Erpobdellidae",
          "Glossiphoniidae",
          "Oligochaeta",
          "Dugesia",
          "Rhyacophila lato-sensu",
          "Aphelocheirus",
          "Esolus",
          "Limoniidae",
          "Lymnaeidae",
          "Orectochilus",
          "Psychodidae",
          "Ostracoda",
          "Physa lato-sensu",
          "Surirella minuta",
          "Tryblionella apiculata",
          "Amphora ovalis",
          "Aulacoseira granulata",
          "Cyclotella comensis",
          "Cyclotella meneghiniana",
          "Navicula lanceolata",
          "Staurosira venter",
          "Karayevia ploenensis",
          "Planothidium frequentissimum",
          "Amphora indistincta",
          "Eolimna minima",
          "Cyclotella distinguenda var. distinguenda",
          "Cyclostephanos dubius",
          "Navicula caterva",
          "Punctastriata lancettula",
          "Surirella lacrimula",
          "Cocconeis neothumensis",
          "Encyonopsis minuta",
          "Eolimna raederae",
          "Fallacia lenzii",
          "Fallacia sublucidula",
          "Frustulia vulgaris",
          "Hippodonta costulata",
          "Hippodonta neglecta",
          "Navicula germainii",
          "Nitzschia sigmoidea",
          "Navicula upsaliensis",
          "Nitzschia vermicularis",
          "Pseudostaurosira parasitica",
          "Tryblionella angustatula",
          "Stephanodiscus hantzschii",
          "Surirella angusta",
          "Nitzschia linearis var. tenuis",
          "Navicula trophicatrix",
          "Nitzschia subacicularis",
          "Navicula reichardtiana var. reichardtiana",
          "Nitzschia subtilis",
          "Neidiomorpha binodis",
          "Navicula cincta",
          "Nitzschia bergii",
          "Mayamaea permitis",
          "Geissleria acceptata",
          "Fistulifera saprophila",
          "Denticula kuetzingii var. kuetzingii",
          "Cymatopleura solea var. solea",
          "Sellaphora verecundiae",
          "Surirella",
          "Staurosirella ovata",
          "Sellaphora nigri",
          "Platessa conspicua",
          "Paraplaconeis placentula",
          "Navicula trivialis var. trivialis",
          "Encyonema",
          "Diploneis fontanella",
          "Tryblionella kuetzingii",
          "Navicula oligotraphenta",
          "Humidophila contenta",
          "Fallacia mitis",
          "Discostella woltereckii",
          "Callitriche obtusangula",
          "Zannichellia palustris",
          "Rhynchostegium riparioides",
          "Ranunculus fluitans",
          "Lemna minor",
          "Diatoma",
          "Cladophora",
          "Callitriche platycarpa",
          "Porifera",
          "Nematoda",
          "Dugesiidae",
          "Valvata",
          "Acroloxus",
          "Gammaridae",
          "Sisyra",
          "Anthomyiidae",
          "Ephemerella",
          "Baetis",
          "Planariidae",
          "Radix",
          "Dixidae",
          "Corixinae",
          "Mermithoidea",
          "Ceratopogonidae",
          "Ephemera",
          "Notidobia",
          "Athericidae",
          "Hydra",
          "Dendrocoelum",
          "Copepoda",
          "Adicella",
          "Physella",
          "Physa stricto-sensu",
          "Ceraclea",
          "Piscicola",
          "Gomphonema",
          "Fragilaria brevistriata",
          "Navicula veneta",
          "Encyonema ventricosum",
          "Navicula menisculus var. menisculus",
          "Amphora inariensis",
          "Gomphonema augur",
          "Cymbella excisa var. procera",
          "Cocconeis placentula var. euglypta",
          "Cocconeis euglyptoides",
          "Puncticulata radiosa",
          "Caloneis bacillum",
          "Skeletonema potamos",
          "Navicula austrocollegarum",
          "Mayamaea atomus var. permitis",
          "Staurosirella pinnata",
          "Cyclotella meduanae",
          "Karayevia kolbei",
          "Nitzschia tenuis",
          "Reimeria uniseriata",
          "Hydroptila",
          "Ithytrichia",
          "Amphora copulata",
          "Nitzschia capitellata",
          "Diploneis separanda",
          "Tryblionella angustata",
          "Diploneis tirolensis",
          "Navicula slesvicensis",
          "Fissidens crassipes",
          "Hydracarina",
          "Amphora pediculus",
          "Navicula antonii",
          "Amphora macedoniensis",
          "Nitzschia recta",
          "Cocconeis placentula var. placentula",
          "Simuliidae",
          "Bithynia",
          "Stephanodiscus minutulus",
          "Sellaphora bacillum",
          "Cymatopleura solea var. apiculata",
          "Discostella stelligera",
          "Encyonema silesiacum",
          "Gomphonema olivaceum",
          "Navicula capitatoradiata",
          "Cocconeis pseudothumensis",
          "Hydrozoa",
          "Dendrocoelidae",
          "Diploneis oblongella",
          "Gomphosphenia lingulatiformis"
        ],
        "codes_indices": [
          "8060",
          "5856",
          "8059",
          "7613",
          "8050",
          "5910",
          "6034",
          "6035",
          "8058",
          "8057",
          "8056",
          "8055",
          "8054",
          "1022",
          "6335",
          "2928",
          "7973"
        ],
        "libelles_indices": [
          "Nombre de taxons contributifs de l'IBD",
          "Indice Biologique Diatomées (IBD)",
          "Nombre d'unités diatomiques contributives",
          "Indice Invertébrés Multimétrique (I2M2)",
          "Nombre de taxons contributifs de l'I2M2",
          "Indice dit \"équivalent\" (Phases A+B) de la méthode macroinvertébrés NF T90-333 ou protocole RCS antérieur",
          "Variété taxonomique de l'indice dit \"équivalent\" (Phases A+B) de la méthode macroinvertébrés NF T90-333 ou protocole RCS antérieur",
          "Groupe Faunistique Indicateur de l'indice dit \"équivalent\" (Phases A+B) de la méthode macroinvertébrés NF T90-333 ou protocole RCS antérieur",
          "Métrique Indice de Shannon de l'I2M2",
          "Métrique ASPT de l'I2M2",
          "Métrique Polyvoltinisme de l'I2M2",
          "Métrique Ovoviviparite de l'I2M2",
          "Métrique Richesse Taxonomique de l'I2M2",
          "Indice polluosensibilité spécifique (I.P.S.)",
          "Variété taxonomique de l'IBD 2007",
          "Indice Biologique Macrophytique en Rivière (I.B.M.R.)",
          "Nombre de Taxons IBMR totaux"
        ],
        "latitude": 49.052440649632,
        "longitude": 2.0865064838538627,
        "date_premier_prelevement": "2012-08-30",
        "date_dernier_prelevement": "2023-08-17"
      },
      "geometry": {
        "type": "Point",
        "crs": {
          "type": "name",
          "properties": {
            "name": "urn:ogc:def:crs:OGC:1.3:CRS84"
          }
        },
        "coordinates": [
          2.0865064838538627,
          49.052440649632
        ]
      }
    },
    {
      "type": "Feature",
      "properties": {
        "code_station_hydrobio": "03141000",
        "libelle_station_hydrobio": "L'OISE A CERGY 1",
        "uri_station_hydrobio": "https://id.eaufrance.fr/StationMesureEauxSurface/03141000",
        "coordonnee_x": 631196.0,
        "coordonnee_y": 6881724.0,
        "code_projection": "2154",
        "code_cours_eau": "H---0100",
        "libelle_cours_eau": "L'Oise",
        "uri_cours_eau": "https://id.eaufrance.fr/CoursEau_Carthage2017/H---0100",
        "code_masse_eau": "HR228A",
        "libelle_masse_eau": "L Oise du confluent de l Esches  exclu  au confluent de la Seine  exclu",
        "uri_masse_eau": "https://id.eaufrance.fr/MasseDEauRiviere_VEDL2019/HR228A",
        "code_sous_bassin": "FRH_IF",
        "libelle_sous_bassin": "Ile de France",
        "code_bassin": "H",
        "libelle_bassin": "La Seine et les cours d'eau côtiers normands",
        "code_commune": "95127",
        "libelle_commune": "Cergy",
        "code_departement": "95",
        "libelle_departement": "Val-d'Oise",
        "code_region": "11",
        "libelle_region": "Île-de-France",
        "codes_reseaux": [
          "0300000207"
        ],
        "libelles_reseaux": [
          "Réseau de gestion des eaux superficielles de la DRIF"
        ],
        "codes_supports": [
          "13",
          "11",
          "10"
        ],
        "libelles_supports": [
          "Macroinvertébrés aquatiques",
          "Phytoplancton",
          "Diatomées benthiques"
        ],
        "codes_appel_taxons": [
          "6571",
          "9335",
          "24459",
          "4767",
          "46583",
          "9634",
          "6016",
          "9361",
          "5731",
          "9470",
          "5981",
          "9804",
          "31933",
          "34957",
          "5711",
          "9462",
          "8735",
          "6598",
          "6269",
          "9468",
          "6273",
          "30028",
          "8719",
          "9625",
          "5736",
          "9440",
          "9570",
          "6260",
          "6330",
          "6572",
          "5645",
          "4755",
          "20626",
          "31927",
          "35416",
          "31932",
          "8781",
          "31950",
          "6627",
          "1077",
          "933",
          "1043",
          "1051",
          "4324",
          "3170",
          "3127",
          "4202",
          "658",
          "807",
          "387",
          "312",
          "3159",
          "978",
          "4226",
          "972",
          "1009",
          "1004",
          "1028",
          "1042",
          "32503",
          "245",
          "320",
          "43263",
          "8114",
          "32665",
          "7225",
          "32451",
          "8420",
          "8395",
          "9034",
          "7995",
          "8845",
          "15513",
          "32463",
          "14001",
          "7076",
          "41855",
          "28493",
          "7426",
          "7226",
          "7849",
          "10372",
          "16487",
          "8820",
          "8190",
          "16490",
          "8875",
          "7881",
          "43146",
          "43145",
          "11981",
          "9545",
          "20044",
          "6751",
          "44420",
          "7777",
          "8206",
          "10586",
          "39391",
          "13106",
          "14104",
          "14664",
          "8237",
          "66777",
          "11785",
          "6625",
          "7588",
          "7690",
          "14458",
          "7882",
          "8888",
          "7948",
          "8393",
          "224",
          "390",
          "887",
          "861",
          "880",
          "1046",
          "998",
          "1030",
          "502",
          "650",
          "3206",
          "11135",
          "9419",
          "32031",
          "8754",
          "20686",
          "7107",
          "9438",
          "9079",
          "17281",
          "18821",
          "6761",
          "37466",
          "7408",
          "13281",
          "17902",
          "11793",
          "7229",
          "11786",
          "7844",
          "8445",
          "7782",
          "13578",
          "14114",
          "7171",
          "13227",
          "14132",
          "12092",
          "7019",
          "12627",
          "28498",
          "8394",
          "8174",
          "8210",
          "6658",
          "8444",
          "8599",
          "9541",
          "16557",
          "6768",
          "14317",
          "8419",
          "32410",
          "9421",
          "6753",
          "16901",
          "8899",
          "8992",
          "8633",
          "17399",
          "28986",
          "28559",
          "28635",
          "4925",
          "9430",
          "20115",
          "9616",
          "200",
          "11835",
          "18123",
          "8934",
          "8111",
          "9088",
          "8847",
          "8109",
          "7101",
          "15213",
          "7375",
          "32680",
          "37239",
          "32028",
          "5904",
          "46582",
          "6274",
          "23202",
          "719",
          "5097",
          "7116",
          "28325",
          "10944",
          "7803",
          "12097",
          "27741",
          "994",
          "14060",
          "14125",
          "13151",
          "9016"
        ],
        "libelles_appel_taxons": [
          "Peridiniopsis",
          "Spermatozopsis exsultans",
          "Rhodomonas lens",
          "Bacillariophyceae",
          "Lemmermannia triangularis",
          "Plagioselmis nannoplanctica",
          "Chlamydomonas",
          "Cocconeis",
          "Monoraphidium contortum",
          "Amphora",
          "Tetraselmis cordiformis",
          "Nitzschia",
          "Desmodesmus communis",
          "Spermatozopsis similis",
          "Lagerheimia balatonica",
          "Cymatopleura elliptica",
          "Skeletonema potamos",
          "Bacillariophyta",
          "Cryptomonas",
          "Surirella",
          "Cryptomonas marssonii",
          "Desmodesmus intermedius",
          "Melosira varians",
          "Chroomonas coerulea",
          "Monoraphidium minutum",
          "Gyrosigma",
          "Chrysococcus",
          "Chroomonas",
          "Merismopedia tenuissima",
          "Peridiniopsis cunningtonii",
          "Dictyosphaerium",
          "Kirchneriella",
          "Chlamydomonas pertusa",
          "Cyanosarcina chroococcoides",
          "Goniomonas truncata",
          "Desmodesmus costato-granulatus",
          "Gomphonema",
          "Desmodesmus subspicatus",
          "Diatoma",
          "Hydra",
          "Oligochaeta",
          "Pisidium",
          "Corbicula",
          "Mysidae",
          "Ostracoda",
          "Cladocera",
          "Dikerogammarus",
          "Coenagrionidae",
          "Chironomidae",
          "Cloeon",
          "Mystacides",
          "Mermithoidea",
          "Potamopyrgus",
          "Hypania",
          "Valvata",
          "Planorbidae",
          "Radix",
          "Ancylus",
          "Sphaeriidae",
          "Chelicorophium",
          "Tinodes",
          "Adicella",
          "Sellaphora atomoides",
          "Navicula reichardtiana var. reichardtiana",
          "Fallacia mitis",
          "Cocconeis neothumensis",
          "Staurosira binodis",
          "Rhoicosphenia abbreviata",
          "Platessa conspicua",
          "Nitzschia sociabilis",
          "Navicula lanceolata",
          "Nitzschia bulnheimiana",
          "Navicula germainii",
          "Karayevia clevei",
          "Gomphonema minutum",
          "Achnanthidium minutissimum",
          "Pseudostaurosira sopotensis",
          "Navicula simulata",
          "Encyonema caespitosum",
          "Cocconeis pediculus",
          "Navicula caterva",
          "Achnanthidium eutrophilum",
          "Nitzschia soratensis",
          "Nitzschia amphibia",
          "Navicula tripunctata",
          "Nitzschia solgensis",
          "Nitzschia dissipata",
          "Navicula cryptotenella",
          "Sellaphora nigri",
          "Sellaphora saugerresii",
          "Caloneis lancettula",
          "Staurosirella",
          "Bacillaria paxillifera",
          "Pseudostaurosira brevistriata",
          "Luticola goeppertiana",
          "Hippodonta capitata",
          "Navicula veneta",
          "Achnanthidium lauenburgianum",
          "Encyonema leibleinii",
          "Encyonema ventricosum",
          "Gyrosigma sciotense",
          "Mayamaea permitis",
          "Neidium dubium",
          "Navicula metareichardtiana",
          "Cocconeis euglypta",
          "Diatoma moniliformis",
          "Fallacia subhamulata",
          "Gomphonema mexicanum",
          "Kolbesia gessneri",
          "Navicula cryptotenelloides",
          "Nitzschia filiformis var. conferta",
          "Navicula gregaria",
          "Planothidium frequentissimum",
          "Cyrnus",
          "Procloeon",
          "Gammaridae",
          "Atyaephyra",
          "Asellidae",
          "Dreissena",
          "Lymnaeidae",
          "Ferrissia",
          "Ephemera",
          "Calopteryx",
          "Copepoda",
          "Amphora pediculus abnormal form",
          "Eolimna minima",
          "Psammothidium lauenburgianum",
          "Stephanodiscus neoastraea",
          "Mayamaea atomus var. permitis",
          "Amphora inariensis",
          "Pinnularia",
          "Simonsenia delognei",
          "Planothidium granum",
          "Staurosira venter",
          "Staurosira construens",
          "Achnanthes lanceolata ssp. frequentissima var. rostratiformis",
          "Diploneis oculata",
          "Eolimna subminuscula",
          "Planothidium hauckianum",
          "Caloneis fontinalis",
          "Cocconeis placentula var. euglypta",
          "Cocconeis euglyptoides",
          "Navicula cari",
          "Sellaphora seminulum",
          "Fallacia lenzii",
          "Gomphonema parvulum var. parvulum f. parvulum",
          "Caloneis bacillum",
          "Encyonema prostratum",
          "Gomphonema pumilum var. rigidum",
          "Cocconeis placentula var. euglypta abnormal form",
          "Achnanthes ploenensis var. gessneri",
          "Ellerbeckia arenaria",
          "Staurosira brevistriata",
          "Planothidium rostratum",
          "Navicula subrotundata",
          "Navicula viridula",
          "Fragilaria capucina var. vaucheriae",
          "Sellaphora pupula",
          "Cyclostephanos dubius",
          "Opephora",
          "Nitzschia tabellaria",
          "Staurosirella pinnata",
          "Hippodonta costulata",
          "Reimeria sinuata",
          "Mayamaea atomus var. alcimonica",
          "Geissleria acceptata",
          "Pseudostaurosira parasitica var. subconstricta",
          "Opephora mutabilis",
          "Nitzschia frustulum var. frustulum",
          "Nitzschia paleacea",
          "Cyclotella meneghiniana",
          "Pleurosira laevis f. laevis",
          "Staurosira mutabilis",
          "Punctastriata lancettula",
          "Amphora indistincta",
          "Gymnodinium",
          "Navicula",
          "Cryptomonas pyrenoidifera",
          "Nephrodiella lunaris",
          "Hydroptila",
          "Diploneis separanda",
          "Reimeria uniseriata",
          "Nitzschia inconspicua",
          "Navicula recens",
          "Tryblionella levidensis",
          "Nitzschia capitellata",
          "Navicula radiosafallax",
          "Amphora copulata",
          "Nitzschia dealpina",
          "Cymbella tumida",
          "Karayevia ploenensis var. gessneri",
          "Platessa bahlsii",
          "Pseudodidymocystis fina",
          "Tetrastrum staurogeniaeforme",
          "Lemmermannia tetrapedia",
          "Cryptomonas ovata",
          "Limnomysis",
          "Micronecta",
          "Jaera",
          "Amphora pediculus",
          "Fragilaria recapitellata",
          "Amphora macedoniensis",
          "Navicula antonii",
          "Cocconeis placentula var. placentula",
          "Fragilaria pectinalis",
          "Bithynia",
          "Gomphonema olivaceum",
          "Gomphosphenia lingulatiformis",
          "Eolimna minima abnormal form",
          "Nitzschia recta"
        ],
        "codes_indices": [
          "6951",
          "6959",
          "6955",
          "1022",
          "5856",
          "8060",
          "8059",
          "8130",
          "8987",
          "8988",
          "8989",
          "8990",
          "8991",
          "8992",
          "1080"
        ],
        "libelles_indices": [
          "Indice macroinvertébrés grands cours d'eau - 12 prélèvements",
          "Groupe Faunistique Indicateur macroinvertébrés grands cours d'eau - 12 prélèvements",
          "Variété taxonomique macroinvertébrés grands cours d'eau - 12 prélèvements",
          "Indice polluosensibilité spécifique (I.P.S.)",
          "Indice Biologique Diatomées (IBD)",
          "Nombre de taxons contributifs de l'IBD",
          "Nombre d'unités diatomiques contributives",
          "Nombre de taxons contributifs de MGCE 12 prélèvements",
          "Indice Invertébrés Multimétrique - Cours d'eau profonds (I2M2_CEP)",
          "Métrique Ovoviviparite de l'I2M2_CEP",
          "Métrique β-mesosaprobe de l'I2M2_CEP",
          "Métrique aquatique, passive (Dispersion) de l'I2M2_CEP",
          "Métrique de richesse relative des taxons (groupe B) pour l'I2M2_CEP",
          "Métrique du niveau de spécialisation moyen en matière de ressources trophiques utilisées pour l'I2M2_CEP",
          "Indice Biologique Diatomées ancien"
        ],
        "latitude": 49.03171765887543,
        "longitude": 2.0590956347564453,
        "date_premier_prelevement": "2010-07-16",
        "date_dernier_prelevement": "2023-07-21"
      },
      "geometry": {
        "type": "Point",
        "crs": {
          "type": "name",
          "properties": {
            "name": "urn:ogc:def:crs:OGC:1.3:CRS84"
          }
        },
        "coordinates": [
          2.0590956347564453,
          49.03171765887543
        ]
      }
    },
    {
      "type": "Feature",
      "properties": {
        "code_station_hydrobio": "03141117",
        "libelle_station_hydrobio": "L'OISE A CERGY 2",
        "uri_station_hydrobio": "https://id.eaufrance.fr/StationMesureEauxSurface/03141117",
        "coordonnee_x": 630493.0,
        "coordonnee_y": 6882786.0,
        "code_projection": "2154",
        "code_cours_eau": null,
        "libelle_cours_eau": null,
        "uri_cours_eau": null,
        "code_masse_eau": null,
        "libelle_masse_eau": null,
        "uri_masse_eau": null,
        "code_sous_bassin": null,
        "libelle_sous_bassin": null,
        "code_bassin": null,
        "libelle_bassin": null,
        "code_commune": "95127",
        "libelle_commune": "Cergy",
        "code_departement": "95",
        "libelle_departement": "Val-d'Oise",
        "code_region": "11",
        "libelle_region": "Île-de-France",
        "codes_reseaux": [
          "0600000421"
        ],
        "libelles_reseaux": [
          "Réseau de suivi local des opérations de restauration hydromorphologique sur deux petits affluents du lac des Rousses (39)"
        ],
        "codes_supports": [
          "4"
        ],
        "libelles_supports": [
          "Poissons"
        ],
        "codes_appel_taxons": [
          "2090",
          "31041",
          "2133",
          "2086",
          "2080",
          "2038",
          "2113",
          "2053",
          "2156",
          "2137",
          "2104",
          "2135",
          "2096",
          "2125",
          "2195",
          "2193"
        ],
        "libelles_appel_taxons": [
          "Alburnus alburnus",
          "Squalius cephalus",
          "Rutilus rutilus",
          "Abramis brama",
          "Cottus gobio",
          "Anguilla anguilla",
          "Gobio gobio",
          "Micropterus salmoides",
          "Lota lota",
          "Tinca tinca",
          "Chondrostoma nasus",
          "Scardinius erythrophthalmus",
          "Barbus barbus",
          "Phoxinus phoxinus",
          "Sander lucioperca",
          "Perca fluviatilis"
        ],
        "codes_indices": null,
        "libelles_indices": null,
        "latitude": 49.041190453917835,
        "longitude": 2.0493080896633815,
        "date_premier_prelevement": "1997-04-30",
        "date_dernier_prelevement": "1997-04-30"
      },
      "geometry": {
        "type": "Point",
        "crs": {
          "type": "name",
          "properties": {
            "name": "urn:ogc:def:crs:OGC:1.3:CRS84"
          }
        },
        "coordinates": [
          2.0493080896633815,
          49.041190453917835
        ]
      }
    },
    {
      "type": "Feature",
      "properties": {
        "code_station_hydrobio": "03141323",
        "libelle_station_hydrobio": "L'OISE A NEUVILLE-SUR-OISE 1",
        "uri_station_hydrobio": "https://id.eaufrance.fr/StationMesureEauxSurface/03141323",
        "coordonnee_x": 630762.0,
        "coordonnee_y": 6879919.0,
        "code_projection": "2154",
        "code_cours_eau": null,
        "libelle_cours_eau": null,
        "uri_cours_eau": null,
        "code_masse_eau": null,
        "libelle_masse_eau": null,
        "uri_masse_eau": null,
        "code_sous_bassin": null,
        "libelle_sous_bassin": null,
        "code_bassin": null,
        "libelle_bassin": null,
        "code_commune": "95450",
        "libelle_commune": "Neuville-sur-Oise",
        "code_departement": "95",
        "libelle_departement": "Val-d'Oise",
        "code_region": "11",
        "libelle_region": "Île-de-France",
        "codes_reseaux": [
          "0600000421"
        ],
        "libelles_reseaux": [
          "Réseau de suivi local des opérations de restauration hydromorphologique sur deux petits affluents du lac des Rousses (39)"
        ],
        "codes_supports": [
          "4"
        ],
        "libelles_supports": [
          "Poissons"
        ],
        "codes_appel_taxons": [
          "2038",
          "31041",
          "2133",
          "2090",
          "2086",
          "2193"
        ],
        "libelles_appel_taxons": [
          "Anguilla anguilla",
          "Squalius cephalus",
          "Rutilus rutilus",
          "Alburnus alburnus",
          "Abramis brama",
          "Perca fluviatilis"
        ],
        "codes_indices": null,
        "libelles_indices": null,
        "latitude": 49.01544194938614,
        "longitude": 2.0534570654006448,
        "date_premier_prelevement": "1990-05-03",
        "date_dernier_prelevement": "1990-05-03"
      },
      "geometry": {
        "type": "Point",
        "crs": {
          "type": "name",
          "properties": {
            "name": "urn:ogc:def:crs:OGC:1.3:CRS84"
          }
        },
        "coordinates": [
          2.0534570654006448,
          49.01544194938614
        ]
      }
    },
    {
      "type": "Feature",
      "properties": {
        "code_station_hydrobio": "03166600",
        "libelle_station_hydrobio": "LE SAUSSERON A ARRONVILLE 1",
        "uri_station_hydrobio": "https://id.eaufrance.fr/StationMesureEauxSurface/03166600",
        "coordonnee_x": 635121.0,
        "coordonnee_y": 6897956.0,
        "code_projection": "2154",
        "code_cours_eau": null,
        "libelle_cours_eau": null,
        "uri_cours_eau": null,
        "code_masse_eau": null,
        "libelle_masse_eau": null,
        "uri_masse_eau": null,
        "code_sous_bassin": null,
        "libelle_sous_bassin": null,
        "code_bassin": null,
        "libelle_bassin": null,
        "code_commune": "95023",
        "libelle_commune": "Arronville",
        "code_departement": "95",
        "libelle_departement": "Val-d'Oise",
        "code_region": "11",
        "libelle_region": "Île-de-France",
        "codes_reseaux": [
          "0600000421"
        ],
        "libelles_reseaux": [
          "Réseau de suivi local des opérations de restauration hydromorphologique sur deux petits affluents du lac des Rousses (39)"
        ],
        "codes_supports": [
          "4"
        ],
        "libelles_supports": [
          "Poissons"
        ],
        "codes_appel_taxons": [
          "2071",
          "5208",
          "2221",
          "2167",
          "2135"
        ],
        "libelles_appel_taxons": [
          "Barbatula barbatula",
          "Carassius auratus auratus",
          "Salmo trutta fario",
          "Pungitius pungitius",
          "Scardinius erythrophthalmus"
        ],
        "codes_indices": null,
        "libelles_indices": null,
        "latitude": 49.178060587964,
        "longitude": 2.110264825509327,
        "date_premier_prelevement": "1992-11-03",
        "date_dernier_prelevement": "1992-11-03"
      },
      "geometry": {
        "type": "Point",
        "crs": {
          "type": "name",
          "properties": {
            "name": "urn:ogc:def:crs:OGC:1.3:CRS84"
          }
        },
        "coordinates": [
          2.110264825509327,
          49.178060587964
        ]
      }
    },
    {
      "type": "Feature",
      "properties": {
        "code_station_hydrobio": "03166650",
        "libelle_station_hydrobio": "LE RAVIN DE THEUVILLE A EPIAIS-RHUS 1",
        "uri_station_hydrobio": "https://id.eaufrance.fr/StationMesureEauxSurface/03166650",
        "coordonnee_x": 633110.0,
        "coordonnee_y": 6894291.0,
        "code_projection": "2154",
        "code_cours_eau": "H2269200",
        "libelle_cours_eau": "Ravin de Theuville",
        "uri_cours_eau": "https://id.eaufrance.fr/CoursEau_Carthage2017/H2269200",
        "code_masse_eau": null,
        "libelle_masse_eau": null,
        "uri_masse_eau": null,
        "code_sous_bassin": null,
        "libelle_sous_bassin": null,
        "code_bassin": null,
        "libelle_bassin": null,
        "code_commune": "95213",
        "libelle_commune": "Épiais-Rhus",
        "code_departement": "95",
        "libelle_departement": "Val-d'Oise",
        "code_region": "11",
        "libelle_region": "Île-de-France",
        "codes_reseaux": [
          "0400003087"
        ],
        "libelles_reseaux": [
          "Réseau de suivi de la qualité des retenues (VILLERST, NAUSSAC) de l'Établissement public Loire"
        ],
        "codes_supports": [
          "4"
        ],
        "libelles_supports": [
          "Poissons"
        ],
        "codes_appel_taxons": [
          "2133",
          "2221"
        ],
        "libelles_appel_taxons": [
          "Rutilus rutilus",
          "Salmo trutta fario"
        ],
        "codes_indices": [
          "7036",
          "7787",
          "7786",
          "7746",
          "7745",
          "7744",
          "7743",
          "7644"
        ],
        "libelles_indices": [
          "Indice Poisson Rivière (IPR)",
          "Score de la métrique densité totale d'individus (DTI)",
          "Score de la métrique densité d'individus tolérants (DIT)",
          "Score de la métrique densité d'individus omnivores (DIO)",
          "Score de la métrique densité d'individus invertivores (DII)",
          "Score de la métrique nombre d'espèces rhéophiles (NER)",
          "Score de la métrique nombre d'espèces lithophiles (NEL)",
          "Score de la métrique nombre total d’espèces (NTE)"
        ],
        "latitude": 49.14490535929557,
        "longitude": 2.0832723784699017,
        "date_premier_prelevement": "2005-08-30",
        "date_dernier_prelevement": "2006-08-30"
      },
      "geometry": {
        "type": "Point",
        "crs": {
          "type": "name",
          "properties": {
            "name": "urn:ogc:def:crs:OGC:1.3:CRS84"
          }
        },
        "coordinates": [
          2.0832723784699017,
          49.14490535929557
        ]
      }
    },
    {
      "type": "Feature",
      "properties": {
        "code_station_hydrobio": "03166680",
        "libelle_station_hydrobio": "LE RAVIN DE THEUVILLE A VALLANGOUJARD 1",
        "uri_station_hydrobio": "https://id.eaufrance.fr/StationMesureEauxSurface/03166680",
        "coordonnee_x": 634549.0,
        "coordonnee_y": 6893995.0,
        "code_projection": "2154",
        "code_cours_eau": "H2269200",
        "libelle_cours_eau": "Ravin de Theuville",
        "uri_cours_eau": "https://id.eaufrance.fr/CoursEau_Carthage2017/H2269200",
        "code_masse_eau": "HR228B-H2269200",
        "libelle_masse_eau": "ravin de theuville",
        "uri_masse_eau": "https://id.eaufrance.fr/MasseDEauRiviere_VEDL2019/HR228B-H2269200",
        "code_sous_bassin": "FRH_IF",
        "libelle_sous_bassin": "Ile de France",
        "code_bassin": "H",
        "libelle_bassin": "La Seine et les cours d'eau côtiers normands",
        "code_commune": "95627",
        "libelle_commune": "Vallangoujard",
        "code_departement": "95",
        "libelle_departement": "Val-d'Oise",
        "code_region": "11",
        "libelle_region": "Île-de-France",
        "codes_reseaux": [
          "0300000211",
          "0300000215",
          "0600000421"
        ],
        "libelles_reseaux": [
          "Réseau de gestion des eaux superficielles de la DSAM",
          "Réseau de gestion hydrobiologique de la DIREN Ile de France",
          "Réseau de suivi local des opérations de restauration hydromorphologique sur deux petits affluents du lac des Rousses (39)"
        ],
        "codes_supports": [
          "4",
          "13",
          "10"
        ],
        "libelles_supports": [
          "Poissons",
          "Macroinvertébrés aquatiques",
          "Diatomées benthiques"
        ],
        "codes_appel_taxons": [
          "2080",
          "2221",
          "2216",
          "2167",
          "2113",
          "212",
          "933",
          "978",
          "1043",
          "1042",
          "3170",
          "892",
          "887",
          "687",
          "789",
          "757",
          "807",
          "819",
          "647",
          "623",
          "618",
          "502",
          "364",
          "241",
          "1061",
          "1055",
          "824",
          "619",
          "1054",
          "928",
          "625",
          "183",
          "228",
          "307",
          "6751",
          "7719",
          "7811",
          "14426",
          "37468",
          "7777",
          "9361",
          "9356",
          "6766",
          "7995",
          "8937",
          "14397",
          "17937",
          "6735",
          "7408",
          "13106",
          "14104",
          "6679",
          "6768",
          "7588",
          "10372",
          "17513",
          "8619",
          "9360",
          "11981",
          "43146",
          "38989",
          "18821",
          "8420",
          "9034",
          "8393",
          "11788",
          "9449",
          "9544",
          "7948",
          "8987",
          "9049",
          "28635",
          "28247",
          "8875",
          "7076",
          "7881",
          "8190",
          "26",
          "1077",
          "909",
          "902",
          "20537",
          "20358",
          "3202",
          "822",
          "1064",
          "1056",
          "3206",
          "650",
          "556",
          "304",
          "704",
          "837",
          "783",
          "608",
          "5196",
          "312",
          "328",
          "14317",
          "14132",
          "8114",
          "32665",
          "7226",
          "14001",
          "11785",
          "14114",
          "9419",
          "8635",
          "7748",
          "14664",
          "7232",
          "6631",
          "11786",
          "9079",
          "10586",
          "13939",
          "908",
          "907",
          "305",
          "793",
          "2395",
          "906",
          "18123",
          "12017",
          "7101",
          "18938",
          "636",
          "32680",
          "918",
          "1071",
          "801",
          "3163",
          "9365",
          "7803",
          "12097",
          "7116",
          "8656",
          "28325",
          "14060",
          "7843"
        ],
        "libelles_appel_taxons": [
          "Cottus gobio",
          "Salmo trutta fario",
          "Oncorhynchus mykiss",
          "Pungitius pungitius",
          "Gobio gobio",
          "Hydropsyche",
          "Oligochaeta",
          "Potamopyrgus",
          "Pisidium",
          "Sphaeriidae",
          "Ostracoda",
          "Gammarus",
          "Gammaridae",
          "Cordulegaster",
          "Ptychopteridae",
          "Limoniidae",
          "Chironomidae",
          "Ceratopogonidae",
          "Curculionidae",
          "Limnius",
          "Elmis",
          "Ephemera",
          "Baetis",
          "Lype",
          "Planariidae",
          "Dugesiidae",
          "Stratiomyidae",
          "Esolus",
          "Tricladida",
          "Erpobdellidae",
          "Riolus",
          "Rhyacophila lato-sensu",
          "Plectrocnemia",
          "Lasiocephala",
          "Pseudostaurosira brevistriata",
          "Gomphonema pumilum",
          "Navicula associata",
          "Karayevia ploenensis",
          "Surirella lacrimula",
          "Hippodonta capitata",
          "Cocconeis",
          "Achnanthidium",
          "Staurosirella leptostauron",
          "Navicula lanceolata",
          "Nitzschia intermedia",
          "Hippodonta neglecta",
          "Planothidium lanceolatum",
          "Martyana martyi",
          "Diploneis oculata",
          "Encyonema ventricosum",
          "Gyrosigma sciotense",
          "Fragilaria gracilis",
          "Staurosirella pinnata",
          "Fallacia subhamulata",
          "Achnanthidium eutrophilum",
          "Psammothidium marginulatum",
          "Cyclotella distinguenda var. distinguenda",
          "Planothidium",
          "Caloneis lancettula",
          "Sellaphora nigri",
          "Planothidium rostratoholarcticum",
          "Staurosira venter",
          "Rhoicosphenia abbreviata",
          "Nitzschia sociabilis",
          "Planothidium frequentissimum",
          "Cymbella excisiformis var. excisiformis",
          "Encyonopsis minuta",
          "Staurosira",
          "Navicula gregaria",
          "Nitzschia palea",
          "Nitzschia supralitorea",
          "Amphora indistincta",
          "Achnanthidium jackii",
          "Nitzschia dissipata",
          "Achnanthidium minutissimum",
          "Navicula cryptotenella",
          "Navicula tripunctata",
          "Nemoura",
          "Hydra",
          "Glossiphonia",
          "Niphargus",
          "Pediciini",
          "Hexatomini",
          "Hemerodromiinae",
          "Ceratopogoninae",
          "Polycelis",
          "Dugesia",
          "Copepoda",
          "Calopteryx",
          "Platambus",
          "Lepidostomatidae",
          "Sialis",
          "Tabanidae",
          "Psychodidae",
          "Hydraena",
          "Corixinae",
          "Mystacides",
          "Beraea",
          "Hippodonta costulata",
          "Gomphonema pumilum var. rigidum",
          "Navicula reichardtiana var. reichardtiana",
          "Fallacia mitis",
          "Cocconeis pediculus",
          "Gomphonema minutum",
          "Cocconeis euglypta",
          "Gomphonema parvulum var. parvulum f. parvulum",
          "Eolimna minima",
          "Cyclotella ocellata",
          "Gyrosigma attenuatum",
          "Mayamaea permitis",
          "Cocconeis placentula var. lineata",
          "Diatoma vulgare",
          "Cocconeis euglyptoides",
          "Simonsenia delognei",
          "Achnanthidium lauenburgianum",
          "Geissleria ignota",
          "Glossiphoniidae",
          "Hirudinea",
          "Lepidostoma",
          "Dixidae",
          "Colymbetinae",
          "Hydracarina",
          "Reimeria uniseriata",
          "Craticula molestiformis",
          "Amphora copulata",
          "Tryblionella angustata",
          "Helodes",
          "Karayevia ploenensis var. gessneri",
          "Piscicolidae",
          "Dendrocoelidae",
          "Simuliidae",
          "Limnephilinae",
          "Hantzschia",
          "Navicula antonii",
          "Cocconeis placentula var. placentula",
          "Amphora pediculus",
          "Discostella pseudostelligera",
          "Fragilaria recapitellata",
          "Gomphonema olivaceum",
          "Navicula capitatoradiata"
        ],
        "codes_indices": [
          "8055",
          "8056",
          "8057",
          "8058",
          "6035",
          "6034",
          "5910",
          "8050",
          "7613",
          "8054",
          "5856",
          "6335"
        ],
        "libelles_indices": [
          "Métrique Ovoviviparite de l'I2M2",
          "Métrique Polyvoltinisme de l'I2M2",
          "Métrique ASPT de l'I2M2",
          "Métrique Indice de Shannon de l'I2M2",
          "Groupe Faunistique Indicateur de l'indice dit \"équivalent\" (Phases A+B) de la méthode macroinvertébrés NF T90-333 ou protocole RCS antérieur",
          "Variété taxonomique de l'indice dit \"équivalent\" (Phases A+B) de la méthode macroinvertébrés NF T90-333 ou protocole RCS antérieur",
          "Indice dit \"équivalent\" (Phases A+B) de la méthode macroinvertébrés NF T90-333 ou protocole RCS antérieur",
          "Nombre de taxons contributifs de l'I2M2",
          "Indice Invertébrés Multimétrique (I2M2)",
          "Métrique Richesse Taxonomique de l'I2M2",
          "Indice Biologique Diatomées (IBD)",
          "Variété taxonomique de l'IBD 2007"
        ],
        "latitude": 49.14239284779057,
        "longitude": 2.103038241210863,
        "date_premier_prelevement": "1990-05-09",
        "date_dernier_prelevement": "2020-06-18"
      },
      "geometry": {
        "type": "Point",
        "crs": {
          "type": "name",
          "properties": {
            "name": "urn:ogc:def:crs:OGC:1.3:CRS84"
          }
        },
        "coordinates": [
          2.103038241210863,
          49.14239284779057
        ]
      }
    },
    {
      "type": "Feature",
      "properties": {
        "code_station_hydrobio": "03166831",
        "libelle_station_hydrobio": "LE SAUSSERON A VALLANGOUJARD 1",
        "uri_station_hydrobio": "https://id.eaufrance.fr/StationMesureEauxSurface/03166831",
        "coordonnee_x": 635527.0,
        "coordonnee_y": 6893661.0,
        "code_projection": "2154",
        "code_cours_eau": null,
        "libelle_cours_eau": null,
        "uri_cours_eau": null,
        "code_masse_eau": null,
        "libelle_masse_eau": null,
        "uri_masse_eau": null,
        "code_sous_bassin": null,
        "libelle_sous_bassin": null,
        "code_bassin": null,
        "libelle_bassin": null,
        "code_commune": "95627",
        "libelle_commune": "Vallangoujard",
        "code_departement": "95",
        "libelle_departement": "Val-d'Oise",
        "code_region": "11",
        "libelle_region": "Île-de-France",
        "codes_reseaux": [
          "0600000421"
        ],
        "libelles_reseaux": [
          "Réseau de suivi local des opérations de restauration hydromorphologique sur deux petits affluents du lac des Rousses (39)"
        ],
        "codes_supports": [
          "4"
        ],
        "libelles_supports": [
          "Poissons"
        ],
        "codes_appel_taxons": [
          "2038",
          "2221",
          "2080",
          "2071",
          "2012",
          "2137",
          "2113",
          "2216",
          "2167",
          "2115"
        ],
        "libelles_appel_taxons": [
          "Anguilla anguilla",
          "Salmo trutta fario",
          "Cottus gobio",
          "Barbatula barbatula",
          "Lampetra planeri",
          "Tinca tinca",
          "Gobio gobio",
          "Oncorhynchus mykiss",
          "Pungitius pungitius",
          "Hypophthalmichthys molitrix"
        ],
        "codes_indices": null,
        "libelles_indices": null,
        "latitude": 49.13948924599623,
        "longitude": 2.1164911561851576,
        "date_premier_prelevement": "1987-05-06",
        "date_dernier_prelevement": "1990-05-10"
      },
      "geometry": {
        "type": "Point",
        "crs": {
          "type": "name",
          "properties": {
            "name": "urn:ogc:def:crs:OGC:1.3:CRS84"
          }
        },
        "coordinates": [
          2.1164911561851576,
          49.13948924599623
        ]
      }
    },
    {
      "type": "Feature",
      "properties": {
        "code_station_hydrobio": "03166945",
        "libelle_station_hydrobio": "LE RU DE FROUVILLE A FROUVILLE 2",
        "uri_station_hydrobio": "https://id.eaufrance.fr/StationMesureEauxSurface/03166945",
        "coordonnee_x": 638352.0,
        "coordonnee_y": 6893976.0,
        "code_projection": "2154",
        "code_cours_eau": "H2269400",
        "libelle_cours_eau": "Ru de Frouville",
        "uri_cours_eau": "https://id.eaufrance.fr/CoursEau_Carthage2017/H2269400",
        "code_masse_eau": "HR228B-H2269400",
        "libelle_masse_eau": "ru de frouville",
        "uri_masse_eau": "https://id.eaufrance.fr/MasseDEauRiviere_VEDL2019/HR228B-H2269400",
        "code_sous_bassin": "FRH_IF",
        "libelle_sous_bassin": "Ile de France",
        "code_bassin": "H",
        "libelle_bassin": "La Seine et les cours d'eau côtiers normands",
        "code_commune": "95258",
        "libelle_commune": "Frouville",
        "code_departement": "95",
        "libelle_departement": "Val-d'Oise",
        "code_region": "11",
        "libelle_region": "Île-de-France",
        "codes_reseaux": [
          "0300000207",
          "0300000211"
        ],
        "libelles_reseaux": [
          "Réseau de gestion des eaux superficielles de la DRIF",
          "Réseau de gestion des eaux superficielles de la DSAM"
        ],
        "codes_supports": [
          "13",
          "10"
        ],
        "libelles_supports": [
          "Macroinvertébrés aquatiques",
          "Diatomées benthiques"
        ],
        "codes_appel_taxons": [
          "933",
          "908",
          "978",
          "1043",
          "892",
          "837",
          "789",
          "757",
          "807",
          "819",
          "364",
          "1061",
          "928",
          "1009",
          "887",
          "650",
          "687",
          "753",
          "824",
          "783",
          "793",
          "608",
          "618",
          "743",
          "212",
          "322",
          "328",
          "1004",
          "3170",
          "831",
          "623",
          "2395",
          "502",
          "321",
          "241",
          "305",
          "307",
          "1089",
          "880",
          "481",
          "9794",
          "1064",
          "304",
          "822",
          "625",
          "223",
          "276",
          "7881",
          "38989",
          "8830",
          "16638",
          "9029",
          "8875",
          "15021",
          "7719",
          "13999",
          "7232",
          "11280",
          "9081",
          "8514",
          "37468",
          "8495",
          "8492",
          "8483",
          "6751",
          "8923",
          "7874",
          "8781",
          "7408",
          "7256",
          "10468",
          "7111",
          "8554",
          "8987",
          "11785",
          "11270",
          "8114",
          "7748",
          "7588",
          "11981",
          "8420",
          "8880",
          "32665",
          "9034",
          "18821",
          "14132",
          "7604",
          "7076",
          "8955",
          "14104",
          "8190",
          "8419",
          "7171",
          "9419",
          "7948",
          "8395",
          "18893",
          "7386",
          "6768",
          "8472",
          "7745",
          "16490",
          "17930",
          "16747",
          "17577",
          "13717",
          "7190",
          "8393",
          "14317",
          "8183",
          "8444",
          "8599",
          "9449",
          "9002",
          "17937",
          "6761",
          "7229",
          "32463",
          "7623",
          "13689",
          "7107",
          "8820",
          "7777",
          "7732",
          "9355",
          "7245",
          "8192",
          "18473",
          "14397",
          "7995",
          "14001",
          "16981",
          "6752",
          "1056",
          "765",
          "1077",
          "3111",
          "794",
          "556",
          "613",
          "8206",
          "9533",
          "6849",
          "8392",
          "14664",
          "28302",
          "8897",
          "11786",
          "8015",
          "14114",
          "28635",
          "10372",
          "17401",
          "8845",
          "8794",
          "8891",
          "7226",
          "37466",
          "13106",
          "10586",
          "13281",
          "8992",
          "906",
          "636",
          "9430",
          "18123",
          "7101",
          "11835",
          "7737",
          "12017",
          "32680",
          "3163",
          "1071",
          "801",
          "9016",
          "7116",
          "7803",
          "12097",
          "7406",
          "8491",
          "14060",
          "7235",
          "13151",
          "7843"
        ],
        "libelles_appel_taxons": [
          "Oligochaeta",
          "Glossiphoniidae",
          "Potamopyrgus",
          "Pisidium",
          "Gammarus",
          "Tabanidae",
          "Ptychopteridae",
          "Limoniidae",
          "Chironomidae",
          "Ceratopogonidae",
          "Baetis",
          "Planariidae",
          "Erpobdellidae",
          "Planorbidae",
          "Gammaridae",
          "Calopteryx",
          "Cordulegaster",
          "Tipulidae",
          "Stratiomyidae",
          "Psychodidae",
          "Dixidae",
          "Hydraena",
          "Elmis",
          "Veliidae",
          "Hydropsyche",
          "Sericostoma",
          "Beraea",
          "Radix",
          "Ostracoda",
          "Empididae",
          "Limnius",
          "Colymbetinae",
          "Ephemera",
          "Sericostomatidae",
          "Lype",
          "Lepidostoma",
          "Lasiocephala",
          "Nematoda",
          "Asellidae",
          "Paraleptophlebia",
          "Baetis lato sensu",
          "Polycelis",
          "Lepidostomatidae",
          "Ceratopogoninae",
          "Riolus",
          "Polycentropodidae",
          "Limnephilidae",
          "Navicula cryptotenella",
          "Planothidium rostratoholarcticum",
          "Nitzschia angustatula",
          "Navicula upsaliensis",
          "Nitzschia sigmoidea",
          "Nitzschia dissipata",
          "Nitzschia brunoi",
          "Gomphonema pumilum",
          "Gomphonema micropus var. micropus",
          "Cocconeis placentula var. lineata",
          "Aulacoseira tenella",
          "Tryblionella apiculata",
          "Surirella ovalis",
          "Surirella lacrimula",
          "Surirella brightwellii var. brightwellii",
          "Surirella brebissonii var. kuetzingii",
          "Surirella angusta",
          "Pseudostaurosira brevistriata",
          "Nitzschia heufleriana",
          "Navicula cryptocephala",
          "Gomphonema",
          "Diploneis oculata",
          "Cymatopleura solea var. solea",
          "Cocconeis pseudolineata",
          "Amphora ovalis",
          "Aulacoseira ambigua",
          "Nitzschia palea",
          "Cocconeis euglypta",
          "Aulacoseira pusilla",
          "Navicula reichardtiana var. reichardtiana",
          "Gyrosigma attenuatum",
          "Fallacia subhamulata",
          "Caloneis lancettula",
          "Rhoicosphenia abbreviata",
          "Nitzschia dubia",
          "Fallacia mitis",
          "Nitzschia sociabilis",
          "Staurosira venter",
          "Gomphonema pumilum var. rigidum",
          "Frustulia vulgaris",
          "Achnanthidium minutissimum",
          "Nitzschia linearis",
          "Gyrosigma sciotense",
          "Navicula tripunctata",
          "Reimeria sinuata",
          "Caloneis bacillum",
          "Eolimna minima",
          "Navicula gregaria",
          "Platessa conspicua",
          "Stauroneis separanda",
          "Diadesmis contenta",
          "Staurosirella pinnata",
          "Stauroneis smithii",
          "Gyrosigma acuminatum",
          "Nitzschia solgensis",
          "Planothidium dubium",
          "Navicula wiesneri",
          "Placoneis paraelginensis",
          "Fallacia sublucidula",
          "Caloneis silicula",
          "Planothidium frequentissimum",
          "Hippodonta costulata",
          "Navicula tenelloides",
          "Sellaphora pupula",
          "Cyclostephanos dubius",
          "Encyonopsis minuta",
          "Nitzschia perminuta",
          "Planothidium lanceolatum",
          "Staurosira construens",
          "Cocconeis placentula var. euglypta",
          "Karayevia clevei",
          "Gomphonema affine",
          "Fistulifera saprophila",
          "Amphora inariensis",
          "Nitzschia amphibia",
          "Hippodonta capitata",
          "Gomphonema truncatum",
          "Achnanthidium biasolettianum",
          "Craticula halophila",
          "Navicula trivialis var. trivialis",
          "Staurosira martyi",
          "Hippodonta neglecta",
          "Navicula lanceolata",
          "Gomphonema minutum",
          "Pseudostaurosira clavatum",
          "Pseudostaurosira parasitica",
          "Dugesia",
          "Dicranota",
          "Hydra",
          "Nemathelmintha",
          "Dixa",
          "Platambus",
          "Dryops",
          "Navicula veneta",
          "Fragilaria",
          "Ulnaria ulna",
          "Placoneis pseudanglica",
          "Mayamaea permitis",
          "Eolimna rotunda",
          "Nitzschia frequens",
          "Cocconeis euglyptoides",
          "Navicula menisculus var. menisculus",
          "Gomphonema parvulum var. parvulum f. parvulum",
          "Amphora indistincta",
          "Achnanthidium eutrophilum",
          "Planothidium frequentissimum abnormal form",
          "Nitzschia bulnheimiana",
          "Denticula tenuis",
          "Nitzschia fonticola",
          "Cocconeis pediculus",
          "Achnanthes lanceolata ssp. frequentissima var. rostratiformis",
          "Encyonema ventricosum",
          "Achnanthidium lauenburgianum",
          "Eolimna subminuscula",
          "Nitzschia paleacea",
          "Hydracarina",
          "Helodes",
          "Navicula",
          "Reimeria uniseriata",
          "Amphora copulata",
          "Diploneis separanda",
          "Gomphonema vibrio",
          "Craticula molestiformis",
          "Karayevia ploenensis var. gessneri",
          "Limnephilinae",
          "Dendrocoelidae",
          "Simuliidae",
          "Nitzschia recta",
          "Amphora pediculus",
          "Navicula antonii",
          "Cocconeis placentula var. placentula",
          "Diploneis oblongella",
          "Surirella brebissonii var. brebissonii",
          "Gomphonema olivaceum",
          "Cocconeis pseudothumensis",
          "Eolimna minima abnormal form",
          "Navicula capitatoradiata"
        ],
        "codes_indices": [
          "5910",
          "6035",
          "6034",
          "7613",
          "8056",
          "8057",
          "8058",
          "8050",
          "8054",
          "8055",
          "8060",
          "1022",
          "5856",
          "8059",
          "6335"
        ],
        "libelles_indices": [
          "Indice dit \"équivalent\" (Phases A+B) de la méthode macroinvertébrés NF T90-333 ou protocole RCS antérieur",
          "Groupe Faunistique Indicateur de l'indice dit \"équivalent\" (Phases A+B) de la méthode macroinvertébrés NF T90-333 ou protocole RCS antérieur",
          "Variété taxonomique de l'indice dit \"équivalent\" (Phases A+B) de la méthode macroinvertébrés NF T90-333 ou protocole RCS antérieur",
          "Indice Invertébrés Multimétrique (I2M2)",
          "Métrique Polyvoltinisme de l'I2M2",
          "Métrique ASPT de l'I2M2",
          "Métrique Indice de Shannon de l'I2M2",
          "Nombre de taxons contributifs de l'I2M2",
          "Métrique Richesse Taxonomique de l'I2M2",
          "Métrique Ovoviviparite de l'I2M2",
          "Nombre de taxons contributifs de l'IBD",
          "Indice polluosensibilité spécifique (I.P.S.)",
          "Indice Biologique Diatomées (IBD)",
          "Nombre d'unités diatomiques contributives",
          "Variété taxonomique de l'IBD 2007"
        ],
        "latitude": 49.14259914003484,
        "longitude": 2.1551544739719244,
        "date_premier_prelevement": "2010-07-15",
        "date_dernier_prelevement": "2020-08-05"
      },
      "geometry": {
        "type": "Point",
        "crs": {
          "type": "name",
          "properties": {
            "name": "urn:ogc:def:crs:OGC:1.3:CRS84"
          }
        },
        "coordinates": [
          2.1551544739719244,
          49.14259914003484
        ]
      }
    },
    {
      "type": "Feature",
      "properties": {
        "code_station_hydrobio": "03167000",
        "libelle_station_hydrobio": "LE SAUSSERON A NESLES-LA-VALLEE 1",
        "uri_station_hydrobio": "https://id.eaufrance.fr/StationMesureEauxSurface/03167000",
        "coordonnee_x": 639528.0,
        "coordonnee_y": 6892124.0,
        "code_projection": "2154",
        "code_cours_eau": "H2269000",
        "libelle_cours_eau": "Le Sausseron",
        "uri_cours_eau": "https://id.eaufrance.fr/CoursEau_Carthage2017/H2269000",
        "code_masse_eau": "HR228B",
        "libelle_masse_eau": "le Sausseron de sa source au confluent de l Oise  exclu",
        "uri_masse_eau": "https://id.eaufrance.fr/MasseDEauRiviere_VEDL2019/HR228B",
        "code_sous_bassin": "FRH_IF",
        "libelle_sous_bassin": "Ile de France",
        "code_bassin": "H",
        "libelle_bassin": "La Seine et les cours d'eau côtiers normands",
        "code_commune": "95446",
        "libelle_commune": "Nesles-la-Vallée",
        "code_departement": "95",
        "libelle_departement": "Val-d'Oise",
        "code_region": "11",
        "libelle_region": "Île-de-France",
        "codes_reseaux": [
          "0300000207",
          "0300000211",
          "0300000215",
          "0600000417",
          "0600000418",
          "0600000421"
        ],
        "libelles_reseaux": [
          "Réseau de gestion des eaux superficielles de la DRIF",
          "Réseau de gestion des eaux superficielles de la DSAM",
          "Réseau de gestion hydrobiologique de la DIREN Ile de France",
          "Réseau de suivi local de l’opération de restauration hydromorphologique en avant-projet sur le ruisseau de l’Abbaye à Appenans (25)",
          "Réseau de suivi local des opérations de restauration hydromorphologique sur l'Allaine (90)",
          "Réseau de suivi local des opérations de restauration hydromorphologique sur deux petits affluents du lac des Rousses (39)"
        ],
        "codes_supports": [
          "13",
          "27",
          "10",
          "4"
        ],
        "libelles_supports": [
          "Macroinvertébrés aquatiques",
          "Macrophytes",
          "Diatomées benthiques",
          "Poissons"
        ],
        "codes_appel_taxons": [
          "191",
          "1089",
          "933",
          "978",
          "1043",
          "1044",
          "892",
          "887",
          "650",
          "807",
          "819",
          "623",
          "364",
          "908",
          "757",
          "619",
          "618",
          "183",
          "287",
          "1087",
          "3326",
          "928",
          "1009",
          "1033",
          "1028",
          "880",
          "625",
          "450",
          "322",
          "241",
          "212",
          "1055",
          "831",
          "704",
          "837",
          "789",
          "305",
          "1061",
          "622",
          "2395",
          "824",
          "783",
          "728",
          "909",
          "3170",
          "20537",
          "822",
          "9794",
          "451",
          "307",
          "1626",
          "1197",
          "1042",
          "502",
          "3206",
          "3159",
          "872",
          "6849",
          "43145",
          "8419",
          "17405",
          "16487",
          "8106",
          "66777",
          "44420",
          "38981",
          "14114",
          "14001",
          "13408",
          "10616",
          "8600",
          "7076",
          "9544",
          "8444",
          "29112",
          "6751",
          "8206",
          "8987",
          "7874",
          "7844",
          "14393",
          "7748",
          "14132",
          "11981",
          "8781",
          "67411",
          "8393",
          "7948",
          "7588",
          "11785",
          "7408",
          "10586",
          "18821",
          "13717",
          "8420",
          "32665",
          "8875",
          "14104",
          "7881",
          "9034",
          "8190",
          "28509",
          "8820",
          "43263",
          "7107",
          "8114",
          "14317",
          "7719",
          "14397",
          "919",
          "304",
          "1056",
          "8746",
          "31603",
          "28635",
          "20727",
          "35939",
          "18855",
          "28249",
          "7995",
          "34824",
          "9079",
          "20681",
          "9470",
          "11897",
          "8794",
          "13689",
          "7777",
          "15183",
          "9804",
          "9029",
          "16638",
          "16755",
          "8395",
          "6761",
          "6768",
          "7226",
          "12451",
          "7882",
          "8192",
          "9446",
          "8193",
          "8830",
          "42873",
          "8492",
          "8748",
          "42884",
          "972",
          "449",
          "608",
          "794",
          "838",
          "29962",
          "1124",
          "1169",
          "1125",
          "8475",
          "9419",
          "13578",
          "14664",
          "17937",
          "9356",
          "10372",
          "11431",
          "9361",
          "9449",
          "7745",
          "9014",
          "9081",
          "32031",
          "8603",
          "10485",
          "9444",
          "20686",
          "8876",
          "8633",
          "8719",
          "6752",
          "8775",
          "7229",
          "8735",
          "8891",
          "8731",
          "7782",
          "6648",
          "10603",
          "8609",
          "14703",
          "7917",
          "7171",
          "37466",
          "11135",
          "8445",
          "11786",
          "8992",
          "8845",
          "20044",
          "7760",
          "7109",
          "6653",
          "6735",
          "7386",
          "7604",
          "8797",
          "7851",
          "9533",
          "7110",
          "6631",
          "13128",
          "28559",
          "37468",
          "10068",
          "32463",
          "13649",
          "12163",
          "14458",
          "8619",
          "43146",
          "12999",
          "7411",
          "8385",
          "17918",
          "41354",
          "38646",
          "16721",
          "1702",
          "10206",
          "1698",
          "1627",
          "1696",
          "1700",
          "1077",
          "320",
          "32503",
          "10598",
          "8955",
          "9545",
          "10597",
          "35959",
          "7249",
          "13106",
          "8809",
          "28006",
          "8599",
          "10468",
          "41890",
          "7256",
          "7412",
          "43682",
          "8923",
          "16490",
          "7811",
          "18355",
          "5190",
          "3202",
          "245",
          "3111",
          "3127",
          "276",
          "735",
          "1074",
          "20358",
          "1072",
          "1054",
          "192",
          "5219",
          "796",
          "836",
          "189",
          "228",
          "906",
          "200",
          "292",
          "636",
          "918",
          "3166",
          "363",
          "67400",
          "7375",
          "11415",
          "33829",
          "1196",
          "7101",
          "11835",
          "9044",
          "18123",
          "7368",
          "9430",
          "8847",
          "9051",
          "1294",
          "8934",
          "3163",
          "719",
          "801",
          "1071",
          "3168",
          "994",
          "7116",
          "7235",
          "9016",
          "7406",
          "12097",
          "10944",
          "745",
          "8656",
          "7443",
          "7606",
          "7803",
          "8440",
          "14060",
          "6765",
          "2113",
          "2221",
          "2167",
          "2133",
          "2071",
          "2038",
          "2165",
          "2216",
          "2125",
          "2012",
          "31041",
          "2151",
          "2135",
          "2080",
          "2010",
          "873",
          "2193",
          "2110"
        ],
        "libelles_appel_taxons": [
          "Agapetus",
          "Nematoda",
          "Oligochaeta",
          "Potamopyrgus",
          "Pisidium",
          "Sphaerium",
          "Gammarus",
          "Gammaridae",
          "Calopteryx",
          "Chironomidae",
          "Ceratopogonidae",
          "Limnius",
          "Baetis",
          "Glossiphoniidae",
          "Limoniidae",
          "Esolus",
          "Elmis",
          "Rhyacophila lato-sensu",
          "Goera",
          "Bryozoa",
          "Turbellaria",
          "Erpobdellidae",
          "Planorbidae",
          "Acroloxus",
          "Ancylus",
          "Asellidae",
          "Riolus",
          "Ephemerella",
          "Sericostoma",
          "Lype",
          "Hydropsyche",
          "Dugesiidae",
          "Empididae",
          "Sialis",
          "Tabanidae",
          "Ptychopteridae",
          "Lepidostoma",
          "Planariidae",
          "Oulimnius",
          "Colymbetinae",
          "Stratiomyidae",
          "Psychodidae",
          "Notonectidae",
          "Glossiphonia",
          "Ostracoda",
          "Pediciini",
          "Ceratopogoninae",
          "Baetis lato sensu",
          "Ephemerella ignita",
          "Lasiocephala",
          "Lemna minor",
          "Pellia endiviifolia",
          "Sphaeriidae",
          "Ephemera",
          "Copepoda",
          "Mermithoidea",
          "Pacifastacus",
          "Ulnaria ulna",
          "Sellaphora saugerresii",
          "Reimeria sinuata",
          "Platessa holsatica",
          "Nitzschia soratensis",
          "Navicula radiosa",
          "Navicula metareichardtiana",
          "Luticola goeppertiana",
          "Luticola frequentissima",
          "Gomphonema parvulum var. parvulum f. parvulum",
          "Gomphonema minutum",
          "Fragilaria canariensis",
          "Diadesmis biceps",
          "Cyclostephanos invisitatus",
          "Achnanthidium minutissimum",
          "Staurosira",
          "Sellaphora pupula",
          "Pseudostaurosira medliniae",
          "Pseudostaurosira brevistriata",
          "Navicula veneta",
          "Nitzschia palea",
          "Navicula cryptocephala",
          "Navicula cari",
          "Hippodonta lueneburgensis",
          "Gyrosigma attenuatum",
          "Gomphonema pumilum var. rigidum",
          "Caloneis lancettula",
          "Gomphonema",
          "Gomphonella olivacea",
          "Planothidium frequentissimum",
          "Navicula gregaria",
          "Fallacia subhamulata",
          "Cocconeis euglypta",
          "Diploneis oculata",
          "Achnanthidium lauenburgianum",
          "Staurosira venter",
          "Fallacia sublucidula",
          "Rhoicosphenia abbreviata",
          "Fallacia mitis",
          "Nitzschia dissipata",
          "Gyrosigma sciotense",
          "Navicula cryptotenella",
          "Nitzschia sociabilis",
          "Navicula tripunctata",
          "Staurosira pseudoconstruens",
          "Nitzschia amphibia",
          "Sellaphora atomoides",
          "Amphora inariensis",
          "Navicula reichardtiana var. reichardtiana",
          "Hippodonta costulata",
          "Gomphonema pumilum",
          "Hippodonta neglecta",
          "Piscicola",
          "Lepidostomatidae",
          "Dugesia",
          "Stephanodiscus hantzschii",
          "Achnanthidium microcephalum",
          "Amphora indistincta",
          "Navicula difficillimoides",
          "Adlafia baicalensis",
          "Staurosirella ovata",
          "Amphora minutissima",
          "Navicula lanceolata",
          "Pseudofallacia monoculata",
          "Simonsenia delognei",
          "Achnanthidium affine",
          "Amphora",
          "Craticula minusculoides",
          "Denticula tenuis",
          "Fistulifera saprophila",
          "Hippodonta capitata",
          "Navicula cataracta-rheni",
          "Nitzschia",
          "Nitzschia sigmoidea",
          "Navicula upsaliensis",
          "Nitzschia wuellerstorffii",
          "Platessa conspicua",
          "Staurosira construens",
          "Staurosirella pinnata",
          "Cocconeis pediculus",
          "Diploneis fontanella",
          "Navicula cryptotenelloides",
          "Navicula trivialis var. trivialis",
          "Craticula",
          "Navicula trophicatrix",
          "Nitzschia angustatula",
          "Pantocsekiella comensis",
          "Surirella brebissonii var. kuetzingii",
          "Stephanodiscus hantzschii f. tenuis",
          "Tryblionella kuetzingii",
          "Valvata",
          "Ephemerellidae",
          "Hydraena",
          "Dixa",
          "Athericidae",
          "Lemna minuta",
          "Cladophora",
          "Vaucheria",
          "Rhizoclonium",
          "Stauroneis thermicola",
          "Eolimna minima",
          "Fallacia lenzii",
          "Mayamaea permitis",
          "Planothidium lanceolatum",
          "Achnanthidium",
          "Achnanthidium eutrophilum",
          "Cymbella excisa var. excisa",
          "Cocconeis",
          "Encyonopsis minuta",
          "Gyrosigma acuminatum",
          "Nitzschia pusilla",
          "Tryblionella apiculata",
          "Psammothidium lauenburgianum",
          "Cyclotella atomus",
          "Adlafia minuscula",
          "Fallacia",
          "Mayamaea atomus var. permitis",
          "Nitzschia dissipata var. media",
          "Cyclotella meneghiniana",
          "Melosira varians",
          "Pseudostaurosira parasitica",
          "Thalassiosira pseudonana",
          "Cocconeis placentula var. euglypta",
          "Skeletonema potamos",
          "Nitzschia fonticola",
          "Puncticulata radiosa",
          "Fragilaria brevistriata",
          "Achnanthidium lineare",
          "Cyclotella comensis",
          "Mayamaea atomus",
          "Navicula erifuga",
          "Caloneis bacillum",
          "Achnanthes lanceolata ssp. frequentissima var. rostratiformis",
          "Amphora pediculus abnormal form",
          "Sellaphora seminulum",
          "Cocconeis euglyptoides",
          "Nitzschia paleacea",
          "Nitzschia bulnheimiana",
          "Bacillaria paxillifera",
          "Gyrosigma nodiferum",
          "Amphora montana",
          "Fragilaria capucina var. capitellata",
          "Martyana martyi",
          "Diadesmis contenta",
          "Frustulia vulgaris",
          "Hantzschia amphioxys",
          "Navicula cincta",
          "Fragilaria",
          "Amphora normanii",
          "Diatoma vulgare",
          "Encyonopsis subminuta",
          "Punctastriata lancettula",
          "Surirella lacrimula",
          "Pennate",
          "Karayevia clevei",
          "Fallacia pygmaea ssp. subpygmaea",
          "Craticula buderi",
          "Kolbesia gessneri",
          "Cyclotella distinguenda var. distinguenda",
          "Sellaphora nigri",
          "Encyonopsis microcephala var. robusta",
          "Diploneis parma",
          "Placoneis clementis",
          "Pseudostaurosira trainorii",
          "Fragilaria candidagilae",
          "Praestephanos triporus",
          "Navicula vilaplanii",
          "Callitriche platycarpa",
          "Aneura pinguis",
          "Callitriche hamulata",
          "Lemna minuscula",
          "Callitriche",
          "Callitriche obtusangula",
          "Hydra",
          "Adicella",
          "Chelicorophium",
          "Achnanthidium rivulare",
          "Nitzschia linearis",
          "Staurosirella",
          "Achnanthidium pyrenaicum",
          "Achnanthidium hoffmannii",
          "Cymatopleura elliptica var. elliptica",
          "Encyonema ventricosum",
          "Nitzschia acicularis",
          "Nitzschia puriformis",
          "Cyclostephanos dubius",
          "Cocconeis pseudolineata",
          "Craticula subminuscula",
          "Cymatopleura solea var. solea",
          "Diploneis petersenii",
          "Discostella pseudostelligera",
          "Nitzschia heufleriana",
          "Nitzschia solgensis",
          "Navicula associata",
          "Surirella helvetica",
          "Boreobdella",
          "Hemerodromiinae",
          "Tinodes",
          "Nemathelmintha",
          "Cladocera",
          "Limnephilidae",
          "Gerris",
          "Dendrocoelum lacteum",
          "Hexatomini",
          "Dendrocoelum",
          "Tricladida",
          "Synagapetus",
          "Silo-lithax",
          "Culicidae",
          "Dolichopodidae",
          "Glossosomatidae",
          "Plectrocnemia",
          "Hydracarina",
          "Hydroptila",
          "Silo",
          "Helodes",
          "Piscicolidae",
          "Hydrozoa",
          "Baetidae",
          "Fragilaria deformis",
          "Cymbella tumida",
          "Cyclotella atomus var. gracilis",
          "Achnanthidium delmontii",
          "Pellia",
          "Amphora copulata",
          "Diploneis separanda",
          "Nitzschia sublinearis",
          "Reimeria uniseriata",
          "Cymbella",
          "Navicula",
          "Nitzschia capitellata",
          "Nitzschia tenuis",
          "Fissidens crassipes",
          "Nitzschia inconspicua",
          "Limnephilinae",
          "Micronecta",
          "Simuliidae",
          "Dendrocoelidae",
          "Bithynia",
          "Amphora pediculus",
          "Cocconeis pseudothumensis",
          "Nitzschia recta",
          "Diploneis oblongella",
          "Cocconeis placentula var. placentula",
          "Amphora macedoniensis",
          "Velia",
          "Encyonema silesiacum",
          "Geissleria decussis",
          "Navicula antonii",
          "Sellaphora bacillum",
          "Gomphonema olivaceum",
          "Staurosirella lapponica",
          "Gobio gobio",
          "Salmo trutta fario",
          "Pungitius pungitius",
          "Rutilus rutilus",
          "Barbatula barbatula",
          "Anguilla anguilla",
          "Gasterosteus aculeatus aculeatus",
          "Oncorhynchus mykiss",
          "Phoxinus phoxinus",
          "Lampetra planeri",
          "Squalius cephalus",
          "Esox lucius",
          "Scardinius erythrophthalmus",
          "Cottus gobio",
          "Lampetra",
          "Pacifastacus leniusculus",
          "Perca fluviatilis",
          "Cyprinus carpio"
        ],
        "codes_indices": [
          "5910",
          "6035",
          "6034",
          "7613",
          "2928",
          "7974",
          "8063",
          "7973",
          "8058",
          "8057",
          "8056",
          "8055",
          "8054",
          "8050",
          "5856",
          "8059",
          "8060",
          "1022",
          "6335",
          "6350",
          "7036",
          "7787",
          "7786",
          "7746",
          "7745",
          "7744",
          "7743",
          "7644"
        ],
        "libelles_indices": [
          "Indice dit \"équivalent\" (Phases A+B) de la méthode macroinvertébrés NF T90-333 ou protocole RCS antérieur",
          "Groupe Faunistique Indicateur de l'indice dit \"équivalent\" (Phases A+B) de la méthode macroinvertébrés NF T90-333 ou protocole RCS antérieur",
          "Variété taxonomique de l'indice dit \"équivalent\" (Phases A+B) de la méthode macroinvertébrés NF T90-333 ou protocole RCS antérieur",
          "Indice Invertébrés Multimétrique (I2M2)",
          "Indice Biologique Macrophytique en Rivière (I.B.M.R.)",
          "Nombre de taxons contributifs de l'IBMR",
          "Note IBMR robuste",
          "Nombre de Taxons IBMR totaux",
          "Métrique Indice de Shannon de l'I2M2",
          "Métrique ASPT de l'I2M2",
          "Métrique Polyvoltinisme de l'I2M2",
          "Métrique Ovoviviparite de l'I2M2",
          "Métrique Richesse Taxonomique de l'I2M2",
          "Nombre de taxons contributifs de l'I2M2",
          "Indice Biologique Diatomées (IBD)",
          "Nombre d'unités diatomiques contributives",
          "Nombre de taxons contributifs de l'IBD",
          "Indice polluosensibilité spécifique (I.P.S.)",
          "Variété taxonomique de l'IBD 2007",
          "Variété taxonomique de l'IBMR",
          "Indice Poisson Rivière (IPR)",
          "Score de la métrique densité totale d'individus (DTI)",
          "Score de la métrique densité d'individus tolérants (DIT)",
          "Score de la métrique densité d'individus omnivores (DIO)",
          "Score de la métrique densité d'individus invertivores (DII)",
          "Score de la métrique nombre d'espèces rhéophiles (NER)",
          "Score de la métrique nombre d'espèces lithophiles (NEL)",
          "Score de la métrique nombre total d’espèces (NTE)"
        ],
        "latitude": 49.12606104889504,
        "longitude": 2.1715358690256608,
        "date_premier_prelevement": "1987-04-06",
        "date_dernier_prelevement": "2025-10-02"
      },
      "geometry": {
        "type": "Point",
        "crs": {
          "type": "name",
          "properties": {
            "name": "urn:ogc:def:crs:OGC:1.3:CRS84"
          }
        },
        "coordinates": [
          2.1715358690256608,
          49.12606104889504
        ]
      }
    },
    {
      "type": "Feature",
      "properties": {
        "code_station_hydrobio": "03167024",
        "libelle_station_hydrobio": "LE SAUSSERON A NESLES-LA-VALLEE 2",
        "uri_station_hydrobio": "https://id.eaufrance.fr/StationMesureEauxSurface/03167024",
        "coordonnee_x": 640087.0,
        "coordonnee_y": 6891148.0,
        "code_projection": "2154",
        "code_cours_eau": null,
        "libelle_cours_eau": null,
        "uri_cours_eau": null,
        "code_masse_eau": null,
        "libelle_masse_eau": null,
        "uri_masse_eau": null,
        "code_sous_bassin": null,
        "libelle_sous_bassin": null,
        "code_bassin": null,
        "libelle_bassin": null,
        "code_commune": "95446",
        "libelle_commune": "Nesles-la-Vallée",
        "code_departement": "95",
        "libelle_departement": "Val-d'Oise",
        "code_region": "11",
        "libelle_region": "Île-de-France",
        "codes_reseaux": [
          "0600000421"
        ],
        "libelles_reseaux": [
          "Réseau de suivi local des opérations de restauration hydromorphologique sur deux petits affluents du lac des Rousses (39)"
        ],
        "codes_supports": [
          "4"
        ],
        "libelles_supports": [
          "Poissons"
        ],
        "codes_appel_taxons": [
          "2071",
          "2221",
          "2167",
          "2113",
          "2080",
          "2193"
        ],
        "libelles_appel_taxons": [
          "Barbatula barbatula",
          "Salmo trutta fario",
          "Pungitius pungitius",
          "Gobio gobio",
          "Cottus gobio",
          "Perca fluviatilis"
        ],
        "codes_indices": null,
        "libelles_indices": null,
        "latitude": 49.1173388312258,
        "longitude": 2.1793325571904174,
        "date_premier_prelevement": "1990-05-09",
        "date_dernier_prelevement": "1990-05-09"
      },
      "geometry": {
        "type": "Point",
        "crs": {
          "type": "name",
          "properties": {
            "name": "urn:ogc:def:crs:OGC:1.3:CRS84"
          }
        },
        "coordinates": [
          2.1793325571904174,
          49.1173388312258
        ]
      }
    },
    {
      "type": "Feature",
      "properties": {
        "code_station_hydrobio": "03167094",
        "libelle_station_hydrobio": "LE SAUSSERON A VALMONDOIS 2",
        "uri_station_hydrobio": "https://id.eaufrance.fr/StationMesureEauxSurface/03167094",
        "coordonnee_x": 641934.0,
        "coordonnee_y": 6888493.0,
        "code_projection": "2154",
        "code_cours_eau": null,
        "libelle_cours_eau": null,
        "uri_cours_eau": null,
        "code_masse_eau": null,
        "libelle_masse_eau": null,
        "uri_masse_eau": null,
        "code_sous_bassin": null,
        "libelle_sous_bassin": null,
        "code_bassin": null,
        "libelle_bassin": null,
        "code_commune": "95628",
        "libelle_commune": "Valmondois",
        "code_departement": "95",
        "libelle_departement": "Val-d'Oise",
        "code_region": "11",
        "libelle_region": "Île-de-France",
        "codes_reseaux": [
          "0600000421"
        ],
        "libelles_reseaux": [
          "Réseau de suivi local des opérations de restauration hydromorphologique sur deux petits affluents du lac des Rousses (39)"
        ],
        "codes_supports": [
          "4"
        ],
        "libelles_supports": [
          "Poissons"
        ],
        "codes_appel_taxons": [
          "2080",
          "31041",
          "2221",
          "2133",
          "2113",
          "2038",
          "5208",
          "2156"
        ],
        "libelles_appel_taxons": [
          "Cottus gobio",
          "Squalius cephalus",
          "Salmo trutta fario",
          "Rutilus rutilus",
          "Gobio gobio",
          "Anguilla anguilla",
          "Carassius auratus auratus",
          "Lota lota"
        ],
        "codes_indices": null,
        "libelles_indices": null,
        "latitude": 49.09363858947209,
        "longitude": 2.2049965209336286,
        "date_premier_prelevement": "1992-11-03",
        "date_dernier_prelevement": "1992-11-03"
      },
      "geometry": {
        "type": "Point",
        "crs": {
          "type": "name",
          "properties": {
            "name": "urn:ogc:def:crs:OGC:1.3:CRS84"
          }
        },
        "coordinates": [
          2.2049965209336286,
          49.09363858947209
        ]
      }
    },
    {
      "type": "Feature",
      "properties": {
        "code_station_hydrobio": "03177540",
        "libelle_station_hydrobio": "LE CUDRON A SAINT-CLAIR-SUR-EPTE 1",
        "uri_station_hydrobio": "https://id.eaufrance.fr/StationMesureEauxSurface/03177540",
        "coordonnee_x": 604356.0,
        "coordonnee_y": 6901708.0,
        "code_projection": "2154",
        "code_cours_eau": "H3163000",
        "libelle_cours_eau": "Le Cudron",
        "uri_cours_eau": "https://id.eaufrance.fr/CoursEau_Carthage2017/H3163000",
        "code_masse_eau": "HR239-H3163000",
        "libelle_masse_eau": "ru du Cudron",
        "uri_masse_eau": "https://id.eaufrance.fr/MasseDEauRiviere_VEDL2019/HR239-H3163000",
        "code_sous_bassin": "FRH_SEAV",
        "libelle_sous_bassin": "Seine aval",
        "code_bassin": "H",
        "libelle_bassin": "La Seine et les cours d'eau côtiers normands",
        "code_commune": "95541",
        "libelle_commune": "Saint-Clair-sur-Epte",
        "code_departement": "95",
        "libelle_departement": "Val-d'Oise",
        "code_region": "11",
        "libelle_region": "Île-de-France",
        "codes_reseaux": [
          "0300000209",
          "0300000211"
        ],
        "libelles_reseaux": [
          "Réseau de gestion des eaux superficielles de la DSAV",
          "Réseau de gestion des eaux superficielles de la DSAM"
        ],
        "codes_supports": [
          "13",
          "10"
        ],
        "libelles_supports": [
          "Macroinvertébrés aquatiques",
          "Diatomées benthiques"
        ],
        "codes_appel_taxons": [
          "9812",
          "622",
          "623",
          "3170",
          "3206",
          "933",
          "1061",
          "1055",
          "1004",
          "1042",
          "1044",
          "1043",
          "887",
          "892",
          "888",
          "757",
          "831",
          "807",
          "819",
          "625",
          "618",
          "709",
          "502",
          "450",
          "451",
          "364",
          "322",
          "183",
          "339",
          "276",
          "311",
          "212",
          "191",
          "1089",
          "908",
          "928",
          "998",
          "838",
          "517",
          "2393",
          "457",
          "383",
          "312",
          "1088",
          "3111",
          "443",
          "321",
          "286",
          "287",
          "1087",
          "972",
          "1009",
          "658",
          "650",
          "824",
          "619",
          "245",
          "307",
          "310",
          "1037",
          "3326",
          "880",
          "682",
          "753",
          "783",
          "844",
          "847",
          "520",
          "515",
          "473",
          "481",
          "304",
          "211",
          "7242",
          "43682",
          "7076",
          "28635",
          "38622",
          "43146",
          "9449",
          "12262",
          "11981",
          "13689",
          "7408",
          "32665",
          "7881",
          "7948",
          "8190",
          "7995",
          "8192",
          "7882",
          "8114",
          "7844",
          "14114",
          "14001",
          "14132",
          "7719",
          "8987",
          "8989",
          "8875",
          "9034",
          "8923",
          "9079",
          "11662",
          "37468",
          "14104",
          "7748",
          "11432",
          "28126",
          "909",
          "837",
          "765",
          "759",
          "518",
          "325",
          "1072",
          "608",
          "2926",
          "280",
          "687",
          "1056",
          "6768",
          "7588",
          "7107",
          "9355",
          "13717",
          "10555",
          "9419",
          "7171",
          "7448",
          "13106",
          "6722",
          "11788",
          "7229",
          "13578",
          "11303",
          "8394",
          "7584",
          "8420",
          "9356",
          "10597",
          "8419",
          "8393",
          "18814",
          "9047",
          "11431",
          "14119",
          "16438",
          "9421",
          "20686",
          "6751",
          "9420",
          "906",
          "198",
          "200",
          "363",
          "636",
          "7731",
          "7101",
          "9044",
          "3168",
          "1071",
          "801",
          "2517",
          "3163",
          "719",
          "7116",
          "7443",
          "7803",
          "7843",
          "7406",
          "8491",
          "15866"
        ],
        "libelles_appel_taxons": [
          "Agapetinae",
          "Oulimnius",
          "Limnius",
          "Ostracoda",
          "Copepoda",
          "Oligochaeta",
          "Planariidae",
          "Dugesiidae",
          "Radix",
          "Sphaeriidae",
          "Sphaerium",
          "Pisidium",
          "Gammaridae",
          "Gammarus",
          "Echinogammarus",
          "Limoniidae",
          "Empididae",
          "Chironomidae",
          "Ceratopogonidae",
          "Riolus",
          "Elmis",
          "Corixidae",
          "Ephemera",
          "Ephemerella",
          "Ephemerella ignita",
          "Baetis",
          "Sericostoma",
          "Rhyacophila lato-sensu",
          "Odontocerum",
          "Limnephilidae",
          "Athripsodes",
          "Hydropsyche",
          "Agapetus",
          "Nematoda",
          "Glossiphoniidae",
          "Erpobdellidae",
          "Lymnaeidae",
          "Athericidae",
          "Haliplidae",
          "Hydroporinae",
          "Caenis",
          "Centroptilum",
          "Mystacides",
          "Collembola",
          "Nemathelmintha",
          "Heptagenia",
          "Sericostomatidae",
          "Goeridae",
          "Goera",
          "Bryozoa",
          "Valvata",
          "Planorbidae",
          "Coenagrionidae",
          "Calopteryx",
          "Stratiomyidae",
          "Esolus",
          "Tinodes",
          "Lasiocephala",
          "Leptoceridae",
          "Unionidae",
          "Turbellaria",
          "Asellidae",
          "Onychogomphus",
          "Tipulidae",
          "Psychodidae",
          "Ephydridae",
          "Anthomyiidae",
          "Brychius",
          "Orectochilus",
          "Leptophlebiidae",
          "Paraleptophlebia",
          "Lepidostomatidae",
          "Hydropsychidae",
          "Craticula accomoda",
          "Discostella pseudostelligera",
          "Achnanthidium minutissimum",
          "Amphora indistincta",
          "Humidophila contenta",
          "Sellaphora nigri",
          "Encyonopsis minuta",
          "Chamaepinnularia submuscicola",
          "Caloneis lancettula",
          "Fistulifera saprophila",
          "Diploneis oculata",
          "Fallacia mitis",
          "Navicula cryptotenella",
          "Navicula gregaria",
          "Navicula tripunctata",
          "Navicula lanceolata",
          "Navicula trivialis var. trivialis",
          "Navicula cryptotenelloides",
          "Navicula reichardtiana var. reichardtiana",
          "Navicula cari",
          "Gomphonema parvulum var. parvulum f. parvulum",
          "Gomphonema minutum",
          "Gomphonema pumilum var. rigidum",
          "Gomphonema pumilum",
          "Nitzschia palea",
          "Nitzschia palea var. debilis",
          "Nitzschia dissipata",
          "Nitzschia sociabilis",
          "Nitzschia heufleriana",
          "Simonsenia delognei",
          "Cymbella compacta",
          "Surirella lacrimula",
          "Gyrosigma sciotense",
          "Gyrosigma attenuatum",
          "Cymbella affinis var. affinis",
          "Sellaphora auldreekie",
          "Glossiphonia",
          "Tabanidae",
          "Dicranota",
          "Antocha",
          "Haliplus",
          "Notidobia",
          "Dendrocoelum",
          "Hydraena",
          "Hydrellia",
          "Limnephilus",
          "Cordulegaster",
          "Dugesia",
          "Staurosirella pinnata",
          "Fallacia subhamulata",
          "Amphora inariensis",
          "Achnanthidium biasolettianum",
          "Fallacia sublucidula",
          "Adlafia bryophila",
          "Eolimna minima",
          "Caloneis bacillum",
          "Encyonopsis microcephala",
          "Encyonema ventricosum",
          "Fragilaria vaucheriae",
          "Cymbella excisiformis var. excisiformis",
          "Cocconeis placentula var. euglypta",
          "Fallacia lenzii",
          "Achnanthidium zhakovschikovii",
          "Planothidium rostratum",
          "Fallacia monoculata",
          "Rhoicosphenia abbreviata",
          "Achnanthidium",
          "Achnanthidium pyrenaicum",
          "Reimeria sinuata",
          "Planothidium frequentissimum",
          "Sellaphora stroemii",
          "Nitzschia subtilis",
          "Cymbella excisa var. excisa",
          "Gomphonema pumilum var. elegans",
          "Naviculadicta schaumburgii",
          "Geissleria acceptata",
          "Mayamaea atomus var. permitis",
          "Pseudostaurosira brevistriata",
          "Eolimna",
          "Hydracarina",
          "Ithytrichia",
          "Hydroptila",
          "Baetidae",
          "Helodes",
          "Gomphonema tergestinum",
          "Amphora copulata",
          "Nitzschia sublinearis",
          "Hydrozoa",
          "Dendrocoelidae",
          "Simuliidae",
          "Hydrophilinae",
          "Limnephilinae",
          "Micronecta",
          "Amphora pediculus",
          "Encyonema silesiacum",
          "Navicula antonii",
          "Navicula capitatoradiata",
          "Diploneis oblongella",
          "Surirella brebissonii var. brebissonii",
          "Navicula lundii"
        ],
        "codes_indices": [
          "5910",
          "8050",
          "8054",
          "8055",
          "8056",
          "8057",
          "8058",
          "7613",
          "6035",
          "6034",
          "1022",
          "5856"
        ],
        "libelles_indices": [
          "Indice dit \"équivalent\" (Phases A+B) de la méthode macroinvertébrés NF T90-333 ou protocole RCS antérieur",
          "Nombre de taxons contributifs de l'I2M2",
          "Métrique Richesse Taxonomique de l'I2M2",
          "Métrique Ovoviviparite de l'I2M2",
          "Métrique Polyvoltinisme de l'I2M2",
          "Métrique ASPT de l'I2M2",
          "Métrique Indice de Shannon de l'I2M2",
          "Indice Invertébrés Multimétrique (I2M2)",
          "Groupe Faunistique Indicateur de l'indice dit \"équivalent\" (Phases A+B) de la méthode macroinvertébrés NF T90-333 ou protocole RCS antérieur",
          "Variété taxonomique de l'indice dit \"équivalent\" (Phases A+B) de la méthode macroinvertébrés NF T90-333 ou protocole RCS antérieur",
          "Indice polluosensibilité spécifique (I.P.S.)",
          "Indice Biologique Diatomées (IBD)"
        ],
        "latitude": 49.20793239582528,
        "longitude": 1.6875709598336157,
        "date_premier_prelevement": "2012-09-28",
        "date_dernier_prelevement": "2019-08-08"
      },
      "geometry": {
        "type": "Point",
        "crs": {
          "type": "name",
          "properties": {
            "name": "urn:ogc:def:crs:OGC:1.3:CRS84"
          }
        },
        "coordinates": [
          1.6875709598336157,
          49.20793239582528
        ]
      }
    },
    {
      "type": "Feature",
      "properties": {
        "code_station_hydrobio": "03177599",
        "libelle_station_hydrobio": "L'EPTE A MONTREUIL-SUR-EPTE 1",
        "uri_station_hydrobio": "https://id.eaufrance.fr/StationMesureEauxSurface/03177599",
        "coordonnee_x": 602807.0,
        "coordonnee_y": 6897983.0,
        "code_projection": "2154",
        "code_cours_eau": "H31-0400",
        "libelle_cours_eau": "L'Epte",
        "uri_cours_eau": "https://id.eaufrance.fr/CoursEau_Carthage2017/H31-0400",
        "code_masse_eau": null,
        "libelle_masse_eau": null,
        "uri_masse_eau": null,
        "code_sous_bassin": null,
        "libelle_sous_bassin": null,
        "code_bassin": null,
        "libelle_bassin": null,
        "code_commune": "95429",
        "libelle_commune": "Montreuil-sur-Epte",
        "code_departement": "95",
        "libelle_departement": "Val-d'Oise",
        "code_region": "11",
        "libelle_region": "Île-de-France",
        "codes_reseaux": [
          "0600000421"
        ],
        "libelles_reseaux": [
          "Réseau de suivi local des opérations de restauration hydromorphologique sur deux petits affluents du lac des Rousses (39)"
        ],
        "codes_supports": [
          "4"
        ],
        "libelles_supports": [
          "Poissons"
        ],
        "codes_appel_taxons": [
          "2038",
          "31041",
          "2221",
          "2216",
          "2133",
          "2125",
          "2122",
          "2113",
          "2088",
          "2080",
          "2071",
          "2102"
        ],
        "libelles_appel_taxons": [
          "Anguilla anguilla",
          "Squalius cephalus",
          "Salmo trutta fario",
          "Oncorhynchus mykiss",
          "Rutilus rutilus",
          "Phoxinus phoxinus",
          "Leuciscus leuciscus",
          "Gobio gobio",
          "Alburnoides bipunctatus",
          "Cottus gobio",
          "Barbatula barbatula",
          "Carassius carassius"
        ],
        "codes_indices": null,
        "libelles_indices": null,
        "latitude": 49.17421482510058,
        "longitude": 1.667182242484663,
        "date_premier_prelevement": "1990-05-31",
        "date_dernier_prelevement": "1993-10-12"
      },
      "geometry": {
        "type": "Point",
        "crs": {
          "type": "name",
          "properties": {
            "name": "urn:ogc:def:crs:OGC:1.3:CRS84"
          }
        },
        "coordinates": [
          1.667182242484663,
          49.17421482510058
        ]
      }
    },
    {
      "type": "Feature",
      "properties": {
        "code_station_hydrobio": "03177710",
        "libelle_station_hydrobio": "L'AUBETTE A HODENT 2",
        "uri_station_hydrobio": "https://id.eaufrance.fr/StationMesureEauxSurface/03177710",
        "coordonnee_x": 610124.0,
        "coordonnee_y": 6895101.0,
        "code_projection": "2154",
        "code_cours_eau": "H3170600",
        "libelle_cours_eau": "L'Aubette",
        "uri_cours_eau": "https://id.eaufrance.fr/CoursEau_Carthage2017/H3170600",
        "code_masse_eau": null,
        "libelle_masse_eau": null,
        "uri_masse_eau": null,
        "code_sous_bassin": null,
        "libelle_sous_bassin": null,
        "code_bassin": null,
        "libelle_bassin": null,
        "code_commune": "95309",
        "libelle_commune": "Hodent",
        "code_departement": "95",
        "libelle_departement": "Val-d'Oise",
        "code_region": "11",
        "libelle_region": "Île-de-France",
        "codes_reseaux": [
          "0600000421"
        ],
        "libelles_reseaux": [
          "Réseau de suivi local des opérations de restauration hydromorphologique sur deux petits affluents du lac des Rousses (39)"
        ],
        "codes_supports": [
          "4"
        ],
        "libelles_supports": [
          "Poissons"
        ],
        "codes_appel_taxons": [
          "2071",
          "2165"
        ],
        "libelles_appel_taxons": [
          "Barbatula barbatula",
          "Gasterosteus aculeatus aculeatus"
        ],
        "codes_indices": null,
        "libelles_indices": null,
        "latitude": 49.14937560304336,
        "longitude": 1.768120589279182,
        "date_premier_prelevement": "1990-05-10",
        "date_dernier_prelevement": "1990-05-10"
      },
      "geometry": {
        "type": "Point",
        "crs": {
          "type": "name",
          "properties": {
            "name": "urn:ogc:def:crs:OGC:1.3:CRS84"
          }
        },
        "coordinates": [
          1.768120589279182,
          49.14937560304336
        ]
      }
    },
    {
      "type": "Feature",
      "properties": {
        "code_station_hydrobio": "03177720",
        "libelle_station_hydrobio": "L'AUBETTE A HODENT 3",
        "uri_station_hydrobio": "https://id.eaufrance.fr/StationMesureEauxSurface/03177720",
        "coordonnee_x": 609225.0,
        "coordonnee_y": 6894618.0,
        "code_projection": "2154",
        "code_cours_eau": "H3170600",
        "libelle_cours_eau": "L'Aubette",
        "uri_cours_eau": "https://id.eaufrance.fr/CoursEau_Carthage2017/H3170600",
        "code_masse_eau": "HR240",
        "libelle_masse_eau": "L Aubette de sa source au confluent de l Epte  exclu",
        "uri_masse_eau": "https://id.eaufrance.fr/MasseDEauRiviere_VEDL2019/HR240",
        "code_sous_bassin": "FRH_SEAV",
        "libelle_sous_bassin": "Seine aval",
        "code_bassin": "H",
        "libelle_bassin": "La Seine et les cours d'eau côtiers normands",
        "code_commune": "95309",
        "libelle_commune": "Hodent",
        "code_departement": "95",
        "libelle_departement": "Val-d'Oise",
        "code_region": "11",
        "libelle_region": "Île-de-France",
        "codes_reseaux": null,
        "libelles_reseaux": null,
        "codes_supports": [
          "13",
          "10"
        ],
        "libelles_supports": [
          "Macroinvertébrés aquatiques",
          "Diatomées benthiques"
        ],
        "codes_appel_taxons": [
          "364",
          "212",
          "8395",
          "8190",
          "9419",
          "32031",
          "7844",
          "7881",
          "7107",
          "17930",
          "13717",
          "8420",
          "9079",
          "8419",
          "8394",
          "20686",
          "8201",
          "14703",
          "10878",
          "7995",
          "7218",
          "8875",
          "8820",
          "6768",
          "13281",
          "32463",
          "13689",
          "9034",
          "14001",
          "8393",
          "14458",
          "8845",
          "363",
          "200",
          "14452",
          "18123",
          "7116",
          "7235"
        ],
        "libelles_appel_taxons": [
          "Baetis",
          "Hydropsyche",
          "Platessa conspicua",
          "Navicula tripunctata",
          "Eolimna minima",
          "Psammothidium lauenburgianum",
          "Navicula cari",
          "Navicula cryptotenella",
          "Amphora inariensis",
          "Planothidium dubium",
          "Fallacia sublucidula",
          "Rhoicosphenia abbreviata",
          "Simonsenia delognei",
          "Reimeria sinuata",
          "Planothidium rostratum",
          "Mayamaea atomus var. permitis",
          "Navicula utermoehlii",
          "Mayamaea atomus",
          "Achnanthes fugei",
          "Navicula lanceolata",
          "Cocconeis disculus",
          "Nitzschia dissipata",
          "Nitzschia amphibia",
          "Staurosirella pinnata",
          "Eolimna subminuscula",
          "Karayevia clevei",
          "Fistulifera saprophila",
          "Nitzschia sociabilis",
          "Gomphonema minutum",
          "Planothidium frequentissimum",
          "Kolbesia gessneri",
          "Nitzschia bulnheimiana",
          "Baetidae",
          "Hydroptila",
          "Karayevia kolbei",
          "Reimeria uniseriata",
          "Amphora pediculus",
          "Cocconeis pseudothumensis"
        ],
        "codes_indices": [
          "5910",
          "6035",
          "6034",
          "5856"
        ],
        "libelles_indices": [
          "Indice dit \"équivalent\" (Phases A+B) de la méthode macroinvertébrés NF T90-333 ou protocole RCS antérieur",
          "Groupe Faunistique Indicateur de l'indice dit \"équivalent\" (Phases A+B) de la méthode macroinvertébrés NF T90-333 ou protocole RCS antérieur",
          "Variété taxonomique de l'indice dit \"équivalent\" (Phases A+B) de la méthode macroinvertébrés NF T90-333 ou protocole RCS antérieur",
          "Indice Biologique Diatomées (IBD)"
        ],
        "latitude": 49.14490689516061,
        "longitude": 1.7559048310113232,
        "date_premier_prelevement": "2013-07-09",
        "date_dernier_prelevement": "2013-08-21"
      },
      "geometry": {
        "type": "Point",
        "crs": {
          "type": "name",
          "properties": {
            "name": "urn:ogc:def:crs:OGC:1.3:CRS84"
          }
        },
        "coordinates": [
          1.7559048310113232,
          49.14490689516061
        ]
      }
    },
    {
      "type": "Feature",
      "properties": {
        "code_station_hydrobio": "03177745",
        "libelle_station_hydrobio": "LE COURS D'EAU NUMÃRO 01 DE LA COMMUNE DE GENAINVILLE A HOD",
        "uri_station_hydrobio": "https://id.eaufrance.fr/StationMesureEauxSurface/03177745",
        "coordonnee_x": 608323.0,
        "coordonnee_y": 6894453.0,
        "code_projection": "2154",
        "code_cours_eau": "H3171100",
        "libelle_cours_eau": "Cours d'Eau 01 de la Commune de Genainville",
        "uri_cours_eau": "https://id.eaufrance.fr/CoursEau_Carthage2017/H3171100",
        "code_masse_eau": "HR240-H3171250",
        "libelle_masse_eau": "Ru de Genainville",
        "uri_masse_eau": "https://id.eaufrance.fr/MasseDEauRiviere_VEDL2019/HR240-H3171250",
        "code_sous_bassin": "FRH_SEAV",
        "libelle_sous_bassin": "Seine aval",
        "code_bassin": "H",
        "libelle_bassin": "La Seine et les cours d'eau côtiers normands",
        "code_commune": "95309",
        "libelle_commune": "Hodent",
        "code_departement": "95",
        "libelle_departement": "Val-d'Oise",
        "code_region": "11",
        "libelle_region": "Île-de-France",
        "codes_reseaux": [
          "0300000209",
          "0300000211"
        ],
        "libelles_reseaux": [
          "Réseau de gestion des eaux superficielles de la DSAV",
          "Réseau de gestion des eaux superficielles de la DSAM"
        ],
        "codes_supports": [
          "13",
          "10"
        ],
        "libelles_supports": [
          "Macroinvertébrés aquatiques",
          "Diatomées benthiques"
        ],
        "codes_appel_taxons": [
          "191",
          "933",
          "1061",
          "908",
          "928",
          "979",
          "1042",
          "1044",
          "1043",
          "887",
          "892",
          "757",
          "831",
          "807",
          "819",
          "515",
          "625",
          "623",
          "619",
          "618",
          "502",
          "9794",
          "322",
          "212",
          "9812",
          "1089",
          "789",
          "2395",
          "473",
          "211",
          "3170",
          "1055",
          "920",
          "650",
          "793",
          "481",
          "451",
          "321",
          "183",
          "238",
          "231",
          "320",
          "304",
          "307",
          "193",
          "5219",
          "998",
          "978",
          "189",
          "364",
          "995",
          "450",
          "457",
          "9545",
          "8619",
          "6761",
          "6751",
          "7076",
          "10586",
          "17930",
          "9360",
          "11785",
          "28635",
          "9470",
          "9419",
          "41897",
          "11981",
          "13689",
          "14664",
          "8419",
          "13717",
          "7588",
          "13578",
          "8420",
          "7408",
          "32665",
          "7881",
          "8190",
          "7995",
          "8193",
          "7882",
          "7844",
          "8114",
          "14001",
          "14132",
          "32235",
          "8875",
          "9034",
          "9079",
          "14104",
          "42876",
          "6766",
          "909",
          "847",
          "765",
          "3202",
          "2884",
          "783",
          "759",
          "69",
          "18821",
          "7874",
          "6625",
          "8609",
          "7078",
          "6768",
          "8393",
          "28498",
          "8987",
          "34914",
          "7582",
          "6686",
          "7948",
          "7111",
          "8559",
          "7226",
          "8719",
          "8554",
          "11662",
          "8891",
          "7107",
          "7719",
          "20686",
          "7448",
          "17937",
          "7171",
          "8395",
          "8615",
          "7748",
          "6653",
          "14114",
          "6631",
          "9081",
          "7229",
          "16657",
          "8643",
          "906",
          "636",
          "363",
          "198",
          "200",
          "292",
          "918",
          "9422",
          "11835",
          "7101",
          "9430",
          "1071",
          "3163",
          "3168",
          "801",
          "27741",
          "12097",
          "7116",
          "14060",
          "9016",
          "8656",
          "7803"
        ],
        "libelles_appel_taxons": [
          "Agapetus",
          "Oligochaeta",
          "Planariidae",
          "Glossiphoniidae",
          "Erpobdellidae",
          "Potamopyrgus antipodarum",
          "Sphaeriidae",
          "Sphaerium",
          "Pisidium",
          "Gammaridae",
          "Gammarus",
          "Limoniidae",
          "Empididae",
          "Chironomidae",
          "Ceratopogonidae",
          "Orectochilus",
          "Riolus",
          "Limnius",
          "Esolus",
          "Elmis",
          "Ephemera",
          "Baetis lato sensu",
          "Sericostoma",
          "Hydropsyche",
          "Agapetinae",
          "Nematoda",
          "Ptychopteridae",
          "Colymbetinae",
          "Leptophlebiidae",
          "Hydropsychidae",
          "Ostracoda",
          "Dugesiidae",
          "Piscicola geometra",
          "Calopteryx",
          "Dixidae",
          "Paraleptophlebia",
          "Ephemerella ignita",
          "Sericostomatidae",
          "Rhyacophila lato-sensu",
          "Psychomyiidae",
          "Polycentropus",
          "Adicella",
          "Lepidostomatidae",
          "Lasiocephala",
          "Hydroptilidae",
          "Silo-lithax",
          "Lymnaeidae",
          "Potamopyrgus",
          "Glossosomatidae",
          "Baetis",
          "Physidae",
          "Ephemerella",
          "Caenis",
          "Staurosirella",
          "Cyclotella distinguenda var. distinguenda",
          "Staurosira construens",
          "Pseudostaurosira brevistriata",
          "Achnanthidium minutissimum",
          "Achnanthidium lauenburgianum",
          "Planothidium dubium",
          "Planothidium",
          "Cocconeis euglypta",
          "Amphora indistincta",
          "Amphora",
          "Eolimna minima",
          "Sellaphora schaumburgii",
          "Caloneis lancettula",
          "Fistulifera saprophila",
          "Mayamaea permitis",
          "Reimeria sinuata",
          "Fallacia sublucidula",
          "Fallacia subhamulata",
          "Fallacia lenzii",
          "Rhoicosphenia abbreviata",
          "Diploneis oculata",
          "Fallacia mitis",
          "Navicula cryptotenella",
          "Navicula tripunctata",
          "Navicula lanceolata",
          "Navicula trophicatrix",
          "Navicula cryptotenelloides",
          "Navicula cari",
          "Navicula reichardtiana var. reichardtiana",
          "Gomphonema minutum",
          "Gomphonema pumilum var. rigidum",
          "Abnormal diatom valve",
          "Nitzschia dissipata",
          "Nitzschia sociabilis",
          "Simonsenia delognei",
          "Gyrosigma sciotense",
          "Pantocsekiella ocellata",
          "Staurosirella leptostauron",
          "Glossiphonia",
          "Anthomyiidae",
          "Dicranota",
          "Hemerodromiinae",
          "Chelifera",
          "Psychodidae",
          "Antocha",
          "Leuctra",
          "Staurosira venter",
          "Navicula cryptocephala",
          "Diatoma moniliformis",
          "Cyclotella comensis",
          "Achnanthidium straubianum",
          "Staurosirella pinnata",
          "Planothidium frequentissimum",
          "Staurosira brevistriata",
          "Nitzschia palea",
          "Handmannia comta",
          "Fallacia helensis",
          "Fragilaria leptostauron var. leptostauron",
          "Navicula gregaria",
          "Amphora ovalis",
          "Aulacoseira granulata",
          "Cocconeis pediculus",
          "Melosira varians",
          "Aulacoseira ambigua",
          "Cymbella compacta",
          "Nitzschia fonticola",
          "Amphora inariensis",
          "Gomphonema pumilum",
          "Mayamaea atomus var. permitis",
          "Encyonopsis microcephala",
          "Planothidium lanceolatum",
          "Caloneis bacillum",
          "Platessa conspicua",
          "Cyclotella costei",
          "Gyrosigma attenuatum",
          "Fragilaria capucina var. capitellata",
          "Gomphonema parvulum var. parvulum f. parvulum",
          "Diatoma vulgare",
          "Tryblionella apiculata",
          "Cocconeis placentula var. euglypta",
          "Naviculadicta seminula",
          "Cyclotella radiosa",
          "Hydracarina",
          "Helodes",
          "Baetidae",
          "Ithytrichia",
          "Hydroptila",
          "Silo",
          "Piscicolidae",
          "Geissleria",
          "Diploneis separanda",
          "Amphora copulata",
          "Navicula",
          "Dendrocoelidae",
          "Limnephilinae",
          "Hydrozoa",
          "Simuliidae",
          "Fragilaria pectinalis",
          "Cocconeis placentula var. placentula",
          "Amphora pediculus",
          "Gomphonema olivaceum",
          "Nitzschia recta",
          "Discostella pseudostelligera",
          "Navicula antonii"
        ],
        "codes_indices": [
          "5910",
          "7613",
          "6035",
          "6034",
          "8050",
          "8054",
          "8055",
          "8056",
          "8057",
          "8058",
          "1022",
          "5856"
        ],
        "libelles_indices": [
          "Indice dit \"équivalent\" (Phases A+B) de la méthode macroinvertébrés NF T90-333 ou protocole RCS antérieur",
          "Indice Invertébrés Multimétrique (I2M2)",
          "Groupe Faunistique Indicateur de l'indice dit \"équivalent\" (Phases A+B) de la méthode macroinvertébrés NF T90-333 ou protocole RCS antérieur",
          "Variété taxonomique de l'indice dit \"équivalent\" (Phases A+B) de la méthode macroinvertébrés NF T90-333 ou protocole RCS antérieur",
          "Nombre de taxons contributifs de l'I2M2",
          "Métrique Richesse Taxonomique de l'I2M2",
          "Métrique Ovoviviparite de l'I2M2",
          "Métrique Polyvoltinisme de l'I2M2",
          "Métrique ASPT de l'I2M2",
          "Métrique Indice de Shannon de l'I2M2",
          "Indice polluosensibilité spécifique (I.P.S.)",
          "Indice Biologique Diatomées (IBD)"
        ],
        "latitude": 49.14329520570335,
        "longitude": 1.7435807397808125,
        "date_premier_prelevement": "2013-07-05",
        "date_dernier_prelevement": "2019-07-04"
      },
      "geometry": {
        "type": "Point",
        "crs": {
          "type": "name",
          "properties": {
            "name": "urn:ogc:def:crs:OGC:1.3:CRS84"
          }
        },
        "coordinates": [
          1.7435807397808125,
          49.14329520570335
        ]
      }
    },
    {
      "type": "Feature",
      "properties": {
        "code_station_hydrobio": "03177760",
        "libelle_station_hydrobio": "L'AUBETTE A OMERVILLE 1",
        "uri_station_hydrobio": "https://id.eaufrance.fr/StationMesureEauxSurface/03177760",
        "coordonnee_x": 605137.0,
        "coordonnee_y": 6895570.0,
        "code_projection": "2154",
        "code_cours_eau": "H3170600",
        "libelle_cours_eau": "L'Aubette",
        "uri_cours_eau": "https://id.eaufrance.fr/CoursEau_Carthage2017/H3170600",
        "code_masse_eau": "HR240",
        "libelle_masse_eau": "L Aubette de sa source au confluent de l Epte  exclu",
        "uri_masse_eau": "https://id.eaufrance.fr/MasseDEauRiviere_VEDL2019/HR240",
        "code_sous_bassin": "FRH_SEAV",
        "libelle_sous_bassin": "Seine aval",
        "code_bassin": "H",
        "libelle_bassin": "La Seine et les cours d'eau côtiers normands",
        "code_commune": "95462",
        "libelle_commune": "Omerville",
        "code_departement": "95",
        "libelle_departement": "Val-d'Oise",
        "code_region": "11",
        "libelle_region": "Île-de-France",
        "codes_reseaux": [
          "0300000209",
          "0300000211"
        ],
        "libelles_reseaux": [
          "Réseau de gestion des eaux superficielles de la DSAV",
          "Réseau de gestion des eaux superficielles de la DSAM"
        ],
        "codes_supports": [
          "13",
          "10",
          "27"
        ],
        "libelles_supports": [
          "Macroinvertébrés aquatiques",
          "Diatomées benthiques",
          "Macrophytes"
        ],
        "codes_appel_taxons": [
          "189",
          "933",
          "979",
          "1042",
          "1043",
          "887",
          "892",
          "757",
          "831",
          "807",
          "819",
          "623",
          "618",
          "502",
          "322",
          "241",
          "1089",
          "625",
          "9794",
          "183",
          "304",
          "211",
          "212",
          "1087",
          "3170",
          "1055",
          "920",
          "908",
          "928",
          "880",
          "902",
          "650",
          "793",
          "515",
          "481",
          "451",
          "321",
          "276",
          "306",
          "193",
          "288",
          "888",
          "837",
          "783",
          "518",
          "450",
          "1061",
          "1004",
          "978",
          "364",
          "1028",
          "998",
          "824",
          "622",
          "1044",
          "473",
          "287",
          "191",
          "1009",
          "457",
          "231",
          "320",
          "305",
          "919",
          "20537",
          "1064",
          "1072",
          "1030",
          "687",
          "245",
          "11785",
          "9545",
          "9034",
          "8875",
          "8619",
          "8554",
          "8420",
          "8393",
          "8206",
          "8190",
          "7995",
          "7882",
          "7881",
          "7874",
          "7748",
          "7588",
          "7408",
          "7226",
          "7076",
          "6761",
          "6751",
          "66777",
          "6631",
          "43263",
          "43146",
          "41897",
          "38989",
          "32451",
          "28635",
          "28467",
          "20727",
          "18821",
          "17449",
          "16721",
          "14664",
          "14132",
          "14114",
          "14104",
          "13717",
          "11981",
          "790",
          "765",
          "619",
          "759",
          "308",
          "771",
          "704",
          "3202",
          "3110",
          "7121",
          "9419",
          "8820",
          "7107",
          "7948",
          "20686",
          "32031",
          "7229",
          "8192",
          "8987",
          "11788",
          "6768",
          "32463",
          "7844",
          "9079",
          "13578",
          "8419",
          "14001",
          "10468",
          "8719",
          "8114",
          "16657",
          "8615",
          "8126",
          "13840",
          "17930",
          "18700",
          "8633",
          "13689",
          "8854",
          "8394",
          "13549",
          "7760",
          "8731",
          "14458",
          "8395",
          "7719",
          "15021",
          "8183",
          "7171",
          "9421",
          "7386",
          "8210",
          "13826",
          "28559",
          "16487",
          "7777",
          "10586",
          "7851",
          "8106",
          "37468",
          "1694",
          "1702",
          "1124",
          "1601",
          "1626",
          "1763",
          "1169",
          "1681",
          "1176",
          "1197",
          "6735",
          "17981",
          "9544",
          "9470",
          "9014",
          "8955",
          "8923",
          "8835",
          "8499",
          "7225",
          "6849",
          "63982",
          "41354",
          "18058",
          "17937",
          "14317",
          "13638",
          "995",
          "443",
          "311",
          "307",
          "1056",
          "383",
          "909",
          "1054",
          "3146",
          "280",
          "5219",
          "3162",
          "286",
          "9812",
          "2884",
          "848",
          "13106",
          "14703",
          "6658",
          "28498",
          "7402",
          "8483",
          "7584",
          "28302",
          "13281",
          "7218",
          "8635",
          "14352",
          "7109",
          "7582",
          "8609",
          "7411",
          "6763",
          "8512",
          "13698",
          "8992",
          "9361",
          "8643",
          "906",
          "1029",
          "198",
          "200",
          "636",
          "918",
          "9044",
          "11835",
          "292",
          "9051",
          "7101",
          "8847",
          "8934",
          "9430",
          "8147",
          "1577",
          "1294",
          "37239",
          "32680",
          "12017",
          "3168",
          "1071",
          "801",
          "3163",
          "719",
          "7235",
          "7116",
          "12097",
          "7803",
          "7843",
          "8656",
          "12101",
          "8491",
          "1219",
          "13151",
          "9016",
          "8813",
          "14060",
          "8654"
        ],
        "libelles_appel_taxons": [
          "Glossosomatidae",
          "Oligochaeta",
          "Potamopyrgus antipodarum",
          "Sphaeriidae",
          "Pisidium",
          "Gammaridae",
          "Gammarus",
          "Limoniidae",
          "Empididae",
          "Chironomidae",
          "Ceratopogonidae",
          "Limnius",
          "Elmis",
          "Ephemera",
          "Sericostoma",
          "Lype",
          "Nematoda",
          "Riolus",
          "Baetis lato sensu",
          "Rhyacophila lato-sensu",
          "Lepidostomatidae",
          "Hydropsychidae",
          "Hydropsyche",
          "Bryozoa",
          "Ostracoda",
          "Dugesiidae",
          "Piscicola geometra",
          "Glossiphoniidae",
          "Erpobdellidae",
          "Asellidae",
          "Niphargus",
          "Calopteryx",
          "Dixidae",
          "Orectochilus",
          "Paraleptophlebia",
          "Ephemerella ignita",
          "Sericostomatidae",
          "Limnephilidae",
          "Lepidostoma hirtum",
          "Hydroptilidae",
          "Goera pilosa",
          "Echinogammarus",
          "Tabanidae",
          "Psychodidae",
          "Haliplus",
          "Ephemerella",
          "Planariidae",
          "Radix",
          "Potamopyrgus",
          "Baetis",
          "Ancylus",
          "Lymnaeidae",
          "Stratiomyidae",
          "Oulimnius",
          "Sphaerium",
          "Leptophlebiidae",
          "Goera",
          "Agapetus",
          "Planorbidae",
          "Caenis",
          "Polycentropus",
          "Adicella",
          "Lepidostoma",
          "Piscicola",
          "Pediciini",
          "Polycelis",
          "Dendrocoelum",
          "Ferrissia",
          "Cordulegaster",
          "Tinodes",
          "Cocconeis euglypta",
          "Staurosirella",
          "Nitzschia sociabilis",
          "Nitzschia dissipata",
          "Cyclotella distinguenda var. distinguenda",
          "Aulacoseira ambigua",
          "Rhoicosphenia abbreviata",
          "Planothidium frequentissimum",
          "Navicula veneta",
          "Navicula tripunctata",
          "Navicula lanceolata",
          "Navicula cryptotenelloides",
          "Navicula cryptotenella",
          "Navicula cryptocephala",
          "Gyrosigma attenuatum",
          "Fallacia subhamulata",
          "Diploneis oculata",
          "Cocconeis pediculus",
          "Achnanthidium minutissimum",
          "Staurosira construens",
          "Pseudostaurosira brevistriata",
          "Navicula metareichardtiana",
          "Diatoma vulgare",
          "Sellaphora atomoides",
          "Sellaphora nigri",
          "Sellaphora schaumburgii",
          "Planothidium rostratoholarcticum",
          "Staurosira binodis",
          "Amphora indistincta",
          "Halamphora thumensis",
          "Navicula difficillimoides",
          "Staurosira venter",
          "Planothidium reichardtii",
          "Navicula vilaplanii",
          "Mayamaea permitis",
          "Gomphonema pumilum var. rigidum",
          "Gomphonema parvulum var. parvulum f. parvulum",
          "Gyrosigma sciotense",
          "Fallacia sublucidula",
          "Caloneis lancettula",
          "Ptychoptera",
          "Dicranota",
          "Esolus",
          "Antocha",
          "Lasiocephala basalis",
          "Pilaria",
          "Sialis",
          "Hemerodromiinae",
          "Prostoma",
          "Amphora thumensis",
          "Eolimna minima",
          "Nitzschia amphibia",
          "Amphora inariensis",
          "Navicula gregaria",
          "Mayamaea atomus var. permitis",
          "Psammothidium lauenburgianum",
          "Cocconeis placentula var. euglypta",
          "Navicula trivialis var. trivialis",
          "Nitzschia palea",
          "Cymbella excisiformis var. excisiformis",
          "Staurosirella pinnata",
          "Karayevia clevei",
          "Navicula cari",
          "Simonsenia delognei",
          "Fallacia lenzii",
          "Reimeria sinuata",
          "Gomphonema minutum",
          "Cocconeis pseudolineata",
          "Melosira varians",
          "Navicula reichardtiana var. reichardtiana",
          "Naviculadicta seminula",
          "Cyclotella costei",
          "Navicula rotunda",
          "Geissleria cummerowi",
          "Planothidium dubium",
          "Staurosira leptostauron",
          "Cyclotella meneghiniana",
          "Fistulifera saprophila",
          "Nitzschia communis",
          "Planothidium rostratum",
          "Frankophila similioides",
          "Gyrosigma nodiferum",
          "Puncticulata radiosa",
          "Kolbesia gessneri",
          "Platessa conspicua",
          "Gomphonema pumilum",
          "Nitzschia brunoi",
          "Navicula tenelloides",
          "Caloneis bacillum",
          "Geissleria acceptata",
          "Diadesmis contenta",
          "Navicula viridula",
          "Gomphonema bourbonense",
          "Punctastriata lancettula",
          "Nitzschia soratensis",
          "Hippodonta capitata",
          "Achnanthidium lauenburgianum",
          "Navicula cincta",
          "Navicula radiosa",
          "Surirella lacrimula",
          "Symphytum officinale",
          "Callitriche platycarpa",
          "Cladophora",
          "Iris pseudacorus",
          "Lemna minor",
          "Nasturtium officinale",
          "Vaucheria",
          "Zannichellia palustris",
          "Conocephalum conicum",
          "Pellia endiviifolia",
          "Martyana martyi",
          "Rhoicosphenia abbreviata abnormal form",
          "Staurosira",
          "Amphora",
          "Nitzschia pusilla",
          "Nitzschia linearis",
          "Nitzschia heufleriana",
          "Nitzschia aurariae",
          "Surirella crumena",
          "Cocconeis neothumensis",
          "Ulnaria ulna",
          "Sellaphora raederae",
          "Fragilaria candidagilae",
          "Pulchella minutissima",
          "Planothidium lanceolatum",
          "Hippodonta costulata",
          "Fistulifera pelliculosa",
          "Physidae",
          "Heptagenia",
          "Athripsodes",
          "Lasiocephala",
          "Dugesia",
          "Centroptilum",
          "Glossiphonia",
          "Tricladida",
          "Stenophylacini-chaetopterygini",
          "Limnephilus",
          "Silo-lithax",
          "Limnephilini",
          "Goeridae",
          "Agapetinae",
          "Chelifera",
          "Limnophora",
          "Encyonema ventricosum",
          "Mayamaea atomus",
          "Fragilaria capucina var. vaucheriae",
          "Staurosira brevistriata",
          "Diploneis marginestriata",
          "Surirella angusta",
          "Fallacia monoculata",
          "Eolimna rotunda",
          "Eolimna subminuscula",
          "Cocconeis disculus",
          "Cyclotella ocellata",
          "Hippodonta hungarica",
          "Amphora montana",
          "Fallacia helensis",
          "Cyclotella comensis",
          "Diploneis parma",
          "Staurosira elliptica",
          "Surirella minuta",
          "Fallacia pygmaea",
          "Nitzschia paleacea",
          "Cocconeis",
          "Cyclotella radiosa",
          "Hydracarina",
          "Ancylus fluviatilis",
          "Ithytrichia",
          "Hydroptila",
          "Helodes",
          "Piscicolidae",
          "Nitzschia sublinearis",
          "Diploneis separanda",
          "Silo",
          "Nitzschia tenuis",
          "Amphora copulata",
          "Nitzschia capitellata",
          "Nitzschia inconspicua",
          "Navicula",
          "Navicula slesvicensis",
          "Phalaris arundinacea",
          "Fissidens crassipes",
          "Platessa bahlsii",
          "Karayevia ploenensis var. gessneri",
          "Craticula molestiformis",
          "Hydrozoa",
          "Dendrocoelidae",
          "Simuliidae",
          "Limnephilinae",
          "Micronecta",
          "Cocconeis pseudothumensis",
          "Amphora pediculus",
          "Cocconeis placentula var. placentula",
          "Navicula antonii",
          "Navicula capitatoradiata",
          "Discostella pseudostelligera",
          "Cyclotella polymorpha",
          "Surirella brebissonii var. brebissonii",
          "Amblystegium riparium",
          "Eolimna minima abnormal form",
          "Nitzschia recta",
          "Nitzschia acula",
          "Gomphonema olivaceum",
          "Cyclotella wuethrichiana"
        ],
        "codes_indices": [
          "5910",
          "6035",
          "6034",
          "7613",
          "1022",
          "5856",
          "8057",
          "8058",
          "8055",
          "8054",
          "8050",
          "8056",
          "8063",
          "2928"
        ],
        "libelles_indices": [
          "Indice dit \"équivalent\" (Phases A+B) de la méthode macroinvertébrés NF T90-333 ou protocole RCS antérieur",
          "Groupe Faunistique Indicateur de l'indice dit \"équivalent\" (Phases A+B) de la méthode macroinvertébrés NF T90-333 ou protocole RCS antérieur",
          "Variété taxonomique de l'indice dit \"équivalent\" (Phases A+B) de la méthode macroinvertébrés NF T90-333 ou protocole RCS antérieur",
          "Indice Invertébrés Multimétrique (I2M2)",
          "Indice polluosensibilité spécifique (I.P.S.)",
          "Indice Biologique Diatomées (IBD)",
          "Métrique ASPT de l'I2M2",
          "Métrique Indice de Shannon de l'I2M2",
          "Métrique Ovoviviparite de l'I2M2",
          "Métrique Richesse Taxonomique de l'I2M2",
          "Nombre de taxons contributifs de l'I2M2",
          "Métrique Polyvoltinisme de l'I2M2",
          "Note IBMR robuste",
          "Indice Biologique Macrophytique en Rivière (I.B.M.R.)"
        ],
        "latitude": 49.15287280917254,
        "longitude": 1.6996727872879525,
        "date_premier_prelevement": "2010-06-07",
        "date_dernier_prelevement": "2024-09-19"
      },
      "geometry": {
        "type": "Point",
        "crs": {
          "type": "name",
          "properties": {
            "name": "urn:ogc:def:crs:OGC:1.3:CRS84"
          }
        },
        "coordinates": [
          1.6996727872879525,
          49.15287280917254
        ]
      }
    },
    {
      "type": "Feature",
      "properties": {
        "code_station_hydrobio": "03177771",
        "libelle_station_hydrobio": "L'AUBETTE A AMBLEVILLE 1",
        "uri_station_hydrobio": "https://id.eaufrance.fr/StationMesureEauxSurface/03177771",
        "coordonnee_x": 604482.0,
        "coordonnee_y": 6895393.0,
        "code_projection": "2154",
        "code_cours_eau": "H3170600",
        "libelle_cours_eau": "L'Aubette",
        "uri_cours_eau": "https://id.eaufrance.fr/CoursEau_Carthage2017/H3170600",
        "code_masse_eau": null,
        "libelle_masse_eau": null,
        "uri_masse_eau": null,
        "code_sous_bassin": null,
        "libelle_sous_bassin": null,
        "code_bassin": null,
        "libelle_bassin": null,
        "code_commune": "95011",
        "libelle_commune": "Ambleville",
        "code_departement": "95",
        "libelle_departement": "Val-d'Oise",
        "code_region": "11",
        "libelle_region": "Île-de-France",
        "codes_reseaux": [
          "0600000421"
        ],
        "libelles_reseaux": [
          "Réseau de suivi local des opérations de restauration hydromorphologique sur deux petits affluents du lac des Rousses (39)"
        ],
        "codes_supports": [
          "4"
        ],
        "libelles_supports": [
          "Poissons"
        ],
        "codes_appel_taxons": [
          "2071",
          "2080",
          "2216",
          "2167"
        ],
        "libelles_appel_taxons": [
          "Barbatula barbatula",
          "Cottus gobio",
          "Oncorhynchus mykiss",
          "Pungitius pungitius"
        ],
        "codes_indices": null,
        "libelles_indices": null,
        "latitude": 49.151184368703476,
        "longitude": 1.6907362904691035,
        "date_premier_prelevement": "1988-08-16",
        "date_dernier_prelevement": "1988-08-16"
      },
      "geometry": {
        "type": "Point",
        "crs": {
          "type": "name",
          "properties": {
            "name": "urn:ogc:def:crs:OGC:1.3:CRS84"
          }
        },
        "coordinates": [
          1.6907362904691035,
          49.151184368703476
        ]
      }
    },
    {
      "type": "Feature",
      "properties": {
        "code_station_hydrobio": "03177889",
        "libelle_station_hydrobio": "LE RU DE CHAUSSY A BRAY-ET-LU 1",
        "uri_station_hydrobio": "https://id.eaufrance.fr/StationMesureEauxSurface/03177889",
        "coordonnee_x": 602892.0,
        "coordonnee_y": 6894022.0,
        "code_projection": "2154",
        "code_cours_eau": "H3181000",
        "libelle_cours_eau": "Ru de Chaussy",
        "uri_cours_eau": "https://id.eaufrance.fr/CoursEau_Carthage2017/H3181000",
        "code_masse_eau": "HR239-H3181000",
        "libelle_masse_eau": "ru de Chaussy",
        "uri_masse_eau": "https://id.eaufrance.fr/MasseDEauRiviere_VEDL2019/HR239-H3181000",
        "code_sous_bassin": "FRH_SEAV",
        "libelle_sous_bassin": "Seine aval",
        "code_bassin": "H",
        "libelle_bassin": "La Seine et les cours d'eau côtiers normands",
        "code_commune": "95101",
        "libelle_commune": "Bray-et-Lû",
        "code_departement": "95",
        "libelle_departement": "Val-d'Oise",
        "code_region": "11",
        "libelle_region": "Île-de-France",
        "codes_reseaux": [
          "0300000211"
        ],
        "libelles_reseaux": [
          "Réseau de gestion des eaux superficielles de la DSAM"
        ],
        "codes_supports": [
          "13",
          "10"
        ],
        "libelles_supports": [
          "Macroinvertébrés aquatiques",
          "Diatomées benthiques"
        ],
        "codes_appel_taxons": [
          "211",
          "3110",
          "3170",
          "1089",
          "933",
          "1061",
          "1055",
          "928",
          "1042",
          "1044",
          "1043",
          "887",
          "892",
          "888",
          "757",
          "807",
          "819",
          "617",
          "623",
          "502",
          "9794",
          "321",
          "322",
          "312",
          "908",
          "968",
          "880",
          "837",
          "831",
          "618",
          "613",
          "647",
          "183",
          "320",
          "658",
          "650",
          "793",
          "625",
          "743",
          "473",
          "481",
          "241",
          "304",
          "306",
          "307",
          "212",
          "967",
          "364",
          "236",
          "687",
          "783",
          "847",
          "450",
          "451",
          "8190",
          "13281",
          "28635",
          "14104",
          "7218",
          "8746",
          "8633",
          "9079",
          "8600",
          "7386",
          "8719",
          "7777",
          "7782",
          "8393",
          "14664",
          "11981",
          "7076",
          "7995",
          "11785",
          "9533",
          "8554",
          "8114",
          "8420",
          "18700",
          "7882",
          "9419",
          "7881",
          "9356",
          "32031",
          "8419",
          "13840",
          "7111",
          "32463",
          "8875",
          "8395",
          "6752",
          "7107",
          "7229",
          "13717",
          "20686",
          "9034",
          "7874",
          "7171",
          "8820",
          "10878",
          "7760",
          "8603",
          "8472",
          "34824",
          "13689",
          "9451",
          "9804",
          "978",
          "765",
          "794",
          "305",
          "363",
          "906",
          "200",
          "198",
          "11415",
          "18123",
          "32680",
          "8631",
          "8847",
          "14452",
          "636",
          "994",
          "1071",
          "801",
          "3163",
          "7803",
          "8657",
          "12097",
          "7116",
          "9016"
        ],
        "libelles_appel_taxons": [
          "Hydropsychidae",
          "Prostoma",
          "Ostracoda",
          "Nematoda",
          "Oligochaeta",
          "Planariidae",
          "Dugesiidae",
          "Erpobdellidae",
          "Sphaeriidae",
          "Sphaerium",
          "Pisidium",
          "Gammaridae",
          "Gammarus",
          "Echinogammarus",
          "Limoniidae",
          "Chironomidae",
          "Ceratopogonidae",
          "Stenelmis",
          "Limnius",
          "Ephemera",
          "Baetis lato sensu",
          "Sericostomatidae",
          "Sericostoma",
          "Mystacides",
          "Glossiphoniidae",
          "Theodoxus fluviatilis",
          "Asellidae",
          "Tabanidae",
          "Empididae",
          "Elmis",
          "Dryops",
          "Curculionidae",
          "Rhyacophila lato-sensu",
          "Adicella",
          "Coenagrionidae",
          "Calopteryx",
          "Dixidae",
          "Riolus",
          "Veliidae",
          "Leptophlebiidae",
          "Paraleptophlebia",
          "Lype",
          "Lepidostomatidae",
          "Lepidostoma hirtum",
          "Lasiocephala",
          "Hydropsyche",
          "Theodoxus",
          "Baetis",
          "Neureclipsis",
          "Cordulegaster",
          "Psychodidae",
          "Anthomyiidae",
          "Ephemerella",
          "Ephemerella ignita",
          "Navicula tripunctata",
          "Eolimna subminuscula",
          "Amphora indistincta",
          "Gyrosigma sciotense",
          "Cocconeis disculus",
          "Stephanodiscus hantzschii",
          "Cyclotella meneghiniana",
          "Simonsenia delognei",
          "Cyclostephanos invisitatus",
          "Diadesmis contenta",
          "Melosira varians",
          "Hippodonta capitata",
          "Luticola goeppertiana",
          "Planothidium frequentissimum",
          "Mayamaea permitis",
          "Caloneis lancettula",
          "Achnanthidium minutissimum",
          "Navicula lanceolata",
          "Cocconeis euglypta",
          "Fragilaria",
          "Aulacoseira ambigua",
          "Navicula reichardtiana var. reichardtiana",
          "Rhoicosphenia abbreviata",
          "Staurosira leptostauron",
          "Navicula cryptotenelloides",
          "Eolimna minima",
          "Navicula cryptotenella",
          "Achnanthidium",
          "Psammothidium lauenburgianum",
          "Reimeria sinuata",
          "Geissleria cummerowi",
          "Amphora ovalis",
          "Karayevia clevei",
          "Nitzschia dissipata",
          "Platessa conspicua",
          "Pseudostaurosira parasitica",
          "Amphora inariensis",
          "Cocconeis placentula var. euglypta",
          "Fallacia sublucidula",
          "Mayamaea atomus var. permitis",
          "Nitzschia sociabilis",
          "Navicula cryptocephala",
          "Caloneis bacillum",
          "Nitzschia amphibia",
          "Achnanthes fugei",
          "Gyrosigma nodiferum",
          "Cyclotella atomus",
          "Stauroneis smithii",
          "Pseudofallacia monoculata",
          "Fistulifera saprophila",
          "Platessa",
          "Nitzschia",
          "Potamopyrgus",
          "Dicranota",
          "Dixa",
          "Lepidostoma",
          "Baetidae",
          "Hydracarina",
          "Hydroptila",
          "Ithytrichia",
          "Cyclotella atomus var. gracilis",
          "Reimeria uniseriata",
          "Karayevia ploenensis var. gessneri",
          "Cyclotella meduanae",
          "Nitzschia capitellata",
          "Karayevia kolbei",
          "Helodes",
          "Bithynia",
          "Dendrocoelidae",
          "Simuliidae",
          "Limnephilinae",
          "Navicula antonii",
          "Discostella stelligera",
          "Cocconeis placentula var. placentula",
          "Amphora pediculus",
          "Nitzschia recta"
        ],
        "codes_indices": [
          "5910",
          "6035",
          "6034",
          "7613",
          "5856"
        ],
        "libelles_indices": [
          "Indice dit \"équivalent\" (Phases A+B) de la méthode macroinvertébrés NF T90-333 ou protocole RCS antérieur",
          "Groupe Faunistique Indicateur de l'indice dit \"équivalent\" (Phases A+B) de la méthode macroinvertébrés NF T90-333 ou protocole RCS antérieur",
          "Variété taxonomique de l'indice dit \"équivalent\" (Phases A+B) de la méthode macroinvertébrés NF T90-333 ou protocole RCS antérieur",
          "Indice Invertébrés Multimétrique (I2M2)",
          "Indice Biologique Diatomées (IBD)"
        ],
        "latitude": 49.138620804478336,
        "longitude": 1.6692629513469983,
        "date_premier_prelevement": "2013-07-24",
        "date_dernier_prelevement": "2016-08-19"
      },
      "geometry": {
        "type": "Point",
        "crs": {
          "type": "name",
          "properties": {
            "name": "urn:ogc:def:crs:OGC:1.3:CRS84"
          }
        },
        "coordinates": [
          1.6692629513469983,
          49.138620804478336
        ]
      }
    },
    {
      "type": "Feature",
      "properties": {
        "code_station_hydrobio": "H2299303",
        "libelle_station_hydrobio": "Plan d'eau de la base de plein air et de loisirs de Cergy",
        "uri_station_hydrobio": "https://id.eaufrance.fr/StationMesureEauxSurface/H2299303",
        "coordonnee_x": 630520.0,
        "coordonnee_y": 6881909.99,
        "code_projection": "2154",
        "code_cours_eau": null,
        "libelle_cours_eau": null,
        "uri_cours_eau": null,
        "code_masse_eau": "HL26",
        "libelle_masse_eau": "Base de plein air et de loisirs de Cergy Neuville",
        "uri_masse_eau": "https://id.eaufrance.fr/MasseDEauRiviere_VEDL2019/HL26",
        "code_sous_bassin": "FRH_IF",
        "libelle_sous_bassin": "Ile de France",
        "code_bassin": "H",
        "libelle_bassin": "La Seine et les cours d'eau côtiers normands",
        "code_commune": "95127",
        "libelle_commune": "Cergy",
        "code_departement": "95",
        "libelle_departement": "Val-d'Oise",
        "code_region": "11",
        "libelle_region": "Île-de-France",
        "codes_reseaux": null,
        "libelles_reseaux": null,
        "codes_supports": [
          "4"
        ],
        "libelles_supports": [
          "Poissons"
        ],
        "codes_appel_taxons": [
          "2050",
          "2191",
          "2133",
          "2086",
          "2177",
          "2135",
          "2151",
          "2137",
          "871",
          "2195",
          "2193"
        ],
        "libelles_appel_taxons": [
          "Lepomis gibbosus",
          "Gymnocephalus cernuus",
          "Rutilus rutilus",
          "Abramis brama",
          "Ameiurus melas",
          "Scardinius erythrophthalmus",
          "Esox lucius",
          "Tinca tinca",
          "Orconectes limosus",
          "Sander lucioperca",
          "Perca fluviatilis"
        ],
        "codes_indices": null,
        "libelles_indices": null,
        "latitude": 49.033317128057384,
        "longitude": 2.0498215233203956,
        "date_premier_prelevement": "2010-09-07",
        "date_dernier_prelevement": "2010-09-07"
      },
      "geometry": {
        "type": "Point",
        "crs": {
          "type": "name",
          "properties": {
            "name": "urn:ogc:def:crs:OGC:1.3:CRS84"
          }
        },
        "coordinates": [
          2.0498215233203956,
          49.033317128057384
        ]
      }
    }
  ]
}
