{
"type": "FeatureCollection",
"name": "L_QUALITE_EAU_L_095",
"crs": { "type": "name", "properties": { "name": "urn:ogc:def:crs:OGC:1.3:CRS84" } },
"xy_coordinate_resolution": 1e-05,
"features": [
{"type":"Feature","properties":{"code_eu_md":"FRHR100","name":"L'Yerres de sa source au confluent de l'Yvron (inclus)","longueur":32242.0,"statut":"MEN","ordre":1,"etateco":"4","qmoyaval":null,"distmer":null,"distsrce":null,"gid":8097,"annee":"2009"},"geometry":{"type":"LineString","coordinates":[[2.94747,48.79469],[2.94941,48.7959],[2.95373,48.79565],[2.9542,48.79374],[2.95549,48.79386],[2.95821,48.79317],[2.95883,48.79321],[2.95992,48.79339],[2.96216,48.79347],[2.96277,48.79328],[2.96324,48.79301],[2.96365,48.79265],[2.96418,48.7917],[2.96418,48.79157],[2.96464,48.79053],[2.96457,48.79012],[2.96092,48.78789],[2.96079,48.78771],[2.96078,48.78704],[2.96044,48.78681],[2.95968,48.78655],[2.95838,48.78588],[2.9564,48.78526],[2.95606,48.78504],[2.95585,48.78437],[2.9553,48.78397],[2.95482,48.78388],[2.95435,48.78384],[2.95359,48.78348],[2.95277,48.78303],[2.95277,48.78267],[2.95324,48.78205],[2.95324,48.78191],[2.95283,48.7816],[2.95282,48.78128],[2.95302,48.78097],[2.95302,48.78061],[2.9526,48.78003],[2.95267,48.77971],[2.95266,48.77899],[2.95365,48.77683],[2.95358,48.7766],[2.95331,48.77647],[2.95228,48.77621],[2.95174,48.77585],[2.95119,48.77567],[2.95112,48.77536],[2.95063,48.77469],[2.9498,48.77411],[2.94917,48.77249],[2.94907,48.77015],[2.94933,48.76907],[2.94967,48.76876],[2.95088,48.76822],[2.95129,48.76808],[2.95277,48.76698],[2.95304,48.76685],[2.95352,48.76684],[2.95522,48.76719],[2.95563,48.76715],[2.95637,48.76615],[2.95663,48.7653],[2.95662,48.76472],[2.9562,48.76337],[2.95606,48.76333],[2.95599,48.76306],[2.95474,48.76104],[2.95481,48.76059],[2.95533,48.75933],[2.9558,48.75888],[2.95634,48.75811],[2.95667,48.75775],[2.95681,48.75748],[2.9568,48.75654],[2.95651,48.7555],[2.95637,48.75523],[2.95596,48.75501],[2.95501,48.75484],[2.95487,48.75475],[2.95487,48.75448],[2.95507,48.75403],[2.95527,48.75389],[2.95547,48.75349],[2.95547,48.75331],[2.95594,48.75321],[2.95621,48.75299],[2.95641,48.7529],[2.95709,48.75285],[2.95729,48.75271],[2.95743,48.75258],[2.95742,48.75203],[2.95877,48.75085],[2.95897,48.75072],[2.9589,48.75027],[2.95922,48.74919],[2.95936,48.74892],[2.95969,48.74842],[2.95975,48.74815],[2.96002,48.74752],[2.96035,48.74712],[2.96076,48.74689],[2.96178,48.7467],[2.96408,48.74651],[2.96463,48.74655],[2.96476,48.7466],[2.96498,48.74714],[2.96525,48.74745],[2.966,48.74776],[2.96757,48.74824],[2.96798,48.7482],[2.96818,48.74806],[2.96838,48.74757],[2.96892,48.74725],[2.96919,48.74689],[2.96931,48.7463],[2.96945,48.74612],[2.96938,48.74581],[2.96924,48.74567],[2.96869,48.7454],[2.96882,48.74505],[2.96949,48.7437],[2.96969,48.74356],[2.97003,48.74356],[2.97064,48.74373],[2.97119,48.74423],[2.97167,48.74422],[2.97248,48.74395],[2.97322,48.74363],[2.97458,48.7434],[2.97573,48.74303],[2.976,48.7428],[2.97633,48.74207],[2.97632,48.741],[2.97611,48.74041],[2.97617,48.74001],[2.97637,48.73979],[2.97678,48.73978],[2.97698,48.73983],[2.97725,48.73983],[2.97772,48.73946],[2.97792,48.73919],[2.97894,48.73856],[2.98002,48.73805],[2.9811,48.73778],[2.98171,48.73773],[2.98246,48.73773],[2.98341,48.7379],[2.98396,48.73808],[2.9843,48.73803],[2.98538,48.73758],[2.98653,48.73748],[2.98728,48.7373],[2.98776,48.73743],[2.99058,48.73935],[2.99092,48.73939],[2.99119,48.73907],[2.99153,48.73889],[2.99248,48.73911],[2.99343,48.73938],[2.99452,48.73959],[2.99541,48.73963],[2.99588,48.73945],[2.99628,48.73909],[2.99702,48.7381],[2.99762,48.73751],[2.9983,48.73701],[2.9987,48.73692],[3.0004,48.737],[3.00095,48.73691],[3.00135,48.73695],[3.00388,48.73783],[3.00463,48.73823],[3.00497,48.73836],[3.00606,48.7384],[3.00864,48.7382],[3.0102,48.73815],[3.01183,48.73814],[3.01224,48.73827],[3.01272,48.7385],[3.01286,48.73881],[3.01307,48.73908],[3.01341,48.73921],[3.0141,48.7393],[3.01444,48.7392],[3.01478,48.73929],[3.0156,48.73933],[3.01648,48.73928],[3.01695,48.73887],[3.01722,48.73883],[3.01736,48.73892],[3.01736,48.7391],[3.01757,48.73919],[3.01851,48.73868],[3.01878,48.73859],[3.01899,48.73877],[3.01926,48.73882],[3.01932,48.73841],[3.01952,48.73818],[3.01951,48.73742],[3.01965,48.7372],[3.02032,48.7367],[3.02052,48.73629],[3.02058,48.73571],[3.02051,48.73548],[3.0205,48.73517],[3.02064,48.73503],[3.02132,48.73481],[3.02172,48.73458],[3.02233,48.7343],[3.02287,48.73394],[3.02334,48.73349],[3.02333,48.73277],[3.02433,48.73164],[3.02527,48.73105],[3.02622,48.73078],[3.02636,48.73068],[3.02635,48.73032],[3.02628,48.73032],[3.02627,48.72915],[3.02633,48.72897],[3.02707,48.72842],[3.02713,48.72802],[3.02754,48.72789],[3.02794,48.72761],[3.02814,48.72716],[3.02882,48.72675],[3.02902,48.72653],[3.02901,48.72608],[3.02894,48.72594],[3.02865,48.72568],[3.02824,48.72541],[3.02824,48.72532],[3.0281,48.72505],[3.0281,48.72464],[3.02816,48.72451],[3.02815,48.72384],[3.02842,48.72361],[3.02869,48.72329],[3.02868,48.72289],[3.0282,48.72258],[3.028,48.72249],[3.02786,48.72226],[3.02785,48.72177],[3.02758,48.72137],[3.02682,48.72088],[3.02628,48.7207],[3.026,48.72052],[3.02566,48.72012],[3.02532,48.72003],[3.02477,48.71999],[3.02444,48.72008],[3.02403,48.72008],[3.02382,48.72004],[3.02362,48.71973],[3.02361,48.71937],[3.02347,48.71905],[3.02299,48.7187],[3.02251,48.71852],[3.02067,48.71763],[3.02005,48.71723],[3.01943,48.7166],[3.01875,48.71611],[3.01834,48.71594],[3.01806,48.71562],[3.01799,48.71526],[3.01744,48.71495],[3.01669,48.71478],[3.01622,48.71478],[3.0154,48.71488],[3.01506,48.71465],[3.01465,48.71457],[3.01438,48.71457],[3.01397,48.71475],[3.01343,48.7148],[3.01301,48.71467],[3.01239,48.71431],[3.01191,48.71409],[3.01178,48.71391],[3.01191,48.71373],[3.01191,48.71355],[3.0117,48.71346],[3.01116,48.71342],[3.01088,48.71319],[3.0102,48.71311],[3.01,48.71289],[3.00986,48.71266],[3.00931,48.71226],[3.00883,48.71217],[3.00836,48.71231],[3.00802,48.71235],[3.00775,48.71222],[3.00713,48.712],[3.00706,48.71186],[3.00727,48.71173],[3.00726,48.71168],[3.00692,48.71151],[3.00699,48.71133],[3.00692,48.71124],[3.00644,48.71115],[3.00576,48.71093],[3.00488,48.7108],[3.00467,48.71071],[3.00385,48.71013],[3.00385,48.70995],[3.00398,48.70977],[3.00391,48.70973],[3.00364,48.70973],[3.00323,48.70986],[3.00269,48.70973],[3.00248,48.70955],[3.00248,48.70901],[3.00179,48.70848],[3.00145,48.70826],[3.00117,48.70758],[3.00089,48.70714],[2.99986,48.70593],[2.99972,48.7057],[2.9991,48.70503],[2.99848,48.70459],[2.99683,48.70383],[2.99587,48.70352],[2.99423,48.70259],[2.99198,48.70184],[2.99082,48.70108],[2.98993,48.70063],[2.98986,48.70046],[2.98999,48.70019],[2.99026,48.69992],[2.99026,48.69974],[2.98985,48.69951],[2.98828,48.69898],[2.98727,48.69939],[2.98659,48.69944],[2.98448,48.69932],[2.98394,48.69937],[2.98347,48.69968],[2.98347,48.69995],[2.98334,48.70004],[2.98307,48.70005],[2.98272,48.69991],[2.98184,48.69964],[2.98055,48.69956],[2.98027,48.69947],[2.97986,48.69912],[2.97918,48.69885],[2.97863,48.69845],[2.97849,48.69823],[2.97889,48.6975],[2.97896,48.69728],[2.97882,48.69714],[2.97772,48.69643],[2.97738,48.69639],[2.97718,48.69648],[2.97691,48.69648],[2.97662,48.69612],[2.97621,48.69572],[2.97546,48.69519],[2.97505,48.69505],[2.97389,48.69497],[2.97267,48.69502],[2.97172,48.6953],[2.97132,48.69561],[2.97085,48.69575],[2.97038,48.69611],[2.96983,48.6963],[2.96936,48.69675],[2.96693,48.69784],[2.96666,48.69793],[2.96565,48.69803],[2.96476,48.69817],[2.96361,48.69812],[2.9632,48.69799],[2.96293,48.69781],[2.96258,48.6975],[2.96204,48.69714],[2.96176,48.69661],[2.96128,48.69625],[2.96086,48.69567],[2.95791,48.69231],[2.95729,48.692],[2.95674,48.69165],[2.95559,48.69152],[2.95423,48.69121],[2.95395,48.69098],[2.95374,48.69067],[2.95325,48.69036],[2.95284,48.69018],[2.95033,48.69015],[2.94938,48.69029],[2.9483,48.69025],[2.94782,48.69016],[2.94747,48.68971],[2.94713,48.68904],[2.94671,48.68846],[2.94671,48.68819],[2.94738,48.68729],[2.94744,48.68697],[2.94771,48.6867],[2.94858,48.68607],[2.94919,48.68539],[2.94959,48.68512],[2.95041,48.68529],[2.95244,48.68511],[2.95312,48.68492],[2.95339,48.6847],[2.95338,48.6842],[2.95378,48.68348],[2.95385,48.68343],[2.95405,48.68298],[2.95445,48.68235],[2.95437,48.6819],[2.95396,48.68155],[2.95362,48.68141],[2.95308,48.68133],[2.95287,48.68097],[2.95287,48.68083],[2.9528,48.6807],[2.95246,48.68057],[2.95191,48.68057],[2.95137,48.68066],[2.9509,48.68066],[2.95076,48.68053],[2.95062,48.68026],[2.95001,48.68004],[2.94919,48.68],[2.94906,48.67987],[2.94891,48.67946],[2.94837,48.67933],[2.94803,48.67937],[2.94735,48.67911],[2.94681,48.6792],[2.94626,48.67925],[2.94572,48.67916],[2.94518,48.67917],[2.9432,48.67859],[2.94144,48.67833],[2.94048,48.67807],[2.93987,48.67771],[2.93939,48.67722],[2.93918,48.67691],[2.93903,48.6761],[2.93895,48.67596],[2.93894,48.67533],[2.93901,48.67533],[2.93908,48.67493],[2.939,48.67461],[2.9388,48.67443],[2.93825,48.67435],[2.93731,48.67449],[2.93643,48.6748],[2.93548,48.6749],[2.93514,48.67499],[2.93494,48.67522],[2.93494,48.6754],[2.93454,48.67563],[2.9342,48.6759],[2.93379,48.6759],[2.93352,48.67585],[2.93318,48.6759],[2.93298,48.67617],[2.93271,48.67635],[2.93244,48.67635],[2.93224,48.6764],[2.93217,48.67649],[2.93211,48.6768],[2.93197,48.6769],[2.9317,48.6769],[2.93116,48.67677],[2.93075,48.67677],[2.92871,48.677],[2.92621,48.67742],[2.92478,48.67751],[2.92343,48.67752],[2.92241,48.67744],[2.92139,48.67717],[2.92104,48.67681],[2.92056,48.6765],[2.92036,48.67628],[2.92022,48.67592],[2.91981,48.67538],[2.9198,48.67493],[2.92007,48.67453],[2.92087,48.67372],[2.92087,48.67358],[2.92046,48.67331],[2.92039,48.67313],[2.92107,48.67282],[2.9212,48.67272],[2.92154,48.67232],[2.92208,48.67218],[2.92241,48.67191],[2.92274,48.67092],[2.92301,48.67083],[2.92355,48.67078],[2.92376,48.67069],[2.92403,48.67046],[2.92402,48.66974],[2.92368,48.66934],[2.9234,48.66894],[2.92312,48.66827],[2.92318,48.66759],[2.92277,48.66732],[2.92215,48.66701],[2.92202,48.66688],[2.92201,48.66656],[2.92221,48.66625],[2.92248,48.66607],[2.92289,48.66588],[2.92323,48.66579],[2.92356,48.66548],[2.92342,48.66444],[2.92355,48.66426],[2.92382,48.66408],[2.92429,48.66408],[2.9245,48.66413],[2.92484,48.66408],[2.92578,48.66385],[2.9268,48.66375],[2.92802,48.66374],[2.92924,48.6637],[2.92951,48.6636],[2.92978,48.66329],[2.9297,48.66242],[2.92936,48.66198],[2.92881,48.66158],[2.92779,48.66149],[2.92725,48.66127],[2.92569,48.66128],[2.92494,48.66111],[2.92452,48.66089],[2.92444,48.66066],[2.92458,48.6603],[2.92537,48.65863],[2.92496,48.658],[2.92475,48.65715],[2.92454,48.65688],[2.9242,48.6567],[2.92229,48.65644],[2.92093,48.65618]]}},
{"type":"Feature","properties":{"code_eu_md":"FRHR101-F4750600","name":"ru de breon","longueur":22121.0,"statut":"MEN","ordre":2,"etateco":"3","qmoyaval":null,"distmer":null,"distsrce":null,"gid":8105,"annee":"2009"},"geometry":{"type":"LineString","coordinates":[[2.93922,48.74295],[2.93779,48.74273],[2.93731,48.74233],[2.93663,48.74153],[2.93642,48.74135],[2.93628,48.74103],[2.93613,48.73964],[2.93599,48.73951],[2.93354,48.73885],[2.93347,48.73871],[2.93346,48.73844],[2.93366,48.73817],[2.93394,48.73804],[2.93393,48.73795],[2.93407,48.73786],[2.93407,48.73772],[2.93373,48.73763],[2.93208,48.73764],[2.93032,48.73774],[2.92964,48.73783],[2.9293,48.73779],[2.92909,48.73752],[2.92882,48.73757],[2.92719,48.73798],[2.92652,48.73821],[2.92156,48.73838],[2.92013,48.73861],[2.91898,48.73902],[2.91682,48.73993],[2.91364,48.74129],[2.91357,48.74138],[2.91405,48.7416],[2.91603,48.74227],[2.91698,48.7424],[2.91733,48.74262],[2.91871,48.7445],[2.91946,48.74495],[2.92028,48.74535],[2.92083,48.74571],[2.92221,48.74759],[2.92241,48.74772],[2.92241,48.74786],[2.92065,48.74845],[2.9193,48.74917],[2.91829,48.74959],[2.91679,48.74986],[2.91625,48.75009],[2.91551,48.75077],[2.9147,48.75131],[2.91321,48.75178],[2.91287,48.75178],[2.91279,48.75073],[2.91252,48.75042],[2.9117,48.75002],[2.91095,48.74949],[2.91026,48.74877],[2.90944,48.74823],[2.90916,48.74787],[2.90745,48.74667],[2.90629,48.74605],[2.90274,48.74449],[2.90219,48.74413],[2.9015,48.74315],[2.90143,48.7431],[2.90115,48.74248],[2.90059,48.74181],[2.90038,48.74136],[2.8999,48.74096],[2.89792,48.74002],[2.89744,48.73984],[2.89655,48.73967],[2.89614,48.7394],[2.8958,48.73886],[2.89579,48.73837],[2.89599,48.73774],[2.89592,48.73733],[2.89564,48.7372],[2.89524,48.73725],[2.89429,48.73752],[2.89314,48.73793],[2.8926,48.73802],[2.89097,48.73798],[2.88987,48.73763],[2.88879,48.7375],[2.88803,48.73674],[2.88735,48.73656],[2.88524,48.73639],[2.88442,48.73568],[2.88415,48.73563],[2.88285,48.73555],[2.88217,48.73542],[2.88169,48.73506],[2.88101,48.73471],[2.87993,48.73534],[2.87966,48.73538],[2.87747,48.73544],[2.87713,48.73526],[2.87665,48.73522],[2.87428,48.73572],[2.87259,48.73628],[2.87218,48.73624],[2.87156,48.73538],[2.87154,48.73331],[2.87092,48.73309],[2.86835,48.73332],[2.86767,48.73334],[2.86678,48.7333],[2.8659,48.73312],[2.86515,48.7333],[2.864,48.73385],[2.86353,48.73389],[2.86298,48.73385],[2.86257,48.73367],[2.86196,48.73305],[2.86141,48.73255],[2.86113,48.73247],[2.8608,48.73247],[2.85965,48.73301],[2.85809,48.73338],[2.85727,48.73351],[2.85673,48.73352],[2.85612,48.7333],[2.85544,48.73317],[2.85468,48.73276],[2.85441,48.73267],[2.85039,48.73274],[2.85005,48.73252],[2.84902,48.73135],[2.84881,48.73103],[2.8488,48.73041],[2.849,48.73],[2.84907,48.72978],[2.84886,48.72888],[2.84857,48.72713],[2.84829,48.72619],[2.84801,48.72559],[2.84705,48.7242],[2.84643,48.72376],[2.84561,48.72358],[2.84534,48.7234],[2.8454,48.72318],[2.84574,48.72277],[2.8458,48.72232],[2.84573,48.72187],[2.84532,48.72133],[2.84525,48.72106],[2.84572,48.72062],[2.84579,48.72048],[2.84571,48.72021],[2.84551,48.71999],[2.84462,48.71949],[2.84407,48.71914],[2.84373,48.71878],[2.84331,48.71757],[2.84262,48.71672],[2.84221,48.71632],[2.84167,48.71596],[2.84139,48.71565],[2.84125,48.71506],[2.84089,48.71457],[2.84089,48.71443],[2.84055,48.71407],[2.83993,48.71358],[2.83972,48.71331],[2.83972,48.713],[2.83979,48.71286],[2.84006,48.71259],[2.84148,48.71169],[2.84188,48.71155],[2.84269,48.71115],[2.8433,48.71056],[2.84357,48.71047],[2.84492,48.71019],[2.84582,48.7101],[2.84636,48.70991],[2.8467,48.70973],[2.84872,48.70838],[2.8492,48.70824],[2.84974,48.70819],[2.85015,48.70824],[2.85158,48.70863],[2.853,48.70857],[2.85409,48.70843],[2.85456,48.70848],[2.85647,48.7091],[2.85688,48.70914],[2.85729,48.70905],[2.85756,48.70892],[2.85816,48.70792],[2.85843,48.7077],[2.85937,48.70706],[2.85991,48.70639],[2.86031,48.70621],[2.86133,48.70629],[2.86181,48.70642],[2.86242,48.70624],[2.86255,48.70566],[2.8639,48.70479],[2.86464,48.70412],[2.86517,48.70349],[2.86585,48.70308],[2.86618,48.70213],[2.86604,48.70177],[2.86515,48.70061],[2.86508,48.70034],[2.86487,48.70016],[2.8646,48.70007],[2.86419,48.70008],[2.86371,48.70012],[2.86167,48.69973],[2.86113,48.69946],[2.86024,48.69933],[2.85984,48.6991],[2.85963,48.69874],[2.8586,48.69817],[2.85819,48.69803],[2.85772,48.69772],[2.85751,48.6975],[2.85715,48.69683],[2.85667,48.69633],[2.85633,48.69575],[2.85564,48.69539],[2.85544,48.69512],[2.8553,48.69467],[2.85468,48.69378],[2.85474,48.69355],[2.85501,48.69337],[2.85521,48.69292],[2.85521,48.69239],[2.85527,48.69207],[2.85513,48.69176],[2.85479,48.69144],[2.85445,48.69131],[2.85363,48.69068],[2.8534,48.69042],[2.85287,48.68994],[2.85187,48.68939],[2.85136,48.68849],[2.85162,48.68782],[2.85162,48.68668],[2.85141,48.68628],[2.85067,48.68544],[2.84969,48.68427],[2.8486,48.68355],[2.8475,48.68234],[2.84695,48.68109],[2.84686,48.67994],[2.84652,48.67879],[2.84645,48.67862],[2.84617,48.67821],[2.84576,48.67781],[2.845,48.67745],[2.84459,48.67705],[2.84418,48.67687],[2.84363,48.67669],[2.84302,48.67625],[2.84288,48.67607],[2.8424,48.6758],[2.84159,48.67553],[2.8407,48.67554],[2.83833,48.67595],[2.83752,48.67605],[2.83684,48.67605],[2.8363,48.67601],[2.83582,48.67578],[2.83561,48.67534],[2.83561,48.67516],[2.8354,48.67484],[2.83445,48.67417],[2.83424,48.67386],[2.83424,48.67341],[2.8345,48.67291],[2.83463,48.67246],[2.83443,48.67224],[2.83409,48.67206],[2.83368,48.67197],[2.83327,48.6717],[2.83306,48.67148],[2.83266,48.6713],[2.83238,48.67126],[2.8313,48.67126],[2.83028,48.67118],[2.82994,48.67104],[2.82946,48.67055],[2.82925,48.66947],[2.82822,48.66867],[2.82733,48.6684],[2.82673,48.6685],[2.82645,48.66859],[2.82619,48.66886],[2.82612,48.66917],[2.82592,48.66953],[2.82572,48.66972],[2.82498,48.67007],[2.82274,48.67004],[2.82226,48.66991],[2.82192,48.66968],[2.82176,48.66924],[2.82176,48.66888],[2.82203,48.66824],[2.82222,48.66757],[2.82249,48.66707],[2.82242,48.66676],[2.82208,48.6664],[2.8216,48.66613],[2.82153,48.66591],[2.82166,48.66532],[2.82152,48.66519]]}},
{"type":"Feature","properties":{"code_eu_md":"FRHR101-F4770600","name":"ru de la marsange","longueur":30389.0,"statut":"MEN","ordre":2,"etateco":"3","qmoyaval":null,"distmer":null,"distsrce":null,"gid":8106,"annee":"2009"},"geometry":{"type":"LineString","coordinates":[[2.86009,48.83373],[2.85968,48.83374],[2.85873,48.83365],[2.85784,48.83343],[2.85736,48.83321],[2.85578,48.83209],[2.85394,48.83124],[2.85264,48.83053],[2.8518,48.82958],[2.85152,48.82917],[2.85145,48.82895],[2.85144,48.82743],[2.85116,48.82702],[2.85034,48.82648],[2.8502,48.82621],[2.85012,48.82554],[2.8493,48.82496],[2.84909,48.82465],[2.84889,48.82447],[2.84841,48.82429],[2.848,48.82393],[2.84779,48.82353],[2.84792,48.82263],[2.84771,48.82245],[2.84723,48.82232],[2.8471,48.8221],[2.84696,48.82169],[2.84607,48.82115],[2.84551,48.82026],[2.84531,48.82003],[2.84517,48.81954],[2.84475,48.81914],[2.84325,48.81816],[2.84215,48.81758],[2.84037,48.81637],[2.84008,48.81493],[2.83951,48.81354],[2.83944,48.81314],[2.83943,48.81202],[2.83962,48.81067],[2.83995,48.80913],[2.84014,48.80764],[2.84006,48.80738],[2.83979,48.80711],[2.83979,48.80706],[2.83945,48.80684],[2.83883,48.80603],[2.83842,48.80568],[2.83835,48.80541],[2.83821,48.80523],[2.83759,48.80469],[2.83691,48.80424],[2.83534,48.80412],[2.83527,48.80398],[2.83703,48.80271],[2.8375,48.80231],[2.8377,48.80177],[2.83782,48.80082],[2.83803,48.80051],[2.83877,48.80001],[2.83897,48.79997],[2.8393,48.79916],[2.83964,48.79861],[2.83963,48.79798],[2.83943,48.79772],[2.83935,48.797],[2.83901,48.7965],[2.83894,48.79628],[2.839,48.79587],[2.83914,48.79565],[2.83981,48.7952],[2.83995,48.79497],[2.83988,48.79488],[2.84007,48.79412],[2.84027,48.79385],[2.84048,48.79371],[2.84116,48.79352],[2.84149,48.79325],[2.84176,48.79298],[2.8423,48.79262],[2.84244,48.79244],[2.84243,48.79185],[2.8431,48.79108],[2.84398,48.79054],[2.84485,48.78892],[2.84546,48.78811],[2.84559,48.78775],[2.84613,48.7873],[2.84734,48.78639],[2.84768,48.78603],[2.84768,48.78567],[2.84733,48.78523],[2.84726,48.78487],[2.84746,48.78469],[2.84767,48.78459],[2.84855,48.7845],[2.84922,48.78405],[2.85037,48.78278],[2.8503,48.78247],[2.8496,48.78081],[2.84912,48.7805],[2.8481,48.78005],[2.84782,48.77979],[2.84687,48.77979],[2.84646,48.77961],[2.84632,48.77948],[2.84625,48.77898],[2.8459,48.77834],[2.84589,48.77713],[2.84562,48.77682],[2.84528,48.77668],[2.84432,48.77669],[2.8437,48.77683],[2.84282,48.77678],[2.84227,48.77661],[2.84227,48.77656],[2.84206,48.77656],[2.84206,48.77652],[2.84186,48.77652],[2.84186,48.77648],[2.84077,48.77635],[2.83941,48.77636],[2.83839,48.77654],[2.83805,48.77654],[2.83805,48.77659],[2.83663,48.77664],[2.83506,48.77683],[2.83432,48.77697],[2.83309,48.77701],[2.83268,48.77697],[2.83221,48.77684],[2.83159,48.77635],[2.83118,48.77613],[2.8307,48.77599],[2.83029,48.77572],[2.83029,48.77545],[2.83063,48.775],[2.83063,48.77491],[2.83056,48.77491],[2.83056,48.77482],[2.83035,48.77464],[2.82953,48.77447],[2.82906,48.77429],[2.82865,48.77425],[2.82831,48.77407],[2.82817,48.77407],[2.8279,48.77389],[2.82728,48.77371],[2.82728,48.77367],[2.82687,48.77354],[2.82653,48.77349],[2.82653,48.77345],[2.82476,48.77296],[2.82428,48.77269],[2.82401,48.77242],[2.82387,48.77216],[2.82339,48.77184],[2.82305,48.77185],[2.82237,48.77207],[2.82217,48.77207],[2.82189,48.77189],[2.82153,48.77127],[2.82126,48.77113],[2.82085,48.77113],[2.82031,48.77141],[2.81944,48.77231],[2.81801,48.77272],[2.81727,48.77272],[2.81583,48.77228],[2.81447,48.77233],[2.814,48.7726],[2.81366,48.77305],[2.81285,48.77355],[2.81259,48.77413],[2.81218,48.77436],[2.80939,48.77437],[2.80919,48.77433],[2.80898,48.77437],[2.80858,48.77455],[2.80695,48.7751],[2.80655,48.77537],[2.80607,48.77587],[2.80553,48.77596],[2.80465,48.77601],[2.8039,48.77628],[2.80329,48.77646],[2.80275,48.77651],[2.80227,48.77642],[2.80152,48.77638],[2.80098,48.77629],[2.80064,48.77629],[2.79955,48.77594],[2.79859,48.77545],[2.79791,48.77518],[2.79757,48.77509],[2.79702,48.77514],[2.79642,48.7755],[2.79601,48.77591],[2.7954,48.77631],[2.795,48.77641],[2.79445,48.77636],[2.79266,48.77511],[2.79238,48.77484],[2.79204,48.77467],[2.79143,48.77412],[2.79122,48.77404],[2.78766,48.77113],[2.78732,48.77095],[2.78684,48.77055],[2.7865,48.77041],[2.78588,48.77001],[2.78506,48.7697],[2.78507,48.76966],[2.7837,48.76939],[2.78288,48.76899],[2.78268,48.76881],[2.78077,48.76788],[2.78008,48.7677],[2.78008,48.76716],[2.77967,48.76685],[2.77939,48.76648],[2.77926,48.76613],[2.77919,48.76613],[2.77912,48.76599],[2.77878,48.76568],[2.77823,48.76537],[2.77734,48.76519],[2.77714,48.76497],[2.77713,48.76461],[2.77734,48.76429],[2.77788,48.76384],[2.77787,48.76353],[2.77774,48.7633],[2.77671,48.76254],[2.77621,48.76169],[2.77614,48.76169],[2.77594,48.76137],[2.7756,48.76111],[2.77532,48.76075],[2.77532,48.76039],[2.77552,48.76007],[2.77626,48.75958],[2.77633,48.75944],[2.77647,48.75944],[2.77681,48.75931],[2.77708,48.75908],[2.77741,48.75858],[2.77843,48.75804],[2.77856,48.75786],[2.77862,48.75755],[2.77856,48.7575],[2.77855,48.75678],[2.77902,48.75596],[2.77915,48.75587],[2.77922,48.75569],[2.77929,48.75569],[2.77962,48.75524],[2.77982,48.75479],[2.77982,48.75448],[2.77948,48.7538],[2.77872,48.75286],[2.77817,48.75237],[2.77776,48.75215],[2.77742,48.75206],[2.77518,48.75225],[2.77498,48.75252],[2.77478,48.75265],[2.77451,48.7527],[2.77417,48.7527],[2.77362,48.75243],[2.77335,48.75216],[2.77144,48.75212],[2.77083,48.75199],[2.77035,48.75177],[2.77015,48.75141],[2.77014,48.75042],[2.76979,48.74984],[2.7702,48.74957],[2.77026,48.74871],[2.77012,48.74818],[2.77012,48.74791],[2.76977,48.7475],[2.76964,48.74719],[2.76963,48.74696],[2.76922,48.74589],[2.76921,48.74566],[2.76908,48.74535],[2.76839,48.74472],[2.76805,48.74414],[2.76743,48.74356],[2.76709,48.74306],[2.76681,48.74243],[2.7664,48.74226],[2.76606,48.7419],[2.76551,48.74154],[2.76551,48.74123],[2.76578,48.74096],[2.76632,48.74077],[2.76686,48.74046],[2.76713,48.74005],[2.76713,48.73965],[2.76705,48.7392],[2.76664,48.73875],[2.76617,48.73853],[2.76472,48.73827],[2.7637,48.73836],[2.76323,48.73836],[2.76302,48.73823],[2.76289,48.738],[2.76261,48.73773],[2.76166,48.73769],[2.76125,48.73747],[2.76104,48.7372],[2.7609,48.7368],[2.76083,48.7359],[2.76069,48.73549],[2.76055,48.7354],[2.76028,48.735],[2.75925,48.73397],[2.75884,48.73366],[2.75836,48.73307],[2.75836,48.73249],[2.75808,48.732],[2.75767,48.73163],[2.7574,48.7315],[2.75562,48.72997],[2.75521,48.7293],[2.75466,48.72926],[2.75432,48.72903],[2.75405,48.72863],[2.75411,48.72782],[2.75356,48.72764],[2.75281,48.72706],[2.75247,48.72697],[2.75213,48.72715],[2.75186,48.7272],[2.75138,48.7268],[2.75104,48.7268],[2.7505,48.72693],[2.74921,48.72689],[2.74806,48.72721],[2.74738,48.72722],[2.7467,48.72695],[2.74552,48.72637],[2.74525,48.72606],[2.74517,48.72547],[2.74504,48.72529],[2.7447,48.72511],[2.74443,48.72502],[2.74334,48.72485],[2.74306,48.72471],[2.74313,48.72444],[2.7436,48.72435],[2.74401,48.72435],[2.74496,48.72403],[2.7459,48.72295],[2.74624,48.72273],[2.74651,48.72219],[2.7465,48.72147],[2.74636,48.72106],[2.74601,48.71873],[2.74573,48.71828],[2.74573,48.71792],[2.74593,48.71769],[2.74613,48.71756],[2.74674,48.71729],[2.74803,48.71692],[2.74938,48.71629],[2.74958,48.71606],[2.74965,48.71548],[2.7491,48.71453],[2.74875,48.71418],[2.74807,48.71369],[2.74732,48.71337],[2.74657,48.7132],[2.74528,48.71266],[2.7448,48.71235],[2.74446,48.71177],[2.7439,48.71028],[2.74376,48.71015],[2.74301,48.70903],[2.74253,48.70817],[2.74191,48.70749],[2.74163,48.70705],[2.74163,48.70655],[2.7419,48.7061],[2.74258,48.70574],[2.74393,48.70529],[2.74474,48.7051],[2.74508,48.70506],[2.74556,48.70487],[2.7465,48.70424],[2.74718,48.7037],[2.74765,48.70316],[2.74826,48.70262],[2.74934,48.70203],[2.74974,48.70167],[2.75015,48.7014],[2.75132,48.70103],[2.75163,48.70072],[2.75258,48.7004],[2.75482,48.69999],[2.7559,48.69967],[2.75658,48.69985],[2.75692,48.69985],[2.75808,48.69948],[2.75828,48.69935],[2.75902,48.69912],[2.75963,48.69885],[2.76058,48.69817],[2.76146,48.69772],[2.76362,48.6969],[2.7643,48.69658],[2.76484,48.69622],[2.76537,48.69554],[2.76584,48.69437],[2.76631,48.69405],[2.76651,48.69378],[2.76651,48.69347],[2.76638,48.69333],[2.76624,48.69302],[2.76623,48.69248],[2.76637,48.69216],[2.76677,48.69162],[2.76731,48.69131],[2.76812,48.69112],[2.7686,48.6909],[2.76886,48.69058],[2.76886,48.69],[2.76879,48.68977],[2.76878,48.68919],[2.76898,48.68847],[2.76912,48.6882],[2.76918,48.6882],[2.76952,48.6877],[2.77006,48.68734],[2.7708,48.68702],[2.77128,48.68671],[2.77175,48.68621],[2.77215,48.68558],[2.77241,48.68482],[2.7724,48.68329],[2.7726,48.68221],[2.77313,48.68131],[2.77347,48.68095],[2.77441,48.68036],[2.77569,48.67899],[2.77603,48.67868],[2.7773,48.67688],[2.77791,48.67643],[2.77811,48.67607],[2.77811,48.67553],[2.77783,48.6749],[2.77783,48.67458],[2.77796,48.67427],[2.77816,48.67413],[2.7783,48.67395],[2.7789,48.67364],[2.77951,48.67296],[2.78011,48.67251],[2.78093,48.67206],[2.78187,48.67169],[2.78221,48.6716],[2.78357,48.67151],[2.78601,48.67105],[2.78661,48.67069],[2.78681,48.67019],[2.78674,48.66974],[2.78633,48.66894],[2.78639,48.6684],[2.78652,48.66817],[2.78659,48.66781],[2.78645,48.66763],[2.78577,48.66701],[2.78549,48.66651],[2.78542,48.66602],[2.78541,48.66512],[2.78527,48.66463],[2.7854,48.66426],[2.78574,48.66404],[2.78635,48.66381],[2.78676,48.66354],[2.78689,48.66336],[2.78668,48.663],[2.78648,48.66277],[2.78647,48.6625],[2.78668,48.66232],[2.78769,48.66177],[2.78789,48.66159],[2.78802,48.66128],[2.78802,48.66079],[2.78788,48.66056]]}},
{"type":"Feature","properties":{"code_eu_md":"FRHR101-F4819000","name":"ruisseau barbanconne","longueur":12103.0,"statut":"MEN","ordre":2,"etateco":"5","qmoyaval":null,"distmer":null,"distsrce":null,"gid":8108,"annee":"2009"},"geometry":{"type":"LineString","coordinates":[[2.69558,48.73644],[2.69722,48.73719],[2.70029,48.73889],[2.70083,48.73907],[2.70307,48.7392],[2.70464,48.73924],[2.70504,48.73919],[2.70538,48.73901],[2.70828,48.73626],[2.70856,48.73608],[2.70862,48.73594],[2.70801,48.73558],[2.7076,48.73545],[2.70719,48.73517],[2.70705,48.735],[2.70752,48.73405],[2.70786,48.7336],[2.70792,48.73297],[2.70785,48.73266],[2.7062,48.72992],[2.70572,48.72965],[2.7043,48.7293],[2.70334,48.72894],[2.70334,48.72858],[2.70361,48.72813],[2.70367,48.72759],[2.70353,48.72737],[2.70244,48.72665],[2.70203,48.7262],[2.70209,48.72499],[2.70182,48.72441],[2.70092,48.72288],[2.70078,48.72252],[2.70077,48.72036],[2.70083,48.71915],[2.70069,48.71848],[2.70034,48.71767],[2.70033,48.71619],[2.69992,48.7152],[2.69916,48.71425],[2.69902,48.71394],[2.69901,48.71218],[2.69892,48.71061],[2.69871,48.71029],[2.69796,48.70976],[2.69721,48.7094],[2.69647,48.70922],[2.6949,48.70918],[2.6928,48.70869],[2.69218,48.7087],[2.69164,48.70861],[2.6913,48.70843],[2.69089,48.70785],[2.69048,48.70776],[2.68994,48.70794],[2.68987,48.70803],[2.68946,48.70794],[2.68892,48.70745],[2.68851,48.70727],[2.68796,48.70718],[2.68701,48.70718],[2.68654,48.70723],[2.68613,48.70718],[2.68545,48.70701],[2.683,48.70589],[2.68184,48.70549],[2.68109,48.70531],[2.68048,48.70505],[2.67987,48.70464],[2.67912,48.70442],[2.67667,48.70443],[2.67633,48.7042],[2.67619,48.7038],[2.67612,48.7029],[2.67619,48.70263],[2.67659,48.70209],[2.67693,48.70151],[2.67692,48.70106],[2.6767,48.70047],[2.67643,48.70016],[2.67595,48.69984],[2.67561,48.69976],[2.67452,48.69917],[2.67377,48.69895],[2.67207,48.69896],[2.67085,48.69874],[2.67037,48.69856],[2.67003,48.69834],[2.6699,48.69811],[2.66982,48.69717],[2.66968,48.69699],[2.66887,48.69618],[2.66866,48.6956],[2.66899,48.69514],[2.6698,48.69429],[2.6698,48.69389],[2.66864,48.69294],[2.66762,48.6925],[2.66592,48.69201],[2.66551,48.69178],[2.66503,48.6912],[2.66455,48.69035],[2.66428,48.69013],[2.66387,48.6899],[2.66346,48.68977],[2.66148,48.68847],[2.66074,48.68825],[2.66074,48.6882],[2.66026,48.68811],[2.65727,48.68794],[2.65537,48.68795],[2.65427,48.68786],[2.6521,48.68746],[2.64945,48.6867],[2.64822,48.68621],[2.64754,48.68572],[2.64733,48.68541],[2.64726,48.6841],[2.64698,48.68316],[2.64685,48.68307],[2.64657,48.68298],[2.6461,48.68289],[2.64589,48.68276],[2.64569,48.68244],[2.64569,48.68208],[2.64582,48.68186],[2.64589,48.68186],[2.64616,48.6815],[2.64629,48.68114],[2.64629,48.68092],[2.64656,48.68063],[2.64852,48.67978],[2.64967,48.67915],[2.65021,48.67847],[2.65028,48.67829],[2.65082,48.67784],[2.65116,48.67775],[2.65258,48.67779],[2.65279,48.67774],[2.65306,48.67752],[2.65305,48.67702],[2.65285,48.67648],[2.65257,48.67604],[2.65257,48.67527],[2.65284,48.67482],[2.65324,48.67455],[2.65405,48.67432],[2.65439,48.67419],[2.65466,48.67396],[2.65473,48.6736],[2.65459,48.67333],[2.65411,48.67306],[2.6533,48.67289],[2.65289,48.67258],[2.65282,48.6724],[2.65282,48.67195],[2.65302,48.67172],[2.65349,48.6714],[2.65383,48.67055],[2.6541,48.67028]]}},
{"type":"Feature","properties":{"code_eu_md":"FRHR103","name":"le Réveillon de sa source à la confluence de l'Yerres (exclu)","longueur":21599.0,"statut":"MEFM","ordre":2,"etateco":"3","qmoyaval":null,"distmer":null,"distsrce":null,"gid":8112,"annee":"2009"},"geometry":{"type":"LineString","coordinates":[[2.71268,48.74991],[2.71268,48.74995],[2.71302,48.75],[2.71363,48.74999],[2.71404,48.74991],[2.71431,48.74968],[2.7143,48.74905],[2.71457,48.74837],[2.71545,48.74783],[2.71545,48.74743],[2.71538,48.74743],[2.7151,48.74689],[2.71476,48.74653],[2.71442,48.74635],[2.71394,48.7464],[2.71381,48.74649],[2.7134,48.74649],[2.71299,48.74645],[2.71258,48.74631],[2.71211,48.74605],[2.71197,48.74587],[2.71183,48.74591],[2.71149,48.74587],[2.71081,48.74605],[2.71034,48.7461],[2.70837,48.74588],[2.70617,48.74525],[2.70468,48.74508],[2.70393,48.74468],[2.70358,48.74414],[2.70318,48.74387],[2.70222,48.74369],[2.70181,48.74347],[2.70126,48.74267],[2.70106,48.74248],[2.70079,48.74239],[2.70024,48.74235],[2.6999,48.74249],[2.69943,48.74249],[2.69888,48.7424],[2.698,48.74218],[2.69759,48.742],[2.69697,48.74151],[2.69643,48.74133],[2.69487,48.74138],[2.69412,48.7412],[2.69317,48.74134],[2.69283,48.74125],[2.69221,48.74076],[2.69133,48.7404],[2.69078,48.74009],[2.69017,48.73955],[2.68996,48.73924],[2.68914,48.73843],[2.68859,48.73807],[2.68778,48.7379],[2.6873,48.73772],[2.68696,48.73745],[2.68655,48.73723],[2.68621,48.73714],[2.68566,48.73682],[2.68525,48.73637],[2.68512,48.73602],[2.68511,48.73552],[2.68476,48.73516],[2.68428,48.73485],[2.68217,48.73405],[2.68142,48.73382],[2.68094,48.73378],[2.68047,48.73383],[2.67986,48.73405],[2.67911,48.7341],[2.67741,48.73383],[2.67673,48.73379],[2.67218,48.73381],[2.67177,48.73358],[2.67149,48.73232],[2.67148,48.73147],[2.66833,48.72721],[2.66582,48.72776],[2.66528,48.72803],[2.66487,48.72812],[2.66392,48.72817],[2.6631,48.72803],[2.6627,48.72795],[2.66242,48.72786],[2.66195,48.72785],[2.66154,48.72795],[2.66114,48.72822],[2.66044,48.72795],[2.65969,48.72741],[2.65901,48.7271],[2.65853,48.72697],[2.65724,48.72621],[2.65622,48.72581],[2.65493,48.72563],[2.65417,48.72522],[2.65349,48.725],[2.65261,48.725],[2.6518,48.72519],[2.65146,48.72519],[2.65037,48.72546],[2.64942,48.72546],[2.64901,48.72556],[2.64847,48.726],[2.64821,48.72646],[2.64753,48.7269],[2.64726,48.72736],[2.64692,48.72763],[2.64604,48.72799],[2.64543,48.72813],[2.64475,48.72813],[2.64421,48.72822],[2.64366,48.7284],[2.64217,48.72908],[2.64177,48.72917],[2.64156,48.72931],[2.64136,48.72953],[2.64123,48.72984],[2.64089,48.73011],[2.64008,48.73048],[2.63981,48.73074],[2.63886,48.73138],[2.63886,48.73161],[2.63907,48.73187],[2.639,48.7321],[2.63879,48.73223],[2.63832,48.73246],[2.63737,48.73264],[2.63642,48.7326],[2.63595,48.73269],[2.63527,48.73305],[2.63493,48.73314],[2.63235,48.73315],[2.63099,48.73329],[2.63038,48.73329],[2.62901,48.73347],[2.62833,48.73365],[2.62799,48.73383],[2.62697,48.73411],[2.62616,48.73411],[2.62473,48.73385],[2.62425,48.73371],[2.62364,48.73376],[2.62323,48.73408],[2.6229,48.73417],[2.62262,48.73412],[2.62181,48.73385],[2.61915,48.73341],[2.61854,48.73323],[2.61827,48.73319],[2.61806,48.7331],[2.61711,48.73297],[2.6163,48.73301],[2.61569,48.7332],[2.61535,48.73297],[2.61528,48.73266],[2.61494,48.73225],[2.61446,48.73203],[2.61425,48.73181],[2.61446,48.73148],[2.61446,48.73126],[2.61432,48.73112],[2.61384,48.73104],[2.61289,48.73054],[2.61207,48.73023],[2.61044,48.72951],[2.60969,48.72902],[2.60934,48.72849],[2.6088,48.72803],[2.60839,48.72781],[2.60812,48.72754],[2.60777,48.72701],[2.60743,48.72673],[2.60662,48.72633],[2.60614,48.72624],[2.60497,48.7262],[2.60416,48.72593],[2.60341,48.72584],[2.60266,48.72562],[2.60205,48.72531],[2.60157,48.72495],[2.6013,48.72464],[2.60095,48.72392],[2.60061,48.72369],[2.59959,48.72352],[2.59891,48.72316],[2.59884,48.72307],[2.5985,48.72294],[2.59803,48.72284],[2.59775,48.72262],[2.59755,48.72181],[2.5972,48.72168],[2.5953,48.72168],[2.59496,48.72159],[2.59489,48.72132],[2.59509,48.72029],[2.59509,48.71984],[2.59489,48.71975],[2.59346,48.71966],[2.59142,48.71967],[2.59088,48.71981],[2.58939,48.71999],[2.58884,48.72012],[2.5881,48.72013],[2.58742,48.72004],[2.58694,48.72008],[2.58647,48.72022],[2.58606,48.72049],[2.58572,48.72094],[2.58538,48.72112],[2.58498,48.72117],[2.58491,48.7213],[2.58532,48.72148],[2.58532,48.72157],[2.58511,48.7217],[2.58362,48.72184],[2.58314,48.72184],[2.58213,48.72162],[2.58131,48.72171],[2.58063,48.72189],[2.57995,48.72221],[2.57941,48.72275],[2.57914,48.72289],[2.57894,48.72293],[2.5786,48.72293],[2.57797,48.7228],[2.57743,48.72253],[2.57695,48.72253],[2.57573,48.72294],[2.57567,48.72303],[2.57478,48.72334],[2.57417,48.72344],[2.57322,48.72348],[2.57193,48.72381],[2.57057,48.7239],[2.5701,48.72399],[2.56895,48.72431],[2.56779,48.72472],[2.56732,48.72503],[2.56718,48.72521],[2.56644,48.72562],[2.5661,48.72584],[2.56583,48.72643],[2.56556,48.7267],[2.56515,48.72692],[2.56475,48.72706],[2.56414,48.72715],[2.56257,48.7272],[2.5621,48.72724],[2.56149,48.72738],[2.56135,48.72747],[2.56047,48.72765],[2.56006,48.72779],[2.55972,48.72801],[2.55945,48.72846],[2.55864,48.72896],[2.55823,48.72909],[2.5566,48.72874],[2.55606,48.72847],[2.55531,48.72824],[2.55483,48.7282],[2.55436,48.7282],[2.55375,48.72829],[2.5532,48.72852],[2.55273,48.72888],[2.55226,48.72946],[2.55205,48.72951],[2.55151,48.72982],[2.55131,48.73018],[2.55104,48.73032],[2.55056,48.73028],[2.54954,48.7296],[2.54873,48.72947],[2.54859,48.72938],[2.54811,48.72925],[2.54674,48.72925],[2.54633,48.72907],[2.54592,48.72876],[2.54551,48.72804],[2.54551,48.727],[2.54537,48.72664],[2.54346,48.72521],[2.54339,48.72494],[2.54353,48.72476],[2.54387,48.72444],[2.54407,48.72386],[2.54434,48.72355],[2.54475,48.72318],[2.54468,48.72282],[2.54461,48.72269],[2.54427,48.72251],[2.54372,48.72242],[2.54345,48.72224],[2.54311,48.72179],[2.54311,48.72063],[2.54304,48.72034],[2.54236,48.71986],[2.54188,48.71973],[2.54113,48.71946],[2.54065,48.71919],[2.54018,48.7187],[2.5397,48.71843],[2.53888,48.71825],[2.53868,48.71807],[2.53848,48.71766],[2.5382,48.71734],[2.53786,48.71717],[2.53732,48.71703],[2.53589,48.71699],[2.53467,48.71668],[2.53337,48.71614],[2.53263,48.71573],[2.53134,48.71533],[2.531,48.71511],[2.53018,48.7148],[2.52936,48.71431],[2.52889,48.71412],[2.52848,48.71404],[2.528,48.71403],[2.5276,48.71413],[2.52698,48.71413],[2.52651,48.71404],[2.5259,48.71354],[2.52522,48.71332],[2.52452,48.71328],[2.52405,48.71332],[2.5231,48.71368],[2.52242,48.71386],[2.52195,48.71418],[2.52167,48.71427],[2.52106,48.71427],[2.52093,48.71423],[2.52065,48.71405],[2.52058,48.71378],[2.52065,48.7136],[2.52079,48.71342],[2.52065,48.71302],[2.52004,48.71279],[2.51949,48.71275],[2.51882,48.71288],[2.51855,48.71306],[2.51828,48.71337],[2.51773,48.71351],[2.51726,48.71347],[2.51535,48.7128],[2.5144,48.71266],[2.51433,48.71248],[2.5142,48.7124],[2.51392,48.7123],[2.51318,48.71231],[2.51304,48.71235],[2.51264,48.71258],[2.51189,48.71271],[2.51128,48.71271],[2.50897,48.7124],[2.50808,48.71209],[2.50727,48.71168],[2.50679,48.7116],[2.50618,48.7116],[2.50543,48.71133],[2.50462,48.71084],[2.50353,48.71043],[2.50203,48.70971],[2.50128,48.70895],[2.50087,48.70864],[2.50019,48.70846],[2.49951,48.7081],[2.49884,48.7081],[2.49843,48.70819],[2.49679,48.70878]]}},
{"type":"Feature","properties":{"code_eu_md":"FRHR103-F4850600","name":"ru de la menagerie","longueur":10987.0,"statut":"MEN","ordre":2,"etateco":"5","qmoyaval":null,"distmer":null,"distsrce":null,"gid":8113,"annee":"2009"},"geometry":{"type":"LineString","coordinates":[[2.72972,48.77341],[2.72924,48.7731],[2.7287,48.77251],[2.72849,48.77211],[2.72808,48.7718],[2.7274,48.77158],[2.7242,48.77082],[2.72358,48.77074],[2.72311,48.77074],[2.72202,48.77106],[2.7191,48.7716],[2.71741,48.77179],[2.71657,48.77134],[2.71487,48.7713],[2.70876,48.77263],[2.70591,48.77273],[2.70516,48.77287],[2.70312,48.77292],[2.70278,48.77297],[2.70082,48.77378],[2.70082,48.77383],[2.69946,48.77401],[2.69891,48.77415],[2.6983,48.77451],[2.69783,48.77464],[2.69715,48.77465],[2.69674,48.77456],[2.69592,48.77425],[2.69531,48.77389],[2.69449,48.77358],[2.69361,48.7734],[2.69183,48.77291],[2.6917,48.77282],[2.69143,48.77278],[2.69143,48.77273],[2.69129,48.77273],[2.69081,48.77255],[2.69061,48.77242],[2.69061,48.77233],[2.68991,48.77188],[2.68937,48.77179],[2.68862,48.7713],[2.68861,48.77121],[2.68841,48.77104],[2.68793,48.77085],[2.68623,48.7709],[2.68555,48.77073],[2.68494,48.77073],[2.68494,48.77077],[2.6844,48.77078],[2.68392,48.77064],[2.6831,48.77024],[2.68242,48.77006],[2.68126,48.77002],[2.68072,48.76993],[2.68051,48.76984],[2.67922,48.76976],[2.67881,48.76967],[2.6784,48.76949],[2.67772,48.76882],[2.67744,48.76797],[2.67717,48.76761],[2.67683,48.76743],[2.67601,48.76725],[2.67526,48.76721],[2.67451,48.76707],[2.67451,48.76703],[2.67363,48.7668],[2.67363,48.76676],[2.67349,48.76676],[2.67267,48.76645],[2.67172,48.76587],[2.67124,48.76547],[2.67103,48.76511],[2.67089,48.76439],[2.67048,48.76376],[2.66946,48.76354],[2.66666,48.76341],[2.66564,48.76355],[2.66469,48.76364],[2.66367,48.76391],[2.66292,48.76401],[2.66238,48.76387],[2.6621,48.76338],[2.66183,48.76311],[2.66135,48.76293],[2.65992,48.76208],[2.65924,48.76208],[2.65883,48.76199],[2.65863,48.76164],[2.65767,48.76092],[2.65726,48.76034],[2.65685,48.76016],[2.6563,48.76002],[2.65624,48.75993],[2.65596,48.75984],[2.65549,48.75989],[2.65528,48.75976],[2.65521,48.75949],[2.65494,48.75922],[2.65474,48.75908],[2.65365,48.75877],[2.65324,48.75859],[2.65248,48.75806],[2.65187,48.75783],[2.65133,48.75751],[2.65092,48.75742],[2.65051,48.75729],[2.6501,48.75702],[2.64989,48.7567],[2.64949,48.75653],[2.64908,48.75648],[2.6484,48.75626],[2.64772,48.75617],[2.6471,48.756],[2.64627,48.75546],[2.64579,48.75528],[2.64491,48.7551],[2.64382,48.75479],[2.64348,48.75474],[2.64192,48.75479],[2.64117,48.75457],[2.64056,48.75426],[2.64008,48.75386],[2.6396,48.75354],[2.63885,48.75318],[2.63864,48.75296],[2.6383,48.75206],[2.63816,48.75076],[2.63795,48.75009],[2.63747,48.74964],[2.63706,48.74941],[2.63515,48.74893],[2.63427,48.74875],[2.63372,48.74857],[2.63209,48.74777],[2.63189,48.74758],[2.63086,48.74718],[2.62971,48.74705],[2.62862,48.74674],[2.62753,48.74588],[2.62698,48.74535],[2.62137,48.74177],[2.61933,48.74074],[2.61892,48.74029],[2.61864,48.73925],[2.61844,48.73885],[2.61679,48.73656],[2.61672,48.73598],[2.61638,48.73504],[2.61596,48.73427],[2.61569,48.7332]]}},
{"type":"Feature","properties":{"code_eu_md":"FRHR146-F6365000","name":"ruisseau la grivette","longueur":15803.0,"statut":"MEN","ordre":2,"etateco":"3","qmoyaval":null,"distmer":null,"distsrce":null,"gid":8324,"annee":"2009"},"geometry":{"type":"LineString","coordinates":[[2.90864,49.17626],[2.9087,49.17563],[2.9089,49.17528],[2.90925,49.17505],[2.90979,49.17491],[2.91088,49.17387],[2.91115,49.17378],[2.91183,49.17328],[2.91278,49.17273],[2.91319,49.17224],[2.91359,49.17165],[2.91407,49.17124],[2.91454,49.17097],[2.91488,49.17061],[2.91516,49.17047],[2.91557,49.17047],[2.91597,49.17025],[2.91625,49.16993],[2.91665,49.16966],[2.91727,49.16952],[2.91782,49.16952],[2.92233,49.16833],[2.92362,49.16792],[2.92587,49.167],[2.92766,49.16623],[2.93092,49.1641],[2.93133,49.16392],[2.93352,49.16364],[2.93407,49.1635],[2.93441,49.16332],[2.93454,49.16309],[2.93515,49.16268],[2.93529,49.16241],[2.93535,49.16192],[2.93521,49.16161],[2.93438,49.16107],[2.93363,49.16081],[2.93335,49.16063],[2.93341,49.16031],[2.93375,49.16009],[2.93443,49.15954],[2.93484,49.15886],[2.9349,49.15859],[2.93524,49.15832],[2.93565,49.15813],[2.93606,49.15809],[2.9379,49.15759],[2.93961,49.1569],[2.942,49.15662],[2.94645,49.15669],[2.94735,49.15682],[2.95003,49.15699],[2.95058,49.15689],[2.95235,49.1563],[2.9529,49.15593],[2.95337,49.15535],[2.95371,49.15504],[2.95439,49.15481],[2.95897,49.15378],[2.95972,49.15342],[2.96033,49.15342],[2.9615,49.1535],[2.96191,49.15346],[2.96232,49.15345],[2.96301,49.15367],[2.96349,49.15372],[2.96383,49.15358],[2.96472,49.15339],[2.96727,49.15338],[2.96795,49.15333],[2.96952,49.15314],[2.97185,49.15291],[2.97253,49.15273],[2.97287,49.15245],[2.97334,49.15191],[2.97334,49.15137],[2.97271,49.15052],[2.97271,49.15021],[2.97284,49.15007],[2.97318,49.15003],[2.97571,49.14983],[2.97715,49.14982],[2.97791,49.14986],[2.97997,49.1504],[2.98127,49.15066],[2.98244,49.15052],[2.98339,49.15023],[2.9838,49.14991],[2.98407,49.14942],[2.98542,49.14856],[2.98611,49.14838],[2.98645,49.14824],[2.98679,49.14797],[2.98692,49.14743],[2.98712,49.1472],[2.98761,49.14689],[2.99006,49.14611],[2.99177,49.14578],[2.99232,49.1456],[2.99279,49.14511],[2.99346,49.14411],[2.99407,49.14366],[2.99482,49.14329],[2.99639,49.14279],[2.9985,49.14187],[2.99911,49.14151],[2.99939,49.14155],[2.99987,49.14177],[3.00207,49.14248],[3.00338,49.1427],[3.0042,49.1427],[3.00502,49.14247],[3.0059,49.14233],[3.00839,49.14263],[3.00989,49.14253],[3.01174,49.14252],[3.01352,49.14215],[3.014,49.14215],[3.0153,49.14236],[3.01653,49.1424],[3.0192,49.14198],[3.0205,49.14171],[3.02302,49.14088],[3.02459,49.14047],[3.02617,49.14018],[3.02695,49.13994],[3.02846,49.13907],[3.02936,49.13911],[3.02996,49.13945],[3.03067,49.13856],[3.03126,49.13856],[3.0319,49.13802],[3.03302,49.1379],[3.03334,49.13792],[3.03387,49.13782],[3.03374,49.13763],[3.03739,49.13677],[3.03734,49.13659],[3.04021,49.13507],[3.04259,49.1337],[3.04388,49.1331],[3.04504,49.13278],[3.04593,49.13246],[3.04764,49.13192],[3.04914,49.13128],[3.0492,49.13096],[3.04906,49.13069],[3.04906,49.13033],[3.04919,49.13006],[3.04967,49.12993],[3.05234,49.13009],[3.05316,49.12995],[3.05508,49.12989],[3.05631,49.12997],[3.0572,49.13019],[3.05823,49.13023],[3.05967,49.1304],[3.06029,49.1304],[3.06186,49.13034],[3.06336,49.12997],[3.06507,49.1296],[3.06541,49.12933],[3.06587,49.12816],[3.06607,49.12789],[3.06634,49.1277],[3.06738,49.12756],[3.06786,49.12733],[3.0682,49.12706],[3.0684,49.12679],[3.0688,49.12652],[3.06949,49.12625],[3.07037,49.12557],[3.07077,49.12516],[3.07077,49.12498],[3.06971,49.12342],[3.06915,49.12283],[3.06915,49.12279],[3.06956,49.12256],[3.07203,49.11818]]}},
{"type":"Feature","properties":{"code_eu_md":"FRHR146-F6384000","name":"la Gergogne","longueur":12298.0,"statut":"MEN","ordre":2,"etateco":"5","qmoyaval":null,"distmer":null,"distsrce":null,"gid":8326,"annee":"2009"},"geometry":{"type":"LineString","coordinates":[[2.92321,49.12048],[2.92423,49.11993],[2.92552,49.1197],[2.92566,49.11957],[2.92572,49.11921],[2.92709,49.11861],[2.92865,49.11762],[2.92905,49.11717],[2.92939,49.11649],[2.92959,49.11568],[2.92971,49.11442],[2.93018,49.11365],[2.93065,49.11275],[2.93064,49.11235],[2.93044,49.11221],[2.92927,49.11194],[2.92926,49.11167],[2.9296,49.111],[2.92952,49.11037],[2.93013,49.10974],[2.93136,49.10946],[2.93156,49.10919],[2.93162,49.10852],[2.93243,49.10708],[2.93262,49.10622],[2.93276,49.10604],[2.93289,49.1055],[2.93323,49.10501],[2.93308,49.10398],[2.93328,49.10384],[2.93431,49.10378],[2.93581,49.10355],[2.93697,49.10318],[2.93745,49.10295],[2.93955,49.10155],[2.94037,49.10155],[2.94051,49.10177],[2.94119,49.10172],[2.94229,49.10185],[2.94325,49.10203],[2.94345,49.1018],[2.94434,49.10189],[2.94483,49.10211],[2.9453,49.10211],[2.94551,49.10184],[2.9457,49.10125],[2.94584,49.10107],[2.94645,49.10093],[2.94727,49.10093],[2.94837,49.10101],[2.94926,49.10096],[2.95132,49.10069],[2.95282,49.10041],[2.9546,49.10017],[2.95712,49.09949],[2.95794,49.09944],[2.95897,49.0992],[2.96081,49.0986],[2.96217,49.0981],[2.9634,49.09778],[2.96456,49.09764],[2.96593,49.09768],[2.96702,49.09749],[2.96784,49.09722],[2.96886,49.09668],[2.96899,49.09645],[2.96898,49.09577],[2.96932,49.09496],[2.96965,49.09451],[2.9702,49.0942],[2.97171,49.09369],[2.97211,49.09324],[2.97232,49.0932],[2.97266,49.09342],[2.97321,49.09324],[2.97423,49.09318],[2.97594,49.09304],[2.97949,49.09252],[2.98011,49.09252],[2.981,49.09287],[2.98169,49.09305],[2.98497,49.09303],[2.98573,49.09311],[2.98868,49.09382],[2.99122,49.09394],[2.99225,49.09393],[2.99204,49.09389],[2.99348,49.09379],[2.99451,49.09379],[2.99553,49.09387],[3.00013,49.09456],[3.00068,49.09474],[3.00109,49.09469],[3.00204,49.09451],[3.00504,49.09328],[3.0077,49.09209],[3.00872,49.0916],[3.0092,49.09141],[3.00988,49.0914],[3.01139,49.09148],[3.01542,49.09137],[3.01603,49.09101],[3.01658,49.09091],[3.01787,49.09046],[3.01883,49.09005],[3.02114,49.08922],[3.02332,49.0884],[3.02461,49.08768],[3.02522,49.08749],[3.02652,49.08726],[3.02768,49.08689],[3.02863,49.08649],[3.02946,49.08608],[3.03198,49.0856],[3.0328,49.08533],[3.03307,49.08519],[3.03492,49.08527],[3.03595,49.08518],[3.03833,49.08444],[3.03935,49.08408],[3.04037,49.08367],[3.04235,49.0833],[3.04248,49.0832],[3.04255,49.08298],[3.04323,49.08302],[3.04378,49.08302],[3.04426,49.08292],[3.04433,49.08288],[3.04432,49.08207],[3.04417,49.08122],[3.04396,49.08082],[3.04361,49.08041],[3.0436,49.07992],[3.04394,49.07969],[3.04435,49.07956],[3.04875,49.07638]]}},
{"type":"Feature","properties":{"code_eu_md":"FRHR147","name":"la Marne du confluent de l'Ourq (exclu) au confluent de la Gondoire (exclu)","longueur":65420.0,"statut":"MEN","ordre":0,"etateco":"3","qmoyaval":null,"distmer":null,"distsrce":null,"gid":8328,"annee":"2009"},"geometry":{"type":"MultiLineString","coordinates":[[[2.96164,49.00184],[2.96157,49.00188],[2.9615,49.00211],[2.96118,49.00269],[2.95995,49.00378],[2.95941,49.00455],[2.95868,49.00613],[2.95648,49.00912]],[[3.01306,49.01342],[3.01265,49.01301],[3.0123,49.01257],[3.01209,49.01257],[3.01118,49.01194],[3.01081,49.01148],[3.01015,49.01078],[3.01,49.01024],[3.0101,49.01001],[3.01074,49.00916],[3.01053,49.0089],[3.01018,49.00822],[3.00996,49.00713],[3.00968,49.00655],[3.00906,49.00575],[3.00822,49.00494],[3.00629,49.00347],[3.00443,49.00227],[3.00217,49.00129],[3.00141,49.00085],[3.00022,48.99933],[2.9989,48.99812],[2.99828,48.9974],[2.99641,48.99508],[2.99551,48.9945],[2.99373,48.99392],[2.99181,48.99317],[2.99071,48.99282],[2.98741,48.99234],[2.98481,48.99209],[2.98173,48.99138],[2.98071,48.99121],[2.97688,48.99123],[2.97361,48.99111],[2.96718,48.99182],[2.96623,48.99232],[2.96474,48.99333],[2.964,48.99405],[2.96366,48.99454],[2.9634,48.99531],[2.96327,48.99603],[2.96268,48.9981],[2.96215,48.99954],[2.9619,49.00085],[2.9617,49.00143],[2.96164,49.00184],[2.96255,49.00314],[2.96256,49.00358],[2.96202,49.00408],[2.96087,49.00495],[2.96019,49.00563],[2.9594,49.00752],[2.95899,49.0081],[2.95845,49.0086],[2.95716,49.00905],[2.95672,49.00917],[2.95648,49.00912],[2.95648,49.00933],[2.95585,49.01025],[2.9553,49.01095],[2.95438,49.01172],[2.95309,49.01227],[2.95163,49.0125],[2.95008,49.01246],[2.94947,49.01237],[2.94899,49.01215],[2.94837,49.01171],[2.94774,49.01108],[2.94727,49.00991],[2.94751,49.00883],[2.94764,49.00789],[2.94755,49.00628],[2.94733,49.00529],[2.94657,49.00381],[2.94628,49.00291],[2.9462,49.00206],[2.94619,49.00071],[2.94624,48.99926],[2.94609,48.99859],[2.94567,48.9976],[2.94567,48.99747],[2.94537,48.99662],[2.94523,48.99594],[2.94509,48.99567],[2.9446,48.995],[2.94412,48.99469],[2.94344,48.99447],[2.94303,48.99438],[2.94207,48.99434],[2.94139,48.99421],[2.93879,48.99413],[2.93701,48.99414],[2.93565,48.99424],[2.93429,48.99438],[2.93285,48.99443],[2.93162,48.99435],[2.93066,48.99417],[2.92998,48.99391],[2.92804,48.99297],[2.92633,48.99226],[2.92523,48.99177],[2.92434,48.99128],[2.92158,48.98941],[2.92138,48.98914],[2.92137,48.98842],[2.92164,48.98802],[2.92238,48.98725],[2.92346,48.98657],[2.92441,48.98616],[2.92577,48.98535],[2.92638,48.98508],[2.92794,48.98403],[2.92875,48.98336],[2.92923,48.98317],[2.93038,48.98263],[2.93222,48.98207],[2.93324,48.98171],[2.93385,48.9813],[2.93472,48.98035],[2.93533,48.97927],[2.93586,48.9785],[2.93694,48.97738],[2.93775,48.9767],[2.93945,48.97556],[2.93992,48.97507],[2.94025,48.97444],[2.94071,48.97295],[2.94132,48.97209],[2.94165,48.9711],[2.94178,48.97047],[2.94285,48.96875],[2.94338,48.96758],[2.94351,48.96704],[2.94391,48.966],[2.94462,48.96299],[2.94487,48.96069],[2.94464,48.95997],[2.94465,48.95939],[2.94444,48.95854],[2.9438,48.95688],[2.94352,48.95643],[2.94284,48.95598],[2.94146,48.95536],[2.94057,48.95487],[2.94016,48.95447],[2.93905,48.95299],[2.93857,48.95254],[2.93656,48.95121],[2.93463,48.95005],[2.93354,48.94965],[2.93168,48.94871],[2.93052,48.948],[2.92949,48.94724],[2.92784,48.94617],[2.92749,48.9459],[2.92619,48.94501],[2.92577,48.94488],[2.92577,48.94483],[2.92461,48.9443],[2.9222,48.94341],[2.91911,48.9419],[2.91671,48.94043],[2.91581,48.93981],[2.91533,48.93922],[2.91478,48.93896],[2.91143,48.93812],[2.90744,48.93679],[2.90635,48.93648],[2.90382,48.93618],[2.9015,48.93574],[2.90047,48.93561],[2.89966,48.93561],[2.89802,48.93611],[2.89762,48.93634],[2.89517,48.93734],[2.89402,48.93802],[2.89198,48.93897],[2.8911,48.93947],[2.89029,48.94015],[2.88982,48.94078],[2.88928,48.94168],[2.88861,48.94245],[2.88712,48.94355],[2.88645,48.94413],[2.88631,48.94436],[2.88597,48.94467],[2.88591,48.94494],[2.88584,48.94499],[2.88584,48.94508],[2.88571,48.9453],[2.88545,48.94634],[2.88525,48.94675],[2.88464,48.94746],[2.88423,48.94787],[2.88389,48.94805],[2.88383,48.94828],[2.88362,48.94846],[2.88315,48.949],[2.88309,48.94927],[2.88282,48.94967],[2.88269,48.95008],[2.88255,48.95026],[2.88236,48.95116],[2.88231,48.95323],[2.88211,48.95381],[2.88172,48.9554],[2.88173,48.95585],[2.88159,48.95634],[2.88153,48.95697],[2.88133,48.95737],[2.88093,48.95764],[2.88018,48.95787],[2.87963,48.95792],[2.8784,48.95779],[2.87604,48.95733],[2.87565,48.95701],[2.87539,48.9565],[2.87525,48.9561],[2.87447,48.95512],[2.87426,48.95453],[2.87432,48.95381],[2.87452,48.95318],[2.87512,48.95214],[2.87566,48.95155],[2.87566,48.95146],[2.87623,48.95115],[2.87654,48.95108],[2.87674,48.951],[2.87715,48.95055],[2.87722,48.95033],[2.87714,48.94966],[2.87687,48.94921],[2.87639,48.94889],[2.87618,48.94867],[2.87597,48.94813],[2.87549,48.94768],[2.87459,48.94702],[2.87307,48.94509],[2.87238,48.94411],[2.87183,48.94357],[2.86853,48.94107],[2.86667,48.93942],[2.86556,48.93856],[2.86274,48.93678],[2.86061,48.93507],[2.85944,48.93395],[2.85861,48.93288],[2.85805,48.93198],[2.85681,48.93073],[2.85384,48.92692],[2.85384,48.92679],[2.85364,48.9267],[2.85169,48.92451],[2.851,48.92352],[2.85086,48.9233],[2.85086,48.92316],[2.85051,48.92276],[2.85023,48.92213],[2.84967,48.92002],[2.84939,48.91935],[2.84932,48.91908],[2.84898,48.9189],[2.84842,48.91814],[2.84822,48.91777],[2.84814,48.91741],[2.84805,48.91521],[2.84798,48.91499],[2.84791,48.91431],[2.84755,48.91288],[2.8472,48.91175],[2.8471,48.90879],[2.84682,48.90758],[2.84633,48.90619],[2.84577,48.90538],[2.84507,48.90462],[2.84445,48.90372],[2.84383,48.9026],[2.84314,48.90188],[2.84122,48.90058],[2.8406,48.90031],[2.83951,48.9],[2.83842,48.90001],[2.83705,48.89984],[2.83432,48.89967],[2.8331,48.89981],[2.83153,48.90027],[2.83079,48.90081],[2.83066,48.90086],[2.83018,48.90172],[2.83019,48.90244],[2.83026,48.90289],[2.83061,48.90329],[2.83267,48.90507],[2.83302,48.90552],[2.83302,48.90606],[2.83289,48.90629],[2.83248,48.90669],[2.83072,48.90769],[2.82978,48.90891],[2.82923,48.90936],[2.82842,48.90977],[2.82822,48.90977],[2.8276,48.90991],[2.82508,48.91014],[2.8242,48.91032],[2.8223,48.91097],[2.81929,48.91121],[2.81779,48.91144],[2.81356,48.91168],[2.81159,48.91204],[2.8105,48.91241],[2.80921,48.91309],[2.80711,48.91436],[2.80677,48.91467],[2.80671,48.91485],[2.80657,48.91485],[2.80657,48.91517],[2.80537,48.9176],[2.80517,48.91863],[2.80512,48.91984],[2.80505,48.9203],[2.80492,48.92075],[2.80432,48.92197],[2.80412,48.92269],[2.80413,48.92386],[2.80393,48.92507],[2.80367,48.92606],[2.803,48.9275],[2.80301,48.92881],[2.80289,48.93038],[2.8027,48.93137],[2.8025,48.93177],[2.80216,48.93272],[2.80217,48.93358],[2.80231,48.93403],[2.80266,48.93452],[2.80335,48.93569],[2.8037,48.93641],[2.80371,48.93766],[2.80358,48.93816],[2.80331,48.93883],[2.80306,48.94045],[2.80294,48.94198],[2.80274,48.94252],[2.80268,48.94315],[2.80248,48.94405],[2.80215,48.94508],[2.80195,48.94549],[2.80127,48.94616],[2.8008,48.94648],[2.79985,48.94694],[2.79881,48.94704],[2.79656,48.94732],[2.79227,48.94809],[2.79152,48.94814],[2.78975,48.94801],[2.78818,48.94775],[2.78633,48.94727],[2.78373,48.94692],[2.7812,48.94638],[2.78066,48.94603],[2.78066,48.94594],[2.78052,48.94571],[2.78017,48.94491],[2.7796,48.94392],[2.77939,48.94307],[2.77924,48.94203],[2.7793,48.94081],[2.77944,48.94041],[2.78004,48.93951],[2.78024,48.93928],[2.78024,48.93914],[2.78112,48.93788],[2.78139,48.93716],[2.78145,48.93671],[2.78117,48.93595],[2.78062,48.93505],[2.78061,48.93429],[2.78081,48.93393],[2.78101,48.93317],[2.78099,48.93141],[2.78085,48.93088],[2.78044,48.93029],[2.77934,48.9289],[2.77858,48.92814],[2.77762,48.92756],[2.77659,48.92712],[2.77481,48.92644],[2.77427,48.92608],[2.77323,48.92496],[2.77262,48.92447],[2.77021,48.92363],[2.76959,48.92322],[2.76856,48.92224],[2.76788,48.92179],[2.765,48.92055],[2.76411,48.92032],[2.76343,48.92024],[2.76261,48.92042],[2.76078,48.92114],[2.75969,48.92151],[2.75683,48.92201],[2.75356,48.92266],[2.75268,48.92262],[2.75158,48.92226],[2.75151,48.92217],[2.7509,48.92222],[2.74919,48.92259],[2.74776,48.92295],[2.74626,48.92318],[2.74544,48.92314],[2.74387,48.92283],[2.74216,48.9227],[2.74141,48.92275],[2.73998,48.9232],[2.73767,48.92357],[2.7359,48.9238],[2.73494,48.9238],[2.7344,48.92367],[2.73385,48.92345],[2.73296,48.92291],[2.7318,48.9226],[2.72578,48.92181],[2.72516,48.92168],[2.72489,48.92168],[2.724,48.92128],[2.72331,48.92078],[2.72256,48.92002],[2.72174,48.91944],[2.72132,48.91908],[2.72022,48.91787],[2.71899,48.9163],[2.7185,48.91581],[2.71761,48.91474],[2.71719,48.91393],[2.71719,48.91253],[2.71725,48.9123],[2.71731,48.91104],[2.71676,48.90983],[2.71634,48.90925],[2.71606,48.90853],[2.71606,48.90763],[2.71632,48.90624],[2.71645,48.90575],[2.71686,48.9052],[2.7174,48.90471],[2.71862,48.90385],[2.71944,48.90344],[2.721,48.90299],[2.72216,48.90281],[2.72277,48.90276],[2.72706,48.90279],[2.72815,48.9027],[2.73095,48.90218],[2.73156,48.90218],[2.73197,48.90227],[2.73258,48.90249],[2.73334,48.90295],[2.73436,48.9033],[2.73539,48.90344],[2.73709,48.90342],[2.74051,48.9035],[2.74324,48.90318],[2.74787,48.90325],[2.75142,48.90355],[2.75442,48.9039],[2.75783,48.90425],[2.75975,48.90433],[2.76153,48.9041],[2.76316,48.90373],[2.76588,48.90278],[2.76703,48.90228],[2.76757,48.90183],[2.76784,48.90147],[2.76804,48.90089],[2.76823,48.89905],[2.76843,48.89797],[2.76848,48.8968],[2.76841,48.89571],[2.76827,48.8949],[2.76764,48.89319],[2.76743,48.89279],[2.76702,48.8923],[2.76638,48.89167],[2.76576,48.89087],[2.76391,48.88894],[2.76315,48.88845],[2.7622,48.88809],[2.76138,48.88769],[2.75939,48.88648],[2.75823,48.88599],[2.75529,48.88448],[2.75372,48.88399],[2.75187,48.88372],[2.75181,48.88377],[2.74956,48.88409],[2.74811,48.88401],[2.74648,48.88365],[2.74491,48.88317],[2.74491,48.88312],[2.74463,48.88312],[2.74279,48.88295],[2.7387,48.88269],[2.73604,48.8827],[2.73461,48.88284],[2.73325,48.88307],[2.73196,48.88321],[2.72964,48.88326],[2.72472,48.88292],[2.71804,48.88222],[2.71442,48.88151],[2.71272,48.88125],[2.70856,48.88113],[2.70617,48.88068],[2.70207,48.88047],[2.69907,48.88012],[2.69532,48.88],[2.69294,48.88001],[2.69137,48.88015],[2.6894,48.88016],[2.68714,48.87981],[2.68392,48.87914],[2.67956,48.87812],[2.67655,48.87714],[2.67546,48.87683],[2.67137,48.87603],[2.66843,48.87496],[2.66795,48.87487],[2.66659,48.87474],[2.66482,48.87475],[2.66344,48.8748],[2.66283,48.87475],[2.66146,48.87435],[2.66078,48.87404],[2.66009,48.87319],[2.65948,48.87273],[2.65572,48.87131],[2.65429,48.87064],[2.65217,48.86915],[2.6521,48.86897],[2.65121,48.86804],[2.64984,48.86687],[2.64881,48.86593],[2.6486,48.86566],[2.64758,48.86459],[2.6471,48.864],[2.64641,48.86337],[2.64585,48.86293],[2.64455,48.86208],[2.64441,48.86203],[2.64305,48.86154],[2.64216,48.86109],[2.63929,48.85921],[2.63902,48.8589],[2.63881,48.85845],[2.63942,48.85854],[2.64031,48.85903],[2.64127,48.85966],[2.64263,48.86037],[2.64345,48.86091],[2.6438,48.86127],[2.64393,48.86132],[2.644,48.86145],[2.64425,48.86173],[2.64441,48.86203]]]}},
{"type":"Feature","properties":{"code_eu_md":"FRHR147-F6422000","name":"ruisseau de mansigny","longueur":6894.0,"statut":"MEN","ordre":2,"etateco":"5","qmoyaval":null,"distmer":null,"distsrce":null,"gid":8329,"annee":"2009"},"geometry":{"type":"LineString","coordinates":[[2.87484,49.00111],[2.87546,49.00137],[2.87628,49.00159],[2.8805,49.00014],[2.88084,49.00014],[2.88194,49.00076],[2.88324,49.00138],[2.88413,49.0017],[2.88504,49.00178],[2.88524,49.00164],[2.8862,49.00173],[2.88661,49.00164],[2.88783,49.00114],[2.88932,49.00032],[2.88952,48.99996],[2.8898,48.99983],[2.89123,48.99946],[2.8919,48.99901],[2.89217,48.99865],[2.89258,48.99782],[2.89395,48.99615],[2.8945,48.99582],[2.89499,48.99557],[2.89535,48.9953],[2.89528,48.99498],[2.89548,48.99485],[2.89657,48.99435],[2.8984,48.9938],[2.90079,48.9932],[2.90188,48.99307],[2.9027,48.99306],[2.90345,48.99333],[2.904,48.99323],[2.90475,48.99301],[2.90536,48.9926],[2.90535,48.99175],[2.90568,48.99129],[2.90582,48.99093],[2.90615,48.99035],[2.90642,48.98963],[2.90668,48.98913],[2.90702,48.98827],[2.90762,48.98714],[2.90849,48.98615],[2.91024,48.98394],[2.91072,48.98362],[2.91309,48.98244],[2.91377,48.98199],[2.91499,48.98072],[2.91646,48.97838],[2.91707,48.97756],[2.91747,48.97743],[2.91775,48.97738],[2.91843,48.97751],[2.91931,48.97692],[2.91986,48.9767],[2.92191,48.97628],[2.92253,48.97628],[2.92444,48.97654],[2.92533,48.97658],[2.92553,48.97644],[2.92566,48.97563],[2.9264,48.97469],[2.92802,48.97346],[2.92843,48.97301],[2.92951,48.97202],[2.92998,48.9717],[2.93128,48.9716],[2.93149,48.97174],[2.93149,48.97183],[2.93163,48.97196],[2.93244,48.97205],[2.94092,48.97263]]}},
{"type":"Feature","properties":{"code_eu_md":"FRHR147-F6428000","name":"ru des cygnes","longueur":9716.0,"statut":"MEN","ordre":2,"etateco":"5","qmoyaval":null,"distmer":null,"distsrce":null,"gid":8330,"annee":"2009"},"geometry":{"type":"LineString","coordinates":[[3.00596,48.9184],[3.00569,48.91849],[3.00446,48.91873],[3.00392,48.91891],[3.00351,48.91927],[3.00345,48.91949],[3.00305,48.92026],[3.00271,48.92067],[3.00238,48.92116],[3.00177,48.92184],[3.00123,48.92225],[3.00069,48.92248],[2.99961,48.92311],[2.99846,48.92366],[2.99745,48.92457],[2.99677,48.92525],[2.99542,48.92642],[2.99468,48.92701],[2.99407,48.92724],[2.99285,48.92779],[2.9921,48.92797],[2.99087,48.92815],[2.98883,48.92821],[2.98802,48.92849],[2.98686,48.92908],[2.98558,48.92998],[2.98491,48.93084],[2.98457,48.93147],[2.98431,48.93179],[2.98356,48.93233],[2.98281,48.93251],[2.98247,48.93256],[2.98193,48.93238],[2.9811,48.93194],[2.98049,48.93181],[2.97946,48.93172],[2.97871,48.93187],[2.97797,48.93219],[2.97756,48.93232],[2.97593,48.93247],[2.97333,48.93289],[2.97319,48.93298],[2.9689,48.93386],[2.96747,48.93386],[2.96385,48.93348],[2.96256,48.9334],[2.96139,48.93299],[2.9592,48.93202],[2.95756,48.93198],[2.95586,48.93208],[2.95422,48.93195],[2.95318,48.93178],[2.95243,48.93156],[2.95119,48.93085],[2.95023,48.93045],[2.94955,48.93041],[2.94921,48.93045],[2.9486,48.93068],[2.94785,48.93073],[2.94676,48.9311],[2.94519,48.93115],[2.94485,48.93133],[2.94431,48.93151],[2.94349,48.93147],[2.94246,48.93116],[2.94212,48.93089],[2.94191,48.93022],[2.94183,48.92968],[2.94196,48.92928],[2.9421,48.92914],[2.94216,48.92878],[2.94195,48.92838],[2.94195,48.92793],[2.94188,48.92779],[2.9418,48.92716],[2.94173,48.92689],[2.94132,48.92654],[2.94063,48.92614],[2.93968,48.92592],[2.93906,48.92592],[2.93865,48.92615],[2.93818,48.92656],[2.93743,48.92669],[2.93681,48.92688],[2.93593,48.92742],[2.93525,48.92765],[2.93477,48.92765],[2.93265,48.92744],[2.93163,48.9274],[2.93034,48.92758],[2.92952,48.92763],[2.92836,48.92737],[2.92604,48.92725],[2.92453,48.92703],[2.92256,48.92709],[2.92215,48.92714],[2.92051,48.92724],[2.91847,48.92774],[2.91766,48.92815],[2.91616,48.92843],[2.91391,48.9292],[2.91302,48.92921],[2.91275,48.92934],[2.91207,48.92957],[2.91132,48.92962],[2.91009,48.92944],[2.90907,48.92963],[2.90839,48.92994],[2.90757,48.93017],[2.90697,48.93067],[2.90629,48.93104],[2.90602,48.93122],[2.90568,48.93189],[2.90569,48.93225],[2.90583,48.93247],[2.90583,48.93292],[2.90542,48.93315],[2.90468,48.93324],[2.90468,48.93356],[2.90455,48.93378],[2.90428,48.93401],[2.90373,48.93419],[2.90353,48.93433],[2.90353,48.93479],[2.90374,48.93501],[2.90374,48.93528],[2.9034,48.93542],[2.9019,48.93542],[2.90156,48.9356],[2.9015,48.93574]]}},
{"type":"Feature","properties":{"code_eu_md":"FRHR147-F6431000","name":"ru de Rutel","longueur":12559.0,"statut":"MEN","ordre":2,"etateco":"4","qmoyaval":null,"distmer":null,"distsrce":null,"gid":8331,"annee":"2009"},"geometry":{"type":"LineString","coordinates":[[2.7797,48.99994],[2.78004,49.00003],[2.78032,49.00021],[2.78032,49.00039],[2.78018,49.00057],[2.78019,49.00093],[2.78224,49.00173],[2.78258,49.00195],[2.78286,49.00254],[2.78348,49.0029],[2.78472,49.00383],[2.78582,49.00455],[2.78582,49.0046],[2.78623,49.00482],[2.78918,49.00543],[2.79021,49.00588],[2.79186,49.0065],[2.79439,49.00762],[2.79515,49.00788],[2.79549,49.00788],[2.79685,49.0072],[2.79698,49.00698],[2.79705,49.00612],[2.79718,49.00585],[2.79745,49.00567],[2.79827,49.00535],[2.79929,49.00481],[2.80044,49.00413],[2.80085,49.00377],[2.80119,49.00323],[2.80173,49.00282],[2.80234,49.0026],[2.80282,49.00237],[2.80315,49.00147],[2.80349,49.00097],[2.80362,49.00089],[2.80416,49.00016],[2.80484,48.99912],[2.8049,48.99876],[2.80517,48.99795],[2.80523,48.9971],[2.80508,48.9962],[2.80528,48.9957],[2.80528,48.99525],[2.80486,48.99467],[2.80465,48.99404],[2.80451,48.99382],[2.80444,48.99346],[2.80458,48.99323],[2.80464,48.99234],[2.80484,48.9918],[2.80531,48.9908],[2.80625,48.98945],[2.80699,48.98869],[2.8076,48.98824],[2.80903,48.9875],[2.81046,48.98695],[2.81305,48.98614],[2.8138,48.98604],[2.81414,48.98591],[2.81448,48.98573],[2.81475,48.98541],[2.81488,48.98505],[2.81569,48.98379],[2.81616,48.9832],[2.81697,48.98199],[2.81736,48.98046],[2.8179,48.97942],[2.81912,48.97802],[2.81993,48.97743],[2.82308,48.97665],[2.82498,48.97628],[2.82607,48.97601],[2.82655,48.97569],[2.82662,48.97569],[2.82668,48.97556],[2.82845,48.97452],[2.82906,48.97379],[2.82974,48.97344],[2.83374,48.97167],[2.83462,48.97067],[2.83462,48.97063],[2.83862,48.96795],[2.83862,48.96786],[2.83835,48.96764],[2.83835,48.96755],[2.83916,48.96692],[2.83964,48.96673],[2.84079,48.96637],[2.84167,48.96578],[2.84249,48.96546],[2.84337,48.9647],[2.84337,48.96465],[2.84371,48.96425],[2.84391,48.96384],[2.8441,48.96321],[2.84465,48.9628],[2.84498,48.96163],[2.84531,48.96087],[2.84537,48.96033],[2.84537,48.95988],[2.8455,48.95943],[2.84624,48.95798],[2.8463,48.95748],[2.84616,48.95712],[2.84582,48.95663],[2.84581,48.95618],[2.84662,48.95524],[2.8473,48.95474],[2.84777,48.95451],[2.84859,48.95429],[2.84927,48.95406],[2.84947,48.95383],[2.84974,48.95311],[2.8498,48.95271],[2.84931,48.95181],[2.84924,48.95149],[2.84938,48.95136],[2.84944,48.95109],[2.84903,48.95046],[2.84868,48.95019],[2.84779,48.94979],[2.84793,48.94925],[2.84826,48.94831],[2.84859,48.94782],[2.84927,48.94732],[2.8513,48.94595],[2.85144,48.94577],[2.85157,48.94541],[2.85163,48.94464],[2.85149,48.9442],[2.85264,48.94316],[2.85277,48.94289],[2.85263,48.94244],[2.85243,48.94217],[2.85229,48.94186],[2.85242,48.94136],[2.85276,48.94113],[2.85357,48.94095],[2.85432,48.94091],[2.8548,48.94099],[2.85603,48.94139],[2.85692,48.94148],[2.85844,48.94206],[2.85971,48.94261],[2.86111,48.94318],[2.86232,48.94359],[2.86355,48.94409],[2.86421,48.94469],[2.86526,48.94527],[2.86585,48.94525],[2.86682,48.94484],[2.86789,48.94426],[2.86971,48.94341],[2.87056,48.94298],[2.87083,48.94281]]}},
{"type":"Feature","properties":{"code_eu_md":"FRHR147-F6621000","name":"ru bicheret","longueur":5336.0,"statut":"MEN","ordre":2,"etateco":"5","qmoyaval":null,"distmer":null,"distsrce":null,"gid":8332,"annee":"2009"},"geometry":{"type":"LineString","coordinates":[[2.76284,48.87487],[2.76086,48.87438],[2.76031,48.8742],[2.75963,48.87389],[2.75806,48.8739],[2.75704,48.87368],[2.75663,48.8735],[2.75635,48.87318],[2.75587,48.87283],[2.75533,48.87283],[2.75504,48.8727],[2.75436,48.87225],[2.75381,48.87202],[2.75333,48.87158],[2.75278,48.871],[2.7521,48.87055],[2.75107,48.87033],[2.74957,48.87033],[2.74767,48.87056],[2.74563,48.87116],[2.74515,48.87116],[2.74447,48.87098],[2.74393,48.87121],[2.74277,48.87125],[2.73923,48.87162],[2.73841,48.87194],[2.73794,48.87226],[2.73747,48.87302],[2.7372,48.87375],[2.73666,48.87474],[2.73619,48.87533],[2.73599,48.87596],[2.73566,48.87645],[2.73511,48.87691],[2.73464,48.87722],[2.73403,48.8774],[2.73355,48.87786],[2.73329,48.87835],[2.73357,48.87938],[2.73358,48.88064],[2.73337,48.88122],[2.73304,48.88199],[2.73277,48.88235],[2.73168,48.88249],[2.73039,48.88259],[2.7254,48.88229],[2.72355,48.88171],[2.72226,48.8814],[2.71871,48.881],[2.71789,48.8811],[2.71708,48.8811],[2.71646,48.88088],[2.71557,48.88074],[2.71387,48.88062],[2.71264,48.88044],[2.71019,48.87995],[2.70889,48.87978],[2.70821,48.87978],[2.70767,48.87996],[2.70733,48.8801],[2.70629,48.88071]]}},
{"type":"Feature","properties":{"code_eu_md":"FRHR148","name":"la Thérouanne de sa source au confluent de la Marne (exclu)","longueur":23309.0,"statut":"MEN","ordre":1,"etateco":"5","qmoyaval":null,"distmer":null,"distsrce":null,"gid":8333,"annee":"2009"},"geometry":{"type":"LineString","coordinates":[[2.79011,49.08266],[2.79276,49.08052],[2.79409,49.07847],[2.79519,49.07861],[2.79929,49.07891],[2.80203,49.07863],[2.8025,49.07832],[2.80298,49.07836],[2.80353,49.07836],[2.80387,49.07808],[2.80414,49.07759],[2.80468,49.07705],[2.80529,49.07615],[2.80644,49.07547],[2.80762,49.07497],[2.80843,49.07411],[2.80877,49.07393],[2.81273,49.07305],[2.81567,49.07282],[2.81635,49.07273],[2.81635,49.07241],[2.81839,49.07204],[2.81949,49.07181],[2.82071,49.0714],[2.82181,49.07135],[2.82297,49.07099],[2.82372,49.07099],[2.82427,49.07108],[2.82488,49.07103],[2.82756,49.07057],[2.82824,49.07029],[2.8298,49.06944],[2.83178,49.06848],[2.83232,49.06763],[2.83265,49.06667],[2.83285,49.0664],[2.83639,49.06459],[2.83775,49.06378],[2.83809,49.06369],[2.83925,49.06373],[2.83966,49.06363],[2.84076,49.06372],[2.84247,49.06358],[2.84349,49.06357],[2.84486,49.06379],[2.8463,49.06379],[2.85048,49.06336],[2.85198,49.06295],[2.85354,49.06218],[2.85388,49.06178],[2.85401,49.06137],[2.85415,49.06124],[2.85592,49.06054],[2.85619,49.0605],[2.85626,49.06041],[2.85741,49.05969],[2.85925,49.05887],[2.85973,49.05887],[2.86014,49.05909],[2.86336,49.05952],[2.86384,49.05961],[2.86404,49.05948],[2.86418,49.05907],[2.86424,49.05898],[2.86465,49.05907],[2.86493,49.0592],[2.86589,49.05947],[2.86644,49.05951],[2.86725,49.05928],[2.86807,49.05888],[2.86861,49.05847],[2.86888,49.05748],[2.86893,49.05568],[2.86879,49.05528],[2.86892,49.05487],[2.86953,49.05406],[2.8702,49.05343],[2.87075,49.0532],[2.87177,49.05296],[2.87349,49.05278],[2.87654,49.05236],[2.87847,49.05213],[2.8832,49.05204],[2.88387,49.05192],[2.88516,49.05106],[2.88632,49.05011],[2.88631,49.04962],[2.88733,49.04948],[2.88733,49.0493],[2.8876,49.04912],[2.88904,49.04897],[2.88992,49.04825],[2.89067,49.04798],[2.89135,49.04797],[2.89224,49.0482],[2.89251,49.04806],[2.89264,49.04752],[2.8925,49.04676],[2.89283,49.04603],[2.89289,49.04531],[2.89275,49.04477],[2.89288,49.04432],[2.89349,49.04382],[2.89356,49.0436],[2.89438,49.04359],[2.89527,49.04346],[2.8978,49.0429],[2.89828,49.04286],[2.90034,49.04339],[2.90082,49.04356],[2.9013,49.04388],[2.90185,49.04392],[2.90321,49.04378],[2.90382,49.04351],[2.90402,49.04265],[2.9038,49.04157],[2.90386,49.04063],[2.90413,49.03996],[2.90433,49.03964],[2.90507,49.03901],[2.90528,49.03878],[2.90555,49.0386],[2.90616,49.03855],[2.90643,49.03837],[2.90663,49.03809],[2.90677,49.03769],[2.90793,49.03741],[2.90997,49.03722],[2.91065,49.03704],[2.91106,49.03668],[2.9112,49.03649],[2.91153,49.03618],[2.91201,49.03614],[2.91276,49.03613],[2.91427,49.0363],[2.9153,49.03657],[2.91626,49.03719],[2.91695,49.03746],[2.91736,49.03768],[2.91811,49.03781],[2.91922,49.03816],[2.91991,49.03821],[2.92073,49.03807],[2.92127,49.03784],[2.92209,49.03757],[2.92291,49.03761],[2.92462,49.0376],[2.92537,49.03769],[2.92667,49.03768],[2.92708,49.03754],[2.92776,49.03714],[2.92795,49.03655],[2.92822,49.03624],[2.92828,49.03561],[2.92828,49.03516],[2.92759,49.03431],[2.92765,49.03417],[2.92786,49.03399],[2.92826,49.03376],[2.92901,49.03358],[2.92935,49.03313],[2.92989,49.03299],[2.93106,49.03298],[2.93181,49.03312],[2.93249,49.03334],[2.93325,49.03369],[2.93373,49.03378],[2.93427,49.03368],[2.93468,49.03363],[2.93612,49.03385],[2.93688,49.03407],[2.93715,49.0342],[2.93791,49.03506],[2.93819,49.03515],[2.93839,49.03506],[2.93915,49.0346],[2.9399,49.03423],[2.9401,49.03423],[2.94065,49.03436],[2.94079,49.03432],[2.94079,49.03418],[2.94099,49.03387],[2.94146,49.03365],[2.94268,49.03278],[2.94444,49.03102],[2.94518,49.02989],[2.94538,49.02926],[2.94551,49.02908],[2.94598,49.02877],[2.94646,49.02858],[2.94878,49.0283],[2.9498,49.02803],[2.95123,49.02753],[2.95211,49.02698],[2.9528,49.02692],[2.95279,49.02665],[2.95306,49.02647],[2.95361,49.02625],[2.95463,49.02575],[2.95558,49.02511],[2.9566,49.02466],[2.95714,49.02457],[2.95782,49.02452],[2.95858,49.02461],[2.96103,49.02446],[2.96288,49.02458],[2.96356,49.02458],[2.96411,49.02444],[2.96479,49.02394],[2.96492,49.02376],[2.96491,49.02322],[2.96484,49.02286],[2.9647,49.02255],[2.96449,49.02242],[2.96367,49.02233],[2.96333,49.0222],[2.96319,49.02197],[2.96338,49.0204],[2.96364,49.01986],[2.96418,49.01941],[2.96534,49.01913],[2.96595,49.01877],[2.96684,49.0188],[2.96746,49.01898],[2.96821,49.01934],[2.96912,49.01951],[2.96967,49.01973],[2.96994,49.01977],[2.97008,49.02005],[2.97049,49.02045],[2.97084,49.02095],[2.97098,49.02108],[2.97195,49.02175],[2.97284,49.02264],[2.97367,49.02318],[2.97491,49.02362],[2.97559,49.02384],[2.97566,49.02384],[2.97764,49.02342],[2.97852,49.02329],[2.97914,49.02301],[2.97961,49.02237],[2.98014,49.02147],[2.98021,49.0212],[2.98019,49.02004],[2.98005,49.01936],[2.97949,49.01896],[2.97963,49.01878],[2.97962,49.01833],[2.97976,49.0181],[2.97982,49.01743],[2.98022,49.01711],[2.98063,49.01693],[2.98077,49.0167],[2.98212,49.0158],[2.98232,49.01544],[2.98341,49.01498],[2.98354,49.01485],[2.9834,49.0144],[2.98346,49.01368],[2.98325,49.01319],[2.98325,49.01296],[2.98372,49.01264],[2.98399,49.01215],[2.98426,49.01187],[2.98508,49.01182],[2.98643,49.01114],[2.98664,49.01096],[2.98669,49.0101],[2.986,49.00966],[2.98518,49.00939],[2.98402,49.00913],[2.98354,49.00913],[2.9834,49.00918],[2.98341,49.00963],[2.98314,49.00981],[2.98266,49.00981],[2.98088,49.00933],[2.98026,49.0087],[2.97957,49.00826],[2.97922,49.00808],[2.97772,49.00768],[2.97674,49.00737],[2.97646,49.00701],[2.97619,49.00688],[2.97619,49.00679],[2.97591,49.00684],[2.97516,49.00666],[2.97502,49.00653],[2.97489,49.00648],[2.97468,49.00657],[2.97359,49.00662],[2.97339,49.00672],[2.97277,49.00667],[2.97264,49.00677],[2.97202,49.00672],[2.97188,49.00677],[2.97141,49.00717],[2.97087,49.0074],[2.96957,49.00737],[2.96916,49.00724],[2.96902,49.00701],[2.96799,49.00665],[2.96765,49.00643],[2.96737,49.00648],[2.96731,49.0068],[2.96669,49.00681],[2.96676,49.00645],[2.96642,49.00645],[2.96621,49.00658],[2.9656,49.00663],[2.96546,49.00672],[2.96526,49.00672],[2.96519,49.00668],[2.96526,49.00659],[2.96519,49.00641],[2.96416,49.00632],[2.96416,49.00628],[2.96443,49.0061],[2.96436,49.00596],[2.96416,49.00592],[2.96382,49.0061],[2.96368,49.0061],[2.96347,49.00601],[2.96368,49.00579],[2.96361,49.0057],[2.9634,49.00565],[2.96313,49.00583],[2.96293,49.00579],[2.96271,49.00506],[2.96189,49.0048],[2.96148,49.00449]]}},
{"type":"Feature","properties":{"code_eu_md":"FRHR148-F6411000","name":"ru des avernes","longueur":8160.0,"statut":"MEN","ordre":2,"etateco":"5","qmoyaval":null,"distmer":null,"distsrce":null,"gid":8334,"annee":"2009"},"geometry":{"type":"LineString","coordinates":[[2.76139,49.04129],[2.7618,49.04089],[2.762,49.04048],[2.76282,49.03948],[2.76539,49.03691],[2.76628,49.03718],[2.77069,49.0395],[2.77213,49.04017],[2.77405,49.04119],[2.77591,49.0424],[2.77714,49.04302],[2.77831,49.04402],[2.77969,49.045],[2.78051,49.04554],[2.78148,49.04634],[2.78175,49.04666],[2.78237,49.04697],[2.78238,49.04755],[2.7832,49.04755],[2.78402,49.04764],[2.78697,49.04753],[2.78758,49.04713],[2.78758,49.04708],[2.78853,49.04685],[2.78963,49.04676],[2.79154,49.04698],[2.79469,49.04696],[2.79537,49.04691],[2.79633,49.04695],[2.79886,49.04717],[2.80606,49.04804],[2.80661,49.04812],[2.8077,49.0479],[2.81057,49.04806],[2.8131,49.04805],[2.81666,49.04831],[2.81953,49.04861],[2.82112,49.04865],[2.82365,49.04896],[2.82543,49.04931],[2.8257,49.04939],[2.82632,49.04993],[2.82721,49.05029],[2.82742,49.0502],[2.82783,49.05015],[2.8281,49.05028],[2.8303,49.05167],[2.83058,49.05171],[2.83071,49.05162],[2.83147,49.05198],[2.83229,49.05247],[2.83326,49.05296],[2.83436,49.05372],[2.83484,49.05416],[2.83553,49.05438],[2.83766,49.0546],[2.83869,49.05514],[2.84089,49.05603],[2.8413,49.05616],[2.8415,49.05629],[2.84384,49.057],[2.8435,49.0575],[2.84432,49.05776],[2.84686,49.05825],[2.84782,49.05851],[2.84816,49.05883],[2.851,49.06071],[2.85237,49.06102],[2.85353,49.06142],[2.85401,49.06137]]}},
{"type":"Feature","properties":{"code_eu_md":"FRHR148-F6412000","name":"ru de bregy","longueur":3168.0,"statut":"MEN","ordre":2,"etateco":"5","qmoyaval":null,"distmer":null,"distsrce":null,"gid":8335,"annee":"2009"},"geometry":{"type":"LineString","coordinates":[[2.87051,49.08211],[2.8686,49.08198],[2.86722,49.08159],[2.86715,49.08109],[2.86694,49.08073],[2.8657,49.0793],[2.86542,49.07903],[2.86481,49.07913],[2.86433,49.07908],[2.86364,49.07882],[2.86336,49.07864],[2.86316,49.07837],[2.86274,49.07797],[2.86143,49.07721],[2.86109,49.07694],[2.86047,49.07654],[2.8586,49.07574],[2.85723,49.07498],[2.85736,49.07476],[2.85633,49.07408],[2.85516,49.07315],[2.85481,49.07279],[2.85453,49.07179],[2.85459,49.07112],[2.85466,49.07094],[2.85465,49.07022],[2.85431,49.07009],[2.8543,49.06977],[2.85573,49.06882],[2.85613,49.06851],[2.85661,49.06779],[2.85694,49.06747],[2.85701,49.06733],[2.85762,49.06675],[2.85789,49.06639],[2.85796,49.06607],[2.85774,49.06473],[2.85711,49.0637],[2.8569,49.06311],[2.85689,49.0619],[2.85702,49.06121],[2.85654,49.06077],[2.85619,49.06054],[2.85619,49.0605]]}},
{"type":"Feature","properties":{"code_eu_md":"FRHR150","name":"le Grand Morin du confluent de l'Aubetin (exclu) au confluent de la Marne (exclu)","longueur":28801.0,"statut":"MEN","ordre":1,"etateco":"3","qmoyaval":null,"distmer":null,"distsrce":null,"gid":8365,"annee":"2009"},"geometry":{"type":"LineString","coordinates":[[3.0073,48.81583],[3.00676,48.81583],[3.00587,48.81556],[3.00478,48.81534],[3.00362,48.8149],[3.00218,48.8146],[3.0013,48.81429],[3.00095,48.81406],[3.0006,48.81357],[3.00033,48.81348],[2.99972,48.81349],[2.99904,48.81354],[2.99856,48.8134],[2.99767,48.81287],[2.99726,48.81287],[2.99638,48.81319],[2.99502,48.81302],[2.99148,48.81299],[2.98965,48.81336],[2.9889,48.81337],[2.98827,48.81328],[2.98793,48.81328],[2.98759,48.81346],[2.98739,48.81369],[2.98705,48.81391],[2.98577,48.81419],[2.98468,48.81447],[2.9836,48.81498],[2.98319,48.8152],[2.98279,48.81561],[2.98258,48.81566],[2.98157,48.81566],[2.98122,48.81557],[2.98061,48.81522],[2.97965,48.81491],[2.97862,48.81447],[2.97821,48.81411],[2.978,48.81375],[2.97793,48.81335],[2.97779,48.8129],[2.97751,48.81267],[2.97669,48.81237],[2.97642,48.81219],[2.9758,48.81138],[2.97483,48.81057],[2.97332,48.80954],[2.97291,48.80937],[2.97243,48.80905],[2.97195,48.80861],[2.97154,48.80838],[2.97072,48.80838],[2.97025,48.80825],[2.97004,48.80794],[2.97017,48.8074],[2.96989,48.80718],[2.96933,48.80709],[2.96879,48.80705],[2.96872,48.80718],[2.96839,48.80741],[2.9675,48.80764],[2.96662,48.80792],[2.96601,48.80824],[2.96547,48.80811],[2.96499,48.8078],[2.96478,48.8078],[2.96404,48.80807],[2.9637,48.80807],[2.96316,48.80871],[2.9627,48.80979],[2.9627,48.81015],[2.96277,48.81033],[2.96305,48.81064],[2.96408,48.81135],[2.96428,48.81153],[2.96449,48.81198],[2.96473,48.81306],[2.96501,48.814],[2.96522,48.81431],[2.96549,48.81453],[2.96563,48.81476],[2.96577,48.81489],[2.96584,48.81507],[2.96585,48.81619],[2.96599,48.8166],[2.96668,48.81695],[2.96695,48.81718],[2.96717,48.81785],[2.96751,48.81843],[2.96759,48.8192],[2.96746,48.81983],[2.96726,48.82001],[2.96638,48.82055],[2.96584,48.82105],[2.96531,48.82173],[2.96483,48.82209],[2.9647,48.82254],[2.96457,48.82276],[2.96416,48.82296],[2.96376,48.823],[2.9626,48.82301],[2.96205,48.82297],[2.96178,48.8231],[2.96139,48.824],[2.96099,48.82468],[2.96072,48.82486],[2.95963,48.825],[2.95881,48.82514],[2.95814,48.82546],[2.95719,48.82582],[2.95658,48.82596],[2.95596,48.82592],[2.95549,48.82574],[2.95514,48.82547],[2.95493,48.82476],[2.95408,48.8235],[2.95408,48.82301],[2.95394,48.82256],[2.9538,48.82234],[2.95373,48.82207],[2.95386,48.8218],[2.95433,48.82139],[2.95474,48.82116],[2.95474,48.82112],[2.95541,48.82058],[2.95641,48.81917],[2.95641,48.81854],[2.9562,48.81818],[2.95585,48.81778],[2.95578,48.81755],[2.95585,48.81715],[2.95645,48.81625],[2.95644,48.81566],[2.95637,48.81548],[2.95629,48.81467],[2.95602,48.81436],[2.95499,48.8141],[2.95431,48.81401],[2.9537,48.81406],[2.95234,48.81411],[2.95132,48.81425],[2.95003,48.81421],[2.94942,48.81439],[2.94874,48.8148],[2.94738,48.81508],[2.94609,48.81545],[2.9444,48.81573],[2.94406,48.81587],[2.94372,48.8161],[2.94346,48.81677],[2.94332,48.817],[2.94271,48.81731],[2.94176,48.81759],[2.94082,48.81822],[2.94007,48.81868],[2.9394,48.81895],[2.93777,48.81936],[2.93655,48.81982],[2.93621,48.81991],[2.93424,48.81978],[2.9332,48.82001],[2.93158,48.82065],[2.93104,48.82092],[2.9309,48.8211],[2.93091,48.82205],[2.93058,48.82227],[2.92976,48.8221],[2.92921,48.82215],[2.92684,48.82297],[2.92671,48.82306],[2.92624,48.82374],[2.9259,48.82401],[2.92536,48.82429],[2.92407,48.82456],[2.9223,48.82466],[2.92176,48.8248],[2.92095,48.82525],[2.9204,48.82544],[2.91952,48.82535],[2.91788,48.82504],[2.91706,48.825],[2.91618,48.82483],[2.91453,48.82384],[2.91419,48.82371],[2.91303,48.82354],[2.91208,48.82327],[2.91098,48.8227],[2.90975,48.82238],[2.90927,48.82221],[2.90893,48.82189],[2.90886,48.82176],[2.90838,48.82145],[2.90824,48.8214],[2.90782,48.8215],[2.90688,48.82213],[2.9062,48.8224],[2.90518,48.82254],[2.90484,48.82268],[2.90471,48.82286],[2.90471,48.82344],[2.90458,48.82367],[2.90376,48.82376],[2.90343,48.82385],[2.90309,48.82412],[2.90317,48.82525],[2.90284,48.82619],[2.90271,48.827],[2.90251,48.8275],[2.9026,48.82799],[2.90294,48.8284],[2.90322,48.82925],[2.90357,48.8297],[2.90378,48.8301],[2.90392,48.831],[2.90407,48.83145],[2.90401,48.83235],[2.90415,48.83276],[2.90511,48.83333],[2.90512,48.8341],[2.90519,48.83423],[2.90546,48.83446],[2.90574,48.83481],[2.90582,48.8358],[2.9061,48.83652],[2.90665,48.83715],[2.90754,48.83795],[2.90802,48.83845],[2.9081,48.83898],[2.90796,48.83925],[2.90797,48.83988],[2.90804,48.83997],[2.90893,48.84055],[2.90976,48.84154],[2.91058,48.84207],[2.91113,48.84248],[2.91141,48.84288],[2.91162,48.84328],[2.91169,48.84387],[2.91163,48.84427],[2.91163,48.84486],[2.91184,48.84535],[2.91213,48.84571],[2.91268,48.84611],[2.9133,48.84633],[2.91439,48.84646],[2.91466,48.84646],[2.91473,48.8465],[2.91609,48.84663],[2.91814,48.84666],[2.92114,48.84715],[2.9225,48.8475],[2.92393,48.84762],[2.92421,48.84772],[2.92462,48.84798],[2.92538,48.84906],[2.92593,48.84968],[2.92669,48.85035],[2.9271,48.85094],[2.92746,48.85179],[2.92746,48.85224],[2.92699,48.85287],[2.92686,48.85314],[2.9268,48.8539],[2.92694,48.85475],[2.92688,48.85534],[2.92668,48.85562],[2.92614,48.85598],[2.92594,48.85603],[2.92519,48.85603],[2.92308,48.85645],[2.92281,48.85672],[2.92275,48.85721],[2.92261,48.85735],[2.92099,48.85785],[2.91888,48.85822],[2.91765,48.858],[2.91642,48.85796],[2.91499,48.85757],[2.91479,48.85757],[2.91478,48.85748],[2.91451,48.85739],[2.91403,48.85707],[2.91382,48.8568],[2.91375,48.8564],[2.91354,48.85591],[2.91299,48.85546],[2.9121,48.85488],[2.91169,48.8547],[2.91135,48.85471],[2.91101,48.8548],[2.91047,48.85521],[2.90972,48.85521],[2.90802,48.85513],[2.90475,48.85573],[2.90215,48.85592],[2.90134,48.85606],[2.901,48.85619],[2.89999,48.85687],[2.89659,48.85806],[2.89394,48.8587],[2.89259,48.85916],[2.89205,48.85944],[2.89062,48.86034],[2.8892,48.86098],[2.88805,48.86139],[2.8854,48.86189],[2.88526,48.86189],[2.88526,48.86194],[2.88486,48.86221],[2.88363,48.86244],[2.88316,48.86267],[2.88288,48.86271],[2.88268,48.86312],[2.88235,48.86339],[2.88106,48.86376],[2.88011,48.86425],[2.87882,48.86467],[2.87794,48.86525],[2.87733,48.86552],[2.87563,48.86553],[2.87474,48.86563],[2.8744,48.86572],[2.87182,48.86736],[2.87168,48.8674],[2.87168,48.86754],[2.87155,48.86763],[2.87128,48.86803],[2.87087,48.86839],[2.87006,48.86894],[2.86932,48.86921],[2.86789,48.86935],[2.86728,48.86976],[2.86626,48.87003],[2.86518,48.8708],[2.86457,48.87094],[2.86341,48.87135],[2.86307,48.87162],[2.8628,48.87194],[2.8624,48.87279],[2.86228,48.8736],[2.8625,48.87513],[2.86243,48.87539],[2.86209,48.87585],[2.86176,48.87621],[2.86176,48.8763],[2.86135,48.87657],[2.86054,48.87743],[2.85954,48.87888],[2.85887,48.88005],[2.8584,48.88064],[2.85752,48.88123],[2.85663,48.88163],[2.85629,48.88172],[2.85602,48.88195],[2.85596,48.88227],[2.85556,48.88281],[2.85468,48.88344],[2.8542,48.88385],[2.85387,48.88439],[2.85381,48.88569],[2.85368,48.88596],[2.85334,48.88618],[2.8528,48.88637],[2.85205,48.88637],[2.85123,48.88633],[2.8498,48.8867],[2.84872,48.88711],[2.84695,48.88747],[2.84634,48.88766],[2.846,48.88801],[2.84566,48.88824],[2.84519,48.88838],[2.84362,48.88848],[2.84028,48.8889],[2.83845,48.8894],[2.83723,48.88995],[2.83608,48.89063],[2.8337,48.89145],[2.83219,48.89208],[2.83076,48.89222],[2.82913,48.8929],[2.82886,48.89313],[2.82887,48.89358],[2.82969,48.89447],[2.82983,48.89474],[2.82977,48.89501],[2.82936,48.89529],[2.82773,48.8957],[2.82684,48.89579],[2.82555,48.8957],[2.8248,48.89571],[2.82439,48.8958],[2.82357,48.89607],[2.82222,48.89685],[2.82181,48.89721],[2.82154,48.89757],[2.82141,48.89784],[2.82135,48.89838],[2.8221,48.89842],[2.82306,48.89896],[2.82327,48.89963],[2.82389,48.90017],[2.82436,48.9003],[2.82511,48.90043],[2.82566,48.90043],[2.82614,48.90029],[2.82688,48.8998],[2.82715,48.89971],[2.82805,48.89907],[2.82859,48.89894],[2.82907,48.89894],[2.82948,48.89902],[2.82989,48.89942],[2.83003,48.89969],[2.83051,48.90041],[2.83066,48.90086]]}},
{"type":"Feature","properties":{"code_eu_md":"FRHR150-F6583500","name":"ru de la fosse aux coqs","longueur":9586.0,"statut":"MEN","ordre":2,"etateco":"3","qmoyaval":null,"distmer":null,"distsrce":null,"gid":8366,"annee":"2009"},"geometry":{"type":"LineString","coordinates":[[2.98586,48.88902],[2.98632,48.88825],[2.98645,48.88775],[2.98699,48.88708],[2.98759,48.88609],[2.98799,48.88528],[2.98825,48.88438],[2.98845,48.88397],[2.98912,48.88302],[2.98939,48.88252],[2.98952,48.88207],[2.98957,48.881],[2.99004,48.88028],[2.9903,48.87965],[2.99071,48.87937],[2.99254,48.87868],[2.99342,48.87814],[2.99355,48.87791],[2.99354,48.87701],[2.99347,48.87679],[2.99339,48.87593],[2.99365,48.87503],[2.99358,48.87436],[2.99302,48.87324],[2.99287,48.87261],[2.99267,48.87239],[2.98875,48.87003],[2.98861,48.86985],[2.98854,48.86908],[2.98818,48.86787],[2.98817,48.86733],[2.98897,48.86598],[2.98971,48.86512],[2.99018,48.86436],[2.99024,48.8639],[2.9901,48.86358],[2.98982,48.86318],[2.98975,48.86287],[2.98987,48.86246],[2.99,48.86219],[2.98999,48.86107],[2.98978,48.86069],[2.98971,48.86058],[2.9893,48.86022],[2.98868,48.85991],[2.98766,48.85965],[2.9871,48.85924],[2.9858,48.85853],[2.98539,48.85826],[2.98538,48.85768],[2.98517,48.85728],[2.9849,48.8571],[2.98456,48.85706],[2.98429,48.85714],[2.98408,48.85714],[2.98408,48.85692],[2.98304,48.85554],[2.98255,48.85464],[2.98159,48.85388],[2.98131,48.85348],[2.9809,48.85308],[2.98028,48.85285],[2.97858,48.85259],[2.97673,48.85224],[2.97352,48.85203],[2.97249,48.85172],[2.97181,48.85146],[2.97017,48.85102],[2.96908,48.85094],[2.96792,48.85072],[2.96731,48.85072],[2.96649,48.85086],[2.96554,48.85091],[2.96479,48.85082],[2.96363,48.85056],[2.96254,48.85052],[2.96144,48.85035],[2.95845,48.85023],[2.95749,48.85041],[2.95539,48.85111],[2.9537,48.85152],[2.9537,48.85211],[2.9524,48.85242],[2.94935,48.85343],[2.94738,48.85393],[2.9463,48.85457],[2.94596,48.85471],[2.94569,48.85547],[2.94549,48.85565],[2.94502,48.85592],[2.94447,48.85584],[2.94392,48.85561],[2.94331,48.85562],[2.94216,48.85585],[2.94168,48.85572],[2.94093,48.85545],[2.94058,48.85545],[2.9397,48.85568],[2.93875,48.856],[2.93842,48.85632],[2.93802,48.85717],[2.93748,48.85789],[2.93687,48.85844],[2.93681,48.85866],[2.9364,48.8589],[2.93586,48.85904],[2.93511,48.85935],[2.93471,48.85949],[2.93471,48.85958],[2.93423,48.85963],[2.93342,48.85977],[2.93219,48.85968],[2.9311,48.85946],[2.9298,48.85938],[2.9281,48.85903],[2.92693,48.85872],[2.92577,48.8585],[2.9259,48.85751],[2.92587,48.85639],[2.92594,48.85603]]}},
{"type":"Feature","properties":{"code_eu_md":"FRHR150-F6585000","name":"ru du mesnil","longueur":9403.0,"statut":"MEN","ordre":2,"etateco":"4","qmoyaval":null,"distmer":null,"distsrce":null,"gid":8367,"annee":"2009"},"geometry":{"type":"LineString","coordinates":[[2.96352,48.90147],[2.9625,48.90147],[2.96202,48.90152],[2.96065,48.90103],[2.95867,48.90095],[2.95813,48.901],[2.95759,48.90127],[2.95691,48.90141],[2.95635,48.90168],[2.9552,48.90245],[2.9548,48.90264],[2.95425,48.90268],[2.95322,48.90229],[2.9524,48.90216],[2.95125,48.90216],[2.94764,48.9024],[2.94689,48.90258],[2.94641,48.90286],[2.94621,48.90313],[2.94594,48.90335],[2.94547,48.90358],[2.94206,48.90342],[2.93974,48.90298],[2.93809,48.90236],[2.93584,48.90219],[2.93516,48.90197],[2.93439,48.90153],[2.93363,48.90117],[2.93247,48.9005],[2.93199,48.9001],[2.93109,48.89956],[2.92891,48.89904],[2.9272,48.89846],[2.92624,48.89828],[2.92515,48.89829],[2.9242,48.89848],[2.92366,48.89885],[2.92332,48.89898],[2.92236,48.89894],[2.91978,48.89931],[2.91842,48.89955],[2.91685,48.8996],[2.91576,48.89987],[2.91515,48.89988],[2.91424,48.89961],[2.9137,48.89962],[2.91322,48.89975],[2.91282,48.89993],[2.91248,48.89993],[2.91214,48.89989],[2.91152,48.89962],[2.90954,48.89901],[2.90878,48.89874],[2.90605,48.89812],[2.90523,48.89808],[2.90482,48.89817],[2.904,48.89804],[2.90346,48.89787],[2.90332,48.89773],[2.90332,48.89742],[2.90263,48.89706],[2.90236,48.89684],[2.90242,48.89648],[2.90249,48.89639],[2.90248,48.89589],[2.90234,48.89562],[2.90233,48.89472],[2.90171,48.89396],[2.90123,48.89356],[2.90109,48.89338],[2.90109,48.89307],[2.90122,48.89293],[2.90115,48.89271],[2.90081,48.89231],[2.9006,48.89181],[2.90052,48.89136],[2.90025,48.89086],[2.8999,48.89046],[2.89968,48.88978],[2.89926,48.88938],[2.89899,48.88902],[2.89864,48.88876],[2.89803,48.8884],[2.89768,48.88827],[2.89686,48.88773],[2.89658,48.88715],[2.89657,48.88652],[2.89643,48.88553],[2.89636,48.8854],[2.89628,48.88477],[2.89607,48.8845],[2.89504,48.8837],[2.8936,48.88294],[2.8936,48.88285],[2.89292,48.88285],[2.89156,48.88299],[2.89108,48.883],[2.8902,48.88273],[2.88972,48.88273],[2.88904,48.88283],[2.88843,48.88287],[2.88815,48.88279],[2.8874,48.88234],[2.88631,48.88212],[2.88473,48.8815],[2.88376,48.88092],[2.88246,48.88043],[2.88171,48.88021],[2.88034,48.88013],[2.87939,48.87995],[2.8774,48.87928],[2.877,48.8792],[2.87645,48.8792],[2.8757,48.87916],[2.87509,48.87925],[2.87434,48.87907],[2.87379,48.87903],[2.87338,48.87917],[2.87216,48.87926],[2.87127,48.87918],[2.87059,48.87918],[2.87018,48.87927],[2.86957,48.87963],[2.86937,48.87963],[2.86923,48.8795],[2.86909,48.87919],[2.86882,48.87901],[2.86841,48.87906],[2.86807,48.87906],[2.86773,48.87888],[2.86704,48.87812],[2.86669,48.87785],[2.86503,48.87682],[2.86428,48.87656],[2.86292,48.87629],[2.86176,48.8763]]}},
{"type":"Feature","properties":{"code_eu_md":"FRHR150-F6586000","name":"ru de lochy","longueur":3678.0,"statut":"MEN","ordre":2,"etateco":"5","qmoyaval":null,"distmer":null,"distsrce":null,"gid":8368,"annee":"2009"},"geometry":{"type":"LineString","coordinates":[[2.81474,48.8637],[2.81481,48.86378],[2.81488,48.86414],[2.81516,48.86449],[2.81571,48.86459],[2.81591,48.86481],[2.8166,48.86517],[2.81701,48.86553],[2.81708,48.86594],[2.81695,48.86616],[2.81709,48.86688],[2.81771,48.86742],[2.81846,48.86818],[2.81888,48.86876],[2.81957,48.86956],[2.82011,48.86997],[2.82053,48.87033],[2.82073,48.87073],[2.82128,48.87097],[2.82249,48.87162],[2.82394,48.87361],[2.82429,48.87436],[2.82486,48.87445],[2.82445,48.87464],[2.82461,48.87487],[2.82499,48.87489],[2.82521,48.87517],[2.82492,48.87546],[2.82584,48.8757],[2.82591,48.87606],[2.82652,48.87628],[2.82673,48.8765],[2.82694,48.87708],[2.82797,48.8778],[2.82907,48.87865],[2.82955,48.87914],[2.82975,48.87923],[2.83057,48.87945],[2.83071,48.87959],[2.83071,48.87995],[2.83085,48.87999],[2.83105,48.87995],[2.83132,48.87981],[2.83153,48.87985],[2.83174,48.87999],[2.83187,48.88021],[2.83188,48.88035],[2.83235,48.88057],[2.83256,48.88075],[2.83324,48.88097],[2.83373,48.88137],[2.83441,48.88164],[2.83489,48.882],[2.83729,48.88356],[2.83743,48.88378],[2.83743,48.88428],[2.83806,48.88468],[2.83834,48.88508],[2.83875,48.88544],[2.83876,48.88598],[2.83924,48.88638],[2.83958,48.88693],[2.83972,48.88729],[2.84007,48.88782],[2.84001,48.88827],[2.84001,48.88859],[2.84028,48.8889]]}},
{"type":"Feature","properties":{"code_eu_md":"FRHR152","name":"la Beuvronne de sa source au confluent de la Marne (exclu)","longueur":23902.0,"statut":"MEFM","ordre":1,"etateco":"3","qmoyaval":null,"distmer":null,"distsrce":null,"gid":8374,"annee":"2009"},"geometry":{"type":"LineString","coordinates":[[2.78381,49.01575],[2.78394,49.01544],[2.78435,49.01476],[2.78448,49.0144],[2.78461,49.0131],[2.78433,49.01274],[2.78364,49.01234],[2.7824,49.01176],[2.78233,49.01149],[2.78198,49.01131],[2.78027,49.011],[2.7787,49.01105],[2.77686,49.01156],[2.77461,49.01228],[2.77345,49.01274],[2.77237,49.01332],[2.7721,49.01368],[2.77203,49.01409],[2.77197,49.01521],[2.77191,49.01526],[2.76986,49.01522],[2.76883,49.01504],[2.76849,49.01504],[2.76801,49.01505],[2.76665,49.01528],[2.76596,49.01528],[2.76514,49.01524],[2.76466,49.01506],[2.76391,49.01457],[2.76363,49.0143],[2.76259,49.01367],[2.76265,49.01336],[2.76204,49.01318],[2.76204,49.01287],[2.75951,49.01256],[2.75595,49.01158],[2.7554,49.01123],[2.75454,49.01112],[2.74464,49.01293],[2.74412,49.01267],[2.74337,49.01249],[2.7392,49.01219],[2.73838,49.01197],[2.73742,49.01157],[2.73523,49.01126],[2.73441,49.01099],[2.73345,49.01077],[2.73045,49.01038],[2.72749,49.01007],[2.72407,49.00919],[2.72297,49.00878],[2.72256,49.00838],[2.72194,49.00807],[2.72194,49.00789],[2.72214,49.0073],[2.72187,49.00721],[2.72091,49.00667],[2.72002,49.00596],[2.71933,49.00555],[2.7183,49.00524],[2.71625,49.00498],[2.71448,49.00498],[2.71304,49.00481],[2.7127,49.00481],[2.71243,49.00526],[2.71182,49.00513],[2.71106,49.00491],[2.7107,49.00459],[2.70981,49.00428],[2.70674,49.00357],[2.70672,49.00177],[2.70651,49.00124],[2.70596,49.00061],[2.70541,48.99957],[2.70486,48.99881],[2.70424,48.99814],[2.7041,48.99787],[2.70341,48.99702],[2.70327,48.99675],[2.70272,48.99608],[2.70224,48.99563],[2.7019,48.99523],[2.70128,48.99464],[2.70073,48.99393],[2.69969,48.99276],[2.69955,48.992],[2.69914,48.99142],[2.699,48.99066],[2.69865,48.99065],[2.69728,48.99075],[2.69632,48.99066],[2.69529,48.99044],[2.69481,48.99004],[2.69474,48.9899],[2.69474,48.98958],[2.69488,48.9894],[2.6944,48.98899],[2.69426,48.98841],[2.69419,48.98828],[2.69357,48.98801],[2.6933,48.98783],[2.69309,48.98761],[2.69281,48.98711],[2.6926,48.98653],[2.6924,48.98639],[2.69213,48.98635],[2.69172,48.98653],[2.69151,48.98653],[2.69007,48.98609],[2.68946,48.98605],[2.68925,48.98595],[2.68884,48.98569],[2.68809,48.98515],[2.68775,48.98506],[2.68672,48.98506],[2.68556,48.9852],[2.68283,48.98472],[2.6816,48.98463],[2.68105,48.98445],[2.67953,48.98409],[2.67892,48.98428],[2.67667,48.98437],[2.67523,48.98425],[2.67482,48.98393],[2.67503,48.98384],[2.67557,48.98343],[2.67591,48.98294],[2.67611,48.9824],[2.67617,48.98168],[2.67616,48.97979],[2.67582,48.97962],[2.67479,48.97939],[2.67466,48.9793],[2.67445,48.97872],[2.6739,48.97818],[2.67315,48.97782],[2.67287,48.97747],[2.67307,48.97688],[2.67354,48.97607],[2.6745,48.9758],[2.67524,48.97521],[2.67586,48.97521],[2.67674,48.97467],[2.67674,48.97453],[2.67647,48.97436],[2.67647,48.97422],[2.67674,48.97417],[2.67694,48.9739],[2.67646,48.97331],[2.67639,48.97286],[2.67611,48.97268],[2.67536,48.97246],[2.67461,48.97201],[2.67454,48.97192],[2.67358,48.97189],[2.67338,48.97157],[2.67337,48.97112],[2.67344,48.9709],[2.67378,48.97062],[2.67385,48.97062],[2.67433,48.97085],[2.67453,48.97089],[2.67644,48.97039],[2.67692,48.97017],[2.67712,48.96994],[2.67739,48.96985],[2.67739,48.96949],[2.67794,48.9694],[2.678,48.96926],[2.67759,48.96868],[2.67725,48.9685],[2.67691,48.9685],[2.67656,48.96855],[2.67656,48.96832],[2.67636,48.9681],[2.67608,48.96806],[2.67574,48.96788],[2.67574,48.96721],[2.67539,48.96698],[2.67533,48.96685],[2.67645,48.96566],[2.6769,48.96526],[2.67709,48.96513],[2.67743,48.96468],[2.67749,48.96446],[2.67749,48.96423],[2.67742,48.96401],[2.67708,48.96329],[2.67707,48.96284],[2.67687,48.96262],[2.67604,48.96204],[2.67536,48.9619],[2.67447,48.96137],[2.67433,48.96137],[2.67426,48.96128],[2.67392,48.96101],[2.67372,48.9606],[2.67373,48.9605],[2.6733,48.96006],[2.67309,48.95911],[2.67315,48.95795],[2.67335,48.95763],[2.67397,48.95713],[2.67423,48.95669],[2.67423,48.95655],[2.67444,48.95619],[2.67511,48.95538],[2.67565,48.95443],[2.67619,48.95308],[2.67633,48.95291],[2.67701,48.9525],[2.6783,48.952],[2.67877,48.95191],[2.68089,48.95186],[2.68184,48.95167],[2.68225,48.9515],[2.68457,48.95135],[2.68716,48.95094],[2.68873,48.95062],[2.68907,48.95035],[2.68893,48.94959],[2.68872,48.94908],[2.68851,48.94877],[2.68803,48.94846],[2.68611,48.94743],[2.68598,48.94739],[2.68598,48.94734],[2.6857,48.94712],[2.6857,48.94653],[2.68624,48.94608],[2.6863,48.94523],[2.68643,48.94442],[2.68657,48.9441],[2.68834,48.9441],[2.68937,48.94419],[2.69107,48.94418],[2.69161,48.94373],[2.69195,48.94368],[2.69257,48.94386],[2.69291,48.94368],[2.69345,48.9435],[2.69393,48.94309],[2.69441,48.94287],[2.69475,48.94255],[2.69522,48.94224],[2.6961,48.94187],[2.69624,48.94187],[2.69869,48.94092],[2.69932,48.94092],[2.69967,48.942],[2.70001,48.94263],[2.70029,48.94335],[2.70105,48.94446],[2.70139,48.94473],[2.70173,48.94473],[2.70377,48.94437],[2.70452,48.94427],[2.705,48.94405],[2.70616,48.944],[2.70664,48.94382],[2.70752,48.94373],[2.70827,48.94346],[2.70868,48.94336],[2.70888,48.94323],[2.70902,48.94282],[2.7099,48.94197],[2.7101,48.9417],[2.71024,48.94165],[2.71085,48.94187],[2.71195,48.94245],[2.71277,48.94303],[2.71407,48.94348],[2.71735,48.94419],[2.72016,48.9445],[2.72166,48.94435],[2.72221,48.94417],[2.72302,48.94354],[2.72329,48.94323],[2.72336,48.943],[2.72335,48.94227],[2.72362,48.94191],[2.72464,48.94092],[2.72525,48.94056],[2.72709,48.94028],[2.72838,48.94028],[2.72907,48.94023],[2.72982,48.94023],[2.73098,48.94036],[2.73316,48.94067],[2.73391,48.94071],[2.73439,48.94067],[2.73439,48.94013],[2.73445,48.94004],[2.73315,48.93892],[2.73294,48.93878],[2.73274,48.93833],[2.73266,48.93797],[2.73246,48.93762],[2.73252,48.93726],[2.73286,48.9368],[2.73285,48.9359],[2.73264,48.93478],[2.73257,48.93469],[2.73195,48.93443],[2.7308,48.93443],[2.73038,48.9343],[2.73038,48.93403],[2.73045,48.93394],[2.73045,48.93376],[2.73038,48.93367],[2.73038,48.93353],[2.73058,48.93326],[2.73058,48.93304],[2.7303,48.93272],[2.73023,48.93174],[2.72995,48.93106],[2.72981,48.93093],[2.72926,48.93053],[2.72926,48.93017],[2.7296,48.92957],[2.73041,48.92876],[2.73041,48.92867],[2.73055,48.92867],[2.73109,48.92827],[2.73245,48.92754],[2.73251,48.92727],[2.73272,48.927],[2.73292,48.92696],[2.7334,48.92709],[2.73347,48.92704],[2.73326,48.92682],[2.73326,48.92659],[2.73387,48.92637],[2.73428,48.92637],[2.73455,48.92628],[2.73509,48.92582],[2.7353,48.92556],[2.73543,48.92488],[2.73617,48.92407],[2.73623,48.92375]]}},
{"type":"Feature","properties":{"code_eu_md":"FRHR152-F6612000","name":"la biberonne","longueur":12229.0,"statut":"MEN","ordre":2,"etateco":"5","qmoyaval":null,"distmer":null,"distsrce":null,"gid":8375,"annee":"2009"},"geometry":{"type":"LineString","coordinates":[[2.63036,49.06783],[2.62995,49.06769],[2.62892,49.06711],[2.6279,49.06707],[2.6268,49.06685],[2.62523,49.06636],[2.62447,49.066],[2.62159,49.06479],[2.61885,49.06398],[2.61783,49.06344],[2.61707,49.06291],[2.61638,49.06187],[2.61554,49.06107],[2.61431,49.05972],[2.61417,49.05968],[2.61437,49.05941],[2.61601,49.05828],[2.61888,49.05684],[2.62031,49.05584],[2.6212,49.05508],[2.62222,49.0544],[2.62249,49.05409],[2.62263,49.05373],[2.62269,49.05332],[2.62283,49.05297],[2.62289,49.05165],[2.62316,49.0512],[2.62377,49.0508],[2.62418,49.05048],[2.62466,49.04963],[2.62527,49.04904],[2.62554,49.04841],[2.62553,49.04814],[2.62574,49.04765],[2.62608,49.04729],[2.62785,49.04625],[2.63132,49.04445],[2.63146,49.04444],[2.63146,49.04435],[2.63201,49.04413],[2.63671,49.04199],[2.63725,49.04164],[2.63997,49.03916],[2.64182,49.03763],[2.64196,49.03758],[2.64196,49.03749],[2.64284,49.03686],[2.64393,49.03627],[2.64604,49.03483],[2.64679,49.03424],[2.64706,49.03388],[2.6474,49.03307],[2.64733,49.03253],[2.64698,49.03213],[2.64616,49.03163],[2.64466,49.03118],[2.64424,49.03078],[2.64424,49.03029],[2.64458,49.0297],[2.64485,49.02911],[2.64559,49.02808],[2.64614,49.0275],[2.64695,49.02641],[2.64844,49.0247],[2.64899,49.02403],[2.6498,49.02313],[2.65021,49.02249],[2.65061,49.02214],[2.65129,49.02182],[2.65148,49.02123],[2.65195,49.02111],[2.65224,49.02077],[2.65246,49.0207],[2.65275,49.02073],[2.65293,49.02054],[2.6561,49.01831],[2.65692,49.01796],[2.65709,49.01777],[2.65744,49.017],[2.65893,49.01535],[2.65926,49.0151],[2.66025,49.01455],[2.66053,49.01433],[2.6607,49.01404],[2.66101,49.01281],[2.66105,49.01255],[2.66095,49.01227],[2.66093,49.01202],[2.66101,49.01151],[2.66188,49.01042],[2.66211,49.00999],[2.66229,49.00981],[2.66226,49.00956],[2.66172,49.00895],[2.66187,49.00883],[2.66296,49.00843],[2.66426,49.00775],[2.66616,49.00693],[2.6665,49.00666],[2.66698,49.00594],[2.66731,49.00518],[2.66778,49.00396],[2.66785,49.00369],[2.66812,49.00311],[2.66853,49.00261],[2.66866,49.0023],[2.66865,49.00162],[2.66777,49.00145],[2.66735,49.00122],[2.66687,49.00051],[2.6668,48.99997],[2.66714,48.99934],[2.66727,48.99862],[2.66767,48.99766],[2.66767,48.99699],[2.6678,48.99672],[2.66828,48.99636],[2.66848,48.99609],[2.66889,48.99586],[2.66978,48.99577],[2.67053,48.99563],[2.67087,48.99541],[2.67087,48.9951],[2.67032,48.99451],[2.6699,48.99393],[2.66901,48.99227],[2.66893,48.99128],[2.66906,48.99096],[2.66927,48.99074],[2.66974,48.99034],[2.67042,48.98939],[2.67042,48.98898],[2.67069,48.98858],[2.67096,48.98804],[2.67109,48.98732],[2.67129,48.98691],[2.67177,48.98638],[2.67245,48.98592],[2.67326,48.98555],[2.67326,48.98533],[2.67298,48.98461],[2.67305,48.98452],[2.67459,48.98401],[2.67523,48.98425]]}},
{"type":"Feature","properties":{"code_eu_md":"FRHR152-F6614000","name":"la Reneuse","longueur":5317.0,"statut":"MEN","ordre":2,"etateco":"5","qmoyaval":null,"distmer":null,"distsrce":null,"gid":8376,"annee":"2009"},"geometry":{"type":"LineString","coordinates":[[2.60965,48.95951],[2.61034,48.95964],[2.61055,48.95933],[2.61075,48.95915],[2.61157,48.95924],[2.61171,48.95901],[2.61191,48.95842],[2.61218,48.95789],[2.61238,48.95775],[2.61395,48.95784],[2.61443,48.95774],[2.61497,48.95743],[2.61531,48.95698],[2.61537,48.9555],[2.61544,48.95523],[2.61571,48.95491],[2.61714,48.95392],[2.61761,48.95347],[2.61788,48.95302],[2.61816,48.95302],[2.62014,48.95333],[2.6243,48.95377],[2.62478,48.95372],[2.6256,48.95372],[2.63448,48.95451],[2.63824,48.95495],[2.63899,48.95472],[2.65313,48.95598],[2.65525,48.95611],[2.65866,48.95646],[2.66003,48.95668],[2.66139,48.95695],[2.66372,48.95716],[2.66658,48.95715],[2.6672,48.95733],[2.66843,48.95751],[2.6689,48.95746],[2.67013,48.95746],[2.67068,48.95741],[2.67212,48.95691],[2.67274,48.95683],[2.6741,48.95655],[2.67423,48.95655]]}},
{"type":"Feature","properties":{"code_eu_md":"FRHR153","name":"la Gondoire de sa source au confluent de la Marne (exclu)","longueur":12112.0,"statut":"MEFM","ordre":2,"etateco":"3","qmoyaval":null,"distmer":null,"distsrce":null,"gid":8377,"annee":"2009"},"geometry":{"type":"LineString","coordinates":[[2.77013,48.83545],[2.76992,48.83532],[2.76931,48.83532],[2.76856,48.8351],[2.76808,48.83478],[2.7678,48.83451],[2.76739,48.83429],[2.76671,48.83421],[2.76413,48.83426],[2.76229,48.83435],[2.76113,48.83414],[2.76031,48.83382],[2.75997,48.83364],[2.75942,48.83306],[2.75894,48.83275],[2.75846,48.83262],[2.75792,48.83257],[2.75737,48.83257],[2.75656,48.83267],[2.75498,48.83267],[2.7545,48.83277],[2.75164,48.8327],[2.7511,48.83283],[2.75022,48.83342],[2.74941,48.83436],[2.74887,48.83509],[2.74827,48.8363],[2.74787,48.8381],[2.74788,48.83886],[2.74809,48.83954],[2.74824,48.8412],[2.74763,48.8421],[2.7473,48.84246],[2.74608,48.84336],[2.74553,48.84382],[2.74526,48.84413],[2.7448,48.84512],[2.74433,48.84571],[2.74392,48.84599],[2.74216,48.84756],[2.74141,48.84797],[2.73965,48.84865],[2.73951,48.84874],[2.73965,48.84897],[2.73755,48.84952],[2.73714,48.84992],[2.73694,48.85005],[2.73633,48.85028],[2.73612,48.85073],[2.73579,48.85091],[2.73517,48.851],[2.7347,48.85128],[2.73388,48.85155],[2.73348,48.85182],[2.7324,48.8529],[2.73199,48.85317],[2.73179,48.85362],[2.73118,48.85398],[2.73105,48.85439],[2.73071,48.85452],[2.72996,48.85466],[2.72921,48.85471],[2.72826,48.85521],[2.72758,48.85561],[2.72717,48.8558],[2.72704,48.8562],[2.72657,48.85642],[2.72568,48.85674],[2.72521,48.85684],[2.72473,48.85707],[2.72426,48.85721],[2.72337,48.85725],[2.72201,48.85766],[2.72106,48.85834],[2.72045,48.85856],[2.71896,48.85879],[2.71835,48.85907],[2.71656,48.85925],[2.7165,48.85948],[2.71384,48.85984],[2.71316,48.8598],[2.71193,48.85945],[2.7105,48.85945],[2.70989,48.85959],[2.70948,48.85986],[2.70928,48.86026],[2.70908,48.8604],[2.70772,48.86085],[2.70704,48.86099],[2.70636,48.86122],[2.70547,48.86109],[2.70391,48.8606],[2.70288,48.8606],[2.70145,48.86092],[2.69942,48.86155],[2.69894,48.86201],[2.6984,48.86218],[2.69779,48.86219],[2.69724,48.8621],[2.69683,48.86196],[2.69669,48.86178],[2.69669,48.86156],[2.69601,48.86093],[2.69532,48.8604],[2.69478,48.86013],[2.6947,48.85999],[2.69423,48.85968],[2.69409,48.85955],[2.69374,48.85964],[2.69306,48.86022],[2.69272,48.86032],[2.69006,48.85987],[2.68944,48.85952],[2.6891,48.85943],[2.68849,48.85974],[2.68754,48.85993],[2.68679,48.85975],[2.68665,48.85966],[2.68651,48.85934],[2.68638,48.85939],[2.68618,48.85957],[2.68583,48.85953],[2.68549,48.85926],[2.68549,48.85921],[2.68495,48.85908],[2.68461,48.85908],[2.68406,48.85922],[2.68222,48.85936],[2.68175,48.85931],[2.68147,48.859],[2.681,48.85887],[2.67997,48.85882],[2.67997,48.85856],[2.68004,48.85846],[2.67997,48.85833],[2.67983,48.85838],[2.67956,48.8586],[2.67915,48.85869],[2.67738,48.85829],[2.67643,48.85785],[2.67622,48.85789],[2.67595,48.85812],[2.67562,48.85893],[2.67494,48.85956],[2.67433,48.86028],[2.67379,48.8606],[2.67277,48.86106],[2.67175,48.86146],[2.67053,48.86165],[2.66881,48.86161],[2.66751,48.86139],[2.66527,48.86139],[2.66465,48.86153],[2.66397,48.86149],[2.66288,48.86122],[2.66145,48.86109],[2.66015,48.86069],[2.65927,48.86051],[2.65852,48.86029],[2.65647,48.85998],[2.65354,48.85931],[2.65238,48.85931],[2.65034,48.85963],[2.64918,48.8595],[2.64739,48.85888],[2.64719,48.85892],[2.64685,48.85915],[2.64638,48.85965],[2.64482,48.86086],[2.64434,48.861],[2.644,48.86132],[2.64393,48.86132]]}},
{"type":"Feature","properties":{"code_eu_md":"FRHR153-F6636000","name":"ru de la brosse","longueur":6847.0,"statut":"MEFM","ordre":2,"etateco":"4","qmoyaval":null,"distmer":null,"distsrce":null,"gid":8378,"annee":"2009"},"geometry":{"type":"LineString","coordinates":[[2.71111,48.81349],[2.71138,48.81358],[2.71179,48.81359],[2.71213,48.81354],[2.71261,48.81371],[2.71261,48.81416],[2.71343,48.81448],[2.71398,48.81484],[2.71398,48.81533],[2.71371,48.81556],[2.71344,48.8156],[2.71249,48.81596],[2.71215,48.81692],[2.71225,48.8173],[2.71183,48.81752],[2.70971,48.81813],[2.70766,48.81851],[2.70681,48.81838],[2.70613,48.81848],[2.70587,48.8189],[2.70579,48.81952],[2.7053,48.81985],[2.70517,48.81985],[2.70503,48.81976],[2.70483,48.81976],[2.70333,48.82008],[2.70259,48.82036],[2.70116,48.82109],[2.70035,48.82158],[2.69967,48.82244],[2.69893,48.82293],[2.69879,48.82311],[2.6988,48.82356],[2.69832,48.82393],[2.69833,48.82424],[2.69826,48.82438],[2.69751,48.82474],[2.69697,48.82483],[2.69595,48.82523],[2.695,48.82537],[2.69439,48.82551],[2.69398,48.82578],[2.69371,48.82632],[2.69317,48.82695],[2.69256,48.82727],[2.69181,48.82772],[2.69121,48.82844],[2.69121,48.82903],[2.69094,48.82962],[2.68999,48.83024],[2.69072,48.83346],[2.69155,48.83428],[2.69163,48.83601],[2.69178,48.83753],[2.69277,48.8386],[2.69278,48.83873],[2.69298,48.83891],[2.69298,48.83905],[2.69264,48.83955],[2.6921,48.84],[2.69142,48.84036],[2.69163,48.84049],[2.69129,48.84081],[2.69075,48.84108],[2.69075,48.84121],[2.69109,48.84144],[2.69109,48.84162],[2.69062,48.84193],[2.69063,48.84377],[2.69057,48.84422],[2.6903,48.84463],[2.68962,48.84526],[2.68827,48.84625],[2.68765,48.84617],[2.68725,48.84644],[2.68718,48.84653],[2.68569,48.84747],[2.68467,48.84798],[2.68365,48.84839],[2.68317,48.8487],[2.68318,48.84893],[2.68366,48.84942],[2.68373,48.84978],[2.68309,48.85142],[2.68339,48.85179],[2.68266,48.853],[2.68225,48.85327],[2.68158,48.85316],[2.68015,48.85429],[2.67954,48.8555],[2.67914,48.85577],[2.67907,48.85591],[2.679,48.85618],[2.67921,48.85631],[2.67914,48.85654],[2.67866,48.85658],[2.67791,48.85636],[2.67764,48.85654],[2.67744,48.85686],[2.67697,48.85735],[2.67642,48.8578],[2.67643,48.85785]]}},
{"type":"Feature","properties":{"code_eu_md":"FRHR154A","name":"la Marne du confluent de la Gondoire (exclu) au confluent de la Seine (exclu)","longueur":34797.0,"statut":"MEFM","ordre":0,"etateco":"3","qmoyaval":null,"distmer":null,"distsrce":null,"gid":8379,"annee":"2009"},"geometry":{"type":"LineString","coordinates":[[2.63881,48.85845],[2.63874,48.85845],[2.63847,48.85827],[2.63751,48.85787],[2.63649,48.85751],[2.63533,48.85743],[2.63519,48.85734],[2.62784,48.85722],[2.62777,48.85726],[2.62483,48.85808],[2.623,48.8584],[2.62054,48.85863],[2.61898,48.85863],[2.61564,48.85918],[2.61428,48.85964],[2.61333,48.86],[2.61245,48.86045],[2.61109,48.86139],[2.61021,48.86211],[2.60858,48.86329],[2.6077,48.86384],[2.60607,48.86447],[2.6058,48.8646],[2.60471,48.86492],[2.60233,48.86551],[2.59947,48.86637],[2.59816,48.86669],[2.59776,48.86683],[2.59728,48.86651],[2.59687,48.86642],[2.59585,48.86633],[2.59428,48.86602],[2.5936,48.86584],[2.59346,48.86584],[2.59278,48.86562],[2.59176,48.8654],[2.59128,48.86536],[2.58923,48.86487],[2.58855,48.86482],[2.58794,48.865],[2.58749,48.86504],[2.58685,48.86501],[2.58433,48.86546],[2.5814,48.86538],[2.57786,48.86507],[2.57662,48.86507],[2.57553,48.86517],[2.57383,48.86512],[2.57076,48.86464],[2.56851,48.86419],[2.56599,48.86343],[2.56496,48.86294],[2.56455,48.86262],[2.56428,48.86231],[2.56435,48.86186],[2.56455,48.86159],[2.56563,48.86073],[2.56597,48.86019],[2.56624,48.85912],[2.56651,48.8584],[2.56698,48.85768],[2.56759,48.8569],[2.56773,48.85668],[2.56766,48.85592],[2.56745,48.8556],[2.56697,48.85533],[2.56575,48.85502],[2.56281,48.85399],[2.56159,48.85377],[2.56016,48.85377],[2.55811,48.85391],[2.55415,48.85445],[2.54932,48.85446],[2.54673,48.85434],[2.54455,48.85411],[2.54339,48.8538],[2.54175,48.85313],[2.54073,48.85291],[2.53951,48.85291],[2.53563,48.85351],[2.53296,48.85347],[2.52832,48.85276],[2.5196,48.852],[2.51749,48.85169],[2.51661,48.8515],[2.51577,48.85136],[2.51497,48.85101],[2.51326,48.8499],[2.51231,48.84891],[2.51181,48.84815],[2.51154,48.84743],[2.5114,48.84689],[2.51146,48.84505],[2.51173,48.84369],[2.51193,48.84329],[2.51207,48.84271],[2.51247,48.84172],[2.51261,48.84122],[2.51301,48.84014],[2.51342,48.83938],[2.51383,48.83889],[2.51479,48.83821],[2.51647,48.83714],[2.5173,48.83541],[2.5175,48.8346],[2.51743,48.83379],[2.51729,48.83321],[2.51652,48.83179],[2.51632,48.83172],[2.51632,48.83168],[2.51461,48.83074],[2.51277,48.82993],[2.51196,48.82962],[2.511,48.82953],[2.51073,48.82931],[2.51012,48.82904],[2.50957,48.8289],[2.50869,48.82891],[2.5076,48.82913],[2.50474,48.82986],[2.50052,48.83036],[2.49855,48.83081],[2.49773,48.8309],[2.49132,48.83127],[2.49132,48.83131],[2.49092,48.83131],[2.4886,48.83114],[2.48772,48.83114],[2.48486,48.83154],[2.48282,48.83155],[2.48125,48.83133],[2.47921,48.83119],[2.4771,48.83097],[2.47396,48.8303],[2.47206,48.82954],[2.47144,48.82918],[2.47008,48.82806],[2.46897,48.82712],[2.46863,48.82671],[2.46836,48.82595],[2.46836,48.82568],[2.46829,48.82568],[2.46815,48.82554],[2.46733,48.82447],[2.46699,48.8237],[2.46699,48.82294],[2.46733,48.82172],[2.46787,48.82033],[2.46793,48.81997],[2.46821,48.81952],[2.46848,48.81934],[2.46902,48.81916],[2.46923,48.81916],[2.4697,48.81867],[2.47025,48.8183],[2.47135,48.81794],[2.4723,48.81713],[2.47297,48.8165],[2.47413,48.81578],[2.47528,48.81524],[2.47801,48.81433],[2.48032,48.81348],[2.48242,48.81298],[2.4846,48.8127],[2.48657,48.81252],[2.48875,48.81212],[2.49086,48.81149],[2.49269,48.81113],[2.49781,48.81049],[2.49907,48.81049],[2.50107,48.81057],[2.50325,48.81057],[2.50692,48.81038],[2.50831,48.81025],[2.51027,48.81015],[2.51652,48.80939],[2.51767,48.80848],[2.51848,48.80808],[2.51937,48.8074],[2.52004,48.80682],[2.52099,48.80556],[2.52187,48.80461],[2.52241,48.80384],[2.52268,48.80289],[2.52275,48.80231],[2.52288,48.80208],[2.52288,48.80087],[2.52274,48.80078],[2.52247,48.80006],[2.52253,48.79894],[2.52267,48.79813],[2.52266,48.79755],[2.52273,48.79741],[2.523,48.79732],[2.52341,48.79687],[2.52375,48.79642],[2.52354,48.79476],[2.52319,48.79359],[2.52251,48.79193],[2.52217,48.79112],[2.52182,48.79094],[2.52155,48.7909],[2.52135,48.79067],[2.521,48.78968],[2.52053,48.78883],[2.51998,48.78825],[2.51896,48.78744],[2.51786,48.78676],[2.51722,48.78645],[2.51672,48.78634],[2.5165,48.78636],[2.51569,48.78631],[2.51419,48.78609],[2.51344,48.78582],[2.51262,48.78528],[2.51153,48.78465],[2.51058,48.78434],[2.50793,48.78426],[2.50759,48.7843],[2.50494,48.78444],[2.50329,48.78449],[2.5018,48.78467],[2.50071,48.78472],[2.49778,48.78473],[2.49316,48.78415],[2.49152,48.78415],[2.49044,48.7842],[2.48738,48.7842],[2.48554,48.78447],[2.48309,48.78511],[2.47942,48.78592],[2.47793,48.78642],[2.47547,48.78741],[2.47467,48.78787],[2.47418,48.78831],[2.47222,48.79087],[2.47181,48.79267],[2.47195,48.79343],[2.47188,48.79429],[2.47157,48.795],[2.47134,48.79577],[2.47101,48.79663],[2.4708,48.79735],[2.4706,48.7987],[2.47033,48.79947],[2.46938,48.80095],[2.46898,48.80176],[2.46884,48.80234],[2.46884,48.80284],[2.46851,48.8041],[2.46796,48.80477],[2.46525,48.80671],[2.46294,48.80824],[2.46056,48.8095],[2.45777,48.81076],[2.45669,48.81143],[2.45587,48.81215],[2.45499,48.81314],[2.45445,48.81369],[2.45295,48.81486],[2.4518,48.81563],[2.45126,48.81581],[2.4503,48.81599],[2.44641,48.81626],[2.44165,48.81631],[2.44035,48.81649],[2.43886,48.81681],[2.43811,48.8169],[2.43675,48.81677],[2.43491,48.81632],[2.4343,48.81623],[2.43246,48.81614],[2.43076,48.81623],[2.42844,48.81646],[2.42627,48.81637],[2.42504,48.81619],[2.42375,48.81624],[2.42252,48.81642],[2.42054,48.81696],[2.41924,48.81687],[2.41659,48.81642],[2.41523,48.81633],[2.41407,48.81638],[2.41189,48.81652],[2.40972,48.81687],[2.40822,48.81719]]}},
{"type":"Feature","properties":{"code_eu_md":"FRHR154A-F6641000","name":"ru de chantereine","longueur":7977.0,"statut":"MEFM","ordre":2,"etateco":"5","qmoyaval":null,"distmer":null,"distsrce":null,"gid":8380,"annee":"2009"},"geometry":{"type":"LineString","coordinates":[[2.60274,48.90606],[2.60287,48.90534],[2.60328,48.90512],[2.60403,48.90512],[2.60628,48.90534],[2.60854,48.90533],[2.60888,48.90529],[2.60915,48.90488],[2.60949,48.90461],[2.61106,48.90429],[2.61154,48.90434],[2.61222,48.90451],[2.61508,48.90352],[2.61576,48.90302],[2.61576,48.90293],[2.61596,48.9027],[2.61643,48.90203],[2.61704,48.90068],[2.61758,48.90005],[2.61948,48.89861],[2.62152,48.89743],[2.62268,48.89689],[2.62342,48.8964],[2.6239,48.8959],[2.62566,48.89485],[2.62716,48.89386],[2.6279,48.89319],[2.62879,48.89287],[2.62933,48.89246],[2.6298,48.89166],[2.6315,48.89026],[2.63197,48.88981],[2.63149,48.88949],[2.63149,48.88936],[2.63163,48.88927],[2.63224,48.88868],[2.63292,48.88845],[2.6334,48.88841],[2.63374,48.88845],[2.63421,48.88818],[2.63469,48.88773],[2.63468,48.88746],[2.63462,48.88728],[2.63441,48.88697],[2.6344,48.88603],[2.63413,48.88571],[2.6327,48.88531],[2.63242,48.88513],[2.63242,48.88446],[2.63228,48.88415],[2.63228,48.88334],[2.632,48.88302],[2.632,48.88252],[2.6322,48.88229],[2.63227,48.88193],[2.63213,48.88157],[2.63192,48.88131],[2.6309,48.88063],[2.63008,48.88032],[2.62981,48.88019],[2.62974,48.87987],[2.62857,48.87943],[2.62755,48.87893],[2.62673,48.87862],[2.62646,48.87831],[2.62557,48.87813],[2.62523,48.87795],[2.62454,48.87728],[2.62372,48.87705],[2.62338,48.87661],[2.62324,48.87584],[2.62317,48.8749],[2.62323,48.87458],[2.62439,48.87319],[2.62465,48.8727],[2.62438,48.87216],[2.62369,48.87099],[2.62355,48.87054],[2.62328,48.87032],[2.62287,48.87018],[2.61767,48.86948],[2.6172,48.86925],[2.61597,48.86912],[2.61427,48.86908],[2.61229,48.86918],[2.60929,48.86913],[2.60883,48.86904],[2.60868,48.869],[2.60827,48.86874],[2.60752,48.86833],[2.60662,48.86761],[2.60596,48.86692],[2.60547,48.86627],[2.60533,48.866],[2.60505,48.866],[2.60397,48.86636],[2.60267,48.86655],[2.60104,48.86655],[2.59893,48.86714],[2.59817,48.86714],[2.59789,48.86701],[2.59776,48.86683]]}},
{"type":"Feature","properties":{"code_eu_md":"FRHR154A-F6642000","name":"ru du Merdereau","longueur":7533.0,"statut":"MEFM","ordre":2,"etateco":"4","qmoyaval":null,"distmer":null,"distsrce":null,"gid":8381,"annee":"2009"},"geometry":{"type":"LineString","coordinates":[[2.60918,48.81267],[2.60864,48.81307],[2.6087,48.81381],[2.61077,48.81736],[2.61058,48.81788],[2.61048,48.81851],[2.61012,48.81904],[2.61005,48.82026],[2.61049,48.82089],[2.61177,48.82149],[2.61189,48.82238],[2.61077,48.82256],[2.61013,48.82281],[2.6084,48.82317],[2.60757,48.82371],[2.60428,48.82416],[2.60364,48.82439],[2.60223,48.82462],[2.60159,48.82487],[2.59993,48.82455],[2.59929,48.8249],[2.59788,48.82505],[2.59727,48.82496],[2.59646,48.82514],[2.59551,48.8256],[2.59469,48.82605],[2.59442,48.82632],[2.59354,48.82686],[2.59354,48.82722],[2.5932,48.82749],[2.59327,48.82807],[2.59307,48.82839],[2.59307,48.82884],[2.59321,48.82951],[2.59359,48.83033],[2.59407,48.83078],[2.59403,48.83164],[2.59383,48.83246],[2.59398,48.83294],[2.59392,48.83362],[2.59364,48.8337],[2.59392,48.83464],[2.5947,48.83582],[2.59597,48.83725],[2.5959,48.83837],[2.59602,48.83854],[2.59727,48.83827],[2.59717,48.83848],[2.59806,48.83888],[2.59987,48.84006],[2.60042,48.84128],[2.60042,48.84204],[2.60016,48.84294],[2.60009,48.84334],[2.59915,48.84595],[2.59909,48.84663],[2.59943,48.8474],[2.59943,48.84772],[2.59875,48.84821],[2.59848,48.84826],[2.59828,48.84844],[2.59726,48.84992],[2.59665,48.85033],[2.59665,48.85069],[2.59679,48.85095],[2.59679,48.85145],[2.59632,48.8519],[2.59558,48.8537],[2.59531,48.85451],[2.59518,48.8546],[2.59477,48.85473],[2.59456,48.85492],[2.59458,48.85851],[2.59473,48.85999],[2.59493,48.86035],[2.59562,48.86093],[2.59582,48.86134],[2.59583,48.86189],[2.59447,48.86377],[2.59414,48.86441],[2.5938,48.8654],[2.5936,48.86584]]}},
{"type":"Feature","properties":{"code_eu_md":"FRHR154B","name":"le Morbras de sa source au confluent de la Marne","longueur":17273.0,"statut":"MEFM","ordre":2,"etateco":"3","qmoyaval":null,"distmer":null,"distsrce":null,"gid":8382,"annee":"2009"},"geometry":{"type":"LineString","coordinates":[[2.70447,48.79791],[2.70392,48.79702],[2.70337,48.79639],[2.70247,48.79558],[2.70192,48.79522],[2.7009,48.79478],[2.70028,48.79446],[2.69987,48.79438],[2.69627,48.79425],[2.69545,48.79439],[2.69416,48.79466],[2.69307,48.79458],[2.69198,48.7944],[2.68994,48.79441],[2.68906,48.79418],[2.68654,48.79446],[2.68246,48.79461],[2.68029,48.79488],[2.67954,48.79511],[2.6792,48.79529],[2.67653,48.79535],[2.67429,48.79562],[2.67123,48.79522],[2.67014,48.795],[2.66871,48.79514],[2.66837,48.79532],[2.66824,48.79546],[2.66756,48.79592],[2.66539,48.79682],[2.66342,48.7975],[2.66281,48.79791],[2.6624,48.798],[2.6605,48.79791],[2.65838,48.79738],[2.65675,48.79635],[2.65654,48.79613],[2.65565,48.7955],[2.65545,48.79523],[2.65544,48.79433],[2.65421,48.79339],[2.65386,48.79317],[2.65222,48.79272],[2.65065,48.7921],[2.64881,48.79156],[2.64868,48.79156],[2.64847,48.79184],[2.64602,48.79166],[2.63834,48.79137],[2.63698,48.7911],[2.63493,48.79052],[2.63452,48.7903],[2.63411,48.78985],[2.63357,48.78954],[2.63316,48.78936],[2.63282,48.78914],[2.63146,48.78868],[2.63162,48.78794],[2.63061,48.78756],[2.62809,48.78653],[2.62613,48.78662],[2.6249,48.78672],[2.62367,48.78654],[2.62326,48.78636],[2.62306,48.78596],[2.62231,48.78569],[2.62217,48.78551],[2.61979,48.78516],[2.61802,48.78494],[2.61775,48.78485],[2.61775,48.7844],[2.61788,48.78431],[2.61692,48.78368],[2.61638,48.7835],[2.61509,48.78337],[2.61386,48.78315],[2.61291,48.78306],[2.60985,48.78244],[2.60835,48.78226],[2.60725,48.78204],[2.60629,48.78204],[2.60385,48.7825],[2.60161,48.78327],[2.60134,48.78332],[2.60045,48.78328],[2.59902,48.78274],[2.59861,48.78265],[2.59718,48.78266],[2.59671,48.78275],[2.59644,48.78288],[2.59582,48.78284],[2.59569,48.78289],[2.59508,48.78284],[2.59501,48.78279],[2.59494,48.78252],[2.59453,48.78253],[2.59419,48.78271],[2.59378,48.78262],[2.59338,48.78262],[2.59297,48.78271],[2.59249,48.78298],[2.59195,48.78307],[2.59134,48.78348],[2.591,48.78357],[2.59046,48.78357],[2.59005,48.78334],[2.58957,48.78299],[2.58794,48.7829],[2.58712,48.78322],[2.58637,48.78331],[2.58468,48.78385],[2.58434,48.78407],[2.58386,48.78417],[2.58332,48.78417],[2.5825,48.78399],[2.58182,48.78377],[2.58141,48.78368],[2.57922,48.78368],[2.57841,48.78387],[2.57746,48.78423],[2.57671,48.78459],[2.57569,48.7849],[2.57508,48.78473],[2.57372,48.78468],[2.57338,48.78482],[2.57304,48.78477],[2.57263,48.78478],[2.57236,48.785],[2.57216,48.7854],[2.57168,48.78568],[2.57128,48.78576],[2.57141,48.78594],[2.57094,48.78631],[2.5708,48.78649],[2.56965,48.78676],[2.56822,48.78636],[2.56795,48.7864],[2.56747,48.78663],[2.56706,48.78654],[2.56672,48.78658],[2.56659,48.78667],[2.56659,48.78694],[2.56638,48.78703],[2.56557,48.78708],[2.5653,48.78717],[2.56489,48.78749],[2.56394,48.78762],[2.56353,48.78781],[2.56292,48.78785],[2.56224,48.78776],[2.55727,48.78629],[2.55672,48.78597],[2.55556,48.78485],[2.5548,48.78395],[2.55398,48.78324],[2.55336,48.78301],[2.5503,48.78266],[2.54949,48.78235],[2.54724,48.78235],[2.54588,48.78213],[2.54547,48.78213],[2.54513,48.78235],[2.54459,48.78245],[2.54384,48.78218],[2.53996,48.78043],[2.53934,48.77966],[2.53927,48.7794],[2.53805,48.77881],[2.53798,48.7785],[2.53811,48.77832],[2.53716,48.77774],[2.53654,48.77724],[2.53573,48.77702],[2.53525,48.77693],[2.53355,48.77689],[2.53253,48.77672],[2.53184,48.77667],[2.53136,48.77654],[2.53102,48.77653],[2.53061,48.77672],[2.52987,48.7773],[2.52973,48.77793],[2.5294,48.77807],[2.52912,48.77807],[2.52912,48.77811],[2.5281,48.77807],[2.52763,48.7778],[2.52763,48.77766],[2.52756,48.77767],[2.52749,48.7774],[2.52728,48.77717],[2.52681,48.77699],[2.52592,48.77691],[2.52497,48.77691],[2.52497,48.77686],[2.52429,48.77677],[2.52252,48.77691],[2.52157,48.77673],[2.52082,48.77673],[2.52007,48.77687],[2.51926,48.77714],[2.51817,48.77786],[2.51736,48.77813],[2.51654,48.77827],[2.51559,48.77827],[2.51457,48.77858],[2.51362,48.77854],[2.51301,48.77872],[2.5124,48.77877],[2.50859,48.77999],[2.50805,48.78079],[2.50805,48.78142],[2.50812,48.78156],[2.50826,48.78214],[2.50813,48.78376],[2.50793,48.78426]]}},
{"type":"Feature","properties":{"code_eu_md":"FRHR155A","name":"la Seine du confluent de la Marne (exclu) au confluent du Ru d'Enghien (inclus)","longueur":35243.0,"statut":"MEFM","ordre":0,"etateco":"3","qmoyaval":null,"distmer":null,"distsrce":null,"gid":8383,"annee":"2009"},"geometry":{"type":"LineString","coordinates":[[2.40822,48.81719],[2.40421,48.81877],[2.40026,48.82016],[2.39816,48.82097],[2.39494,48.82246],[2.39134,48.82488],[2.38821,48.82723],[2.37944,48.83429],[2.37678,48.83649],[2.37522,48.83771],[2.37318,48.83973],[2.36125,48.84877],[2.3586,48.84976],[2.35622,48.85057],[2.35376,48.85116],[2.35343,48.85138],[2.35288,48.85215],[2.35274,48.8525],[2.35268,48.85309],[2.3524,48.85372],[2.35166,48.85489],[2.3505,48.85543],[2.34907,48.85592],[2.34156,48.85786],[2.33938,48.85831],[2.33693,48.85863],[2.33108,48.85984],[2.31996,48.86334],[2.31853,48.86375],[2.30115,48.86347],[2.29951,48.86329],[2.29788,48.86298],[2.29645,48.86248],[2.29441,48.86159],[2.29345,48.86105],[2.29175,48.85992],[2.29019,48.85875],[2.28835,48.85704],[2.28549,48.85506],[2.28345,48.85353],[2.28202,48.85241],[2.27964,48.85079],[2.27916,48.85029],[2.27896,48.84989],[2.27896,48.84953],[2.27765,48.84858],[2.27602,48.84728],[2.27561,48.84692],[2.27561,48.84687],[2.2748,48.84611],[2.26378,48.83495],[2.26283,48.83405],[2.26072,48.83171],[2.25902,48.83054],[2.25787,48.82987],[2.25725,48.82955],[2.25528,48.8282],[2.25372,48.82698],[2.25229,48.82603],[2.25085,48.82536],[2.25003,48.82504],[2.24922,48.82459],[2.24616,48.8236],[2.24425,48.82311],[2.24214,48.82275],[2.24126,48.82252],[2.24092,48.82248],[2.23983,48.82198],[2.23888,48.82162],[2.23827,48.82148],[2.23677,48.82135],[2.23486,48.82175],[2.23391,48.82206],[2.23255,48.82269],[2.23146,48.82332],[2.23043,48.82404],[2.22928,48.82512],[2.22763,48.82691],[2.22708,48.82763],[2.22667,48.82857],[2.22632,48.83042],[2.22612,48.83097],[2.22584,48.83191],[2.2253,48.83326],[2.22496,48.83398],[2.22468,48.83443],[2.22352,48.83577],[2.22318,48.83635],[2.22291,48.83735],[2.2229,48.83874],[2.22304,48.83941],[2.22324,48.84013],[2.22351,48.84071],[2.22405,48.84224],[2.22425,48.84301],[2.22466,48.84426],[2.22493,48.84485],[2.225,48.8454],[2.22527,48.84621],[2.22561,48.84778],[2.2256,48.84891],[2.2254,48.84971],[2.22506,48.85057],[2.2243,48.85277],[2.22389,48.85376],[2.22396,48.85497],[2.22436,48.85632],[2.22518,48.85843],[2.22592,48.85969],[2.22714,48.86195],[2.22755,48.86307],[2.22775,48.86406],[2.22802,48.86482],[2.22863,48.86568],[2.2304,48.86779],[2.23169,48.86892],[2.2327,48.86968],[2.23419,48.87118],[2.23585,48.87274],[2.23721,48.87364],[2.23803,48.87427],[2.23932,48.87518],[2.2398,48.87558],[2.24184,48.87684],[2.24272,48.87752],[2.24409,48.87842],[2.24565,48.87986],[2.24919,48.88287],[2.25157,48.88462],[2.25211,48.88512],[2.25354,48.88669],[2.25517,48.88822],[2.25708,48.88958],[2.25776,48.89017],[2.25899,48.89106],[2.25968,48.89169],[2.26016,48.89228],[2.26118,48.89318],[2.26227,48.89394],[2.26343,48.89484],[2.26431,48.89547],[2.2654,48.89601],[2.27064,48.89813],[2.27562,48.89988],[2.27773,48.90051],[2.28107,48.90119],[2.28456,48.90241],[2.28728,48.90349],[2.29273,48.90619],[2.29553,48.90781],[2.29832,48.90929],[2.30037,48.91023],[2.302,48.91077],[2.30508,48.91163],[2.30842,48.91226],[2.31081,48.91298],[2.31299,48.9137],[2.31599,48.9146],[2.31865,48.9156],[2.32035,48.91614],[2.32485,48.91708],[2.3263,48.91757],[2.3278,48.91829],[2.3297,48.91951],[2.33045,48.92018],[2.33168,48.92153],[2.3327,48.92278],[2.33386,48.92409],[2.33891,48.92908],[2.34,48.93043],[2.34062,48.93138],[2.34102,48.93228],[2.3413,48.93313],[2.3415,48.93488],[2.34143,48.93574],[2.34103,48.93726],[2.34034,48.93924],[2.3398,48.94036],[2.33932,48.94109],[2.3383,48.9423],[2.33741,48.94321],[2.33652,48.94393],[2.33475,48.94482],[2.33406,48.94511]]}},
{"type":"Feature","properties":{"code_eu_md":"FRHR155A-F7110600","name":"Ru d'Enghien","longueur":14178.0,"statut":"MEFM","ordre":2,"etateco":"3","qmoyaval":null,"distmer":null,"distsrce":null,"gid":8384,"annee":"2009"},"geometry":{"type":"LineString","coordinates":[[2.27457,49.03689],[2.27573,49.03667],[2.27614,49.03649],[2.27662,49.03604],[2.27716,49.03568],[2.27778,49.03478],[2.27874,49.03396],[2.28086,49.0332],[2.28154,49.03307],[2.28305,49.03284],[2.28339,49.03262],[2.28366,49.03253],[2.28455,49.03248],[2.28489,49.03226],[2.2851,49.03199],[2.28598,49.03186],[2.28612,49.03172],[2.28619,49.03127],[2.2866,49.03082],[2.28715,49.03073],[2.28865,49.03073],[2.28913,49.03082],[2.28996,49.03087],[2.2914,49.03055],[2.29222,49.03033],[2.29308,49.02973],[2.29434,49.02871],[2.29488,49.02822],[2.29565,49.02717],[2.29584,49.0266],[2.29598,49.02647],[2.29659,49.02638],[2.29659,49.0262],[2.29646,49.02602],[2.29639,49.02525],[2.29612,49.02458],[2.29571,49.02395],[2.29564,49.02377],[2.29605,49.0235],[2.29605,49.02328],[2.29557,49.02274],[2.2953,49.02202],[2.29503,49.02166],[2.29475,49.02144],[2.29366,49.02111],[2.29298,49.02071],[2.29264,49.02043],[2.29229,49.01994],[2.29209,49.0194],[2.29182,49.01896],[2.29154,49.01868],[2.29079,49.0181],[2.29011,49.01779],[2.2897,49.01751],[2.28956,49.01729],[2.28943,49.01653],[2.28936,49.01639],[2.28914,49.01635],[2.28914,49.01626],[2.28866,49.01567],[2.28867,49.01554],[2.28887,49.01531],[2.28887,49.01504],[2.28832,49.01459],[2.28778,49.01446],[2.28716,49.01351],[2.28703,49.01306],[2.28675,49.01266],[2.28669,49.01199],[2.28635,49.01131],[2.28628,49.01104],[2.28635,49.01086],[2.28676,49.01059],[2.28682,49.01005],[2.28703,49.00979],[2.28703,49.00907],[2.28696,49.00883],[2.28683,49.00861],[2.28628,49.00793],[2.28614,49.0073],[2.2856,49.00668],[2.2856,49.00614],[2.28581,49.00542],[2.28581,49.00497],[2.28492,49.00456],[2.28458,49.00421],[2.2841,49.00398],[2.28396,49.00375],[2.28396,49.00313],[2.28417,49.00254],[2.28417,49.00151],[2.2841,49.00137],[2.28356,49.00092],[2.28328,49.00016],[2.28308,48.99984],[2.28178,48.99904],[2.28131,48.99858],[2.2811,48.99818],[2.2809,48.99701],[2.28083,48.99606],[2.28069,48.9957],[2.28063,48.99516],[2.2807,48.99498],[2.28076,48.99444],[2.2807,48.99422],[2.28008,48.99372],[2.28001,48.99341],[2.27988,48.99332],[2.2794,48.99328],[2.27919,48.99309],[2.27899,48.99273],[2.27872,48.99157],[2.27872,48.99013],[2.2792,48.989],[2.27988,48.98856],[2.28016,48.98801],[2.28043,48.98779],[2.28118,48.98752],[2.28152,48.98725],[2.28173,48.9869],[2.28207,48.98644],[2.28275,48.986],[2.28364,48.98564],[2.28419,48.98523],[2.2846,48.98465],[2.28514,48.98429],[2.28555,48.98352],[2.28699,48.98186],[2.2896,48.98001],[2.2911,48.97902],[2.2911,48.97889],[2.29069,48.97831],[2.29062,48.97795],[2.29049,48.97772],[2.28994,48.97718],[2.2896,48.97696],[2.28953,48.97678],[2.2894,48.9766],[2.2894,48.97651],[2.29015,48.97638],[2.29151,48.97606],[2.29383,48.97642],[2.29418,48.97642],[2.29534,48.97597],[2.29581,48.97584],[2.29766,48.97575],[2.29848,48.97552],[2.29936,48.97485],[2.2995,48.97445],[2.29977,48.97386],[2.29991,48.97216],[2.30019,48.97121],[2.3006,48.97036],[2.30101,48.96963],[2.30155,48.96891],[2.30237,48.9681],[2.30312,48.96747],[2.30456,48.96617],[2.30538,48.96554],[2.30744,48.96455],[2.30887,48.96366],[2.30908,48.96325],[2.30942,48.9628],[2.31202,48.96041],[2.31485,48.95756],[2.31824,48.95453],[2.32097,48.95347],[2.32445,48.95322],[2.32745,48.95422],[2.3307,48.95379],[2.33133,48.95347],[2.33321,48.95118],[2.33255,48.95044],[2.3334,48.94876],[2.33415,48.94659],[2.33406,48.94511]]}},
{"type":"Feature","properties":{"code_eu_md":"FRHR155B","name":"la Seine du confluent du Ru d'Enghien (exclu) au confluent de l'Oise (exclu)","longueur":41509.0,"statut":"MEFM","ordre":0,"etateco":"2","qmoyaval":null,"distmer":null,"distsrce":null,"gid":8385,"annee":"2009"},"geometry":{"type":"LineString","coordinates":[[2.33406,48.94511],[2.33366,48.94527],[2.33018,48.94639],[2.32663,48.94734],[2.32457,48.94797],[2.32225,48.94851],[2.31556,48.94986],[2.30888,48.95098],[2.30109,48.95187],[2.29345,48.95156],[2.29099,48.95129],[2.28874,48.95074],[2.28778,48.95057],[2.28731,48.95056],[2.28504,48.95043],[2.28265,48.95002],[2.27999,48.94944],[2.27754,48.94867],[2.26997,48.94692],[2.26813,48.94624],[2.26416,48.94471],[2.26143,48.94344],[2.25864,48.94209],[2.25693,48.94119],[2.25564,48.94043],[2.25414,48.93966],[2.25278,48.93912],[2.25019,48.93786],[2.24787,48.93687],[2.24698,48.93642],[2.24487,48.93512],[2.24159,48.93282],[2.24043,48.93224],[2.23668,48.9307],[2.23491,48.92989],[2.23252,48.92863],[2.2313,48.92786],[2.23028,48.92714],[2.22939,48.92642],[2.22653,48.92462],[2.22558,48.92408],[2.22367,48.92278],[2.22006,48.92017],[2.21923,48.9195],[2.21522,48.91692],[2.21399,48.91652],[2.21208,48.9157],[2.21038,48.91471],[2.20691,48.91368],[2.20561,48.91318],[2.20446,48.91255],[2.20337,48.91187],[2.20194,48.9112],[2.2001,48.91043],[2.19607,48.90899],[2.19191,48.90723],[2.18973,48.90623],[2.18851,48.90587],[2.18715,48.9056],[2.18388,48.90519],[2.18108,48.90465],[2.17611,48.90298],[2.17441,48.9023],[2.17303,48.90158],[2.17072,48.90009],[2.16909,48.8987],[2.16807,48.89794],[2.16759,48.89753],[2.16494,48.89573],[2.16406,48.89491],[2.16358,48.89437],[2.16338,48.89405],[2.16311,48.89343],[2.16277,48.89221],[2.1623,48.89104],[2.16203,48.89019],[2.16088,48.88798],[2.15952,48.88627],[2.15905,48.88551],[2.15871,48.88465],[2.1581,48.88344],[2.15709,48.88173],[2.1562,48.88052],[2.15546,48.87965],[2.15465,48.87839],[2.15241,48.87614],[2.15179,48.87565],[2.15016,48.87443],[2.14792,48.87294],[2.14676,48.87227],[2.1452,48.87146],[2.14364,48.87087],[2.14233,48.87056],[2.14056,48.87042],[2.13892,48.87037],[2.13634,48.87046],[2.13368,48.87063],[2.13211,48.8709],[2.13034,48.87134],[2.12856,48.87197],[2.12815,48.8722],[2.12515,48.87421],[2.12467,48.87466],[2.12419,48.87497],[2.12213,48.87654],[2.1196,48.87838],[2.11878,48.87919],[2.11768,48.8804],[2.11707,48.88085],[2.11611,48.88138],[2.11584,48.8817],[2.11502,48.88282],[2.11378,48.88462],[2.11275,48.88569],[2.11234,48.88605],[2.11091,48.88745],[2.11009,48.88817],[2.1094,48.88852],[2.10831,48.88983],[2.10789,48.89064],[2.10776,48.89099],[2.10775,48.89248],[2.10782,48.89293],[2.10788,48.89333],[2.10822,48.89428],[2.10849,48.89558],[2.10847,48.89828],[2.1084,48.89868],[2.1084,48.89953],[2.10894,48.90007],[2.10956,48.90052],[2.11112,48.90179],[2.11186,48.9026],[2.11254,48.90368],[2.11274,48.90409],[2.1128,48.906],[2.11348,48.90692],[2.11389,48.90755],[2.11416,48.90827],[2.11585,48.91191],[2.11639,48.91295],[2.11828,48.91557],[2.11937,48.91692],[2.11957,48.91732],[2.12154,48.9198],[2.12391,48.92259],[2.1248,48.92353],[2.12595,48.92453],[2.12718,48.92551],[2.13302,48.92944],[2.13581,48.93106],[2.13704,48.93183],[2.13868,48.93273],[2.14222,48.93508],[2.14304,48.93575],[2.14351,48.9362],[2.14419,48.93669],[2.14542,48.93746],[2.14746,48.93854],[2.15066,48.94004],[2.15291,48.94126],[2.15648,48.94371],[2.16524,48.94878],[2.16776,48.95017],[2.16994,48.95153],[2.17205,48.9528],[2.17362,48.95383],[2.17423,48.95428],[2.17559,48.95563],[2.17648,48.95662],[2.17729,48.95766],[2.17777,48.95856],[2.17797,48.95923],[2.17796,48.96103],[2.17783,48.96175],[2.17782,48.96342],[2.17857,48.96517],[2.17911,48.96585],[2.17918,48.96585],[2.17945,48.96625],[2.17972,48.9667],[2.17992,48.96742],[2.17978,48.96854],[2.17944,48.96958],[2.1793,48.96962],[2.17896,48.97047],[2.17882,48.97061],[2.17848,48.97124],[2.17725,48.97294],[2.17704,48.97339],[2.17683,48.97362],[2.17539,48.97591],[2.17512,48.97622],[2.17471,48.9769],[2.17354,48.97834],[2.17224,48.97959],[2.1706,48.9809],[2.16716,48.98314],[2.16381,48.98484],[2.16293,48.98515],[2.16122,48.98551],[2.15749,48.98598],[2.15405,48.98658],[2.15294,48.98673],[2.15186,48.98707],[2.14993,48.98774],[2.14672,48.98908],[2.1448,48.98962],[2.14316,48.98984],[2.14146,48.98997],[2.13968,48.99002],[2.13695,48.98983],[2.13313,48.98969],[2.12949,48.98995],[2.12772,48.99026],[2.12437,48.99116],[2.12307,48.99138],[2.12164,48.99147],[2.11945,48.99146],[2.11754,48.99124],[2.11379,48.99064],[2.11193,48.99042],[2.1107,48.99041],[2.10537,48.99072],[2.10346,48.99076],[2.10073,48.99075],[2.09616,48.99061],[2.09075,48.9902],[2.08816,48.98987],[2.08598,48.98942],[2.08223,48.98847],[2.07302,48.98637],[2.07083,48.98579]]}},
{"type":"Feature","properties":{"code_eu_md":"FRHR155B-F7125000","name":"ru de buzot","longueur":9151.0,"statut":"MEN","ordre":2,"etateco":"5","qmoyaval":null,"distmer":null,"distsrce":null,"gid":8386,"annee":"2009"},"geometry":{"type":"LineString","coordinates":[[2.00423,48.89362],[2.00593,48.89389],[2.00661,48.89412],[2.00756,48.89421],[2.00844,48.89448],[2.00947,48.89493],[2.01048,48.89525],[2.01184,48.89598],[2.01252,48.89616],[2.01307,48.89612],[2.01382,48.89571],[2.01505,48.89468],[2.01642,48.8937],[2.0174,48.89312],[2.01821,48.8928],[2.02251,48.89205],[2.02292,48.89205],[2.02319,48.89214],[2.02381,48.89223],[2.02538,48.89206],[2.02646,48.89206],[2.02708,48.8922],[2.02816,48.8927],[2.02884,48.89292],[2.02987,48.89297],[2.03028,48.89306],[2.03095,48.89328],[2.03184,48.89338],[2.03252,48.89351],[2.03354,48.89361],[2.03593,48.89361],[2.03668,48.8937],[2.03763,48.89398],[2.03919,48.89475],[2.03994,48.89533],[2.04233,48.89691],[2.04315,48.89719],[2.04485,48.89769],[2.046,48.89783],[2.04648,48.89792],[2.0477,48.89873],[2.04859,48.89904],[2.04941,48.89918],[2.0505,48.89896],[2.05425,48.89771],[2.05691,48.89691],[2.05794,48.89673],[2.05841,48.89673],[2.05862,48.89682],[2.0591,48.89682],[2.05957,48.89646],[2.05971,48.89628],[2.06013,48.89539],[2.06068,48.89462],[2.06116,48.89422],[2.06165,48.89391],[2.06185,48.89381],[2.06233,48.89377],[2.06267,48.894],[2.06335,48.89459],[2.06355,48.89472],[2.06525,48.89504],[2.06593,48.89527],[2.06621,48.89526],[2.06641,48.89518],[2.06675,48.89536],[2.06661,48.89563],[2.06722,48.89599],[2.0679,48.89689],[2.06831,48.89721],[2.06967,48.89784],[2.07042,48.89788],[2.07124,48.89766],[2.07253,48.89708],[2.07363,48.89672],[2.07479,48.89655],[2.07772,48.89637],[2.07908,48.8961],[2.08045,48.89575],[2.08147,48.8953],[2.08236,48.89476],[2.08408,48.89364],[2.0847,48.89311],[2.08511,48.89252],[2.08675,48.89104],[2.08757,48.89046],[2.08894,48.88983],[2.09201,48.88857],[2.09631,48.88661],[2.09671,48.8864],[2.1049,48.88901],[2.10831,48.88983]]}},
{"type":"Feature","properties":{"code_eu_md":"FRHR156A","name":"la Bievre de sa source au bassin de retenue de la Bièvre à Antony","longueur":20614.0,"statut":"MEFM","ordre":2,"etateco":"3","qmoyaval":null,"distmer":null,"distsrce":null,"gid":8387,"annee":"2009"},"geometry":{"type":"LineString","coordinates":[[2.04892,48.78029],[2.05,48.78003],[2.05133,48.78006],[2.05266,48.77999],[2.0536,48.77975],[2.05598,48.7785],[2.06106,48.77787],[2.0667,48.77929],[2.06992,48.78123],[2.07088,48.78159],[2.072,48.78155],[2.07381,48.78158],[2.07526,48.78181],[2.07608,48.78219],[2.07725,48.78333],[2.08004,48.78429],[2.08061,48.78469],[2.08161,48.78497],[2.08192,48.78497],[2.0842,48.78302],[2.08608,48.78208],[2.08963,48.78161],[2.09074,48.78097],[2.09184,48.78027],[2.09266,48.77999],[2.09531,48.77997],[2.09665,48.78031],[2.09822,48.78053],[2.09893,48.78023],[2.09912,48.77962],[2.09862,48.77872],[2.09893,48.77824],[2.09886,48.77762],[2.0993,48.77726],[2.09964,48.77681],[2.09978,48.7765],[2.10019,48.77609],[2.10093,48.77582],[2.10155,48.77578],[2.10379,48.77574],[2.10447,48.7756],[2.10481,48.77552],[2.10529,48.77534],[2.10724,48.77433],[2.10767,48.7744],[2.10918,48.77441],[2.10994,48.77512],[2.11034,48.77554],[2.11052,48.77612],[2.11174,48.77653],[2.11494,48.77649],[2.11766,48.77682],[2.11815,48.77694],[2.12005,48.77681],[2.121,48.7765],[2.12209,48.77632],[2.1225,48.77619],[2.12332,48.7756],[2.12407,48.77543],[2.12516,48.77493],[2.12632,48.77493],[2.12829,48.7748],[2.1291,48.77494],[2.12965,48.77494],[2.13073,48.77463],[2.13074,48.77422],[2.13115,48.77386],[2.13224,48.77328],[2.13298,48.7731],[2.13394,48.77302],[2.13442,48.7727],[2.13686,48.77212],[2.13911,48.77126],[2.13947,48.77104],[2.13974,48.77099],[2.14089,48.77131],[2.14505,48.76975],[2.14532,48.76961],[2.14539,48.76952],[2.14648,48.76921],[2.14688,48.76898],[2.14729,48.76862],[2.14777,48.76858],[2.14791,48.76863],[2.14818,48.76854],[2.149,48.76795],[2.14974,48.76768],[2.15049,48.7676],[2.15131,48.7676],[2.15233,48.76782],[2.15287,48.76783],[2.15355,48.7676],[2.15376,48.76742],[2.15416,48.76733],[2.15491,48.76697],[2.15525,48.76707],[2.15586,48.76751],[2.15593,48.76743],[2.15668,48.76711],[2.15695,48.76716],[2.15695,48.7672],[2.15743,48.76716],[2.15811,48.76689],[2.15947,48.76599],[2.15968,48.76568],[2.16002,48.76541],[2.16022,48.76514],[2.16077,48.76473],[2.16199,48.76424],[2.16446,48.76398],[2.16568,48.76393],[2.16649,48.76398],[2.16744,48.76425],[2.16772,48.76452],[2.16792,48.76497],[2.16846,48.76506],[2.1688,48.76506],[2.17098,48.7648],[2.17234,48.76435],[2.17282,48.76413],[2.1737,48.76386],[2.17438,48.76372],[2.1752,48.76372],[2.17574,48.76381],[2.1771,48.76377],[2.17737,48.76382],[2.17819,48.76413],[2.17873,48.76418],[2.17955,48.76404],[2.18063,48.76373],[2.18125,48.76368],[2.18342,48.76374],[2.1841,48.7636],[2.18574,48.76288],[2.18655,48.76234],[2.18873,48.76122],[2.1899,48.76082],[2.19167,48.76037],[2.19235,48.76037],[2.19269,48.76047],[2.19337,48.76047],[2.19439,48.7602],[2.1948,48.76006],[2.19541,48.75961],[2.19555,48.75925],[2.19582,48.75903],[2.19698,48.75849],[2.19745,48.758],[2.19841,48.75737],[2.19916,48.75629],[2.1997,48.75589],[2.20079,48.75548],[2.2012,48.75562],[2.20297,48.75567],[2.20562,48.75558],[2.20738,48.75522],[2.20868,48.7555],[2.21126,48.75446],[2.21208,48.75406],[2.21235,48.75397],[2.21337,48.75379],[2.21405,48.75375],[2.21536,48.75348],[2.21576,48.7533],[2.2161,48.75303],[2.21658,48.75285],[2.21706,48.75285],[2.21753,48.75294],[2.21801,48.75285],[2.21876,48.75236],[2.21916,48.752],[2.21998,48.75164],[2.22012,48.75083],[2.22114,48.75007],[2.22277,48.7498],[2.22304,48.74967],[2.22318,48.74899],[2.22434,48.74895],[2.22563,48.74868],[2.22651,48.74774],[2.22787,48.74711],[2.22835,48.74671],[2.22889,48.74657],[2.22923,48.74635],[2.22944,48.74608],[2.22985,48.74486],[2.23005,48.74468],[2.23005,48.74459],[2.23046,48.74433],[2.23067,48.74405],[2.23067,48.74302],[2.23074,48.74279],[2.23108,48.74243],[2.23121,48.74194],[2.23155,48.74171],[2.23244,48.74167],[2.23257,48.74171],[2.23257,48.74158],[2.23285,48.7414],[2.23387,48.74144],[2.23434,48.74131],[2.2357,48.74059],[2.23604,48.74023],[2.23632,48.73902],[2.23666,48.73853],[2.23686,48.73839],[2.23761,48.73821],[2.23836,48.73817],[2.23917,48.73799],[2.24014,48.73759],[2.24231,48.73759],[2.24347,48.73741],[2.24394,48.73718],[2.24449,48.73759],[2.24523,48.73799],[2.24537,48.73781],[2.24714,48.73709],[2.24843,48.73696],[2.24924,48.7371],[2.25305,48.73849],[2.26733,48.73738],[2.26842,48.7376],[2.26977,48.73805],[2.27005,48.73828],[2.27073,48.73859],[2.27358,48.73958],[2.27412,48.73994],[2.27432,48.74035],[2.27466,48.74062],[2.27643,48.74066],[2.27718,48.74089],[2.27752,48.74116],[2.27772,48.74157],[2.27907,48.74232]]}},
{"type":"Feature","properties":{"code_eu_md":"FRHR156A-F7019000","name":"ru de Vauhallan","longueur":5344.0,"statut":"MEN","ordre":2,"etateco":"5","qmoyaval":null,"distmer":null,"distsrce":null,"gid":8388,"annee":"2009"},"geometry":{"type":"MultiLineString","coordinates":[[[2.18286,48.74101],[2.18424,48.74],[2.18636,48.73915],[2.18725,48.73871],[2.18847,48.73821],[2.18895,48.73808],[2.19024,48.73808],[2.19071,48.7379],[2.19153,48.73727],[2.19235,48.73696],[2.19269,48.73678],[2.19452,48.73615],[2.1952,48.73566],[2.19602,48.73525],[2.19704,48.7349],[2.19718,48.7349],[2.19718,48.73485],[2.19793,48.73467],[2.19826,48.73467],[2.19922,48.73454],[2.20024,48.73427],[2.20024,48.73422],[2.20105,48.73418],[2.20146,48.73432],[2.202,48.73468],[2.20248,48.73472],[2.20288,48.73459],[2.20343,48.73423],[2.20404,48.73405],[2.20499,48.73396],[2.20533,48.73387],[2.20567,48.7336],[2.20588,48.73316],[2.20588,48.73275],[2.20608,48.73243],[2.20663,48.73221],[2.20826,48.73203],[2.20826,48.73199],[2.20846,48.73199],[2.20846,48.73194],[2.20887,48.73185],[2.20901,48.73176],[2.20928,48.73186],[2.20995,48.73253],[2.21016,48.73262],[2.21023,48.73257],[2.21078,48.73294],[2.21112,48.73298],[2.21153,48.73298],[2.2116,48.73294],[2.21194,48.73307],[2.21201,48.7332],[2.21235,48.73343],[2.21248,48.73343],[2.21269,48.73356],[2.2135,48.73379],[2.21472,48.73402],[2.2152,48.7342],[2.21533,48.73442],[2.21554,48.73456],[2.21588,48.73465],[2.21635,48.73492],[2.21649,48.73519],[2.2171,48.73559],[2.2173,48.73559],[2.2173,48.73564],[2.21791,48.73573],[2.21845,48.736],[2.21906,48.73613],[2.21974,48.73618],[2.22076,48.73632],[2.22137,48.73623],[2.22233,48.73623],[2.22314,48.73645],[2.22409,48.7365],[2.22416,48.73654],[2.22559,48.73641],[2.22627,48.73646],[2.22701,48.73623],[2.22817,48.73619],[2.23034,48.73565],[2.23123,48.73574],[2.23191,48.73601],[2.23218,48.73601],[2.23231,48.73597],[2.23238,48.73579],[2.2334,48.73484],[2.23374,48.73471],[2.23483,48.73471],[2.23592,48.73493],[2.23673,48.7352],[2.23775,48.73584],[2.23884,48.7362],[2.23933,48.73647],[2.23966,48.73673],[2.23987,48.73701],[2.24008,48.73753],[2.24014,48.73755]],[[2.17986,48.74164],[2.18213,48.7413],[2.18286,48.74105]]]}},
{"type":"Feature","properties":{"code_eu_md":"FRHR156B","name":"la Bievre du bassin de retenue de la Bièvre à Antony au confluent de la Seine (exclu)","longueur":13959.0,"statut":"MEFM","ordre":2,"etateco":"5","qmoyaval":null,"distmer":null,"distsrce":null,"gid":8389,"annee":"2009"},"geometry":{"type":"LineString","coordinates":[[2.27907,48.74232],[2.2873,48.74585],[2.28811,48.74535],[2.28886,48.74504],[2.28927,48.74513],[2.29076,48.74594],[2.29131,48.74607],[2.29239,48.74616],[2.29436,48.74693],[2.29477,48.7472],[2.317,48.76371],[2.317,48.76492],[2.31714,48.76541],[2.31816,48.76676],[2.32013,48.76829],[2.32149,48.76977],[2.32217,48.77036],[2.32291,48.77229],[2.32354,48.77323],[2.32408,48.77386],[2.32537,48.77485],[2.32571,48.77539],[2.33322,48.79924],[2.34441,48.83318],[2.36629,48.84495]]}},
{"type":"Feature","properties":{"code_eu_md":"FRHR156B-F7029000","name":"ru de rungis","longueur":4286.0,"statut":"MEFM","ordre":2,"etateco":"3","qmoyaval":null,"distmer":null,"distsrce":null,"gid":8390,"annee":"2009"},"geometry":{"type":"LineString","coordinates":[[2.34767,48.7469],[2.34754,48.74628],[2.34754,48.7453],[2.34781,48.74506],[2.34783,48.74461],[2.34643,48.74161],[2.3463,48.74126],[2.34573,48.7409],[2.34518,48.74063],[2.34446,48.74037],[2.34364,48.74021],[2.34289,48.74019],[2.34214,48.74021],[2.34078,48.74054],[2.34009,48.74062],[2.33868,48.74119],[2.33492,48.74288],[2.33438,48.7431],[2.3333,48.74373],[2.33285,48.74408],[2.33116,48.74487],[2.32942,48.74544],[2.32795,48.74585],[2.3272,48.74634],[2.32723,48.7467],[2.32705,48.74693],[2.32672,48.74751],[2.32657,48.74786],[2.3263,48.74806],[2.32603,48.74831],[2.32561,48.74839],[2.32546,48.74851],[2.32516,48.74861],[2.32462,48.74847],[2.32356,48.74855],[2.32299,48.74872],[2.32239,48.74876],[2.32175,48.74888],[2.32028,48.74932],[2.31902,48.74988],[2.31727,48.7504],[2.31673,48.75049],[2.31607,48.75051],[2.31483,48.75098],[2.31484,48.75134],[2.31418,48.75199],[2.31358,48.75242],[2.3131,48.75272],[2.31189,48.7536],[2.31142,48.75387],[2.30759,48.75672]]}},
{"type":"Feature","properties":{"code_eu_md":"FRHR157A","name":"le Croult de sa source au lac départemental de la Courneuve","longueur":16342.0,"statut":"MEFM","ordre":1,"etateco":"3","qmoyaval":null,"distmer":null,"distsrce":null,"gid":8391,"annee":"2009"},"geometry":{"type":"LineString","coordinates":[[2.43226,49.07032],[2.43376,49.07],[2.43424,49.07],[2.43535,49.07045],[2.43651,49.07076],[2.4372,49.0708],[2.4374,49.07058],[2.44055,49.07013],[2.44054,49.06838],[2.44047,49.06788],[2.44013,49.06671],[2.43958,49.06537],[2.43985,49.06523],[2.43985,49.0651],[2.43965,49.06469],[2.43937,49.06362],[2.43903,49.06289],[2.43848,49.062],[2.438,49.06092],[2.43847,49.05997],[2.43868,49.05893],[2.43915,49.05817],[2.43922,49.05759],[2.43936,49.05709],[2.44079,49.0561],[2.44154,49.05574],[2.44352,49.05493],[2.44427,49.05457],[2.44516,49.05394],[2.44571,49.05349],[2.44666,49.05326],[2.44769,49.05317],[2.44833,49.05298],[2.44919,49.05281],[2.452,49.05245],[2.45261,49.05232],[2.45336,49.05186],[2.45411,49.05164],[2.4557,49.05159],[2.45741,49.05105],[2.45843,49.05087],[2.45932,49.05087],[2.46014,49.05074],[2.4613,49.05024],[2.46219,49.04966],[2.46314,49.04875],[2.46389,49.04771],[2.46416,49.04749],[2.46505,49.04704],[2.46655,49.04614],[2.46703,49.04573],[2.46744,49.04524],[2.46894,49.04456],[2.47167,49.04263],[2.47317,49.04137],[2.47632,49.03862],[2.47748,49.0374],[2.4785,49.03596],[2.47918,49.03515],[2.48034,49.03407],[2.48123,49.03349],[2.48157,49.03344],[2.48184,49.03358],[2.48218,49.03362],[2.48321,49.03321],[2.4856,49.03236],[2.48682,49.03155],[2.48682,49.03092],[2.48668,49.03033],[2.48613,49.02894],[2.48565,49.02786],[2.48633,49.02755],[2.48633,49.02719],[2.48613,49.0267],[2.48579,49.02643],[2.48544,49.02629],[2.48455,49.02602],[2.48353,49.02625],[2.48196,49.02648],[2.48073,49.02648],[2.47998,49.02634],[2.47957,49.02612],[2.47922,49.0258],[2.47888,49.02535],[2.47654,49.02207],[2.47619,49.02126],[2.47564,49.02027],[2.4753,49.01974],[2.47523,49.01951],[2.47543,49.01933],[2.47543,49.01875],[2.47489,49.01812],[2.47488,49.01718],[2.47454,49.01609],[2.4742,49.0156],[2.47385,49.01551],[2.47338,49.01547],[2.47297,49.0156],[2.47215,49.01601],[2.47194,49.01597],[2.47153,49.01565],[2.47009,49.01466],[2.46893,49.01345],[2.46824,49.01268],[2.4679,49.01187],[2.46722,49.01084],[2.46674,49.00994],[2.46673,49.00949],[2.46769,49.00841],[2.46796,49.00769],[2.46816,49.00747],[2.46851,49.00729],[2.46926,49.00724],[2.46953,49.00706],[2.46953,49.00666],[2.46912,49.00612],[2.46912,49.00549],[2.46918,49.00495],[2.46904,49.00464],[2.46897,49.00423],[2.46918,49.00365],[2.46918,49.00302],[2.46904,49.00275],[2.46945,49.00248],[2.46999,49.00225],[2.47061,49.00189],[2.47061,49.00162],[2.4704,49.001],[2.4704,48.99928],[2.47033,48.99914],[2.4693,48.99842],[2.46882,48.99789],[2.46834,48.99717],[2.46807,48.99667],[2.46745,48.99573],[2.46724,48.9951],[2.46717,48.99439],[2.46697,48.99389],[2.46635,48.99317],[2.46553,48.99246],[2.46478,48.99174],[2.46396,48.99079],[2.46346,48.98949],[2.46346,48.989],[2.46291,48.98868],[2.46291,48.98859],[2.46209,48.98824],[2.46168,48.98801],[2.45799,48.98725],[2.45683,48.98689],[2.45533,48.9868],[2.45519,48.98676],[2.45478,48.98649],[2.45437,48.98599],[2.45403,48.98581],[2.45307,48.98558],[2.45068,48.98545],[2.44959,48.98509],[2.44843,48.98496],[2.44761,48.98473],[2.44741,48.98451],[2.44693,48.9842],[2.44665,48.98397],[2.44611,48.98375],[2.44488,48.98384],[2.44418,48.98352],[2.44363,48.98352],[2.44302,48.98317],[2.44247,48.98299],[2.44138,48.98299],[2.44097,48.98303],[2.44036,48.98294],[2.44015,48.98276],[2.43927,48.98281],[2.43899,48.98272],[2.43838,48.98232],[2.43769,48.98155],[2.43687,48.98097],[2.43633,48.98079],[2.43277,48.98061],[2.4323,48.98048],[2.43161,48.98007],[2.43141,48.97985],[2.43079,48.97949],[2.42929,48.979],[2.4269,48.97815],[2.42649,48.97788],[2.42629,48.97756],[2.42628,48.97716],[2.42642,48.9768],[2.42649,48.97644],[2.42621,48.97613],[2.42594,48.97563],[2.42552,48.97532],[2.42531,48.97509],[2.42538,48.97478]]}},
{"type":"Feature","properties":{"code_eu_md":"FRHR157A-F7060600","name":"Petit Rosne","longueur":15138.0,"statut":"MEFM","ordre":2,"etateco":"5","qmoyaval":null,"distmer":null,"distsrce":null,"gid":8392,"annee":"2009"},"geometry":{"type":"LineString","coordinates":[[2.31054,49.04063],[2.31122,49.04131],[2.3119,49.04131],[2.31225,49.04158],[2.313,49.0423],[2.31354,49.0431],[2.31457,49.04418],[2.31457,49.04463],[2.31525,49.04517],[2.31553,49.04572],[2.31552,49.04612],[2.31525,49.0464],[2.31771,49.049],[2.31764,49.04909],[2.31675,49.04945],[2.31675,49.04954],[2.31689,49.04976],[2.32065,49.0508],[2.32291,49.0512],[2.32325,49.05183],[2.32441,49.05143],[2.32489,49.05143],[2.32666,49.05161],[2.32764,49.05161],[2.3288,49.05129],[2.32907,49.05125],[2.33304,49.04967],[2.33413,49.04905],[2.33447,49.04869],[2.33495,49.04788],[2.33536,49.04757],[2.33598,49.04747],[2.33652,49.04761],[2.33686,49.04779],[2.33714,49.04775],[2.33789,49.04734],[2.33837,49.04689],[2.33919,49.04644],[2.34076,49.04576],[2.34172,49.04517],[2.34226,49.04518],[2.34254,49.04522],[2.34308,49.04518],[2.34431,49.04481],[2.34527,49.04427],[2.34624,49.04383],[2.34706,49.04329],[2.34795,49.04252],[2.34911,49.04162],[2.35171,49.03978],[2.35225,49.03951],[2.35349,49.03911],[2.35403,49.03875],[2.35431,49.03821],[2.35519,49.03731],[2.35547,49.03682],[2.35601,49.03646],[2.35656,49.03618],[2.35683,49.03587],[2.35731,49.03488],[2.35752,49.03471],[2.35806,49.03434],[2.35861,49.03421],[2.36372,49.02144],[2.36545,49.01995],[2.36599,49.01945],[2.36613,49.01927],[2.36613,49.01914],[2.3649,49.01882],[2.36475,49.01855],[2.36413,49.01698],[2.3642,49.01658],[2.36468,49.01586],[2.36504,49.01518],[2.36544,49.01483],[2.36626,49.0142],[2.36667,49.01365],[2.36681,49.01307],[2.36667,49.01267],[2.36647,49.01235],[2.36599,49.01204],[2.36482,49.01163],[2.36454,49.01127],[2.36544,49.01064],[2.36544,49.01028],[2.36565,49.01002],[2.36565,49.0097],[2.36578,49.00952],[2.36606,49.0093],[2.36612,49.00916],[2.36619,49.00857],[2.36708,49.00803],[2.36742,49.00762],[2.36742,49.00753],[2.36722,49.0074],[2.36728,49.00722],[2.36728,49.00704],[2.36722,49.007],[2.36735,49.00673],[2.36735,49.00632],[2.36783,49.00551],[2.36851,49.00461],[2.3694,49.00371],[2.36974,49.00363],[2.37036,49.00362],[2.37063,49.00345],[2.37083,49.00304],[2.37083,49.00192],[2.3709,49.00129],[2.37087,49.001],[2.37106,49.00069],[2.37145,49.00048],[2.37165,49.00026],[2.37199,49.00012],[2.37384,48.99985],[2.37547,48.99945],[2.37629,48.999],[2.3767,48.99859],[2.37684,48.99832],[2.37684,48.99738],[2.37616,48.99584],[2.37581,48.99526],[2.37581,48.99508],[2.37984,48.99216],[2.38018,48.99184],[2.38086,48.9904],[2.381,48.98991],[2.38147,48.98856],[2.3818,48.9874],[2.38182,48.98704],[2.38216,48.98661],[2.38239,48.98649],[2.38285,48.9863],[2.383,48.98617],[2.38318,48.98586],[2.38352,48.98569],[2.38461,48.98541],[2.38557,48.98532],[2.38599,48.98519],[2.38667,48.98474],[2.38811,48.98411],[2.38906,48.98384],[2.38947,48.98389],[2.39077,48.98438],[2.39138,48.98438],[2.39159,48.9842],[2.39384,48.98338],[2.39541,48.98324],[2.39678,48.98279],[2.39828,48.98266],[2.3991,48.98225],[2.39957,48.98221],[2.4008,48.98239],[2.40121,48.98239],[2.4034,48.98176],[2.4051,48.98153],[2.40688,48.98181],[2.40849,48.9813],[2.40908,48.98104],[2.40955,48.98065],[2.41167,48.9804],[2.41358,48.97982],[2.41453,48.97968],[2.41815,48.97851],[2.41924,48.97802],[2.4202,48.97775],[2.42177,48.97748],[2.4219,48.97725],[2.42231,48.97694],[2.42238,48.97653],[2.42251,48.97635],[2.42361,48.97532],[2.42538,48.97478]]}},
{"type":"Feature","properties":{"code_eu_md":"FRHR157B","name":"le Croult du lac départemental de la Courneuve au confluent de la Seine (exclu)","longueur":8802.0,"statut":"MEFM","ordre":1,"etateco":"3","qmoyaval":null,"distmer":null,"distsrce":null,"gid":8393,"annee":"2009"},"geometry":{"type":"LineString","coordinates":[[2.42538,48.97478],[2.42599,48.97446],[2.42599,48.97424],[2.42592,48.9741],[2.42558,48.97375],[2.42551,48.97294],[2.42456,48.97226],[2.42408,48.97217],[2.42285,48.97204],[2.42251,48.97218],[2.42203,48.97217],[2.42114,48.97208],[2.4208,48.97191],[2.42032,48.9714],[2.42005,48.97091],[2.41937,48.97078],[2.41752,48.96961],[2.41718,48.96934],[2.41691,48.96893],[2.41629,48.96831],[2.41609,48.9679],[2.41561,48.9675],[2.41554,48.96714],[2.41513,48.96678],[2.41479,48.96637],[2.41472,48.96574],[2.41424,48.9653],[2.41424,48.96498],[2.41431,48.96489],[2.41499,48.96462],[2.41499,48.96444],[2.41472,48.96431],[2.41444,48.96408],[2.41444,48.96377],[2.41485,48.96336],[2.41505,48.96296],[2.41533,48.96273],[2.41608,48.96251],[2.41642,48.96229],[2.41642,48.9622],[2.41662,48.96197],[2.41724,48.96184],[2.41731,48.9617],[2.41703,48.96116],[2.41696,48.96085],[2.4171,48.96067],[2.41751,48.96035],[2.41757,48.96026],[2.41764,48.95994],[2.41771,48.95981],[2.41805,48.9595],[2.41785,48.95914],[2.41751,48.95891],[2.41689,48.95874],[2.41409,48.9582],[2.41245,48.95778],[2.4115,48.95742],[2.41013,48.95657],[2.40986,48.95622],[2.40965,48.95576],[2.40972,48.95532],[2.40999,48.95496],[2.40999,48.95464],[2.40979,48.95433],[2.40863,48.95352],[2.40691,48.95253],[2.40588,48.95181],[2.40506,48.95145],[2.40411,48.95118],[2.40295,48.95056],[2.40131,48.95002],[2.39951,48.94977],[2.39588,48.94626],[2.39346,48.9459],[2.39151,48.94503],[2.38519,48.94327],[2.37923,48.94234],[2.37291,48.94096],[2.36996,48.9408],[2.36371,48.94118],[2.35979,48.94102],[2.35667,48.94035],[2.35039,48.94071],[2.34418,48.94059],[2.34209,48.93983]]}},
{"type":"Feature","properties":{"code_eu_md":"FRHR157B-F7075000","name":"la Moree","longueur":18435.0,"statut":"MEFM","ordre":2,"etateco":"4","qmoyaval":null,"distmer":null,"distsrce":null,"gid":8394,"annee":"2009"},"geometry":{"type":"MultiLineString","coordinates":[[[2.5468,48.94692],[2.54495,48.94632],[2.54309,48.94441],[2.54215,48.94235],[2.53812,48.93947],[2.5316,48.9384],[2.52945,48.93592],[2.51936,48.93228],[2.51154,48.93348],[2.50541,48.93532],[2.50022,48.93632],[2.49176,48.93999],[2.4884,48.94037],[2.48798,48.94159],[2.48123,48.9429],[2.4796,48.94374],[2.47858,48.94442],[2.47803,48.94459],[2.47558,48.94509],[2.4749,48.94536],[2.47333,48.94586],[2.4721,48.94635],[2.47108,48.94699],[2.47108,48.94865],[2.47123,48.95059],[2.47109,48.95086],[2.47075,48.95122],[2.47027,48.95131],[2.46849,48.95149],[2.46733,48.95167],[2.46692,48.95181],[2.46678,48.95212],[2.4663,48.9523],[2.46508,48.95302],[2.46405,48.95316],[2.4633,48.95311],[2.46235,48.95334],[2.46105,48.95379],[2.45928,48.95483],[2.45792,48.95537],[2.45731,48.95541],[2.45574,48.95528],[2.45457,48.95483],[2.4543,48.95483],[2.45396,48.95501],[2.45355,48.95501],[2.45301,48.95483],[2.45185,48.95461],[2.45137,48.95456],[2.45082,48.95465],[2.44925,48.95474],[2.44891,48.95461],[2.44856,48.95461],[2.44828,48.9547],[2.44808,48.95488],[2.44801,48.95502],[2.44767,48.95537],[2.44754,48.95569],[2.4472,48.95592],[2.44597,48.95645],[2.44481,48.95686],[2.44365,48.95704],[2.44181,48.95709],[2.43949,48.95723],[2.43532,48.95763],[2.43185,48.95817],[2.42692,48.95886],[2.42419,48.95909],[2.42365,48.95927],[2.42324,48.9595],[2.42273,48.95985],[2.42168,48.96018],[2.4212,48.96028],[2.42022,48.96023],[2.41945,48.96005],[2.41853,48.95981],[2.41805,48.9595]],[[2.55477,48.97833],[2.55422,48.97834],[2.55402,48.97829],[2.5534,48.97784],[2.55244,48.97703],[2.55148,48.97654],[2.55018,48.976],[2.55005,48.97564],[2.54984,48.97538],[2.54916,48.97529],[2.54875,48.97515],[2.54813,48.9748],[2.54765,48.97443],[2.54758,48.97425],[2.54772,48.97417],[2.54779,48.97408],[2.54676,48.97282],[2.54621,48.97251],[2.54601,48.97246],[2.54579,48.97255],[2.54552,48.9726],[2.54517,48.9722],[2.54435,48.97179],[2.5438,48.97134],[2.54298,48.97076],[2.54209,48.97031],[2.54086,48.96865],[2.54052,48.96838],[2.53922,48.96798],[2.53929,48.96776],[2.53908,48.96758],[2.5384,48.96731],[2.53778,48.96731],[2.53765,48.96722],[2.53758,48.96685],[2.5371,48.96654],[2.53553,48.96663],[2.5343,48.96654],[2.5343,48.96609],[2.51559,48.95815],[2.51028,48.95513],[2.4796,48.94374]]]}},
{"type":"Feature","properties":{"code_eu_md":"FRHR211-H1684000","name":"ru de berne","longueur":13769.0,"statut":"MEN","ordre":2,"etateco":"4","qmoyaval":null,"distmer":null,"distsrce":null,"gid":8677,"annee":"2009"},"geometry":{"type":"LineString","coordinates":[[2.95357,49.33134],[2.95434,49.33242],[2.95441,49.33273],[2.95452,49.33552],[2.9551,49.33731],[2.95545,49.33789],[2.95553,49.3387],[2.95595,49.3391],[2.95872,49.34098],[2.95893,49.34156],[2.95928,49.34188],[2.95942,49.34215],[2.96012,49.34277],[2.96047,49.34331],[2.96074,49.34344],[2.96095,49.34367],[2.96158,49.34389],[2.96212,49.34388],[2.9645,49.3454],[2.96526,49.34593],[2.96588,49.34656],[2.96651,49.34682],[2.96899,49.34735],[2.97057,49.34721],[2.9716,49.34734],[2.97249,49.34765],[2.97306,49.34823],[2.97409,49.34858],[2.97765,49.34871],[2.97947,49.34905],[2.98003,49.34954],[2.98065,49.34994],[2.98252,49.35056],[2.9828,49.35078],[2.98294,49.3511],[2.98287,49.35137],[2.98199,49.3524],[2.98192,49.35267],[2.98207,49.35303],[2.982,49.3533],[2.98132,49.35375],[2.97988,49.35431],[2.97907,49.3549],[2.97721,49.3554],[2.97722,49.35576],[2.97729,49.35599],[2.9773,49.35657],[2.97716,49.35684],[2.97676,49.35733],[2.9758,49.35802],[2.97505,49.35838],[2.97416,49.35888],[2.97342,49.35969],[2.97246,49.36032],[2.97205,49.36069],[2.97131,49.36173],[2.97056,49.36227],[2.96933,49.36296],[2.96899,49.36304],[2.96899,49.36354],[2.96907,49.36394],[2.96915,49.36534],[2.96918,49.36713],[2.96905,49.36767],[2.96858,49.36893],[2.96852,49.36934],[2.96825,49.37002],[2.96791,49.37056],[2.96737,49.37092],[2.96627,49.37138],[2.96614,49.37188],[2.96574,49.37273],[2.96568,49.37376],[2.96582,49.37435],[2.96717,49.37731],[2.96787,49.37821],[2.96788,49.37906],[2.96754,49.38028],[2.96687,49.38082],[2.96584,49.38127],[2.96365,49.38187],[2.96101,49.38313],[2.95845,49.38468],[2.95693,49.38523],[2.95653,49.38534],[2.95576,49.3852],[2.9535,49.38593],[2.95316,49.38624],[2.95145,49.38679],[2.95103,49.38684],[2.94939,49.38743],[2.94658,49.38825],[2.94548,49.38853],[2.94473,49.38876],[2.94384,49.38908],[2.94302,49.38953],[2.94267,49.38962],[2.94212,49.38989],[2.94129,49.39018],[2.94102,49.3904],[2.94019,49.39076],[2.93965,49.39131],[2.93616,49.39321],[2.93356,49.39444],[2.93226,49.39498],[2.93103,49.39539],[2.9269,49.39587],[2.92504,49.39628],[2.92442,49.39669],[2.92401,49.39678],[2.9238,49.39688],[2.92243,49.39688],[2.92188,49.39702],[2.9212,49.39747],[2.92086,49.39779],[2.92011,49.39869],[2.92005,49.39963],[2.91971,49.40017],[2.91931,49.40072],[2.91931,49.40139],[2.91864,49.40247],[2.91816,49.40262],[2.91692,49.40307],[2.91631,49.40352],[2.91611,49.40388],[2.91611,49.40424],[2.91632,49.40465],[2.91632,49.40478],[2.91572,49.40586],[2.91565,49.40631],[2.91558,49.40635],[2.91573,49.40694],[2.91664,49.4081],[2.91837,49.40931],[2.91942,49.40997],[2.91943,49.4102],[2.91957,49.41033],[2.92039,49.41042],[2.92067,49.41055],[2.92123,49.41136],[2.92179,49.41195],[2.92234,49.41239],[2.92303,49.41257],[2.92324,49.41266],[2.92352,49.4127],[2.92506,49.41503],[2.92555,49.41543],[2.92555,49.4157],[2.92541,49.41597],[2.92549,49.41638]]}},
{"type":"Feature","properties":{"code_eu_md":"FRHR216A","name":"L'Oise du confluent du Thérain (exclu) au confluent de l'Esches (exclu)","longueur":21183.0,"statut":"MEFM","ordre":0,"etateco":"3","qmoyaval":null,"distmer":null,"distsrce":null,"gid":8687,"annee":"2009"},"geometry":{"type":"LineString","coordinates":[[2.45045,49.24067],[2.44714,49.23699],[2.44597,49.23555],[2.44494,49.2342],[2.44459,49.23353],[2.44267,49.23087],[2.44267,49.23078],[2.44102,49.22925],[2.44012,49.22863],[2.43848,49.22787],[2.43551,49.22688],[2.43414,49.22616],[2.43283,49.22531],[2.43215,49.22468],[2.43118,49.22338],[2.43001,49.22077],[2.42939,49.21973],[2.4285,49.21874],[2.42706,49.21735],[2.42575,49.21632],[2.42424,49.21498],[2.42362,49.2143],[2.4228,49.21318],[2.42232,49.21214],[2.42232,49.21182],[2.42189,49.21034],[2.42168,49.20989],[2.42106,49.20899],[2.41969,49.20782],[2.419,49.20738],[2.41633,49.20594],[2.4142,49.20509],[2.4131,49.20473],[2.41201,49.20451],[2.40678,49.20411],[2.40438,49.20361],[2.40294,49.20348],[2.40123,49.20357],[2.40075,49.20366],[2.39917,49.20411],[2.39684,49.20461],[2.39492,49.20478],[2.39417,49.20479],[2.39245,49.20456],[2.39045,49.20412],[2.38689,49.20353],[2.37975,49.20295],[2.37804,49.20273],[2.37556,49.2021],[2.37302,49.2016],[2.37165,49.2012],[2.37083,49.20079],[2.36966,49.20012],[2.36863,49.19926],[2.36795,49.19827],[2.36767,49.1976],[2.36774,49.19616],[2.36788,49.1958],[2.36794,49.19517],[2.36781,49.19477],[2.36698,49.19351],[2.36664,49.19261],[2.36664,49.19136],[2.36671,49.19068],[2.36705,49.18964],[2.36767,49.18879],[2.36972,49.18649],[2.37041,49.18559],[2.37102,49.1846],[2.37123,49.18402],[2.37123,49.18317],[2.37095,49.18151],[2.37088,49.18001],[2.37074,49.17943],[2.37068,49.1788],[2.37026,49.17718],[2.36985,49.17611],[2.36869,49.17377],[2.36827,49.17247],[2.36827,49.17112],[2.368,49.17063],[2.36704,49.16931],[2.36628,49.16814],[2.3658,49.16729],[2.36525,49.16595],[2.36484,49.16406],[2.36471,49.16289],[2.3645,49.16181],[2.36443,49.15997],[2.36402,49.15758],[2.36361,49.1565],[2.3623,49.15394],[2.36223,49.15309],[2.36223,49.15134],[2.36203,49.15075],[2.36168,49.15008],[2.36119,49.14927],[2.36071,49.14873],[2.35968,49.14773],[2.35824,49.14679],[2.35729,49.1463],[2.35633,49.14594],[2.35605,49.14576],[2.35441,49.14526],[2.35277,49.14499],[2.35126,49.14499],[2.3492,49.14522],[2.34371,49.1463],[2.34193,49.14648],[2.34186,49.14652],[2.33967,49.1467],[2.33303,49.14715],[2.33029,49.14742],[2.32658,49.14787],[2.32199,49.14891],[2.32028,49.14927],[2.32021,49.14923],[2.31966,49.1494],[2.31733,49.14985],[2.31507,49.14995],[2.31213,49.15026],[2.31061,49.15053],[2.30869,49.15075],[2.30232,49.15102],[2.29855,49.15156],[2.29697,49.15174],[2.29622,49.15169],[2.29463,49.15133],[2.29333,49.15097],[2.29231,49.15048],[2.29011,49.14913],[2.28868,49.14817],[2.28779,49.14728],[2.28662,49.14629],[2.2856,49.14562],[2.28464,49.14516],[2.28204,49.14444],[2.28081,49.14404],[2.27896,49.14309],[2.27778,49.1426],[2.2745,49.14175]]}},
{"type":"Feature","properties":{"code_eu_md":"FRHR216B","name":"L'Esches de sa source au confluent de l'Oise (exclu)","longueur":20227.0,"statut":"MEFM","ordre":2,"etateco":"3","qmoyaval":null,"distmer":null,"distsrce":null,"gid":8688,"annee":"2009"},"geometry":{"type":"LineString","coordinates":[[2.1412,49.26308],[2.14065,49.26241],[2.13929,49.26151],[2.1386,49.26084],[2.13696,49.25971],[2.13655,49.25921],[2.13607,49.2579],[2.13601,49.25736],[2.13621,49.257],[2.13642,49.25624],[2.13656,49.25539],[2.13622,49.2548],[2.13622,49.25471],[2.13534,49.25327],[2.13513,49.25278],[2.13486,49.25228],[2.13464,49.2517],[2.13466,49.25058],[2.13473,49.25035],[2.1348,49.24909],[2.13508,49.24841],[2.13502,49.24608],[2.13468,49.24531],[2.13462,49.24477],[2.13482,49.24437],[2.13531,49.24365],[2.13579,49.24271],[2.13572,49.24212],[2.13545,49.24122],[2.13573,49.24046],[2.1358,49.23943],[2.13615,49.2387],[2.13643,49.23776],[2.13643,49.23587],[2.13657,49.2352],[2.13658,49.23345],[2.13672,49.23241],[2.13686,49.23187],[2.13694,49.23021],[2.13707,49.23012],[2.13707,49.22994],[2.13818,49.22756],[2.13859,49.22719],[2.1386,49.2267],[2.13908,49.22594],[2.13929,49.22522],[2.13949,49.22482],[2.13977,49.2241],[2.13977,49.22352],[2.13971,49.22289],[2.13978,49.22275],[2.14019,49.22235],[2.14047,49.22194],[2.14116,49.22122],[2.14184,49.22042],[2.14212,49.21983],[2.14226,49.21912],[2.14288,49.21867],[2.14336,49.21799],[2.1442,49.2174],[2.14667,49.21628],[2.1475,49.21619],[2.15244,49.21431],[2.15361,49.21378],[2.15477,49.21414],[2.15546,49.21419],[2.15594,49.21419],[2.15635,49.2141],[2.15676,49.21374],[2.15738,49.21343],[2.1582,49.21356],[2.1589,49.21343],[2.15938,49.21361],[2.16055,49.21348],[2.16117,49.21348],[2.16144,49.21352],[2.16199,49.21388],[2.16274,49.2142],[2.16363,49.21429],[2.16418,49.2142],[2.16555,49.21411],[2.16692,49.21389],[2.16741,49.21384],[2.1685,49.21425],[2.17001,49.2147],[2.17186,49.21511],[2.17268,49.21525],[2.17412,49.21498],[2.17565,49.21453],[2.17592,49.2144],[2.17606,49.21417],[2.1764,49.2139],[2.17709,49.21381],[2.17743,49.21354],[2.17784,49.21346],[2.17935,49.21341],[2.17956,49.21327],[2.17956,49.21314],[2.18011,49.21296],[2.18059,49.21269],[2.1808,49.21269],[2.18114,49.21283],[2.18141,49.21278],[2.18162,49.2127],[2.18162,49.21238],[2.18175,49.21238],[2.18217,49.21256],[2.18272,49.21238],[2.18299,49.21238],[2.18333,49.2122],[2.18374,49.21216],[2.18416,49.2122],[2.18498,49.21194],[2.18628,49.21167],[2.18697,49.2114],[2.18821,49.21059],[2.18896,49.21023],[2.1898,49.20992],[2.19028,49.20965],[2.19035,49.20943],[2.19021,49.20934],[2.19008,49.20902],[2.19021,49.20889],[2.19035,49.20862],[2.18974,49.20808],[2.18974,49.20777],[2.19029,49.20696],[2.19036,49.20588],[2.19063,49.20561],[2.19125,49.20525],[2.19331,49.20435],[2.19551,49.20372],[2.19592,49.20345],[2.19647,49.20345],[2.19681,49.20336],[2.19784,49.20327],[2.19853,49.20309],[2.19907,49.20282],[2.19935,49.20251],[2.19956,49.20184],[2.20114,49.20076],[2.20189,49.20036],[2.20237,49.20031],[2.20285,49.20049],[2.20319,49.20036],[2.20362,49.2004],[2.20479,49.19982],[2.20698,49.19884],[2.20808,49.19879],[2.20849,49.19852],[2.2087,49.1983],[2.20877,49.19807],[2.20897,49.19772],[2.20897,49.1974],[2.20863,49.19726],[2.20856,49.19699],[2.20905,49.19637],[2.20939,49.19543],[2.20994,49.19515],[2.21008,49.19475],[2.21035,49.19444],[2.21111,49.1934],[2.21111,49.19317],[2.21097,49.19277],[2.21111,49.19263],[2.21166,49.19254],[2.21214,49.19241],[2.21296,49.19228],[2.2131,49.19219],[2.21324,49.19196],[2.21338,49.19196],[2.21337,49.19182],[2.21372,49.19183],[2.21406,49.19196],[2.21454,49.19156],[2.21461,49.1912],[2.21489,49.19098],[2.21557,49.19057],[2.2155,49.19012],[2.21592,49.18976],[2.2164,49.18927],[2.2164,49.18918],[2.21592,49.189],[2.21599,49.18877],[2.21606,49.18873],[2.21592,49.1885],[2.21592,49.1881],[2.2164,49.18774],[2.2164,49.18751],[2.21674,49.18729],[2.21722,49.18711],[2.21743,49.18689],[2.21813,49.18666],[2.21827,49.18644],[2.21868,49.18613],[2.21909,49.18608],[2.21916,49.1859],[2.21923,49.18527],[2.21998,49.18478],[2.2206,49.185],[2.22115,49.18501],[2.22307,49.18541],[2.22355,49.18537],[2.22368,49.18532],[2.22369,49.18483],[2.22389,49.1846],[2.22423,49.18433],[2.22492,49.18343],[2.2254,49.18294],[2.22575,49.18272],[2.22664,49.18249],[2.22732,49.18217],[2.22801,49.18213],[2.22815,49.18199],[2.22821,49.18186],[2.22883,49.18163],[2.22925,49.18123],[2.22959,49.18096],[2.23041,49.18056],[2.23062,49.18033],[2.23069,49.17916],[2.23069,49.17723],[2.23104,49.17674],[2.2311,49.17642],[2.23138,49.17598],[2.23284,49.17467],[2.23325,49.17454],[2.23359,49.17418],[2.2338,49.17301],[2.23394,49.17265],[2.23448,49.17202],[2.23483,49.17185],[2.23558,49.17176],[2.23565,49.17167],[2.23579,49.17125],[2.23647,49.1708],[2.23675,49.17049],[2.23675,49.16995],[2.23661,49.16955],[2.23655,49.16914],[2.23661,49.16901],[2.23703,49.16874],[2.2386,49.16856],[2.23956,49.16825],[2.24052,49.16815],[2.24134,49.16784],[2.24196,49.16726],[2.24292,49.16663],[2.24382,49.16587],[2.24505,49.1656],[2.24573,49.16533],[2.24663,49.16474],[2.24683,49.16448],[2.24683,49.16371],[2.24788,49.16308],[2.24801,49.16273],[2.24863,49.16255],[2.24877,49.16241],[2.24945,49.16196],[2.25055,49.1616],[2.2513,49.16111],[2.25192,49.16084],[2.2524,49.16057],[2.25281,49.16026],[2.25384,49.16011],[2.2548,49.15971],[2.25624,49.15877],[2.25768,49.15814],[2.25891,49.15734],[2.25995,49.15605],[2.2607,49.15558],[2.2607,49.15554],[2.26241,49.15424],[2.26325,49.15392],[2.26332,49.1537],[2.264,49.15298],[2.26414,49.15276],[2.26455,49.15226],[2.26517,49.15132],[2.26634,49.14988],[2.26716,49.14866],[2.26757,49.14812],[2.2686,49.14655],[2.26922,49.14592],[2.26977,49.14556],[2.27045,49.14552],[2.271,49.14556],[2.27148,49.14493],[2.27223,49.14367],[2.27299,49.14322],[2.27333,49.14269],[2.27395,49.14224],[2.2745,49.14175]]}},
{"type":"Feature","properties":{"code_eu_md":"FRHR216B-H2258500","name":"ruisseau la gobette","longueur":4997.0,"statut":"MEN","ordre":2,"etateco":"5","qmoyaval":null,"distmer":null,"distsrce":null,"gid":8689,"annee":"2009"},"geometry":{"type":"LineString","coordinates":[[2.24007,49.228],[2.23918,49.22751],[2.23849,49.22638],[2.23822,49.22571],[2.23753,49.22513],[2.23747,49.22486],[2.23733,49.22342],[2.23713,49.22287],[2.23663,49.22229],[2.23629,49.22148],[2.23602,49.22112],[2.23561,49.21982],[2.23547,49.21901],[2.23548,49.21847],[2.23589,49.21788],[2.23603,49.2169],[2.23639,49.21644],[2.23652,49.216],[2.23596,49.21514],[2.23583,49.21384],[2.23569,49.21348],[2.23569,49.21308],[2.23605,49.21294],[2.23605,49.21253],[2.23591,49.21235],[2.23585,49.21159],[2.23535,49.21073],[2.2346,49.2097],[2.23406,49.20866],[2.23385,49.20835],[2.23351,49.20821],[2.23269,49.20821],[2.23214,49.20808],[2.23056,49.20803],[2.22974,49.20785],[2.22933,49.20767],[2.22885,49.20736],[2.22851,49.207],[2.22775,49.20641],[2.22741,49.20601],[2.22652,49.2052],[2.22563,49.20421],[2.22522,49.20349],[2.22502,49.20281],[2.22495,49.20213],[2.22468,49.202],[2.22399,49.20191],[2.22344,49.20168],[2.22262,49.20119],[2.22242,49.20087],[2.22214,49.20074],[2.22166,49.2006],[2.22132,49.20065],[2.2207,49.20083],[2.22029,49.20069],[2.21981,49.20038],[2.21933,49.19979],[2.21857,49.19921],[2.21761,49.19808],[2.21672,49.19723],[2.2161,49.19696],[2.21562,49.19687],[2.21563,49.19669],[2.21542,49.19651],[2.21494,49.19642],[2.21474,49.19624],[2.2146,49.19579],[2.2133,49.1948],[2.21316,49.19453],[2.21323,49.19417],[2.21323,49.19385],[2.2131,49.19367],[2.21317,49.19322],[2.21351,49.19263],[2.21351,49.19209],[2.21338,49.19196]]}},
{"type":"Feature","properties":{"code_eu_md":"FRHR216C","name":"L'Oise du confluent de l'Aisne (exclu) au confluent du Thérain (exclu)","longueur":44002.0,"statut":"MEFM","ordre":0,"etateco":"3","qmoyaval":null,"distmer":null,"distsrce":null,"gid":8690,"annee":"2009"},"geometry":{"type":"LineString","coordinates":[[2.8458,49.43416],[2.84413,49.43363],[2.84323,49.43327],[2.84122,49.43225],[2.8388,49.43072],[2.83755,49.42987],[2.83679,49.42911],[2.83616,49.4284],[2.83505,49.42732],[2.8333,49.42621],[2.83247,49.42581],[2.83157,49.42532],[2.83046,49.42433],[2.82949,49.42335],[2.82845,49.42268],[2.82589,49.42165],[2.82131,49.41915],[2.81937,49.41831],[2.81612,49.41657],[2.81564,49.41639],[2.81515,49.41607],[2.81161,49.41425],[2.81078,49.41407],[2.81071,49.41398],[2.80761,49.41314],[2.80161,49.41226],[2.80008,49.41178],[2.79932,49.41129],[2.79883,49.41075],[2.79841,49.41008],[2.79735,49.4067],[2.79651,49.40527],[2.79567,49.40402],[2.79498,49.4033],[2.79387,49.40245],[2.79012,49.3999],[2.78845,49.39888],[2.78555,49.39768],[2.78465,49.39718],[2.78396,49.39664],[2.78361,49.39605],[2.78298,49.3944],[2.78283,49.39355],[2.78227,49.39189],[2.78162,49.39045],[2.77994,49.38749],[2.7789,49.38605],[2.77709,49.38372],[2.77667,49.38309],[2.77653,49.38246],[2.77638,49.38134],[2.77651,49.38062],[2.77679,49.38008],[2.77712,49.3791],[2.77718,49.37851],[2.77732,49.37827],[2.77725,49.37747],[2.77689,49.37648],[2.7764,49.37563],[2.77612,49.37486],[2.7757,49.37406],[2.77514,49.3733],[2.77388,49.37204],[2.77215,49.37066],[2.77146,49.36985],[2.77083,49.36923],[2.76839,49.36572],[2.76694,49.36406],[2.76443,49.36201],[2.76422,49.36156],[2.76421,49.36071],[2.76462,49.35967],[2.76502,49.35895],[2.76516,49.35849],[2.76556,49.35781],[2.76617,49.35624],[2.76644,49.35575],[2.76685,49.3548],[2.76698,49.35435],[2.76697,49.35368],[2.76634,49.35161],[2.76522,49.34959],[2.76439,49.34842],[2.76342,49.34748],[2.76168,49.34601],[2.76023,49.34512],[2.7592,49.34467],[2.75677,49.34391],[2.75491,49.34343],[2.75319,49.34317],[2.75168,49.34317],[2.74749,49.34341],[2.7468,49.34332],[2.74625,49.34314],[2.74528,49.34256],[2.74299,49.34082],[2.74195,49.34015],[2.74126,49.33952],[2.73931,49.33669],[2.73826,49.33485],[2.73742,49.33283],[2.737,49.33203],[2.73624,49.3309],[2.73456,49.32889],[2.73394,49.32795],[2.73288,49.32543],[2.73253,49.32417],[2.73106,49.32027],[2.73068,49.32004],[2.73009,49.31978],[2.72892,49.31879],[2.72857,49.31857],[2.72732,49.31736],[2.72677,49.31636],[2.72584,49.3134],[2.72556,49.31291],[2.72459,49.3121],[2.72383,49.31161],[2.72301,49.3113],[2.72081,49.31099],[2.71916,49.31086],[2.71785,49.31091],[2.71668,49.31114],[2.71394,49.31209],[2.7123,49.31282],[2.71133,49.31313],[2.71023,49.31327],[2.70872,49.31328],[2.70782,49.31341],[2.70296,49.31479],[2.70069,49.31511],[2.6987,49.3152],[2.69594,49.31516],[2.69032,49.31385],[2.69,49.31386],[2.68904,49.31375],[2.68847,49.31373],[2.68766,49.31377],[2.68583,49.31392],[2.6848,49.3143],[2.6835,49.31457],[2.68156,49.31512],[2.67944,49.31593],[2.67786,49.3167],[2.6769,49.31729],[2.67567,49.3181],[2.67533,49.3185],[2.67431,49.31927],[2.673,49.31987],[2.67225,49.32014],[2.67122,49.32046],[2.66848,49.321],[2.6653,49.32133],[2.66311,49.32151],[2.65871,49.32256],[2.65418,49.32329],[2.65322,49.32356],[2.65246,49.32396],[2.65177,49.32455],[2.64933,49.3269],[2.64856,49.3269],[2.6478,49.32677],[2.64025,49.3276],[2.63693,49.32783],[2.63563,49.32775],[2.63418,49.32748],[2.63253,49.32699],[2.63005,49.32601],[2.62798,49.32507],[2.62764,49.3248],[2.6275,49.32462],[2.62729,49.3239],[2.62714,49.32255],[2.62673,49.32142],[2.62566,49.32003],[2.62548,49.31986],[2.6254,49.31932],[2.62519,49.31874],[2.62497,49.31752],[2.62483,49.31626],[2.62469,49.31573],[2.62468,49.31492],[2.62447,49.31424],[2.62378,49.31343],[2.62171,49.31218],[2.62109,49.31155],[2.62075,49.3111],[2.62054,49.31047],[2.62032,49.30953],[2.62045,49.30778],[2.62045,49.30701],[2.6201,49.30634],[2.619,49.30513],[2.61865,49.30486],[2.61817,49.30459],[2.61748,49.30428],[2.61624,49.30406],[2.61485,49.30406],[2.61218,49.30442],[2.61046,49.30452],[2.60964,49.30452],[2.60819,49.30403],[2.6062,49.30354],[2.60482,49.30332],[2.60194,49.30324],[2.59842,49.30365],[2.59746,49.30365],[2.59657,49.30356],[2.59313,49.30294],[2.59127,49.30272],[2.58969,49.30272],[2.58811,49.30286],[2.58528,49.30323],[2.58377,49.30336],[2.58034,49.30351],[2.57126,49.30375],[2.56837,49.30375],[2.56741,49.30371],[2.56343,49.30309],[2.5615,49.30269],[2.55937,49.30206],[2.55475,49.30059],[2.55323,49.30028],[2.5522,49.30019],[2.55117,49.30019],[2.54966,49.30033],[2.54678,49.30106],[2.54148,49.30205],[2.54045,49.30201],[2.53639,49.30094],[2.53413,49.30062],[2.53089,49.29996],[2.526,49.2992],[2.52332,49.29889],[2.52263,49.29871],[2.52208,49.2984],[2.52174,49.298],[2.52126,49.29759],[2.51988,49.29669],[2.51899,49.29639],[2.5174,49.29598],[2.51672,49.29571],[2.5164,49.29555],[2.51553,49.29494],[2.51374,49.29355],[2.51291,49.29274],[2.51229,49.29185],[2.51098,49.28929],[2.51063,49.28826],[2.51042,49.28745],[2.51028,49.28637],[2.51028,49.28488],[2.51041,49.28425],[2.51048,49.28367],[2.51054,49.28241],[2.51041,49.28191],[2.51034,49.28146],[2.5102,49.28119],[2.50985,49.28079],[2.50903,49.28016],[2.50731,49.279],[2.50628,49.27864],[2.50145,49.27762],[2.49994,49.27721],[2.49911,49.27686],[2.4974,49.27582],[2.49684,49.27542],[2.49568,49.27447],[2.49512,49.27393],[2.49354,49.27196],[2.49333,49.27164],[2.49306,49.27097],[2.49195,49.26895],[2.49133,49.26791],[2.49077,49.26724],[2.49035,49.2668],[2.48925,49.2659],[2.48801,49.26509],[2.48719,49.26468],[2.48616,49.26432],[2.47977,49.2632],[2.47744,49.26267],[2.47591,49.26218],[2.47248,49.26182],[2.47138,49.26146],[2.47062,49.26106],[2.46897,49.25989],[2.46794,49.25935],[2.46671,49.25886],[2.46492,49.25774],[2.46409,49.25698],[2.46257,49.25599],[2.46126,49.25518],[2.46064,49.25487],[2.45858,49.25356],[2.457,49.25217],[2.45624,49.25132],[2.45521,49.24983],[2.45445,49.24867],[2.45369,49.24674],[2.45348,49.24553],[2.45307,49.24409],[2.45217,49.24215],[2.45128,49.24134],[2.45045,49.24067]]}},
{"type":"Feature","properties":{"code_eu_md":"FRHR216C-H2005000","name":"ru des planchettes","longueur":14720.0,"statut":"MEN","ordre":2,"etateco":"3","qmoyaval":null,"distmer":null,"distsrce":null,"gid":8691,"annee":"2009"},"geometry":{"type":"LineString","coordinates":[[2.92436,49.34453],[2.92376,49.34602],[2.9235,49.34714],[2.92296,49.34836],[2.92229,49.34953],[2.92195,49.3498],[2.9212,49.35025],[2.92051,49.35049],[2.9194,49.3505],[2.91919,49.35063],[2.91899,49.35126],[2.91858,49.35144],[2.91762,49.35158],[2.91749,49.35167],[2.91686,49.35159],[2.91617,49.35119],[2.9161,49.35096],[2.91631,49.35083],[2.9163,49.35069],[2.91603,49.35056],[2.91493,49.35052],[2.91417,49.35034],[2.91299,49.34976],[2.91203,49.34954],[2.91162,49.3495],[2.91113,49.34932],[2.91037,49.34883],[2.90933,49.34848],[2.90784,49.34805],[2.9042,49.34721],[2.90416,49.34765],[2.90388,49.34778],[2.90285,49.3477],[2.90154,49.34735],[2.90113,49.34739],[2.90024,49.34762],[2.89962,49.34749],[2.89893,49.3474],[2.8981,49.34741],[2.89755,49.3475],[2.89749,49.34781],[2.89674,49.34831],[2.89654,49.34876],[2.89619,49.34899],[2.89572,49.34917],[2.89517,49.34926],[2.89469,49.34962],[2.89332,49.34977],[2.89214,49.35004],[2.88973,49.35001],[2.88918,49.35028],[2.88857,49.35105],[2.88741,49.35181],[2.88618,49.35249],[2.88467,49.35318],[2.88372,49.35346],[2.88337,49.35359],[2.88283,49.35395],[2.88193,49.35423],[2.88132,49.35464],[2.88002,49.35491],[2.87892,49.35519],[2.87654,49.35607],[2.87589,49.35623],[2.87466,49.35642],[2.87301,49.35687],[2.87164,49.35702],[2.87095,49.35724],[2.86992,49.3577],[2.8689,49.35802],[2.86821,49.35815],[2.86635,49.35826],[2.86484,49.35827],[2.86436,49.3584],[2.86265,49.35958],[2.86093,49.36039],[2.85723,49.3619],[2.85627,49.36235],[2.85559,49.36253],[2.85407,49.36258],[2.85345,49.36254],[2.85277,49.36254],[2.85098,49.36259],[2.85009,49.36269],[2.84878,49.36301],[2.84803,49.36292],[2.84491,49.36208],[2.84456,49.36204],[2.84388,49.36209],[2.84292,49.36231],[2.84134,49.36228],[2.83674,49.36307],[2.83612,49.36329],[2.83495,49.36348],[2.83248,49.36421],[2.82883,49.36512],[2.82636,49.36594],[2.82252,49.3669],[2.82129,49.36795],[2.82109,49.36822],[2.82054,49.36858],[2.81958,49.36885],[2.81883,49.36926],[2.81787,49.36953],[2.81794,49.36971],[2.81794,49.36994],[2.81773,49.36998],[2.8167,49.36994],[2.81566,49.37008],[2.81477,49.37008],[2.81387,49.37],[2.81318,49.37],[2.81243,49.37027],[2.80969,49.37181],[2.80797,49.37213],[2.80756,49.37227],[2.8057,49.37218],[2.80488,49.37179],[2.8035,49.37156],[2.801,49.37067],[2.79928,49.37055],[2.79907,49.37041],[2.79872,49.36992],[2.79803,49.36983],[2.79673,49.36988],[2.79487,49.37003],[2.79357,49.3703],[2.79288,49.37062],[2.79233,49.37071],[2.79117,49.37103],[2.79034,49.37112],[2.78986,49.37135],[2.78931,49.37149],[2.78779,49.37231],[2.78629,49.3733],[2.78554,49.37366],[2.78464,49.37385],[2.78402,49.3738],[2.78306,49.37354],[2.78126,49.37246],[2.78071,49.37206],[2.77869,49.37005],[2.77821,49.36941],[2.77779,49.36856],[2.77744,49.36807],[2.77689,49.36753],[2.77583,49.36628],[2.77478,49.36466],[2.769,49.35525],[2.76685,49.3548]]}},
{"type":"Feature","properties":{"code_eu_md":"FRHR216C-H2007000","name":"ru du goderu","longueur":9825.0,"statut":"MEN","ordre":2,"etateco":"4","qmoyaval":null,"distmer":null,"distsrce":null,"gid":8692,"annee":"2009"},"geometry":{"type":"LineString","coordinates":[[2.85024,49.33099],[2.84975,49.33023],[2.84919,49.32988],[2.84656,49.32917],[2.84539,49.32908],[2.84478,49.32953],[2.84424,49.33017],[2.84306,49.3299],[2.84293,49.33035],[2.84218,49.33085],[2.8417,49.33099],[2.84143,49.33121],[2.84109,49.33125],[2.84095,49.33134],[2.84074,49.33126],[2.83916,49.3314],[2.83711,49.33222],[2.83608,49.33235],[2.83409,49.33254],[2.83306,49.33273],[2.83216,49.33277],[2.83141,49.33305],[2.83044,49.3336],[2.82859,49.33419],[2.82756,49.33429],[2.82736,49.33438],[2.82708,49.33469],[2.82481,49.33434],[2.82433,49.33421],[2.82316,49.33444],[2.82145,49.33503],[2.82083,49.33508],[2.81973,49.33548],[2.81864,49.3363],[2.81721,49.33725],[2.81591,49.3377],[2.81584,49.33788],[2.81556,49.33797],[2.81486,49.33802],[2.81425,49.33834],[2.81295,49.33875],[2.81178,49.33884],[2.81096,49.33911],[2.81041,49.33912],[2.80979,49.33926],[2.80869,49.3394],[2.80787,49.33954],[2.80615,49.3395],[2.80587,49.33954],[2.80553,49.33968],[2.80278,49.33969],[2.80237,49.33992],[2.80141,49.34028],[2.80024,49.34101],[2.79934,49.34128],[2.79845,49.3416],[2.79818,49.34173],[2.79743,49.34192],[2.79702,49.34219],[2.79433,49.3417],[2.79289,49.34171],[2.79186,49.34153],[2.79103,49.34122],[2.7904,49.34082],[2.78999,49.34042],[2.78957,49.34024],[2.78861,49.34006],[2.78785,49.33989],[2.78703,49.33953],[2.78646,49.33935],[2.78556,49.33922],[2.78446,49.33882],[2.78336,49.33851],[2.78212,49.33838],[2.78143,49.33825],[2.78019,49.33821],[2.77854,49.33794],[2.7782,49.33795],[2.7771,49.33822],[2.776,49.33858],[2.77477,49.33913],[2.77361,49.33949],[2.77297,49.33949],[2.77256,49.33945],[2.7716,49.33945],[2.77112,49.33959],[2.77084,49.33963],[2.77022,49.33946],[2.76906,49.33946],[2.76768,49.33964],[2.76706,49.33969],[2.76679,49.33965],[2.76562,49.33925],[2.76527,49.3392],[2.76466,49.33957],[2.76424,49.33965],[2.76404,49.33961],[2.763,49.33921],[2.76231,49.33908],[2.76142,49.33908],[2.76032,49.33886],[2.75984,49.33855],[2.75865,49.33837],[2.75748,49.33829],[2.75611,49.33852],[2.75239,49.3379],[2.75177,49.3379],[2.7502,49.33854],[2.74985,49.33845],[2.74905,49.33728],[2.74847,49.33738],[2.74747,49.3368],[2.74646,49.33644],[2.74493,49.3351],[2.74424,49.33465],[2.74319,49.33406],[2.74277,49.33372],[2.74107,49.33264],[2.74058,49.33215],[2.7401,49.33179],[2.73954,49.33166],[2.73865,49.33126],[2.73837,49.3309],[2.73837,49.33058],[2.7383,49.33031],[2.73802,49.32991],[2.73691,49.32915],[2.73504,49.32902],[2.7347,49.32902]]}},
{"type":"Feature","properties":{"code_eu_md":"FRHR216C-H2042000","name":"ru de roucanne","longueur":3389.0,"statut":"MEN","ordre":2,"etateco":"5","qmoyaval":null,"distmer":null,"distsrce":null,"gid":8693,"annee":"2009"},"geometry":{"type":"LineString","coordinates":[[2.70034,49.28678],[2.7002,49.2871],[2.70021,49.28831],[2.70028,49.28871],[2.70029,49.28947],[2.70009,49.29015],[2.70003,49.29137],[2.70017,49.29267],[2.69984,49.2933],[2.69759,49.29574],[2.69609,49.29723],[2.69465,49.29813],[2.69431,49.29849],[2.69301,49.29957],[2.69219,49.30034],[2.69185,49.30074],[2.69192,49.30128],[2.692,49.30285],[2.69146,49.30385],[2.69126,49.30484],[2.69099,49.30529],[2.68983,49.30619],[2.68915,49.30732],[2.68909,49.30844],[2.68937,49.30916],[2.68869,49.30988],[2.68807,49.31011],[2.68759,49.31046],[2.68698,49.3111],[2.68691,49.31159],[2.68705,49.31173],[2.68774,49.312],[2.68788,49.31223],[2.68781,49.31245],[2.68815,49.31245],[2.68857,49.31276],[2.68871,49.31299],[2.68864,49.31326],[2.6885,49.31344],[2.68847,49.31373]]}},
{"type":"Feature","properties":{"code_eu_md":"FRHR216C-H2044000","name":"ruisseau fosse traxin","longueur":3535.0,"statut":"MEN","ordre":2,"etateco":"4","qmoyaval":null,"distmer":null,"distsrce":null,"gid":8694,"annee":"2009"},"geometry":{"type":"LineString","coordinates":[[2.66331,49.31068],[2.6609,49.30996],[2.65732,49.30899],[2.65671,49.30894],[2.65594,49.30917],[2.65566,49.30931],[2.65181,49.30891],[2.65117,49.30962],[2.6455,49.30891],[2.64253,49.30865],[2.64046,49.30777],[2.6386,49.30679],[2.63756,49.30621],[2.63605,49.30581],[2.63412,49.30535],[2.63282,49.30518],[2.63096,49.30519],[2.63021,49.30537],[2.62966,49.30569],[2.62932,49.30578],[2.6282,49.30565],[2.62752,49.30551],[2.6269,49.3052],[2.62586,49.3052],[2.6249,49.30498],[2.62414,49.30467],[2.62332,49.30445],[2.62194,49.30431],[2.62091,49.30432],[2.61961,49.3045],[2.61934,49.30464],[2.61865,49.30486]]}},
{"type":"Feature","properties":{"code_eu_md":"FRHR216C-H2045000","name":"la frette,","longueur":9742.0,"statut":"MEN","ordre":2,"etateco":"3","qmoyaval":null,"distmer":null,"distsrce":null,"gid":8695,"annee":"2009"},"geometry":{"type":"LineString","coordinates":[[2.51709,49.34485],[2.52225,49.34413],[2.53436,49.34252],[2.53429,49.34221],[2.53504,49.34208],[2.55499,49.33939],[2.59738,49.33389],[2.60161,49.33322],[2.60352,49.33147],[2.60372,49.32957],[2.60377,49.32643],[2.60389,49.32351],[2.60399,49.31465],[2.60442,49.30602],[2.60483,49.30579],[2.60792,49.30439],[2.6084,49.30412]]}},
{"type":"Feature","properties":{"code_eu_md":"FRHR216C-H2048000","name":"ruisseau le rhony","longueur":4600.0,"statut":"MEN","ordre":2,"etateco":"4","qmoyaval":null,"distmer":null,"distsrce":null,"gid":8696,"annee":"2009"},"geometry":{"type":"LineString","coordinates":[[2.49543,49.33004],[2.49543,49.3291],[2.4957,49.32843],[2.49598,49.32797],[2.49639,49.32676],[2.49638,49.32618],[2.4959,49.3256],[2.49597,49.32434],[2.49768,49.32308],[2.49802,49.32245],[2.49838,49.32209],[2.49941,49.32154],[2.49975,49.32091],[2.50016,49.3205],[2.50085,49.32006],[2.50208,49.31888],[2.50228,49.31862],[2.5029,49.31825],[2.50373,49.31812],[2.50427,49.31763],[2.50475,49.3169],[2.50475,49.31628],[2.50461,49.31609],[2.50468,49.31578],[2.50488,49.31538],[2.50481,49.31457],[2.50481,49.31398],[2.50515,49.3134],[2.50529,49.31308],[2.50549,49.31285],[2.50598,49.31263],[2.50611,49.31236],[2.50611,49.31137],[2.50555,49.30998],[2.50562,49.30953],[2.50576,49.30917],[2.50582,49.30818],[2.50596,49.30773],[2.50671,49.30719],[2.50767,49.30688],[2.50863,49.30616],[2.51007,49.30566],[2.5111,49.30498],[2.51165,49.30498],[2.51241,49.30534],[2.51323,49.30502],[2.51371,49.30434],[2.51412,49.30398],[2.51453,49.30394],[2.5153,49.30403],[2.51578,49.30398],[2.51599,49.30389],[2.51613,49.30366],[2.51599,49.30294],[2.51598,49.30232],[2.51653,49.30142],[2.51666,49.30079],[2.51714,49.30002],[2.51769,49.2994],[2.51879,49.29876],[2.51947,49.29872],[2.51989,49.29858],[2.52078,49.29804],[2.52126,49.29759]]}},
{"type":"Feature","properties":{"code_eu_md":"FRHR216C-H2049000","name":"ru macquart","longueur":4052.0,"statut":"MEN","ordre":2,"etateco":"4","qmoyaval":null,"distmer":null,"distsrce":null,"gid":8697,"annee":"2009"},"geometry":{"type":"LineString","coordinates":[[2.54289,49.26046],[2.54289,49.26055],[2.54215,49.26199],[2.5418,49.26244],[2.54126,49.26285],[2.539,49.26415],[2.53735,49.26528],[2.53439,49.26627],[2.53329,49.26645],[2.53199,49.26637],[2.53158,49.26636],[2.52966,49.26655],[2.52856,49.26687],[2.52616,49.26718],[2.52554,49.26737],[2.5254,49.26746],[2.52513,49.26782],[2.52465,49.26876],[2.52404,49.26949],[2.5239,49.2698],[2.52336,49.27061],[2.52295,49.27097],[2.52192,49.27124],[2.52164,49.27151],[2.52137,49.27192],[2.52144,49.27241],[2.5213,49.27268],[2.52124,49.27308],[2.52145,49.27344],[2.522,49.27385],[2.52282,49.27421],[2.52365,49.27452],[2.52351,49.27497],[2.52248,49.27555],[2.52118,49.27601],[2.52084,49.27618],[2.52063,49.27654],[2.5205,49.27736],[2.52016,49.27822],[2.51995,49.2784],[2.51947,49.27853],[2.5192,49.27867],[2.51898,49.27898],[2.51893,49.27966],[2.51864,49.28037],[2.5185,49.28055],[2.51816,49.28074],[2.51542,49.28087],[2.51452,49.28123],[2.51356,49.28191],[2.5126,49.28213],[2.51185,49.28236],[2.51054,49.28241]]}},
{"type":"Feature","properties":{"code_eu_md":"FRHR217A","name":"L'Automne de sa source au confluent de l'Oise (exclu)","longueur":33952.0,"statut":"MEN","ordre":1,"etateco":"5","qmoyaval":null,"distmer":null,"distsrce":null,"gid":8698,"annee":"2009"},"geometry":{"type":"LineString","coordinates":[[3.08365,49.2477],[3.08138,49.24744],[3.07952,49.247],[3.07805,49.24602],[3.0775,49.2458],[3.07668,49.24576],[3.07312,49.24619],[3.0714,49.24602],[3.07029,49.24562],[3.06877,49.24478],[3.06842,49.24433],[3.06814,49.24375],[3.06779,49.24335],[3.06709,49.24218],[3.06694,49.24205],[3.06576,49.24129],[3.06528,49.24116],[3.06335,49.24099],[3.06053,49.24065],[3.05751,49.23999],[3.05517,49.23969],[3.04773,49.23821],[3.04711,49.23803],[3.046,49.23736],[3.044,49.23661],[3.04269,49.23649],[3.04224,49.2364],[3.04127,49.2361],[3.04075,49.23601],[3.03938,49.23592],[3.03801,49.23624],[3.03589,49.23703],[3.03521,49.23735],[3.03433,49.23798],[3.03365,49.2387],[3.03298,49.2397],[3.03306,49.24028],[3.03341,49.24113],[3.03342,49.24163],[3.03315,49.24244],[3.03316,49.24302],[3.03331,49.24342],[3.03332,49.24446],[3.03319,49.24468],[3.03312,49.24504],[3.0332,49.24582],[3.03293,49.24613],[3.03294,49.24649],[3.03308,49.24667],[3.03308,49.24689],[3.0328,49.24725],[3.03303,49.24761],[3.03279,49.24816],[3.03228,49.24868],[3.03219,49.24912],[3.03237,49.24937],[3.03214,49.25012],[3.03149,49.25068],[3.03139,49.25084],[3.03128,49.25116],[3.0314,49.25144],[3.03138,49.25184],[3.03119,49.25218],[3.03126,49.2537],[3.0319,49.25419],[3.03208,49.25463],[3.0315,49.2548],[3.03112,49.25482],[3.0307,49.25471],[3.02992,49.25582],[3.02878,49.25762],[3.02837,49.25789],[3.02796,49.25803],[3.02692,49.25817],[3.02624,49.25849],[3.02569,49.25849],[3.02486,49.25845],[3.02445,49.25859],[3.02383,49.25864],[3.02315,49.25887],[3.02199,49.25892],[3.02116,49.25906],[3.01932,49.25951],[3.01925,49.25961],[3.01843,49.25966],[3.01767,49.25943],[3.01698,49.25939],[3.01541,49.25981],[3.01315,49.26028],[3.01212,49.26033],[3.01121,49.25975],[3.01017,49.25921],[3.00921,49.25922],[3.00393,49.25956],[3.00352,49.25966],[3.00276,49.25957],[3.00187,49.25958],[2.99954,49.25986],[2.99857,49.25924],[2.99809,49.25911],[2.99754,49.25911],[2.99706,49.25916],[2.99656,49.25911],[2.99581,49.25898],[2.99533,49.25899],[2.99259,49.25945],[2.99135,49.25941],[2.98963,49.25915],[2.98874,49.25907],[2.98791,49.25889],[2.98695,49.25876],[2.98626,49.25854],[2.98468,49.25855],[2.98338,49.2582],[2.98184,49.25762],[2.98082,49.25763],[2.97985,49.25709],[2.97937,49.2571],[2.97855,49.25759],[2.9769,49.25841],[2.97671,49.25864],[2.97623,49.25877],[2.97159,49.26114],[2.97145,49.26114],[2.97091,49.26155],[2.97071,49.26191],[2.97052,49.26331],[2.97032,49.26384],[2.97005,49.2642],[2.96863,49.26538],[2.96815,49.26561],[2.96691,49.26579],[2.96623,49.26611],[2.96439,49.26729],[2.96412,49.2677],[2.96392,49.26815],[2.96365,49.26847],[2.96331,49.26861],[2.96283,49.26893],[2.9608,49.27087],[2.96037,49.27114],[2.95332,49.27261],[2.95284,49.2728],[2.95066,49.27403],[2.95032,49.27434],[2.94958,49.27588],[2.94931,49.27619],[2.9489,49.27642],[2.94384,49.27802],[2.94218,49.27785],[2.94135,49.27753],[2.94101,49.27731],[2.94018,49.27705],[2.93984,49.27709],[2.93887,49.27705],[2.93833,49.27737],[2.93764,49.27751],[2.93669,49.27801],[2.93635,49.27814],[2.93566,49.27855],[2.93498,49.27883],[2.93423,49.27887],[2.93402,49.27896],[2.93361,49.27878],[2.93333,49.27883],[2.93313,49.27892],[2.93265,49.27897],[2.93231,49.27911],[2.93224,49.27925],[2.93258,49.27934],[2.93252,49.27943],[2.93211,49.27966],[2.93176,49.2797],[2.93149,49.27997],[2.9306,49.28025],[2.92985,49.28021],[2.92964,49.2803],[2.92958,49.28079],[2.92931,49.28093],[2.92876,49.28107],[2.92841,49.28102],[2.92793,49.28062],[2.92765,49.28053],[2.9271,49.28053],[2.9269,49.28067],[2.92663,49.28121],[2.92629,49.28148],[2.92478,49.28239],[2.92416,49.28235],[2.92388,49.28221],[2.92367,49.2819],[2.92347,49.28181],[2.92305,49.28186],[2.92264,49.28199],[2.9223,49.28195],[2.92175,49.28196],[2.92114,49.28258],[2.9208,49.28272],[2.92046,49.28299],[2.92012,49.2834],[2.91944,49.28381],[2.91841,49.28408],[2.91739,49.28472],[2.91602,49.28509],[2.91554,49.28545],[2.91486,49.2855],[2.91451,49.28541],[2.91417,49.28541],[2.91369,49.28555],[2.91197,49.28556],[2.91101,49.28547],[2.9106,49.28534],[2.91052,49.2848],[2.91018,49.28467],[2.90982,49.28463],[2.90948,49.28476],[2.90934,49.28476],[2.90872,49.28463],[2.90838,49.28445],[2.90829,49.28419],[2.90782,49.28382],[2.90775,49.2836],[2.90761,49.28342],[2.90733,49.28338],[2.90727,49.28347],[2.90734,49.28378],[2.9072,49.28414],[2.90686,49.28433],[2.90652,49.28428],[2.90646,49.28388],[2.90631,49.28383],[2.90603,49.28384],[2.90521,49.28433],[2.90473,49.28415],[2.90459,49.28415],[2.90467,49.28433],[2.9048,49.28447],[2.90481,49.2846],[2.9044,49.28483],[2.90392,49.28483],[2.90343,49.28475],[2.90295,49.28475],[2.90186,49.28529],[2.90152,49.28534],[2.90034,49.28525],[2.89939,49.28553],[2.89863,49.28544],[2.89754,49.28576],[2.89733,49.28572],[2.8974,49.28545],[2.89719,49.28527],[2.89699,49.28527],[2.89685,49.28595],[2.89665,49.28608],[2.89637,49.28604],[2.89603,49.28577],[2.89582,49.28581],[2.89528,49.28609],[2.89451,49.28609],[2.89369,49.28623],[2.89314,49.28614],[2.89134,49.28543],[2.89024,49.28544],[2.889,49.28522],[2.88887,49.28531],[2.88901,49.28539],[2.88908,49.28553],[2.88866,49.28553],[2.88853,49.28562],[2.88853,49.28576],[2.88805,49.28594],[2.88757,49.28581],[2.88715,49.28576],[2.88668,49.28604],[2.88647,49.28608],[2.88586,49.28608],[2.88558,49.28617],[2.88531,49.28618],[2.88483,49.28613],[2.88462,49.28618],[2.884,49.28605],[2.88345,49.28605],[2.8829,49.28583],[2.88166,49.28583],[2.88105,49.28611],[2.87836,49.28616],[2.87761,49.28662],[2.87761,49.28667],[2.87843,49.28666],[2.87857,49.28675],[2.87857,49.28694],[2.87837,49.28716],[2.87803,49.28739],[2.87755,49.2873],[2.87686,49.28726],[2.87625,49.28847],[2.87626,49.28901],[2.87612,49.28928],[2.87606,49.28933],[2.87564,49.28937],[2.8753,49.28924],[2.87503,49.28929],[2.87462,49.28956],[2.874,49.2897],[2.87297,49.28948],[2.87194,49.28948],[2.87138,49.28931],[2.87084,49.28931],[2.87036,49.28944],[2.86919,49.28945],[2.86877,49.28918],[2.86857,49.28914],[2.86809,49.28941],[2.86781,49.28914],[2.86754,49.28909],[2.86706,49.28932],[2.86678,49.28923],[2.8663,49.28919],[2.86603,49.28924],[2.86568,49.28897],[2.86527,49.28897],[2.86465,49.28915],[2.86388,49.28898],[2.86347,49.28902],[2.86292,49.28916],[2.86244,49.28912],[2.86134,49.28912],[2.86072,49.28904],[2.85928,49.28895],[2.85894,49.28882],[2.85846,49.28886],[2.85818,49.28896],[2.85791,49.28882],[2.85749,49.28851],[2.85708,49.28851],[2.85667,49.28856],[2.85605,49.28843],[2.85377,49.28758],[2.85309,49.28772],[2.85247,49.28759],[2.8524,49.28754],[2.85019,49.28787],[2.84909,49.2881],[2.84854,49.28806],[2.84786,49.28811],[2.84731,49.2881],[2.84655,49.28797],[2.846,49.28802],[2.84552,49.28825],[2.84539,49.28839],[2.84484,49.28852],[2.84477,49.28861],[2.84464,49.28906],[2.84437,49.28906],[2.84395,49.28893],[2.84292,49.28898],[2.84196,49.28853],[2.84161,49.28853],[2.84072,49.28867],[2.83969,49.28845],[2.83859,49.28846],[2.83749,49.28828],[2.83729,49.28838],[2.83653,49.28847],[2.83535,49.28848],[2.83453,49.28844],[2.83425,49.28853],[2.83281,49.28853],[2.83192,49.28867],[2.82945,49.28873],[2.82897,49.28891],[2.82856,49.28936],[2.82856,49.28954],[2.82863,49.28972],[2.82856,49.28981],[2.82794,49.28968],[2.8276,49.28972],[2.82733,49.28986],[2.82719,49.29013],[2.82713,49.29018],[2.82671,49.29004],[2.82623,49.28978],[2.82582,49.28982],[2.82534,49.29005],[2.82486,49.29046],[2.82486,49.29063],[2.82438,49.29068],[2.82418,49.29082],[2.82384,49.29082],[2.82328,49.29046],[2.82266,49.29037],[2.82183,49.28979],[2.82156,49.28984],[2.82142,49.28989],[2.82149,49.29006],[2.82191,49.29029],[2.82177,49.29051],[2.82115,49.29056],[2.82088,49.29078],[2.82088,49.29083],[2.82047,49.29083],[2.82004,49.29074],[2.81984,49.29075],[2.81922,49.29097],[2.81922,49.29124],[2.81902,49.29133],[2.81847,49.29133],[2.8182,49.29143],[2.8182,49.29214],[2.81806,49.29224],[2.81772,49.29237],[2.81642,49.29215],[2.81587,49.29197],[2.81552,49.29224],[2.81532,49.29283],[2.81491,49.29305],[2.81402,49.29333],[2.81286,49.29334],[2.81128,49.29362],[2.81114,49.29371],[2.81121,49.29389],[2.8117,49.2942],[2.81163,49.29487],[2.81122,49.2951],[2.81013,49.29533],[2.80896,49.29506],[2.80827,49.29538],[2.80759,49.29525],[2.80738,49.29511],[2.80669,49.29512],[2.80621,49.29521],[2.80594,49.2957],[2.80567,49.29584],[2.80457,49.29607],[2.80299,49.29702],[2.80216,49.29724],[2.80182,49.29738],[2.80093,49.29788],[2.80032,49.29811],[2.80018,49.29838],[2.80019,49.29874],[2.79978,49.29892],[2.79923,49.29906],[2.79868,49.2991],[2.7984,49.29933],[2.79834,49.29946],[2.79752,49.30001],[2.79725,49.30042],[2.79697,49.30051],[2.79636,49.30087],[2.79622,49.30101],[2.79616,49.30136],[2.79561,49.30182],[2.79513,49.3024],[2.795,49.30286],[2.7948,49.30299],[2.79253,49.30344],[2.79006,49.30368],[2.78972,49.30377],[2.78917,49.30369],[2.78799,49.30283],[2.78772,49.30288],[2.78738,49.30306],[2.78661,49.30307],[2.78613,49.30315],[2.78558,49.30307],[2.78517,49.30339],[2.78394,49.30384],[2.78304,49.30398],[2.78291,49.30411],[2.78291,49.30452],[2.78243,49.3047],[2.78072,49.30506],[2.7799,49.30565],[2.7797,49.30601],[2.77963,49.30606],[2.77901,49.30597],[2.77825,49.3057],[2.77784,49.30575],[2.77722,49.30597],[2.77606,49.30662],[2.77517,49.30698],[2.77394,49.30716],[2.77366,49.30734],[2.77373,49.3077],[2.77387,49.30802],[2.77381,49.30815],[2.77319,49.30847],[2.77134,49.30906],[2.76928,49.31023],[2.76839,49.31051],[2.76756,49.31051],[2.76708,49.31047],[2.76653,49.31047],[2.76626,49.31056],[2.76571,49.31096],[2.76503,49.3116],[2.76455,49.31191],[2.76284,49.31237],[2.76235,49.31228],[2.76221,49.3121],[2.76194,49.31188],[2.76146,49.31188],[2.76112,49.31211],[2.76098,49.31229],[2.76084,49.31238],[2.76043,49.31224],[2.76015,49.31197],[2.7596,49.31198],[2.75816,49.31225],[2.75803,49.31244],[2.75741,49.31271],[2.75597,49.31294],[2.75396,49.31291],[2.75362,49.31299],[2.75335,49.31335],[2.7528,49.31367],[2.75212,49.3139],[2.75136,49.31386],[2.7489,49.31494],[2.74705,49.31594],[2.74561,49.31652],[2.74458,49.31667],[2.74328,49.31707],[2.74232,49.31748],[2.74218,49.31748],[2.74197,49.31726],[2.7408,49.31704],[2.74032,49.31699],[2.73866,49.31754],[2.73688,49.31781],[2.73619,49.31782],[2.73578,49.31759],[2.7353,49.31764],[2.73482,49.31795],[2.73462,49.31859],[2.73393,49.31895],[2.73332,49.31909],[2.73001,49.31843],[2.72919,49.31852],[2.72892,49.31879]]}},
{"type":"Feature","properties":{"code_eu_md":"FRHR217A-H2012050","name":"ru moise","longueur":3328.0,"statut":"MEN","ordre":2,"etateco":"4","qmoyaval":null,"distmer":null,"distsrce":null,"gid":8699,"annee":"2009"},"geometry":{"type":"LineString","coordinates":[[3.00288,49.23808],[3.00268,49.23853],[3.00201,49.23939],[3.00133,49.23989],[3.00065,49.24021],[2.99969,49.24048],[2.99804,49.24067],[2.99757,49.2409],[2.99709,49.24121],[2.99614,49.24225],[2.99567,49.24257],[2.99553,49.24257],[2.99511,49.2423],[2.99491,49.24226],[2.99095,49.24399],[2.9908,49.24394],[2.99059,49.24394],[2.99005,49.2443],[2.9887,49.24594],[2.98843,49.24643],[2.98817,49.24765],[2.98797,49.24814],[2.98791,49.24855],[2.98841,49.24927],[2.98849,49.2499],[2.98817,49.25223],[2.98797,49.25255],[2.98743,49.25309],[2.9862,49.25351],[2.98379,49.2542],[2.98187,49.25439],[2.98161,49.25506],[2.97984,49.2561],[2.97819,49.25634],[2.97758,49.25652],[2.97751,49.2571],[2.97766,49.25737],[2.97766,49.25805]]}},
{"type":"Feature","properties":{"code_eu_md":"FRHR217A-H2014000","name":"ru de bonneuil","longueur":5292.0,"statut":"MEN","ordre":2,"etateco":"3","qmoyaval":null,"distmer":null,"distsrce":null,"gid":8700,"annee":"2009"},"geometry":{"type":"LineString","coordinates":[[3.00754,49.2831],[3.00754,49.28292],[3.00747,49.28274],[3.00726,49.28252],[3.00664,49.28234],[3.00609,49.28226],[3.0052,49.28249],[3.00266,49.2825],[3.00191,49.28255],[3.00136,49.28278],[3.00033,49.28305],[2.99965,49.28351],[2.9991,49.28346],[2.99876,49.28356],[2.99795,49.28424],[2.99685,49.28488],[2.99609,49.28511],[2.99464,49.28503],[2.99335,49.28553],[2.99286,49.2854],[2.99238,49.2854],[2.98916,49.28573],[2.98285,49.28657],[2.98044,49.28681],[2.97831,49.28718],[2.97756,49.2875],[2.97537,49.28814],[2.97414,49.28819],[2.97317,49.28802],[2.97249,49.28802],[2.9716,49.28839],[2.97092,49.28853],[2.9703,49.28853],[2.96961,49.28845],[2.96892,49.28868],[2.96554,49.28834],[2.96451,49.28785],[2.96312,49.287],[2.96153,49.28624],[2.95974,49.28558],[2.9587,49.28499],[2.95794,49.28428],[2.95711,49.28361],[2.95469,49.28241],[2.95391,49.28192],[2.95246,49.2808],[2.9508,49.27973],[2.95024,49.27924],[2.94975,49.27871],[2.94955,49.27857],[2.94857,49.27759],[2.94857,49.27727],[2.94939,49.27682],[2.94959,49.27659],[2.94993,49.27601],[2.94958,49.27588]]}},
{"type":"Feature","properties":{"code_eu_md":"FRHR217A-H2030700","name":"ru de la Douye","longueur":2381.0,"statut":"MEN","ordre":2,"etateco":"4","qmoyaval":null,"distmer":null,"distsrce":null,"gid":8701,"annee":"2009"},"geometry":{"type":"LineString","coordinates":[[2.78423,49.28212],[2.78444,49.28266],[2.78445,49.28338],[2.78438,49.28374],[2.78397,49.28424],[2.78384,49.2846],[2.78398,49.28495],[2.78398,49.28558],[2.78406,49.28594],[2.7844,49.28657],[2.78441,49.28684],[2.78511,49.28841],[2.78512,49.28945],[2.78533,49.28999],[2.78561,49.29039],[2.78664,49.29133],[2.78816,49.29209],[2.78864,49.2924],[2.78865,49.29245],[2.78878,49.29258],[2.79003,49.29424],[2.79088,49.29505],[2.79261,49.29683],[2.79275,49.29715],[2.7931,49.29751],[2.79351,49.29764],[2.79365,49.29782],[2.79468,49.29813],[2.79503,49.29844],[2.79545,49.29925],[2.79593,49.29979],[2.79697,49.30051]]}},
{"type":"Feature","properties":{"code_eu_md":"FRHR217B","name":"le Ru de Sainte Marie de sa source au confluent de l'Automne (exclu)","longueur":11361.0,"statut":"MEN","ordre":2,"etateco":"2","qmoyaval":null,"distmer":null,"distsrce":null,"gid":8702,"annee":"2009"},"geometry":{"type":"LineString","coordinates":[[2.80813,49.21579],[2.80996,49.21696],[2.81083,49.21772],[2.81189,49.21816],[2.81243,49.2186],[2.8133,49.21896],[2.81455,49.22017],[2.81548,49.22063],[2.81673,49.22101],[2.81857,49.22131],[2.81995,49.22142],[2.82107,49.22186],[2.82226,49.22197],[2.82525,49.22201],[2.82754,49.22219],[2.8287,49.22251],[2.83037,49.22343],[2.8339,49.22401],[2.8346,49.22406],[2.83542,49.22376],[2.83612,49.22326],[2.83672,49.22291],[2.83765,49.22302],[2.83894,49.22431],[2.83928,49.22518],[2.83984,49.22536],[2.84009,49.22559],[2.84003,49.22603],[2.8405,49.2264],[2.84162,49.22864],[2.84189,49.22891],[2.84306,49.22936],[2.84376,49.22989],[2.8441,49.23034],[2.84431,49.23074],[2.84466,49.23115],[2.8459,49.23209],[2.84888,49.2337],[2.85116,49.23463],[2.85198,49.23463],[2.85274,49.23503],[2.8537,49.23525],[2.85453,49.2361],[2.85481,49.23655],[2.85516,49.23686],[2.85612,49.23695],[2.85653,49.23717],[2.85649,49.23982],[2.85657,49.24063],[2.85671,49.24099],[2.85749,49.24202],[2.85812,49.24359],[2.85827,49.24449],[2.85848,49.2449],[2.85848,49.24553],[2.85835,49.2462],[2.85809,49.24728],[2.85782,49.24809],[2.85783,49.24876],[2.85797,49.24899],[2.85797,49.2493],[2.85791,49.24953],[2.85757,49.24998],[2.8575,49.25034],[2.85778,49.25069],[2.85759,49.25191],[2.85732,49.25223],[2.85719,49.2529],[2.85698,49.2533],[2.85664,49.25357],[2.85582,49.2539],[2.85528,49.25426],[2.85426,49.25517],[2.85426,49.25539],[2.85454,49.25602],[2.85454,49.25629],[2.85441,49.25651],[2.8542,49.2566],[2.85324,49.25674],[2.85249,49.25693],[2.85181,49.25742],[2.85106,49.25819],[2.85018,49.25887],[2.84943,49.25954],[2.84922,49.25982],[2.84923,49.2604],[2.84979,49.26134],[2.84993,49.26183],[2.85014,49.26207],[2.85124,49.26233],[2.85159,49.26255],[2.85159,49.26278],[2.85132,49.26305],[2.85139,49.26359],[2.85126,49.26382],[2.8505,49.26422],[2.84948,49.26486],[2.84935,49.26526],[2.84936,49.26602],[2.84922,49.26661],[2.84936,49.26678],[2.8495,49.26714],[2.84923,49.26755],[2.84917,49.268],[2.84973,49.26912],[2.84995,49.27038],[2.85016,49.27092],[2.85017,49.27223],[2.85052,49.27263],[2.85059,49.2729],[2.85018,49.2734],[2.85005,49.27403],[2.84972,49.27452],[2.84958,49.27492],[2.84986,49.27519],[2.84993,49.2756],[2.84945,49.27578],[2.84911,49.27596],[2.84905,49.27619],[2.84884,49.27637],[2.84884,49.27673],[2.84871,49.27686],[2.84864,49.27722],[2.84851,49.27758],[2.84796,49.27799],[2.84729,49.2788],[2.84681,49.27956],[2.84607,49.28061],[2.84566,49.28092],[2.84491,49.28124],[2.84457,49.28147],[2.84457,49.28183],[2.84478,49.28219],[2.84478,49.2825],[2.84424,49.28304],[2.84335,49.28368],[2.84315,49.2839],[2.84302,49.28458],[2.8424,49.2848],[2.84233,49.28494],[2.84261,49.28498],[2.84268,49.28516],[2.84213,49.28548],[2.84193,49.28575],[2.84187,49.2862],[2.84194,49.28633],[2.84276,49.28696],[2.8429,49.28718],[2.84318,49.2874],[2.8436,49.28754],[2.84387,49.28785],[2.84353,49.28808],[2.8434,49.2883],[2.84292,49.28835],[2.84285,49.2884],[2.84292,49.28898]]}},
{"type":"Feature","properties":{"code_eu_md":"FRHR217B-H2022000","name":"ru des taillandiers","longueur":3742.0,"statut":"MEN","ordre":2,"etateco":"4","qmoyaval":null,"distmer":null,"distsrce":null,"gid":8703,"annee":"2009"},"geometry":{"type":"LineString","coordinates":[[2.90267,49.23628],[2.90171,49.23664],[2.90014,49.23714],[2.89952,49.23746],[2.89884,49.23773],[2.89836,49.23796],[2.89836,49.23801],[2.89796,49.23832],[2.89542,49.23851],[2.89343,49.23902],[2.89159,49.23934],[2.88973,49.2393],[2.88905,49.23948],[2.88719,49.2404],[2.8863,49.24041],[2.88548,49.24023],[2.88218,49.23975],[2.88121,49.2394],[2.8808,49.2394],[2.87854,49.23981],[2.87772,49.24013],[2.87657,49.24112],[2.87582,49.24158],[2.87356,49.24271],[2.87288,49.24294],[2.87193,49.24353],[2.87104,49.24384],[2.86917,49.24417],[2.86815,49.24457],[2.86767,49.24458],[2.86726,49.24449],[2.8665,49.24454],[2.86575,49.24468],[2.86459,49.24504],[2.86342,49.24519],[2.86239,49.24542],[2.86095,49.24524],[2.86033,49.24529],[2.85979,49.24561],[2.85959,49.2466],[2.85843,49.24705],[2.85809,49.24728]]}},
{"type":"Feature","properties":{"code_eu_md":"FRHR217B-H2025000","name":"ruisseau le baybelle","longueur":2761.0,"statut":"MEN","ordre":2,"etateco":"4","qmoyaval":null,"distmer":null,"distsrce":null,"gid":8704,"annee":"2009"},"geometry":{"type":"LineString","coordinates":[[2.82282,49.25742],[2.82371,49.25741],[2.82515,49.25713],[2.82618,49.25712],[2.82769,49.25748],[2.82907,49.25774],[2.83037,49.2576],[2.83133,49.2576],[2.83243,49.25791],[2.8336,49.25808],[2.83616,49.25834],[2.83643,49.25829],[2.83684,49.25807],[2.83752,49.25784],[2.84,49.25815],[2.84048,49.25815],[2.84219,49.25778],[2.84487,49.25781],[2.84556,49.25794],[2.84597,49.25826],[2.84686,49.25839],[2.84769,49.2587],[2.84838,49.25919],[2.8486,49.25959],[2.84875,49.26045],[2.84903,49.26108],[2.84904,49.26225],[2.84918,49.26247],[2.84919,49.2631],[2.84899,49.26355],[2.84892,49.26405],[2.84906,49.26423],[2.84907,49.26445],[2.84873,49.2649],[2.84873,49.26526],[2.8488,49.26548],[2.84908,49.26584],[2.84936,49.26602]]}},
{"type":"Feature","properties":{"code_eu_md":"FRHR218","name":"la Brèche de sa source au confluent de l'Arré (exclu)","longueur":26239.0,"statut":"MEN","ordre":2,"etateco":"3","qmoyaval":null,"distmer":null,"distsrce":null,"gid":8705,"annee":"2009"},"geometry":{"type":"LineString","coordinates":[[2.21303,49.52302],[2.21317,49.5227],[2.21351,49.52221],[2.21393,49.52199],[2.21462,49.52181],[2.21634,49.52168],[2.21724,49.5215],[2.21793,49.52096],[2.21793,49.52087],[2.21876,49.52029],[2.2198,49.51979],[2.22056,49.51957],[2.22202,49.5184],[2.22244,49.51822],[2.22402,49.51787],[2.22485,49.51742],[2.2263,49.51715],[2.22692,49.51684],[2.22782,49.51647],[2.22885,49.51625],[2.23313,49.5163],[2.23542,49.51639],[2.23632,49.51621],[2.23797,49.51572],[2.23887,49.51532],[2.23991,49.51469],[2.24122,49.51365],[2.24371,49.51127],[2.24405,49.51064],[2.24488,49.51029],[2.24545,49.51015],[2.24566,49.51015],[2.246,49.51033],[2.24641,49.51042],[2.24676,49.51024],[2.24793,49.50979],[2.24828,49.50979],[2.24869,49.51002],[2.24973,49.5102],[2.24993,49.51042],[2.25055,49.51065],[2.25145,49.51065],[2.25241,49.51033],[2.25317,49.5102],[2.25345,49.51002],[2.25359,49.50957],[2.25386,49.50944],[2.25531,49.50899],[2.25649,49.50899],[2.25683,49.50885],[2.25731,49.50877],[2.25809,49.50877],[2.25843,49.50872],[2.25891,49.50877],[2.25995,49.50948],[2.26112,49.50953],[2.26298,49.50998],[2.26422,49.51007],[2.26602,49.50989],[2.26643,49.51016],[2.26677,49.51021],[2.2674,49.50998],[2.26809,49.50989],[2.26877,49.50967],[2.26933,49.50931],[2.26953,49.50886],[2.26976,49.50864],[2.27031,49.50832],[2.27031,49.5081],[2.2701,49.50787],[2.27017,49.50769],[2.27058,49.50761],[2.27065,49.50752],[2.27052,49.50743],[2.27052,49.50725],[2.27128,49.50662],[2.27148,49.50599],[2.27169,49.50576],[2.27197,49.50562],[2.2741,49.50522],[2.27618,49.5045],[2.27666,49.50441],[2.27776,49.50441],[2.27845,49.50423],[2.27962,49.50369],[2.2808,49.5037],[2.28093,49.50365],[2.28149,49.50329],[2.28191,49.50316],[2.28254,49.50289],[2.28316,49.50275],[2.28502,49.5028],[2.28584,49.50266],[2.28667,49.50235],[2.28847,49.50181],[2.28922,49.50154],[2.2895,49.50132],[2.28985,49.50069],[2.28992,49.50037],[2.28971,49.50015],[2.28964,49.49988],[2.2875,49.49835],[2.28737,49.498],[2.28737,49.4974],[2.28758,49.4969],[2.28813,49.49664],[2.28888,49.4965],[2.28889,49.49605],[2.28944,49.49538],[2.28978,49.49484],[2.29034,49.49421],[2.29082,49.4939],[2.29206,49.49341],[2.2931,49.49287],[2.29421,49.49251],[2.29469,49.49215],[2.29476,49.49179],[2.29476,49.49076],[2.29463,49.49044],[2.29456,49.48945],[2.29421,49.48873],[2.29408,49.48828],[2.29408,49.48725],[2.29449,49.48608],[2.29463,49.48527],[2.2947,49.48509],[2.29525,49.48473],[2.29525,49.4841],[2.29518,49.48365],[2.29512,49.4823],[2.29505,49.48208],[2.29505,49.48163],[2.29519,49.48158],[2.29587,49.48149],[2.2967,49.48118],[2.29767,49.48045],[2.29905,49.47893],[2.29946,49.47853],[2.30036,49.47731],[2.3005,49.47704],[2.30057,49.4765],[2.30077,49.47592],[2.30105,49.47552],[2.30139,49.47534],[2.30236,49.47498],[2.30298,49.47453],[2.30443,49.47295],[2.30477,49.4725],[2.30498,49.47183],[2.30498,49.47111],[2.30484,49.47075],[2.30519,49.47007],[2.30519,49.469],[2.30485,49.46859],[2.30381,49.46778],[2.30381,49.46747],[2.30409,49.46706],[2.30423,49.46661],[2.3045,49.46617],[2.30478,49.46599],[2.30534,49.46585],[2.30713,49.46563],[2.30913,49.46518],[2.30982,49.46477],[2.3101,49.46436],[2.31024,49.46333],[2.31044,49.46229],[2.31065,49.46198],[2.31196,49.46108],[2.31279,49.46055],[2.31355,49.46014],[2.31679,49.45821],[2.31838,49.45754],[2.32038,49.45622],[2.32066,49.45609],[2.32149,49.45546],[2.32569,49.4529],[2.32789,49.45169],[2.32968,49.45061],[2.33115,49.44985],[2.33266,49.44922],[2.333,49.44877],[2.3339,49.4485],[2.33425,49.44836],[2.3359,49.44737],[2.33858,49.44562],[2.33879,49.4453],[2.33879,49.44485],[2.33865,49.44467],[2.33852,49.44382],[2.33803,49.44333],[2.33714,49.44279],[2.33666,49.44225],[2.33624,49.44212],[2.3359,49.44171],[2.33514,49.44126],[2.33445,49.44068],[2.3339,49.43991],[2.3339,49.43887],[2.33432,49.43645],[2.33418,49.43622],[2.33259,49.43519],[2.33232,49.43492],[2.33232,49.43416],[2.33252,49.43339],[2.33308,49.43231],[2.33321,49.43182],[2.33308,49.43168],[2.33204,49.43091],[2.33101,49.42993],[2.33122,49.4288],[2.33115,49.42817],[2.33073,49.42669],[2.33067,49.42602],[2.33053,49.4257],[2.32948,49.42413],[2.32886,49.42364],[2.32859,49.42318],[2.32762,49.4226],[2.32755,49.42219],[2.32742,49.42187],[2.3279,49.42156],[2.32804,49.42129],[2.32872,49.42084],[2.32879,49.42066],[2.32907,49.4203],[2.32928,49.41963],[2.32948,49.41936],[2.3299,49.41918],[2.33101,49.419],[2.33239,49.41864],[2.33376,49.41846],[2.33432,49.41819],[2.33514,49.41801],[2.33555,49.41752],[2.33611,49.41743],[2.33652,49.41743],[2.33693,49.41761],[2.33755,49.4177],[2.33797,49.41765],[2.33872,49.41734],[2.33893,49.4173],[2.33989,49.4177],[2.34065,49.41748],[2.34093,49.41747],[2.34161,49.41766],[2.34223,49.41775],[2.34411,49.41779],[2.34486,49.41793],[2.34638,49.41828],[2.34762,49.41873],[2.34858,49.419],[2.34934,49.41909],[2.35023,49.41909],[2.3514,49.41855],[2.35409,49.41675],[2.3556,49.41554],[2.35685,49.41509],[2.35741,49.41477],[2.35864,49.41432],[2.35954,49.41414],[2.36098,49.41414],[2.36236,49.41428],[2.36326,49.41455],[2.36388,49.41445],[2.36457,49.41459],[2.36512,49.41436],[2.36594,49.41436],[2.36615,49.41427],[2.36642,49.41427],[2.36684,49.41441],[2.36718,49.41441],[2.36732,49.41445],[2.36753,49.415],[2.36814,49.415],[2.36842,49.41509],[2.3687,49.41509],[2.3689,49.415],[2.36897,49.41468],[2.36926,49.4145],[2.37071,49.41463],[2.37146,49.41414],[2.37249,49.41391],[2.37305,49.41382],[2.3736,49.41351],[2.37477,49.41319],[2.3758,49.41266],[2.37642,49.41261],[2.37724,49.41211],[2.37786,49.41202],[2.37807,49.41193],[2.37835,49.41158],[2.37855,49.41117],[2.37903,49.4109],[2.38048,49.41054],[2.38062,49.41041],[2.38068,49.41027],[2.38068,49.41005],[2.38075,49.40978],[2.38117,49.40937],[2.3813,49.40906],[2.38171,49.4087],[2.38178,49.40848],[2.3813,49.40793],[2.38123,49.40749],[2.38164,49.40686],[2.38178,49.40644],[2.38158,49.40613],[2.38054,49.40573],[2.38034,49.40555],[2.38013,49.40496],[2.37944,49.40415],[2.37944,49.4033],[2.37965,49.40276],[2.38013,49.40213],[2.38047,49.40182],[2.38116,49.40146],[2.3815,49.4011],[2.38164,49.40034],[2.38191,49.40007],[2.3824,49.39971],[2.3826,49.3993],[2.38267,49.39885],[2.38303,49.39832],[2.38317,49.39772],[2.38358,49.39723],[2.38385,49.39673],[2.38461,49.39624],[2.38509,49.39552],[2.38543,49.3952],[2.38591,49.39498],[2.38653,49.39431],[2.38667,49.39408],[2.38681,49.39404],[2.38736,49.39305],[2.38756,49.39246],[2.38777,49.3922],[2.38811,49.39197],[2.38866,49.39188],[2.38928,49.39166],[2.39018,49.3917],[2.391,49.39161],[2.39238,49.39165],[2.39506,49.39165],[2.39575,49.39183],[2.39652,49.39174],[2.39707,49.39183],[2.3979,49.39219],[2.39921,49.39233],[2.39934,49.39228],[2.39996,49.39187],[2.40079,49.39107],[2.40148,49.3907],[2.40299,49.39007],[2.40505,49.38994]]}},
{"type":"Feature","properties":{"code_eu_md":"FRHR219","name":"L'Arré de sa source au confluent de la Brèche (exclu)","longueur":15691.0,"statut":"MEN","ordre":2,"etateco":"3","qmoyaval":null,"distmer":null,"distsrce":null,"gid":8706,"annee":"2009"},"geometry":{"type":"LineString","coordinates":[[2.43932,49.50816],[2.43946,49.5074],[2.43987,49.50609],[2.4398,49.50488],[2.43952,49.50443],[2.43904,49.50389],[2.4389,49.50344],[2.43897,49.50308],[2.43958,49.50173],[2.44,49.50124],[2.44027,49.50097],[2.44027,49.5002],[2.44006,49.49922],[2.43951,49.49835],[2.43902,49.49665],[2.43888,49.49642],[2.43861,49.4962],[2.43861,49.4958],[2.43923,49.49535],[2.43936,49.49508],[2.43992,49.49476],[2.43984,49.49449],[2.44019,49.49422],[2.44026,49.49395],[2.44067,49.49368],[2.4406,49.49342],[2.44012,49.49256],[2.44012,49.49202],[2.44157,49.49008],[2.44157,49.48963],[2.44128,49.48923],[2.44121,49.48896],[2.44135,49.48815],[2.44114,49.48779],[2.44093,49.48757],[2.44087,49.4873],[2.44093,49.48631],[2.44065,49.486],[2.44065,49.48505],[2.44024,49.48402],[2.43982,49.48357],[2.43851,49.48123],[2.43844,49.48042],[2.43816,49.47988],[2.43802,49.47921],[2.43802,49.47813],[2.43767,49.47745],[2.43602,49.47521],[2.43629,49.47359],[2.43622,49.47318],[2.43574,49.47242],[2.43567,49.47192],[2.43539,49.47174],[2.43504,49.4717],[2.43449,49.47098],[2.43421,49.47049],[2.43311,49.4695],[2.43249,49.46847],[2.43214,49.46766],[2.43152,49.46667],[2.43145,49.46545],[2.43138,49.46536],[2.4309,49.46509],[2.43054,49.465],[2.42971,49.465],[2.42944,49.46473],[2.42916,49.46455],[2.42861,49.4646],[2.42757,49.46451],[2.42723,49.4646],[2.42689,49.46451],[2.42661,49.46429],[2.42647,49.46339],[2.42633,49.46294],[2.42585,49.46249],[2.42571,49.46213],[2.42571,49.46159],[2.4255,49.46119],[2.42509,49.46083],[2.42495,49.4606],[2.42488,49.45997],[2.42419,49.45948],[2.42371,49.45926],[2.42302,49.45859],[2.42288,49.45796],[2.42288,49.45718],[2.42336,49.45633],[2.42377,49.4561],[2.42453,49.45592],[2.42473,49.4557],[2.4248,49.45534],[2.42528,49.45502],[2.42597,49.45512],[2.42597,49.45453],[2.42576,49.45404],[2.425,49.45305],[2.42466,49.45247],[2.42452,49.45179],[2.42452,49.44963],[2.42431,49.4494],[2.42348,49.44904],[2.42348,49.44873],[2.42362,49.44859],[2.42355,49.44783],[2.4232,49.44761],[2.42314,49.44743],[2.42279,49.44716],[2.42279,49.44689],[2.4232,49.44639],[2.42334,49.44635],[2.42334,49.445],[2.42209,49.44285],[2.42175,49.44267],[2.42154,49.44227],[2.42085,49.44173],[2.42071,49.4415],[2.42078,49.441],[2.42106,49.44051],[2.42175,49.43988],[2.42188,49.43812],[2.42202,49.43759],[2.42202,49.43723],[2.42174,49.43686],[2.42112,49.43624],[2.42091,49.43579],[2.42084,49.43543],[2.42064,49.43534],[2.42029,49.43534],[2.42009,49.43529],[2.4198,49.43498],[2.41904,49.43476],[2.418,49.43467],[2.41704,49.43467],[2.41559,49.43471],[2.41518,49.43507],[2.41498,49.43508],[2.41463,49.43498],[2.41456,49.4348],[2.41442,49.43471],[2.41394,49.43463],[2.41366,49.43426],[2.41339,49.43337],[2.41339,49.43246],[2.41346,49.4321],[2.41352,49.4312],[2.41359,49.43107],[2.41421,49.43066],[2.41421,49.43048],[2.41717,49.42981],[2.41703,49.42828],[2.41599,49.42608],[2.41517,49.42599],[2.41475,49.42572],[2.41455,49.42541],[2.41455,49.4251],[2.41489,49.42473],[2.41489,49.4246],[2.41441,49.42423],[2.41365,49.42396],[2.41344,49.42378],[2.41351,49.42356],[2.41406,49.42302],[2.4142,49.42279],[2.41413,49.42252],[2.4131,49.42185],[2.41316,49.42167],[2.4133,49.42154],[2.41316,49.42118],[2.41303,49.42095],[2.4133,49.42064],[2.41337,49.42046],[2.41344,49.41965],[2.41371,49.41942],[2.41399,49.41929],[2.41502,49.41925],[2.41502,49.4188],[2.4146,49.41803],[2.41426,49.41758],[2.41274,49.41682],[2.41068,49.41556],[2.40923,49.41497],[2.40895,49.41475],[2.40854,49.41398],[2.40847,49.41291],[2.40832,49.41237],[2.40811,49.41192],[2.40811,49.41142],[2.40797,49.41115],[2.40763,49.41071],[2.40735,49.41017],[2.40687,49.40941],[2.40687,49.40878],[2.40673,49.40833],[2.4059,49.40716],[2.40494,49.40625],[2.40404,49.40576],[2.40321,49.40473],[2.4028,49.40343],[2.40218,49.40199],[2.4019,49.40163],[2.40101,49.40118],[2.40073,49.40114],[2.40073,49.40105],[2.40039,49.40087],[2.40039,49.40028],[2.40059,49.40001],[2.40045,49.39884],[2.40025,49.39867],[2.40025,49.39771],[2.40004,49.39744],[2.39963,49.39722],[2.39956,49.39664],[2.39928,49.39632],[2.39928,49.39529],[2.39949,49.39497],[2.40024,49.3943],[2.40031,49.39362],[2.40072,49.39309],[2.40093,49.39264],[2.401,49.39237],[2.40113,49.39219],[2.40347,49.39066],[2.40505,49.38994]]}},
{"type":"Feature","properties":{"code_eu_md":"FRHR220","name":"la Brèche du confluent de l'Arré (exclu) au confluent de l'Oise (exclu)","longueur":19257.0,"statut":"MEN","ordre":1,"etateco":"3","qmoyaval":null,"distmer":null,"distsrce":null,"gid":8711,"annee":"2009"},"geometry":{"type":"LineString","coordinates":[[2.40505,49.38994],[2.40574,49.38985],[2.40705,49.38985],[2.40808,49.39012],[2.41105,49.3903],[2.41181,49.39025],[2.41229,49.39016],[2.41325,49.38979],[2.41422,49.38975],[2.41525,49.38957],[2.41656,49.38961],[2.41759,49.3893],[2.41862,49.38929],[2.41896,49.38916],[2.41896,49.38907],[2.41931,49.38885],[2.41986,49.38866],[2.4202,49.38844],[2.42027,49.38835],[2.42006,49.3879],[2.42041,49.38772],[2.42233,49.38754],[2.42316,49.38727],[2.42358,49.38705],[2.42407,49.38686],[2.42579,49.38664],[2.42634,49.38659],[2.42702,49.38673],[2.42806,49.38686],[2.42868,49.38704],[2.42943,49.38646],[2.42957,49.38592],[2.42978,49.38556],[2.42977,49.38506],[2.42957,49.38453],[2.42957,49.38412],[2.42963,49.3839],[2.42998,49.38362],[2.4308,49.38335],[2.43238,49.38277],[2.43259,49.38254],[2.43341,49.38124],[2.43355,49.38083],[2.43361,49.38032],[2.43478,49.37993],[2.43506,49.37954],[2.43554,49.37836],[2.43561,49.37804],[2.43685,49.37728],[2.43755,49.37692],[2.43816,49.37651],[2.43851,49.37615],[2.43871,49.37557],[2.43837,49.37521],[2.43837,49.37499],[2.43892,49.37476],[2.4396,49.37422],[2.43974,49.37391],[2.44008,49.37346],[2.43995,49.37323],[2.4396,49.37282],[2.4396,49.37273],[2.43981,49.37255],[2.44008,49.37255],[2.44022,49.37259],[2.44063,49.37264],[2.44084,49.37246],[2.44139,49.37152],[2.44194,49.37098],[2.44386,49.36976],[2.44413,49.36936],[2.44413,49.36895],[2.44407,49.36868],[2.44379,49.36833],[2.44331,49.36783],[2.44262,49.36765],[2.44241,49.36756],[2.44241,49.36716],[2.44262,49.36689],[2.44351,49.36626],[2.44365,49.36594],[2.44385,49.36523],[2.44385,49.36487],[2.44358,49.36459],[2.44357,49.3627],[2.44391,49.36212],[2.44426,49.36162],[2.44494,49.36113],[2.44577,49.36077],[2.44549,49.36064],[2.44487,49.36063],[2.44446,49.36068],[2.44343,49.36041],[2.44343,49.35947],[2.44315,49.35911],[2.44308,49.35826],[2.44356,49.35771],[2.44356,49.35749],[2.44301,49.35718],[2.44294,49.35704],[2.44287,49.35601],[2.4428,49.35555],[2.44273,49.35349],[2.44259,49.35295],[2.44238,49.35245],[2.4419,49.35182],[2.44073,49.35079],[2.44024,49.35021],[2.44017,49.34949],[2.44004,49.34913],[2.44004,49.3485],[2.44017,49.34814],[2.44079,49.34747],[2.44099,49.34697],[2.4412,49.34666],[2.4412,49.34634],[2.44085,49.34593],[2.44078,49.34562],[2.44092,49.34548],[2.44099,49.34512],[2.44071,49.34459],[2.44044,49.34432],[2.44037,49.34405],[2.44051,49.34369],[2.44051,49.34319],[2.4403,49.3427],[2.44028,49.34203],[2.44126,49.34023],[2.4416,49.33901],[2.44318,49.33766],[2.44365,49.33667],[2.4453,49.33455],[2.44544,49.33428],[2.4455,49.33401],[2.4453,49.33339],[2.44516,49.33267],[2.44488,49.3319],[2.44474,49.33101],[2.44529,49.33038],[2.4455,49.32993],[2.44563,49.32975],[2.44618,49.32934],[2.44625,49.32862],[2.44666,49.32785],[2.44755,49.32646],[2.44782,49.32588],[2.44817,49.32533],[2.44837,49.32471],[2.44906,49.32394],[2.44926,49.32349],[2.44933,49.323],[2.44933,49.32219],[2.4496,49.32147],[2.44981,49.3212],[2.45043,49.32084],[2.45152,49.32057],[2.45173,49.32035],[2.45248,49.31985],[2.45337,49.31854],[2.45406,49.31728],[2.45433,49.31697],[2.45502,49.31562],[2.45522,49.31548],[2.45557,49.31548],[2.45778,49.31629],[2.45806,49.3162],[2.4586,49.31584],[2.45888,49.31539],[2.45901,49.31507],[2.45908,49.31422],[2.4588,49.31332],[2.4588,49.31283],[2.45901,49.31225],[2.45894,49.31112],[2.45859,49.3108],[2.45756,49.31076],[2.45693,49.31058],[2.45672,49.31035],[2.45638,49.31013],[2.45562,49.30995],[2.45521,49.30972],[2.455,49.30932],[2.4539,49.30873],[2.45369,49.30847],[2.45376,49.3082],[2.45445,49.3077],[2.45459,49.30748],[2.45472,49.30694],[2.45479,49.30618],[2.45506,49.30559],[2.45506,49.30501],[2.45437,49.30425],[2.4543,49.30393],[2.4543,49.30337],[2.45451,49.3029],[2.4543,49.30164],[2.45409,49.30146],[2.45395,49.30146],[2.45389,49.30209],[2.45299,49.30187],[2.45093,49.30164],[2.45079,49.30155],[2.45086,49.30133],[2.45079,49.30082],[2.45079,49.30046],[2.45148,49.29957],[2.45141,49.29916],[2.45079,49.29853],[2.45042,49.29779],[2.45133,49.29676],[2.45003,49.29588],[2.45003,49.29579],[2.44968,49.29521],[2.44968,49.29413],[2.44988,49.29364],[2.45002,49.29346],[2.45064,49.2931],[2.45153,49.2927],[2.45194,49.29233],[2.45249,49.29138],[2.45372,49.29012],[2.45454,49.2894],[2.45516,49.289],[2.45653,49.28841],[2.45818,49.28792],[2.45962,49.2876],[2.46018,49.28756],[2.46204,49.28755],[2.46547,49.28701],[2.4676,49.28678],[2.46808,49.28678],[2.46842,49.28687],[2.46925,49.28728],[2.46959,49.28736],[2.47028,49.28736],[2.47158,49.28705],[2.47206,49.28664],[2.47282,49.28588],[2.4733,49.28556],[2.47398,49.28534],[2.47439,49.28529],[2.47502,49.28529],[2.47503,49.28534],[2.47585,49.28538],[2.47647,49.28525],[2.47674,49.28502],[2.47681,49.28489],[2.47736,49.2848],[2.47784,49.28421],[2.47825,49.28394],[2.47866,49.28381],[2.47942,49.28381],[2.48223,49.28479],[2.48278,49.28479],[2.48313,49.2847],[2.48347,49.28443],[2.48388,49.28402],[2.48443,49.28379],[2.48525,49.28366],[2.4858,49.28338],[2.48662,49.28325],[2.48724,49.28289],[2.48793,49.28239],[2.48854,49.28212],[2.48861,49.28203],[2.48868,49.28105],[2.48882,49.28087],[2.48895,49.28082],[2.4893,49.28082],[2.48986,49.28104],[2.4902,49.28104],[2.49082,49.28091],[2.49267,49.28005],[2.49336,49.27969],[2.49439,49.27942],[2.49521,49.27946],[2.4959,49.2796],[2.49597,49.27951],[2.49596,49.27928],[2.49644,49.27911],[2.49665,49.27892],[2.49692,49.27843],[2.49685,49.27789],[2.49671,49.2773],[2.49651,49.2769],[2.49651,49.27663],[2.49699,49.27627],[2.4974,49.27582]]}},
{"type":"Feature","properties":{"code_eu_md":"FRHR220-H2071000","name":"ru de la garde","longueur":7538.0,"statut":"MEN","ordre":2,"etateco":"5","qmoyaval":null,"distmer":null,"distsrce":null,"gid":8712,"annee":"2009"},"geometry":{"type":"LineString","coordinates":[[2.34737,49.38256],[2.35251,49.38499],[2.35339,49.38519],[2.35422,49.38559],[2.35484,49.38613],[2.35664,49.38734],[2.35712,49.38761],[2.35808,49.38775],[2.35843,49.38802],[2.3607,49.38955],[2.36159,49.38991],[2.36262,49.39014],[2.36331,49.39014],[2.36421,49.39009],[2.36496,49.39018],[2.36607,49.39018],[2.36813,49.38991],[2.36986,49.3904],[2.37048,49.39045],[2.37124,49.39045],[2.37159,49.39036],[2.37214,49.38995],[2.37255,49.38982],[2.37351,49.38959],[2.3742,49.38928],[2.37489,49.38887],[2.37571,49.38869],[2.37894,49.38824],[2.38025,49.38787],[2.38046,49.38792],[2.38177,49.3886],[2.3828,49.38891],[2.3833,49.38922],[2.38357,49.38959],[2.38398,49.38982],[2.3855,49.39022],[2.38619,49.39035],[2.38708,49.39022],[2.38901,49.38968],[2.39093,49.38954],[2.39451,49.38953],[2.39541,49.39004],[2.39776,49.39075],[2.39879,49.3912],[2.39934,49.39152],[2.39941,49.39147],[2.39989,49.39062],[2.40051,49.38977],[2.40099,49.38948],[2.40697,49.38688],[2.40815,49.38679],[2.40904,49.38679],[2.40952,49.38687],[2.41043,49.38732],[2.41126,49.3875],[2.41201,49.3875],[2.41332,49.38719],[2.4149,49.38691],[2.41511,49.38701],[2.41586,49.38678],[2.41614,49.38674],[2.41642,49.38691],[2.41669,49.38696],[2.41724,49.38687],[2.42006,49.38669],[2.4202,49.38646],[2.42219,49.3861],[2.42281,49.38592],[2.42295,49.38565],[2.42302,49.38516],[2.42288,49.38484],[2.42302,49.38471],[2.42379,49.38462],[2.42585,49.38363],[2.42612,49.38345],[2.42654,49.38327],[2.42667,49.38291],[2.42771,49.38241],[2.42825,49.38197],[2.42894,49.38133],[2.42949,49.38052],[2.42997,49.38007],[2.43038,49.37984],[2.4317,49.37988],[2.4325,49.38],[2.43361,49.38032]]}},
{"type":"Feature","properties":{"code_eu_md":"FRHR220-H2073000","name":"ruisseau la beronnelle","longueur":13395.0,"statut":"MEN","ordre":2,"etateco":"5","qmoyaval":null,"distmer":null,"distsrce":null,"gid":8713,"annee":"2009"},"geometry":{"type":"LineString","coordinates":[[2.45993,49.40303],[2.4587,49.40038],[2.45218,49.39923],[2.44974,49.39848],[2.44808,49.3979],[2.44667,49.39728],[2.4466,49.39714],[2.44612,49.39696],[2.44529,49.39647],[2.4446,49.39562],[2.44322,49.39432],[2.44267,49.39391],[2.4424,49.39315],[2.44253,49.3918],[2.44246,49.3914],[2.44225,49.39112],[2.44019,49.38977],[2.43902,49.38915],[2.43791,49.38825],[2.43764,49.38829],[2.43674,49.38896],[2.43577,49.38933],[2.43522,49.38919],[2.43439,49.38874],[2.43418,49.38861],[2.43418,49.38839],[2.43549,49.38793],[2.43556,49.3878],[2.43514,49.38717],[2.43487,49.38695],[2.43418,49.38681],[2.4337,49.3865],[2.43356,49.38636],[2.43363,49.38596],[2.4339,49.38546],[2.43418,49.38515],[2.43431,49.38484],[2.43452,49.38457],[2.43528,49.38416],[2.43548,49.38398],[2.43569,49.38349],[2.43603,49.38322],[2.43672,49.38295],[2.43686,49.38272],[2.43692,49.38236],[2.43735,49.38205],[2.43907,49.38159],[2.43996,49.38123],[2.44065,49.38087],[2.44202,49.37992],[2.44216,49.37974],[2.44216,49.37912],[2.44223,49.37898],[2.44347,49.37822],[2.44339,49.37795],[2.44285,49.37764],[2.4425,49.3775],[2.44202,49.37719],[2.44195,49.37701],[2.44195,49.37674],[2.44367,49.3753],[2.44511,49.37426],[2.44545,49.3739],[2.44545,49.37309],[2.44614,49.37281],[2.44682,49.37173],[2.44723,49.37133],[2.44716,49.37111],[2.44661,49.37075],[2.4462,49.37057],[2.44565,49.37016],[2.4451,49.36994],[2.44503,49.36976],[2.44503,49.36927],[2.44524,49.36909],[2.44558,49.36891],[2.44558,49.36873],[2.44516,49.36846],[2.44468,49.36833],[2.44454,49.36806],[2.44441,49.36752],[2.44447,49.36666],[2.44482,49.3659],[2.44543,49.36486],[2.44578,49.36473],[2.44578,49.36432],[2.44591,49.36414],[2.44584,49.36405],[2.44584,49.36355],[2.44598,49.36342],[2.44584,49.36333],[2.44584,49.36319],[2.44598,49.36302],[2.44584,49.36279],[2.44577,49.36189],[2.44563,49.36171],[2.44604,49.3614],[2.44604,49.36108],[2.44639,49.36095],[2.44673,49.36086],[2.44687,49.36072],[2.44687,49.3605],[2.44638,49.36019],[2.44625,49.35983],[2.44625,49.35938],[2.4459,49.35861],[2.44528,49.35636],[2.44493,49.35443],[2.44486,49.35294],[2.44479,49.35272],[2.44479,49.35196],[2.44513,49.35137],[2.44533,49.35061],[2.44554,49.35029],[2.44629,49.34971],[2.44671,49.34944],[2.44684,49.34922],[2.44691,49.348],[2.44698,49.34769],[2.44869,49.34638],[2.4491,49.34601],[2.44972,49.34588],[2.45082,49.34583],[2.45227,49.34534],[2.45281,49.3452],[2.45288,49.34507],[2.45254,49.34484],[2.45206,49.34467],[2.45178,49.3443],[2.45164,49.34403],[2.45164,49.34291],[2.45178,49.34201],[2.45198,49.3417],[2.45267,49.34143],[2.45329,49.34139],[2.45411,49.34152],[2.45433,49.34134],[2.4544,49.34111],[2.45461,49.3408],[2.45474,49.34039],[2.45447,49.34003],[2.45322,49.33959],[2.45328,49.33918],[2.45342,49.33891],[2.45335,49.33846],[2.45307,49.33791],[2.4528,49.3376],[2.45273,49.33733],[2.4528,49.33666],[2.45368,49.33239],[2.45396,49.33203],[2.45582,49.33095],[2.45682,49.33063],[2.45559,49.32704],[2.4565,49.3265],[2.45698,49.32649],[2.45712,49.32609],[2.45698,49.32595],[2.45705,49.32564],[2.45896,49.3224],[2.45951,49.32137],[2.45958,49.32119],[2.45965,49.3207],[2.45992,49.32047],[2.46006,49.32016],[2.46129,49.31956],[2.46163,49.31894],[2.46191,49.31794],[2.46259,49.31696],[2.46341,49.31601],[2.46389,49.31534],[2.46389,49.31471],[2.46375,49.31444],[2.46348,49.31417],[2.46238,49.31381],[2.46162,49.31318],[2.46114,49.3122],[2.46079,49.31206],[2.46059,49.31193],[2.46017,49.31157],[2.45976,49.31148],[2.45894,49.31112]]}},
{"type":"Feature","properties":{"code_eu_md":"FRHR224-H2138000","name":"ruisseau du moulinet","longueur":5601.0,"statut":"MEN","ordre":2,"etateco":"3","qmoyaval":null,"distmer":null,"distsrce":null,"gid":8723,"annee":"2009"},"geometry":{"type":"LineString","coordinates":[[1.96824,49.38627],[1.96858,49.38649],[1.96926,49.38712],[1.9696,49.38762],[1.97037,49.38843],[1.97071,49.38861],[1.97105,49.38893],[1.97208,49.38934],[1.97249,49.38961],[1.97284,49.39014],[1.97249,49.39073],[1.97283,49.39091],[1.97331,49.39136],[1.9733,49.39163],[1.97351,49.3919],[1.97344,49.39217],[1.97296,49.39253],[1.97281,49.39298],[1.97185,49.39378],[1.97184,49.39433],[1.97204,49.39482],[1.97239,49.39527],[1.97279,49.39604],[1.97341,49.39627],[1.97348,49.3964],[1.97341,49.39672],[1.9734,49.39752],[1.97354,49.39788],[1.97381,49.39829],[1.97408,49.39851],[1.97518,49.39869],[1.97566,49.39901],[1.97566,49.3991],[1.97518,49.39946],[1.97518,49.39955],[1.97545,49.39973],[1.97545,49.40009],[1.97572,49.40018],[1.97606,49.4005],[1.97613,49.40077],[1.97606,49.40085],[1.97606,49.40126],[1.97647,49.40157],[1.97688,49.40167],[1.97743,49.40167],[1.97853,49.40271],[1.97852,49.40366],[1.9779,49.40406],[1.97797,49.40428],[1.97864,49.40536],[1.97906,49.40541],[1.98146,49.40659],[1.98228,49.40681],[1.98228,49.40699],[1.98235,49.40712],[1.98318,49.40717],[1.98338,49.40722],[1.98386,49.40762],[1.98434,49.40781],[1.98496,49.4083],[1.98544,49.40844],[1.98571,49.40857],[1.98578,49.40871],[1.98709,49.40907],[1.98757,49.40934],[1.98777,49.40975],[1.98763,49.41003],[1.98756,49.41034],[1.98776,49.41065],[1.98783,49.4111],[1.98769,49.41146],[1.98762,49.41191],[1.98768,49.41222],[1.98975,49.4125],[1.99086,49.41277],[1.99162,49.413],[1.99224,49.413],[1.99306,49.41292],[1.99368,49.41292],[1.99403,49.41283],[1.99485,49.41287],[1.99547,49.41274],[1.99671,49.4127],[1.99885,49.41293],[1.99994,49.41334],[2.00139,49.41406],[2.00228,49.41424],[2.0029,49.41451],[2.00345,49.41461],[2.00303,49.41496],[2.00303,49.41532],[2.00351,49.41564],[2.00364,49.41586],[2.00399,49.4161],[2.00441,49.41632],[2.00489,49.41691],[2.00537,49.41718],[2.00585,49.41763],[2.00633,49.41786],[2.00688,49.41795],[2.00722,49.41835],[2.00779,49.41867]]}},
{"type":"Feature","properties":{"code_eu_md":"FRHR224-H2139000","name":"ru d'auneuil","longueur":7261.0,"statut":"MEN","ordre":2,"etateco":"2","qmoyaval":null,"distmer":null,"distsrce":null,"gid":8724,"annee":"2009"},"geometry":{"type":"LineString","coordinates":[[2.00375,49.37001],[2.00395,49.37041],[2.00388,49.371],[2.00422,49.37122],[2.00504,49.37216],[2.00504,49.37289],[2.00442,49.37321],[2.00428,49.37357],[2.00421,49.37401],[2.004,49.37446],[2.00393,49.37487],[2.00516,49.3755],[2.00502,49.37558],[2.00378,49.37581],[2.00323,49.37617],[2.00336,49.37715],[2.00357,49.37747],[2.00425,49.37792],[2.00452,49.37828],[2.00486,49.37851],[2.0059,49.37855],[2.00672,49.37874],[2.00748,49.37905],[2.00907,49.37919],[2.00941,49.37928],[2.00996,49.37982],[2.01024,49.37996],[2.01093,49.37965],[2.01127,49.37965],[2.01209,49.37996],[2.01285,49.38001],[2.01319,49.38015],[2.01326,49.38033],[2.01367,49.38056],[2.01367,49.3806],[2.01346,49.38074],[2.01346,49.38083],[2.01456,49.38142],[2.01538,49.38196],[2.016,49.3825],[2.0162,49.38286],[2.0162,49.38335],[2.01599,49.38371],[2.01599,49.38407],[2.01633,49.38438],[2.01633,49.38479],[2.01667,49.38484],[2.0166,49.38501],[2.01687,49.38551],[2.01687,49.38614],[2.01666,49.38636],[2.01666,49.38681],[2.01631,49.38717],[2.01624,49.38757],[2.01638,49.38816],[2.01617,49.38856],[2.01644,49.38879],[2.01651,49.38898],[2.0161,49.38915],[2.01616,49.38947],[2.01602,49.38974],[2.01616,49.38987],[2.01616,49.39005],[2.01588,49.39037],[2.01622,49.39086],[2.01697,49.39163],[2.01656,49.39235],[2.01665,49.39246],[2.01786,49.39329],[2.01834,49.39379],[2.01902,49.39401],[2.01978,49.39406],[2.02005,49.3941],[2.02047,49.39447],[2.02088,49.39469],[2.02101,49.39501],[2.02067,49.39532],[2.01991,49.39559],[2.01935,49.39604],[2.01908,49.39639],[2.01714,49.39819],[2.01666,49.39855],[2.01576,49.39873],[2.01473,49.39877],[2.01445,49.39909],[2.01452,49.39953],[2.01451,49.39985],[2.01431,49.39999],[2.01424,49.40025],[2.01396,49.40043],[2.01389,49.40066],[2.01368,49.40083],[2.01319,49.40084],[2.01318,49.40101],[2.01298,49.40115],[2.01236,49.40115],[2.01146,49.40177],[2.01091,49.40181],[2.01091,49.40208],[2.0107,49.40218],[2.01008,49.40217],[2.00953,49.40253],[2.00905,49.40244],[2.00898,49.40276],[2.00856,49.40307],[2.00808,49.40352],[2.00766,49.40369],[2.00766,49.40383],[2.00807,49.40397],[2.00821,49.40414],[2.00807,49.40428],[2.00821,49.40446],[2.00827,49.40513],[2.00847,49.40576],[2.00847,49.40648],[2.00805,49.40697],[2.00805,49.40716],[2.0084,49.40721],[2.00846,49.40748],[2.00874,49.40793],[2.00935,49.40824],[2.00962,49.40883],[2.00962,49.40955],[2.00927,49.40977],[2.00941,49.40995],[2.00941,49.41058],[2.00982,49.41116],[2.00947,49.41148],[2.00954,49.4117],[2.00967,49.41184],[2.0096,49.41197],[2.0096,49.41215],[2.01029,49.41234],[2.0105,49.41247],[2.01029,49.41305],[2.01104,49.41391],[2.01207,49.41463],[2.0122,49.41476],[2.01268,49.4149],[2.01289,49.41504],[2.01351,49.41513],[2.01365,49.41523],[2.01406,49.41532],[2.01447,49.41523],[2.01523,49.41541],[2.01564,49.41564],[2.01584,49.41586],[2.01633,49.41604],[2.01703,49.416]]}},
{"type":"Feature","properties":{"code_eu_md":"FRHR225","name":"le Thérain du confluent de l'Avelon (exclu) au confluent de l'Oise (exclu)","longueur":46164.0,"statut":"MEN","ordre":1,"etateco":"2","qmoyaval":null,"distmer":null,"distsrce":null,"gid":8725,"annee":"2009"},"geometry":{"type":"LineString","coordinates":[[2.07465,49.42702],[2.07506,49.4268],[2.07668,49.42637],[2.0776,49.42627],[2.07995,49.42641],[2.08119,49.42609],[2.08424,49.42615],[2.08513,49.42588],[2.08672,49.42526],[2.08982,49.42444],[2.09031,49.42413],[2.09031,49.42382],[2.09003,49.4235],[2.08921,49.42291],[2.08914,49.42273],[2.08928,49.4226],[2.09039,49.42215],[2.09156,49.42157],[2.09404,49.42073],[2.09487,49.42064],[2.0964,49.42069],[2.09708,49.42087],[2.09763,49.42122],[2.09811,49.42168],[2.09873,49.42186],[2.10087,49.42182],[2.10142,49.42199],[2.10272,49.42204],[2.10341,49.42236],[2.10492,49.42281],[2.10534,49.42268],[2.10568,49.42236],[2.10568,49.42214],[2.10527,49.42169],[2.105,49.42092],[2.10466,49.42061],[2.10404,49.42061],[2.10383,49.42052],[2.10376,49.4203],[2.1039,49.42016],[2.10514,49.41962],[2.10597,49.41935],[2.10625,49.41931],[2.10721,49.41967],[2.10739,49.41948],[2.10822,49.41931],[2.1087,49.41937],[2.10909,49.41923],[2.11108,49.41901],[2.11645,49.41857],[2.11935,49.41848],[2.12162,49.41835],[2.12287,49.41813],[2.12446,49.41764],[2.12467,49.41741],[2.12515,49.41732],[2.12577,49.41728],[2.12632,49.41755],[2.12687,49.41778],[2.12824,49.41778],[2.129,49.41818],[2.13003,49.41886],[2.13044,49.41895],[2.13148,49.41895],[2.13175,49.41909],[2.13189,49.41927],[2.13154,49.41954],[2.13154,49.41963],[2.13099,49.41999],[2.13099,49.42003],[2.13113,49.42012],[2.13195,49.42017],[2.13244,49.41994],[2.13299,49.41994],[2.13326,49.42003],[2.1334,49.4203],[2.13395,49.42062],[2.13436,49.42188],[2.13497,49.42229],[2.13518,49.42251],[2.13567,49.4227],[2.13664,49.42257],[2.13733,49.42221],[2.13767,49.4222],[2.13898,49.42243],[2.13953,49.42212],[2.14022,49.42189],[2.14091,49.4218],[2.14139,49.42149],[2.14188,49.42127],[2.14312,49.42114],[2.14443,49.42086],[2.1456,49.42073],[2.14649,49.42046],[2.14704,49.42023],[2.14823,49.42037],[2.15009,49.41979],[2.15078,49.41948],[2.15112,49.41925],[2.15147,49.4189],[2.15202,49.41858],[2.15285,49.41827],[2.1534,49.41791],[2.15381,49.41773],[2.15402,49.41742],[2.15423,49.41683],[2.15513,49.41594],[2.15561,49.41567],[2.15623,49.41563],[2.15754,49.4154],[2.15899,49.41473],[2.15933,49.41433],[2.15961,49.41374],[2.15968,49.41325],[2.16032,49.41186],[2.16053,49.41181],[2.16225,49.41173],[2.16321,49.41128],[2.16335,49.41078],[2.16514,49.41024],[2.16549,49.41006],[2.16577,49.40912],[2.16604,49.40889],[2.16749,49.40853],[2.16749,49.40826],[2.16708,49.40768],[2.16715,49.40719],[2.16736,49.40692],[2.16805,49.40638],[2.1686,49.4062],[2.16894,49.4062],[2.17018,49.40661],[2.17053,49.40661],[2.17087,49.40647],[2.17122,49.40576],[2.17184,49.40499],[2.17234,49.40477],[2.1742,49.40432],[2.17454,49.4041],[2.17516,49.40338],[2.17578,49.40289],[2.17716,49.40226],[2.17757,49.40189],[2.17785,49.4014],[2.17785,49.40095],[2.17799,49.40072],[2.17854,49.4005],[2.17916,49.40046],[2.17957,49.40028],[2.18109,49.39938],[2.1822,49.39862],[2.18309,49.39826],[2.18406,49.39763],[2.18469,49.39705],[2.18545,49.3966],[2.18607,49.39638],[2.18669,49.39638],[2.18744,49.39687],[2.18793,49.39715],[2.18841,49.39696],[2.18951,49.39611],[2.18958,49.39539],[2.18986,49.3949],[2.19027,49.39459],[2.19076,49.39441],[2.19248,49.39455],[2.19282,49.39432],[2.19289,49.39414],[2.19288,49.39362],[2.19252,49.39261],[2.19168,49.39271],[2.19156,49.39214],[2.1922,49.39212],[2.19307,49.39149],[2.19285,49.39097],[2.19318,49.39059],[2.19379,49.38958],[2.19505,49.38979],[2.19527,49.3895],[2.1945,49.38901],[2.19473,49.38851],[2.19544,49.38832],[2.19605,49.38827],[2.1965,49.388],[2.19642,49.38753],[2.19719,49.38713],[2.19781,49.387],[2.1987,49.387],[2.19891,49.38691],[2.19974,49.38637],[2.20029,49.38623],[2.20049,49.38606],[2.20063,49.38579],[2.20105,49.38556],[2.20187,49.38534],[2.20359,49.38511],[2.20442,49.38489],[2.20573,49.38431],[2.20676,49.38427],[2.20724,49.38386],[2.20766,49.38328],[2.20793,49.38319],[2.20841,49.38315],[2.2098,49.38342],[2.21083,49.38369],[2.21118,49.38387],[2.21166,49.38423],[2.21228,49.38405],[2.21283,49.38369],[2.21331,49.38306],[2.21366,49.38229],[2.21414,49.3817],[2.21538,49.38076],[2.21642,49.38009],[2.21669,49.38004],[2.21793,49.38045],[2.21848,49.3805],[2.21937,49.38027],[2.21979,49.38005],[2.22027,49.37938],[2.22082,49.37897],[2.22096,49.37879],[2.22103,49.37843],[2.22082,49.37816],[2.22048,49.37798],[2.21979,49.37789],[2.21917,49.37776],[2.21904,49.37749],[2.21897,49.37708],[2.21918,49.37677],[2.22042,49.37569],[2.22159,49.37484],[2.22298,49.37529],[2.22339,49.37511],[2.22339,49.37489],[2.22325,49.37471],[2.22332,49.37435],[2.22387,49.37376],[2.22422,49.37322],[2.22477,49.37308],[2.22511,49.37286],[2.22539,49.37246],[2.22594,49.37205],[2.22622,49.37169],[2.22629,49.37102],[2.22636,49.37079],[2.22656,49.37057],[2.22753,49.37043],[2.22821,49.37039],[2.22883,49.37053],[2.23,49.37012],[2.23193,49.36976],[2.23372,49.369],[2.23475,49.36874],[2.23538,49.36878],[2.23635,49.36914],[2.2369,49.36923],[2.23772,49.36901],[2.23827,49.36865],[2.23814,49.36761],[2.23848,49.36739],[2.23931,49.36734],[2.23951,49.36726],[2.23938,49.36662],[2.23959,49.36649],[2.24,49.36645],[2.2402,49.36658],[2.24048,49.36699],[2.24055,49.36735],[2.2411,49.36735],[2.24137,49.36699],[2.24158,49.36649],[2.24179,49.36524],[2.24193,49.36492],[2.24234,49.36456],[2.24241,49.36434],[2.24234,49.36401],[2.24213,49.36374],[2.24049,49.36253],[2.24056,49.36217],[2.24111,49.36168],[2.24173,49.36087],[2.24173,49.36033],[2.24118,49.35975],[2.24125,49.35925],[2.24139,49.35889],[2.24166,49.35867],[2.24242,49.35818],[2.24263,49.35786],[2.24283,49.35714],[2.24318,49.35656],[2.24366,49.35629],[2.24455,49.35597],[2.24469,49.35562],[2.24504,49.35548],[2.24538,49.35498],[2.246,49.35422],[2.24648,49.35386],[2.24703,49.3539],[2.2476,49.35408],[2.24801,49.35364],[2.24836,49.35314],[2.24829,49.35287],[2.24801,49.35251],[2.24774,49.35233],[2.24781,49.35202],[2.24829,49.35179],[2.24905,49.35153],[2.24967,49.35121],[2.25029,49.35076],[2.25159,49.34937],[2.25283,49.34825],[2.25338,49.34789],[2.25421,49.34766],[2.25531,49.34749],[2.25572,49.34735],[2.25593,49.34717],[2.25607,49.34695],[2.25607,49.34663],[2.2571,49.34592],[2.25751,49.34591],[2.25854,49.34628],[2.25971,49.34659],[2.26026,49.34655],[2.26172,49.34619],[2.262,49.34596],[2.262,49.34574],[2.26186,49.3455],[2.26186,49.34515],[2.262,49.34506],[2.26282,49.34488],[2.26323,49.34505],[2.26419,49.34569],[2.26461,49.34574],[2.26674,49.34501],[2.26743,49.34497],[2.2688,49.34515],[2.2697,49.34515],[2.27024,49.34547],[2.27073,49.34546],[2.27114,49.34524],[2.27155,49.34484],[2.27203,49.34448],[2.27252,49.34434],[2.27286,49.3443],[2.27307,49.34434],[2.2741,49.34497],[2.27445,49.34506],[2.27562,49.34497],[2.27686,49.34417],[2.2781,49.34376],[2.27851,49.34372],[2.27906,49.34372],[2.28002,49.34385],[2.28002,49.34349],[2.27954,49.343],[2.27961,49.34273],[2.27975,49.34255],[2.27975,49.34206],[2.2803,49.34161],[2.2803,49.34138],[2.28037,49.34134],[2.28058,49.34138],[2.28071,49.3416],[2.28113,49.34147],[2.2814,49.34125],[2.28182,49.3408],[2.28195,49.34084],[2.2825,49.34152],[2.28291,49.34138],[2.28333,49.34143],[2.28346,49.34147],[2.28374,49.34138],[2.28394,49.34143],[2.28394,49.34174],[2.28429,49.34197],[2.28601,49.34085],[2.2867,49.34058],[2.28704,49.34035],[2.28704,49.34013],[2.28683,49.33981],[2.2869,49.33959],[2.28738,49.33959],[2.28809,49.33972],[2.2885,49.33986],[2.28884,49.3399],[2.28953,49.33968],[2.29028,49.33923],[2.29035,49.33815],[2.2907,49.33784],[2.29111,49.33757],[2.29166,49.33757],[2.29214,49.33775],[2.29242,49.33762],[2.29242,49.33739],[2.29214,49.33712],[2.29214,49.33689],[2.29242,49.33672],[2.29414,49.3369],[2.29455,49.33685],[2.29503,49.33672],[2.29579,49.33568],[2.29599,49.33527],[2.29599,49.33496],[2.29586,49.3346],[2.29599,49.33446],[2.29627,49.3345],[2.29668,49.33482],[2.29716,49.33491],[2.29764,49.33473],[2.29909,49.33388],[2.29929,49.33392],[2.29943,49.33424],[2.29957,49.33428],[2.29991,49.33428],[2.30026,49.3342],[2.3006,49.33379],[2.30053,49.33329],[2.30067,49.3332],[2.30094,49.33321],[2.30219,49.33338],[2.30261,49.33334],[2.30378,49.33289],[2.30453,49.3328],[2.30495,49.3324],[2.30563,49.3324],[2.30625,49.33222],[2.30625,49.33137],[2.30714,49.33056],[2.30749,49.33033],[2.30838,49.33033],[2.30962,49.33051],[2.31099,49.33011],[2.3112,49.32989],[2.31134,49.32962],[2.3112,49.32926],[2.31072,49.32872],[2.31079,49.32836],[2.31106,49.32804],[2.31148,49.32777],[2.31216,49.32759],[2.31354,49.32746],[2.31388,49.32728],[2.31423,49.32692],[2.31471,49.32615],[2.31512,49.32579],[2.31706,49.32502],[2.31754,49.32503],[2.31836,49.32525],[2.31871,49.32516],[2.31905,49.32476],[2.3196,49.32359],[2.32036,49.32278],[2.32063,49.32237],[2.3205,49.32224],[2.31974,49.32197],[2.31981,49.32161],[2.32036,49.32103],[2.3205,49.32058],[2.32091,49.32026],[2.32173,49.32019],[2.32188,49.32048],[2.3239,49.31959],[2.32533,49.31925],[2.32648,49.31931],[2.32664,49.31902],[2.32549,49.31835],[2.32561,49.31784],[2.32643,49.31748],[2.32752,49.3171],[2.328,49.3172],[2.32826,49.31762],[2.3284,49.31762],[2.3286,49.31748],[2.32861,49.31675],[2.32915,49.31639],[2.32951,49.31599],[2.32951,49.31576],[2.32902,49.31545],[2.32888,49.31518],[2.32888,49.31482],[2.32922,49.31428],[2.32986,49.31356],[2.33061,49.31307],[2.33102,49.31253],[2.33109,49.31222],[2.33096,49.31154],[2.33102,49.31141],[2.33192,49.31078],[2.33205,49.31055],[2.33192,49.30992],[2.33185,49.30862],[2.3326,49.30767],[2.33267,49.30749],[2.33226,49.30681],[2.33226,49.30637],[2.3324,49.30614],[2.33274,49.30583],[2.33329,49.30551],[2.33439,49.30502],[2.33645,49.3043],[2.33728,49.30412],[2.33762,49.30385],[2.33769,49.30363],[2.33844,49.30309],[2.33872,49.30273],[2.3392,49.30242],[2.34009,49.30228],[2.34064,49.30206],[2.3416,49.30179],[2.34174,49.3017],[2.34222,49.30084],[2.3425,49.30062],[2.34305,49.30048],[2.34464,49.29963],[2.34505,49.29905],[2.34642,49.29778],[2.34663,49.29746],[2.3467,49.29603],[2.34691,49.29589],[2.34759,49.29576],[2.34773,49.29562],[2.348,49.29508],[2.34897,49.29441],[2.34965,49.29432],[2.35006,49.29414],[2.35027,49.29387],[2.34993,49.29338],[2.34883,49.29248],[2.34876,49.29221],[2.3489,49.29212],[2.35084,49.29208],[2.35089,49.29163],[2.35107,49.29121],[2.35154,49.29092],[2.35192,49.29104],[2.35274,49.2914],[2.35336,49.29158],[2.35405,49.29144],[2.35425,49.29122],[2.35445,49.29046],[2.35521,49.28996],[2.35549,49.28982],[2.35817,49.28905],[2.35866,49.2887],[2.35887,49.28802],[2.35962,49.2873],[2.36049,49.28664],[2.3614,49.2858],[2.36232,49.28551],[2.36274,49.28566],[2.36408,49.28582],[2.36443,49.28564],[2.36451,49.28519],[2.36498,49.28498],[2.36524,49.28472],[2.36483,49.28436],[2.36472,49.28412],[2.36453,49.28204],[2.36395,49.28115],[2.36439,49.28042],[2.36418,49.27957],[2.36326,49.27952],[2.36299,49.27936],[2.36312,49.27894],[2.36341,49.27868],[2.3631,49.27797],[2.36307,49.27696],[2.36319,49.27609],[2.36316,49.27578],[2.36265,49.27527],[2.3626,49.27453],[2.36267,49.27377],[2.36313,49.27342],[2.36303,49.27312],[2.3625,49.27274],[2.36229,49.27247],[2.36229,49.27166],[2.36243,49.2713],[2.36408,49.27036],[2.36469,49.26963],[2.36476,49.26918],[2.36469,49.26904],[2.36408,49.26882],[2.36385,49.26867],[2.36424,49.26803],[2.36394,49.26756],[2.36519,49.26699],[2.36615,49.26716],[2.36702,49.267],[2.36813,49.26641],[2.36897,49.26616],[2.37018,49.26621],[2.37053,49.26617],[2.3708,49.26594],[2.37101,49.26505],[2.37128,49.26473],[2.37169,49.26446],[2.37265,49.26424],[2.37383,49.26415],[2.37425,49.26388],[2.375,49.26356],[2.37514,49.26334],[2.37541,49.26316],[2.37637,49.26289],[2.37692,49.26244],[2.3774,49.26217],[2.37795,49.26199],[2.37864,49.26199],[2.3807,49.26234],[2.38083,49.2623],[2.38083,49.26131],[2.38104,49.26109],[2.38193,49.26076],[2.38186,49.26067],[2.38186,49.2604],[2.38227,49.26027],[2.38454,49.26009],[2.38557,49.26014],[2.38639,49.26],[2.38853,49.26],[2.3897,49.25982],[2.39128,49.25937],[2.39169,49.25932],[2.39245,49.2595],[2.39265,49.25932],[2.3932,49.25896],[2.39423,49.25892],[2.39471,49.25901],[2.39519,49.25923],[2.39608,49.25946],[2.39649,49.2595],[2.39766,49.25954],[2.39814,49.25946],[2.39862,49.25932],[2.39896,49.2591],[2.39903,49.25865],[2.39924,49.25855],[2.40006,49.25837],[2.40136,49.25788],[2.40246,49.25725],[2.40267,49.25721],[2.40274,49.2573],[2.40322,49.25743],[2.40335,49.25743],[2.40364,49.2573],[2.40392,49.25698],[2.40501,49.25631],[2.40515,49.25608],[2.40536,49.25554],[2.4057,49.25527],[2.40645,49.25496],[2.40748,49.25437],[2.40776,49.25411],[2.40776,49.25379],[2.40803,49.25356],[2.40823,49.25352],[2.40844,49.25352],[2.40858,49.2537],[2.40865,49.25428],[2.40851,49.25451],[2.40844,49.25496],[2.40934,49.25468],[2.41043,49.25473],[2.41091,49.25496],[2.4116,49.25496],[2.41194,49.25486],[2.41222,49.2546],[2.41345,49.25446],[2.414,49.25424],[2.41414,49.25401],[2.41469,49.2537],[2.41503,49.25365],[2.41579,49.2537],[2.41613,49.25392],[2.41627,49.25405],[2.41661,49.2541],[2.41695,49.25405],[2.41743,49.25405],[2.41798,49.25414],[2.41832,49.25405],[2.41868,49.25405],[2.4204,49.25464],[2.42102,49.25477],[2.42143,49.25477],[2.42273,49.25463],[2.42424,49.25459],[2.42582,49.25405],[2.42623,49.25396],[2.42774,49.25405],[2.42802,49.25396],[2.42939,49.25422],[2.43248,49.25458],[2.43275,49.25476],[2.43296,49.25517],[2.43309,49.25525],[2.43373,49.25535],[2.43448,49.2553],[2.43647,49.25503],[2.43901,49.25453],[2.4423,49.25381],[2.44333,49.25304],[2.44347,49.253],[2.44402,49.25304],[2.4456,49.25358],[2.44614,49.25372],[2.44642,49.25367],[2.44669,49.25345],[2.4471,49.25241],[2.44751,49.25164],[2.44758,49.25114],[2.44917,49.25011],[2.44999,49.24975],[2.45191,49.24907],[2.45267,49.24853],[2.45287,49.24831],[2.45294,49.24791],[2.45184,49.24517],[2.45156,49.24463],[2.45122,49.24369],[2.45046,49.24192],[2.45045,49.24067]]}},
{"type":"Feature","properties":{"code_eu_md":"FRHR225-H2142000","name":"ru de berneuil","longueur":11840.0,"statut":"MEN","ordre":2,"etateco":"5","qmoyaval":null,"distmer":null,"distsrce":null,"gid":8726,"annee":"2009"},"geometry":{"type":"LineString","coordinates":[[2.06617,49.35043],[2.06658,49.35102],[2.06706,49.35125],[2.06775,49.35134],[2.06802,49.35147],[2.06886,49.35165],[2.07037,49.35269],[2.07057,49.353],[2.07057,49.35345],[2.07009,49.35332],[2.06975,49.35336],[2.06954,49.35349],[2.06933,49.35381],[2.06869,49.35516],[2.06821,49.35538],[2.06745,49.35556],[2.06724,49.35587],[2.06745,49.35614],[2.06752,49.35636],[2.06779,49.35673],[2.0684,49.35709],[2.06861,49.35755],[2.06895,49.35763],[2.06923,49.35809],[2.06957,49.35822],[2.06984,49.35854],[2.07019,49.35867],[2.07032,49.35907],[2.07018,49.35935],[2.07018,49.35993],[2.07101,49.36051],[2.07108,49.36069],[2.07108,49.36092],[2.07156,49.3611],[2.0717,49.36155],[2.07183,49.36168],[2.07211,49.36187],[2.07211,49.36209],[2.07231,49.36232],[2.07245,49.36308],[2.07272,49.36344],[2.07258,49.36357],[2.07272,49.36398],[2.07251,49.36443],[2.07223,49.36537],[2.07216,49.36546],[2.07139,49.36568],[2.07132,49.36581],[2.07131,49.36627],[2.07111,49.3665],[2.07111,49.36668],[2.07172,49.36722],[2.07193,49.36767],[2.07269,49.36803],[2.07311,49.3683],[2.07352,49.36848],[2.07365,49.3687],[2.07372,49.36929],[2.07399,49.36956],[2.07489,49.37005],[2.07488,49.37037],[2.07557,49.37073],[2.0768,49.37159],[2.07708,49.37185],[2.07838,49.37271],[2.07907,49.37294],[2.07968,49.3733],[2.07996,49.37353],[2.08092,49.37375],[2.08105,49.37439],[2.08119,49.3747],[2.08194,49.37516],[2.08222,49.37574],[2.0827,49.37606],[2.08318,49.37646],[2.08365,49.37714],[2.084,49.37754],[2.08406,49.37871],[2.08502,49.37925],[2.08529,49.37974],[2.08605,49.38051],[2.08639,49.38078],[2.08659,49.38154],[2.08721,49.38191],[2.08734,49.38218],[2.08714,49.38241],[2.087,49.38268],[2.08679,49.38286],[2.0861,49.38312],[2.08583,49.38348],[2.08479,49.38397],[2.08465,49.3842],[2.08417,49.38451],[2.0841,49.38469],[2.08403,49.38514],[2.08347,49.38581],[2.0834,49.38729],[2.08312,49.38797],[2.08243,49.38859],[2.08222,49.38927],[2.08194,49.38949],[2.08194,49.38972],[2.08208,49.38999],[2.08207,49.39057],[2.08166,49.39152],[2.08151,49.39255],[2.08137,49.39287],[2.08137,49.39381],[2.0815,49.3944],[2.0813,49.39471],[2.0815,49.39521],[2.08164,49.39583],[2.08212,49.39629],[2.08273,49.39665],[2.0828,49.39683],[2.08335,49.39718],[2.0841,49.39741],[2.08424,49.39755],[2.08582,49.39773],[2.08644,49.39786],[2.08679,49.39787],[2.0872,49.39769],[2.08727,49.39742],[2.08768,49.39746],[2.08865,49.39764],[2.08857,49.39787],[2.09002,49.3981],[2.09285,49.39824],[2.09354,49.39824],[2.09403,49.39806],[2.09444,49.39806],[2.09513,49.39829],[2.09574,49.39865],[2.09615,49.39879],[2.09657,49.39875],[2.09767,49.39875],[2.10042,49.39907],[2.10104,49.39934],[2.10138,49.39943],[2.1018,49.39966],[2.10441,49.40052],[2.10607,49.40133],[2.1082,49.40191],[2.10875,49.40196],[2.11047,49.40237],[2.11122,49.40282],[2.11122,49.40295],[2.11198,49.40304],[2.11267,49.40327],[2.11335,49.40345],[2.11548,49.40453],[2.11596,49.40449],[2.11892,49.40553],[2.11976,49.40608],[2.1212,49.40658],[2.12189,49.40685],[2.12237,49.4072],[2.12264,49.40748],[2.12319,49.40748],[2.12354,49.40761],[2.12416,49.40775],[2.12443,49.40793],[2.12484,49.40842],[2.12512,49.4086],[2.12594,49.40887],[2.12779,49.41004],[2.12855,49.41018],[2.12917,49.41054],[2.12972,49.41068],[2.1302,49.41108],[2.13047,49.41144],[2.13157,49.41216],[2.13212,49.41265],[2.13343,49.41339],[2.13363,49.4137],[2.13413,49.41393],[2.13481,49.41438],[2.13481,49.4146],[2.13495,49.41474],[2.13529,49.41483],[2.1355,49.41474],[2.13564,49.41478],[2.13591,49.41541],[2.13677,49.41648],[2.13681,49.41779],[2.13727,49.41928],[2.13789,49.42022],[2.13789,49.42107],[2.13733,49.4218],[2.13733,49.42221]]}},
{"type":"Feature","properties":{"code_eu_md":"FRHR225-H2143000","name":"fosse d'orgueil","longueur":11886.0,"statut":"MEN","ordre":2,"etateco":"3","qmoyaval":null,"distmer":null,"distsrce":null,"gid":8727,"annee":"2009"},"geometry":{"type":"LineString","coordinates":[[2.1351,49.34189],[2.1351,49.34198],[2.136,49.34248],[2.13614,49.3427],[2.13683,49.34316],[2.13758,49.34357],[2.13758,49.34361],[2.1382,49.34433],[2.13765,49.34442],[2.13626,49.34455],[2.13605,49.34464],[2.13557,49.34496],[2.13543,49.34513],[2.13508,49.3463],[2.13501,49.3467],[2.13474,49.34693],[2.13377,49.3472],[2.13253,49.3471],[2.13185,49.34674],[2.1313,49.34674],[2.13082,49.34706],[2.13027,49.3471],[2.12971,49.3476],[2.12951,49.34786],[2.1295,49.34926],[2.12943,49.34939],[2.12943,49.34998],[2.12956,49.35016],[2.12963,49.35119],[2.12949,49.35168],[2.12935,49.35286],[2.129,49.35353],[2.12797,49.35402],[2.12769,49.3542],[2.12762,49.35443],[2.12728,49.35461],[2.12748,49.35488],[2.12762,49.35542],[2.12789,49.35564],[2.12782,49.35591],[2.12755,49.35618],[2.12706,49.35645],[2.12685,49.35708],[2.12651,49.35743],[2.12637,49.35797],[2.12589,49.35824],[2.12568,49.35842],[2.1254,49.35896],[2.12533,49.35986],[2.12504,49.36076],[2.12483,49.36103],[2.12442,49.36138],[2.12434,49.3622],[2.12407,49.36278],[2.12358,49.36472],[2.12289,49.36463],[2.12289,49.36521],[2.12371,49.36597],[2.12398,49.36633],[2.12412,49.36705],[2.12425,49.36737],[2.1246,49.36773],[2.12542,49.36827],[2.12631,49.36863],[2.12756,49.3693],[2.12804,49.36976],[2.1288,49.36994],[2.12942,49.37026],[2.12969,49.37062],[2.13003,49.37089],[2.1323,49.3717],[2.13312,49.37211],[2.13367,49.37233],[2.13491,49.37247],[2.13491,49.3727],[2.13505,49.37279],[2.13546,49.37283],[2.13587,49.37301],[2.138,49.37378],[2.13814,49.37396],[2.13793,49.37441],[2.13903,49.37468],[2.14145,49.3754],[2.14323,49.37585],[2.14502,49.37648],[2.14585,49.37662],[2.14846,49.3769],[2.14866,49.37689],[2.14873,49.37658],[2.14908,49.37649],[2.15045,49.37676],[2.15086,49.37708],[2.15148,49.37721],[2.15176,49.37731],[2.15251,49.37781],[2.15334,49.37795],[2.15389,49.37808],[2.15512,49.37889],[2.15589,49.37911],[2.15678,49.37952],[2.15692,49.38002],[2.15692,49.38163],[2.15726,49.38249],[2.15725,49.3832],[2.15704,49.38437],[2.15718,49.385],[2.15732,49.38523],[2.158,49.38605],[2.15834,49.38658],[2.15841,49.38766],[2.15854,49.38802],[2.15854,49.38865],[2.15806,49.38973],[2.15812,49.39094],[2.15805,49.39153],[2.15784,49.39188],[2.15743,49.39224],[2.15618,49.39202],[2.15404,49.39179],[2.15205,49.39169],[2.14861,49.39169],[2.14751,49.39142],[2.14627,49.39142],[2.14489,49.39168],[2.144,49.39209],[2.14295,49.39244],[2.14288,49.39267],[2.14301,49.3933],[2.14336,49.39375],[2.1437,49.39465],[2.14376,49.396],[2.14397,49.39663],[2.14403,49.39758],[2.1443,49.3983],[2.14507,49.39897],[2.14617,49.39969],[2.14644,49.40001],[2.147,49.40018],[2.14878,49.40055],[2.14988,49.40064],[2.1516,49.40095],[2.15353,49.40109],[2.1556,49.40078],[2.15608,49.40074],[2.15642,49.40083],[2.15738,49.40128],[2.15863,49.40196],[2.16069,49.40277],[2.16339,49.4043],[2.16711,49.40747]]}},
{"type":"Feature","properties":{"code_eu_md":"FRHR225-H2144000","name":"ruisseau la laversines","longueur":5071.0,"statut":"MEN","ordre":2,"etateco":"3","qmoyaval":null,"distmer":null,"distsrce":null,"gid":8728,"annee":"2009"},"geometry":{"type":"LineString","coordinates":[[2.20595,49.43336],[2.20512,49.43277],[2.20485,49.43277],[2.20395,49.433],[2.20361,49.43295],[2.20306,49.43254],[2.20271,49.43214],[2.2023,49.43187],[2.2012,49.43138],[2.20022,49.43138],[2.20015,49.43093],[2.19988,49.43074],[2.19864,49.43025],[2.1983,49.43007],[2.19809,49.42967],[2.19782,49.42944],[2.19672,49.42903],[2.1961,49.42854],[2.1952,49.42831],[2.19507,49.42778],[2.19445,49.4271],[2.19418,49.42633],[2.1937,49.4257],[2.1937,49.4248],[2.19377,49.4244],[2.19425,49.42408],[2.19494,49.42395],[2.19528,49.42381],[2.19549,49.42364],[2.19563,49.42287],[2.19605,49.42224],[2.19605,49.42166],[2.19591,49.41995],[2.19544,49.41887],[2.1953,49.4182],[2.1953,49.41702],[2.19503,49.41662],[2.1951,49.41599],[2.19503,49.4154],[2.19442,49.41446],[2.19353,49.41235],[2.19305,49.41181],[2.19277,49.41163],[2.19181,49.41127],[2.1892,49.40964],[2.18837,49.40905],[2.18838,49.40816],[2.18817,49.40784],[2.18783,49.40744],[2.18755,49.40672],[2.18756,49.40614],[2.18776,49.40569],[2.18811,49.40528],[2.18887,49.40483],[2.18887,49.40456],[2.18866,49.40434],[2.18818,49.40398],[2.18805,49.40371],[2.18798,49.40317],[2.18777,49.40281],[2.18702,49.40227],[2.18626,49.40191],[2.18599,49.40151],[2.18557,49.40118],[2.18564,49.40096],[2.18592,49.40065],[2.18592,49.40051],[2.18565,49.4002],[2.18572,49.39979],[2.18696,49.39912],[2.18772,49.39876],[2.1873,49.39853],[2.18744,49.39687]]}},
{"type":"Feature","properties":{"code_eu_md":"FRHR225-H2146000","name":"ruisseau la trye","longueur":5153.0,"statut":"MEN","ordre":2,"etateco":"2","qmoyaval":null,"distmer":null,"distsrce":null,"gid":8729,"annee":"2009"},"geometry":{"type":"LineString","coordinates":[[2.23822,49.39563],[2.23898,49.39563],[2.2396,49.39621],[2.23973,49.39621],[2.24387,49.395],[2.244,49.395],[2.24428,49.39522],[2.24937,49.39365],[2.24951,49.3937],[2.24992,49.3937],[2.24999,49.39388],[2.25152,49.3937],[2.252,49.39357],[2.25593,49.39128],[2.25827,49.39007],[2.26061,49.38898],[2.2624,49.38809],[2.264,49.38741],[2.26427,49.38719],[2.26455,49.38688],[2.264,49.3862],[2.26311,49.38526],[2.26055,49.38323],[2.25918,49.38233],[2.25869,49.38166],[2.25801,49.3804],[2.25794,49.38004],[2.25725,49.37941],[2.25677,49.37841],[2.2565,49.37806],[2.25526,49.37684],[2.25368,49.37577],[2.25307,49.37518],[2.2521,49.37469],[2.25169,49.37437],[2.25128,49.37392],[2.25121,49.37365],[2.25025,49.37316],[2.2499,49.3727],[2.24714,49.37099],[2.24659,49.3705],[2.24577,49.37],[2.24398,49.36928],[2.24123,49.36802],[2.24116,49.36784],[2.2411,49.36735]]}},
{"type":"Feature","properties":{"code_eu_md":"FRHR225-H2148000","name":"ruisseau le sillet","longueur":8483.0,"statut":"MEN","ordre":2,"etateco":"4","qmoyaval":null,"distmer":null,"distsrce":null,"gid":8730,"annee":"2009"},"geometry":{"type":"LineString","coordinates":[[2.15161,49.32623],[2.15182,49.32623],[2.1523,49.32632],[2.15312,49.32677],[2.15367,49.32691],[2.15388,49.327],[2.15463,49.32713],[2.15539,49.32749],[2.15546,49.32745],[2.15621,49.32741],[2.15821,49.32772],[2.16033,49.32795],[2.16095,49.32782],[2.16166,49.32787],[2.16207,49.32795],[2.16275,49.3284],[2.16316,49.3285],[2.16344,49.3284],[2.16371,49.32814],[2.16481,49.32854],[2.16543,49.32863],[2.16591,49.32881],[2.16612,49.32922],[2.16632,49.32944],[2.16913,49.33133],[2.16961,49.33161],[2.17078,49.33202],[2.17188,49.33292],[2.17215,49.33341],[2.17215,49.33364],[2.17242,49.33409],[2.1738,49.33503],[2.17482,49.33589],[2.17524,49.33611],[2.17544,49.33616],[2.17606,49.33656],[2.17758,49.33701],[2.1793,49.33729],[2.18019,49.33747],[2.1815,49.33792],[2.18253,49.33841],[2.18459,49.33891],[2.185,49.33891],[2.18603,49.33873],[2.18707,49.33828],[2.18817,49.33829],[2.18954,49.33838],[2.18995,49.33815],[2.1934,49.33869],[2.19375,49.33865],[2.19416,49.33865],[2.19601,49.33888],[2.19698,49.33888],[2.19746,49.33901],[2.19808,49.33934],[2.19959,49.33975],[2.20069,49.33988],[2.2011,49.34002],[2.20192,49.34056],[2.20281,49.34074],[2.20453,49.34078],[2.20503,49.34096],[2.20606,49.34092],[2.20634,49.34083],[2.20682,49.34047],[2.20757,49.34029],[2.20799,49.34016],[2.20867,49.34074],[2.20915,49.34155],[2.20991,49.34173],[2.21128,49.34218],[2.21224,49.34263],[2.21313,49.34291],[2.21348,49.34277],[2.21355,49.34245],[2.21369,49.34245],[2.21382,49.34259],[2.21465,49.34291],[2.21499,49.34308],[2.21506,49.34335],[2.21554,49.34358],[2.21623,49.34372],[2.21678,49.34354],[2.21698,49.34363],[2.21698,49.34372],[2.21753,49.34376],[2.21767,49.34367],[2.21795,49.34363],[2.21843,49.34381],[2.21863,49.34408],[2.21919,49.3443],[2.21995,49.34439],[2.22043,49.34453],[2.22071,49.34475],[2.22126,49.34489],[2.22139,49.34507],[2.22174,49.34529],[2.22242,49.34547],[2.22366,49.34619],[2.22373,49.34633],[2.224,49.34655],[2.22483,49.34678],[2.22551,49.34669],[2.22586,49.34678],[2.22668,49.34737],[2.22785,49.34778],[2.22867,49.34818],[2.23094,49.34899],[2.23177,49.34904],[2.23259,49.34895],[2.23432,49.34886],[2.23515,49.34868],[2.23625,49.34833],[2.23749,49.34832],[2.23852,49.34869],[2.23934,49.34909],[2.24058,49.34936],[2.2412,49.34981],[2.24195,49.35026],[2.24195,49.35071],[2.24223,49.35098],[2.24223,49.35161],[2.24209,49.35219],[2.24209,49.35282],[2.24236,49.35309],[2.24312,49.35363],[2.24387,49.35395],[2.24422,49.35417],[2.24442,49.35453],[2.24476,49.3548],[2.24538,49.35498]]}},
{"type":"Feature","properties":{"code_eu_md":"FRHR225-H2148400","name":"ru Boncourt","longueur":1911.0,"statut":"MEN","ordre":2,"etateco":"2","qmoyaval":null,"distmer":null,"distsrce":null,"gid":8731,"annee":"2009"},"geometry":{"type":"LineString","coordinates":[[2.19894,49.32589],[2.20362,49.32801],[2.20458,49.32841],[2.20533,49.32882],[2.20568,49.32922],[2.20568,49.32949],[2.20547,49.32982],[2.20526,49.33053],[2.20526,49.33152],[2.20505,49.33215],[2.20505,49.33255],[2.20574,49.33278],[2.20594,49.33368],[2.20738,49.33647],[2.20737,49.33736],[2.20758,49.33768],[2.20758,49.33817],[2.20751,49.33881],[2.20771,49.33904],[2.20771,49.33917],[2.20764,49.33926],[2.20758,49.33953],[2.20771,49.33967],[2.20771,49.33998],[2.20799,49.34016]]}},
{"type":"Feature","properties":{"code_eu_md":"FRHR225-H2152000","name":"ru de lombardie","longueur":5633.0,"statut":"MEN","ordre":2,"etateco":"2","qmoyaval":null,"distmer":null,"distsrce":null,"gid":8732,"annee":"2009"},"geometry":{"type":"LineString","coordinates":[[2.31029,49.37052],[2.30939,49.36963],[2.30891,49.36891],[2.30843,49.36801],[2.30754,49.36684],[2.30706,49.36572],[2.30644,49.36478],[2.30609,49.36406],[2.30596,49.36234],[2.30575,49.36171],[2.30575,49.36113],[2.3063,49.3601],[2.30644,49.35947],[2.30672,49.35893],[2.3074,49.35848],[2.30864,49.35789],[2.30974,49.35718],[2.3105,49.35691],[2.31222,49.35664],[2.31346,49.35619],[2.31442,49.3556],[2.31483,49.35543],[2.31518,49.35515],[2.31552,49.35471],[2.31552,49.35426],[2.31538,49.35408],[2.3147,49.35362],[2.31456,49.35339],[2.31428,49.35326],[2.31298,49.35241],[2.31195,49.35169],[2.31167,49.35133],[2.31153,49.35079],[2.31126,49.35066],[2.31036,49.35061],[2.31009,49.35052],[2.30968,49.35025],[2.30933,49.34989],[2.30871,49.34949],[2.30741,49.34895],[2.30686,49.3489],[2.30555,49.34841],[2.30473,49.34796],[2.30383,49.3476],[2.30329,49.34724],[2.30203,49.34679],[2.30169,49.34661],[2.30128,49.34616],[2.30128,49.34567],[2.30142,49.34535],[2.30176,49.34513],[2.30267,49.34471],[2.30294,49.34449],[2.30301,49.34413],[2.30288,49.344],[2.30253,49.34377],[2.30176,49.34372],[2.30128,49.34359],[2.30066,49.34319],[2.29812,49.34089],[2.29812,49.34067],[2.29826,49.34058],[2.29826,49.3404],[2.29805,49.34004],[2.29805,49.33955],[2.29819,49.33932],[2.30039,49.33793],[2.30053,49.33762],[2.30087,49.33712],[2.30192,49.33645],[2.30302,49.33383],[2.30405,49.33348],[2.30481,49.33312],[2.30536,49.33276],[2.30563,49.3324]]}},
{"type":"Feature","properties":{"code_eu_md":"FRHR225-H2153000","name":"ruisseau le moineau","longueur":6084.0,"statut":"MEN","ordre":2,"etateco":"5","qmoyaval":null,"distmer":null,"distsrce":null,"gid":8733,"annee":"2009"},"geometry":{"type":"LineString","coordinates":[[2.36756,49.35339],[2.36646,49.35272],[2.36522,49.35209],[2.3635,49.35142],[2.36226,49.35115],[2.36171,49.35074],[2.36144,49.35025],[2.36123,49.34971],[2.36123,49.34899],[2.36144,49.34805],[2.36137,49.34755],[2.36116,49.34724],[2.36034,49.3467],[2.35944,49.34625],[2.35875,49.34576],[2.35745,49.34395],[2.35606,49.34243],[2.35606,49.34225],[2.35661,49.34193],[2.35619,49.34121],[2.35461,49.33968],[2.35379,49.33906],[2.35269,49.33847],[2.35193,49.33767],[2.35117,49.33708],[2.35028,49.3365],[2.35021,49.33627],[2.34987,49.33559],[2.34884,49.33483],[2.34863,49.33447],[2.3487,49.33406],[2.34897,49.33357],[2.3489,49.33218],[2.34877,49.33007],[2.34856,49.32944],[2.34863,49.32903],[2.34877,49.32881],[2.34945,49.32836],[2.34966,49.32804],[2.34966,49.32764],[2.34918,49.32701],[2.34897,49.32606],[2.34835,49.32548],[2.34767,49.32512],[2.34622,49.32503],[2.34471,49.32471],[2.34284,49.32444],[2.34147,49.32431],[2.33899,49.32431],[2.33783,49.32435],[2.33659,49.32422],[2.33577,49.32418],[2.33508,49.32426],[2.33453,49.32426],[2.33391,49.32408],[2.33265,49.32405],[2.33095,49.32329],[2.32826,49.32334],[2.32577,49.32243],[2.32679,49.32141],[2.32707,49.31995],[2.32708,49.31939],[2.328,49.3172]]}},
{"type":"Feature","properties":{"code_eu_md":"FRHR225-H2156000","name":"ruisseau de cires","longueur":13645.0,"statut":"MEN","ordre":2,"etateco":"4","qmoyaval":null,"distmer":null,"distsrce":null,"gid":8734,"annee":"2009"},"geometry":{"type":"LineString","coordinates":[[2.23489,49.30799],[2.23708,49.30906],[2.23818,49.30979],[2.23859,49.31074],[2.23928,49.31132],[2.23935,49.31146],[2.23934,49.31177],[2.23921,49.31209],[2.23893,49.31227],[2.23845,49.3124],[2.23797,49.31285],[2.23742,49.31357],[2.23749,49.31451],[2.23762,49.31501],[2.23865,49.31501],[2.23982,49.31483],[2.24071,49.31465],[2.24113,49.31461],[2.24168,49.3146],[2.24291,49.31469],[2.24499,49.31465],[2.24526,49.31456],[2.24533,49.31443],[2.24547,49.31434],[2.24698,49.3142],[2.24739,49.31411],[2.24774,49.31371],[2.24829,49.31331],[2.24863,49.3129],[2.24918,49.3125],[2.24932,49.31223],[2.24932,49.31191],[2.24918,49.31173],[2.24918,49.31128],[2.24939,49.31061],[2.24979,49.3099],[2.24937,49.30884],[2.24878,49.30812],[2.24878,49.30701],[2.24981,49.30445],[2.25016,49.30405],[2.25126,49.30333],[2.25188,49.30306],[2.2525,49.30256],[2.25277,49.30212],[2.25284,49.30194],[2.25346,49.30149],[2.25614,49.30045],[2.25856,49.29959],[2.25986,49.29919],[2.26083,49.29883],[2.2611,49.29888],[2.26124,49.29906],[2.26138,49.29906],[2.26681,49.29745],[2.26784,49.29681],[2.26832,49.29632],[2.26866,49.29592],[2.26887,49.29524],[2.26921,49.29457],[2.26963,49.29417],[2.27073,49.29358],[2.27093,49.29363],[2.27148,49.29385],[2.27321,49.29269],[2.27404,49.29228],[2.27507,49.29197],[2.27624,49.29192],[2.27651,49.2917],[2.27644,49.29166],[2.27651,49.29143],[2.27699,49.29107],[2.27789,49.29071],[2.2785,49.29026],[2.27878,49.28989],[2.27871,49.28958],[2.27775,49.28877],[2.2772,49.28823],[2.27706,49.28805],[2.27706,49.28738],[2.27741,49.28697],[2.2794,49.28563],[2.27981,49.2854],[2.28043,49.28464],[2.28112,49.28406],[2.28181,49.28329],[2.28201,49.28298],[2.28291,49.28199],[2.28387,49.28136],[2.28469,49.281],[2.28622,49.28046],[2.2867,49.28014],[2.28697,49.27978],[2.28732,49.27902],[2.28808,49.27834],[2.28835,49.27677],[2.28828,49.27668],[2.2878,49.27655],[2.28787,49.27641],[2.28815,49.27624],[2.28835,49.27565],[2.28863,49.27552],[2.29041,49.27561],[2.29089,49.27547],[2.29117,49.27529],[2.29158,49.27529],[2.29254,49.27565],[2.29288,49.27565],[2.29508,49.27552],[2.29597,49.27552],[2.29638,49.27548],[2.29666,49.27565],[2.29686,49.27565],[2.29687,49.27547],[2.29714,49.27548],[2.29735,49.27538],[2.29783,49.27547],[2.29899,49.27547],[2.30045,49.27566],[2.30148,49.27601],[2.30278,49.27696],[2.30381,49.27727],[2.30422,49.27736],[2.3047,49.27727],[2.30505,49.27727],[2.3067,49.27772],[2.30724,49.27772],[2.30855,49.27741],[2.30917,49.27745],[2.30979,49.27763],[2.31136,49.27777],[2.3126,49.27782],[2.31522,49.27781],[2.3155,49.27813],[2.32085,49.27939],[2.32154,49.27948],[2.32195,49.27966],[2.3225,49.2802],[2.32332,49.28038],[2.32628,49.28079],[2.32854,49.28088],[2.32924,49.28111],[2.33165,49.28209],[2.33247,49.28236],[2.33364,49.28245],[2.33522,49.28263],[2.3359,49.28268],[2.3368,49.28245],[2.33728,49.28245],[2.33783,49.28259],[2.33865,49.28299],[2.34119,49.28335],[2.34133,49.28349],[2.3414,49.28405],[2.34175,49.28422],[2.34256,49.2842],[2.34305,49.28378],[2.34341,49.28322],[2.34396,49.28305],[2.34421,49.28339],[2.34389,49.28366],[2.34414,49.28383],[2.34456,49.28375],[2.34514,49.28393],[2.34561,49.28439],[2.34561,49.28462],[2.34663,49.28521],[2.34715,49.28511],[2.34793,49.28568],[2.34841,49.28582],[2.34876,49.28609],[2.3491,49.28663],[2.34938,49.28676],[2.34972,49.28658],[2.35013,49.28658],[2.35151,49.28703],[2.35315,49.28708],[2.35459,49.28726],[2.35576,49.28726],[2.35624,49.28721],[2.3572,49.28685],[2.35734,49.28685],[2.35756,49.28692],[2.35866,49.28744],[2.35949,49.28743]]}},
{"type":"Feature","properties":{"code_eu_md":"FRHR226","name":"la Nonette de sa source au confluent de l'Oise (exclu)","longueur":40430.0,"statut":"MEFM","ordre":1,"etateco":"3","qmoyaval":null,"distmer":null,"distsrce":null,"gid":8735,"annee":"2009"},"geometry":{"type":"LineString","coordinates":[[2.82341,49.13722],[2.82279,49.13696],[2.82218,49.13696],[2.82006,49.13764],[2.81781,49.13868],[2.81597,49.13936],[2.81474,49.13969],[2.8144,49.13991],[2.81433,49.14004],[2.81379,49.14041],[2.81331,49.14068],[2.81318,49.1409],[2.81277,49.14122],[2.81256,49.14149],[2.81243,49.14194],[2.81216,49.14222],[2.81148,49.14267],[2.81045,49.14286],[2.80977,49.14308],[2.80717,49.14426],[2.80573,49.14481],[2.80478,49.14503],[2.80341,49.14513],[2.80286,49.14482],[2.80238,49.14473],[2.80114,49.14464],[2.80039,49.14478],[2.79964,49.1451],[2.79944,49.14546],[2.7991,49.14577],[2.79773,49.14614],[2.79732,49.14641],[2.79664,49.147],[2.79617,49.14732],[2.79535,49.14768],[2.79521,49.14777],[2.79515,49.14862],[2.79495,49.1494],[2.79468,49.1498],[2.79441,49.14993],[2.79359,49.15012],[2.79345,49.15026],[2.79346,49.15048],[2.79366,49.15066],[2.79366,49.15079],[2.79305,49.15124],[2.79292,49.15151],[2.79285,49.15183],[2.79244,49.15228],[2.79204,49.15255],[2.79142,49.15273],[2.79088,49.15305],[2.79033,49.15319],[2.79033,49.15323],[2.79006,49.1535],[2.78951,49.15373],[2.78904,49.15409],[2.78883,49.15432],[2.78884,49.15477],[2.78925,49.15512],[2.78809,49.15611],[2.78775,49.15607],[2.78714,49.15652],[2.78686,49.15643],[2.78659,49.15603],[2.78582,49.15545],[2.78581,49.15536],[2.78547,49.15518],[2.78389,49.15501],[2.78341,49.15505],[2.78321,49.15514],[2.78123,49.15628],[2.78028,49.15686],[2.77857,49.15746],[2.77775,49.1576],[2.77768,49.15773],[2.77689,49.15751],[2.77666,49.15778],[2.77583,49.15747],[2.77421,49.1566],[2.77355,49.15703],[2.77183,49.15676],[2.77168,49.15651],[2.76977,49.15718],[2.76931,49.15762],[2.76835,49.158],[2.76832,49.15857],[2.76801,49.15844],[2.7681,49.15883],[2.7678,49.15903],[2.76672,49.15908],[2.76672,49.15884],[2.76568,49.15886],[2.76546,49.15924],[2.76473,49.15918],[2.76451,49.15962],[2.76365,49.15961],[2.76365,49.15942],[2.76331,49.15964],[2.76282,49.15936],[2.76294,49.1591],[2.76267,49.15885],[2.76224,49.15882],[2.76227,49.15873],[2.76205,49.15843],[2.76224,49.15806],[2.76217,49.15779],[2.76091,49.15696],[2.76061,49.15682],[2.75727,49.15635],[2.75633,49.15643],[2.75592,49.15664],[2.75504,49.15665],[2.75446,49.15639],[2.75318,49.15703],[2.75337,49.15758],[2.75282,49.15827],[2.75203,49.15882],[2.75024,49.15937],[2.74914,49.1605],[2.74814,49.16174],[2.7466,49.16271],[2.74515,49.16547],[2.74212,49.16657],[2.74192,49.16703],[2.74127,49.16716],[2.73911,49.16889],[2.73822,49.16934],[2.73706,49.17006],[2.73392,49.17102],[2.73351,49.17107],[2.73248,49.17094],[2.73075,49.17081],[2.72938,49.17032],[2.72835,49.17019],[2.72622,49.16925],[2.72574,49.16925],[2.7256,49.16916],[2.72539,49.1688],[2.72512,49.16866],[2.72374,49.1684],[2.72203,49.16855],[2.72128,49.16851],[2.72025,49.16824],[2.71908,49.1677],[2.71853,49.16751],[2.71778,49.16743],[2.71626,49.16752],[2.71592,49.16762],[2.71557,49.16758],[2.71523,49.16749],[2.71406,49.16749],[2.71331,49.16741],[2.71276,49.16723],[2.71214,49.16668],[2.71097,49.16615],[2.71015,49.16602],[2.70912,49.16606],[2.70844,49.16629],[2.70748,49.16684],[2.70666,49.16716],[2.70536,49.16734],[2.70502,49.16743],[2.70454,49.16735],[2.70426,49.16721],[2.70392,49.16721],[2.70372,49.1673],[2.70351,49.16721],[2.70351,49.16712],[2.70337,49.16703],[2.70283,49.16699],[2.70214,49.16717],[2.70125,49.16713],[2.70077,49.16682],[2.7,49.16695],[2.69925,49.16687],[2.69808,49.16651],[2.69684,49.16624],[2.6963,49.16625],[2.69582,49.16643],[2.69541,49.1667],[2.69514,49.16679],[2.69466,49.1667],[2.69383,49.1663],[2.69308,49.16653],[2.69246,49.16648],[2.69095,49.16648],[2.69007,49.16671],[2.68945,49.16698],[2.68876,49.16676],[2.68788,49.16708],[2.68746,49.16708],[2.68616,49.1669],[2.68561,49.167],[2.68568,49.16745],[2.68521,49.16758],[2.68487,49.16781],[2.685,49.16816],[2.68487,49.16839],[2.68432,49.16866],[2.68405,49.16884],[2.68385,49.16916],[2.68329,49.16979],[2.68268,49.17064],[2.68248,49.17127],[2.68248,49.17177],[2.68207,49.17204],[2.68173,49.17244],[2.68167,49.17295],[2.68188,49.1734],[2.68153,49.17353],[2.68106,49.1738],[2.68106,49.17416],[2.68113,49.17465],[2.68106,49.17479],[2.68072,49.17502],[2.68066,49.17574],[2.68032,49.17596],[2.68011,49.17587],[2.67956,49.17583],[2.67833,49.17651],[2.67772,49.17655],[2.67744,49.1766],[2.67628,49.17714],[2.67567,49.17755],[2.67533,49.17818],[2.67506,49.17907],[2.67479,49.17935],[2.67431,49.17966],[2.67356,49.17984],[2.67301,49.1798],[2.6728,49.17971],[2.67225,49.17935],[2.67198,49.1789],[2.67156,49.17868],[2.67136,49.17877],[2.67129,49.17904],[2.67115,49.17909],[2.67061,49.17895],[2.67019,49.17859],[2.66978,49.17846],[2.66875,49.17846],[2.66813,49.17856],[2.66676,49.17829],[2.66608,49.17829],[2.66553,49.17852],[2.66471,49.17901],[2.66408,49.1792],[2.66326,49.17915],[2.66272,49.17965],[2.66148,49.18001],[2.66101,49.18019],[2.65978,49.18101],[2.65909,49.1812],[2.65752,49.18138],[2.65608,49.18125],[2.65587,49.18147],[2.65574,49.18183],[2.65553,49.18201],[2.65512,49.1821],[2.65444,49.18193],[2.65423,49.18197],[2.65403,49.18233],[2.65375,49.18247],[2.65293,49.18251],[2.65239,49.18283],[2.65218,49.18315],[2.65177,49.18332],[2.65116,49.18346],[2.65075,49.18387],[2.65048,49.184],[2.64897,49.18441],[2.64815,49.18469],[2.64781,49.18495],[2.6476,49.18536],[2.64665,49.18617],[2.64568,49.18662],[2.64486,49.18712],[2.64397,49.18752],[2.64336,49.18798],[2.64309,49.18833],[2.64186,49.1897],[2.64104,49.19055],[2.6405,49.191],[2.63885,49.19141],[2.63728,49.19168],[2.63646,49.19173],[2.6357,49.19155],[2.63495,49.19151],[2.63399,49.1912],[2.63371,49.19115],[2.63316,49.19138],[2.63248,49.19125],[2.63172,49.19125],[2.62994,49.19148],[2.62933,49.19175],[2.62843,49.19243],[2.62809,49.19256],[2.62726,49.1927],[2.62623,49.19252],[2.62568,49.19225],[2.62349,49.19136],[2.6228,49.19091],[2.62259,49.19064],[2.62197,49.19037],[2.62108,49.1902],[2.61875,49.18944],[2.6182,49.18922],[2.61696,49.18913],[2.61655,49.18899],[2.61607,49.18868],[2.616,49.18828],[2.61607,49.18805],[2.61606,49.18733],[2.61599,49.1872],[2.61585,49.18706],[2.61551,49.18702],[2.61503,49.18716],[2.61469,49.18747],[2.61442,49.18792],[2.61435,49.18859],[2.61422,49.18905],[2.61415,49.18958],[2.61369,49.19161],[2.61321,49.19196],[2.6121,49.19233],[2.61053,49.19301],[2.60998,49.19345],[2.6093,49.19436],[2.60862,49.19554],[2.60828,49.19589],[2.60753,49.1963],[2.60712,49.1967],[2.6063,49.1972],[2.60582,49.1977],[2.60541,49.19792],[2.60363,49.19824],[2.6026,49.19856],[2.60165,49.1991],[2.60069,49.19955],[2.59973,49.19987],[2.59939,49.20014],[2.59871,49.20081],[2.59837,49.20099],[2.597,49.20118],[2.59542,49.20167],[2.59397,49.20204],[2.59184,49.20231],[2.59075,49.20236],[2.58986,49.20214],[2.58883,49.202],[2.588,49.20196],[2.58636,49.20232],[2.58533,49.20223],[2.58389,49.20264],[2.58211,49.20292],[2.57951,49.20329],[2.57861,49.20347],[2.57819,49.20352],[2.57751,49.20338],[2.57572,49.20258],[2.5749,49.20258],[2.57428,49.20263],[2.5738,49.20249],[2.57305,49.20249],[2.57243,49.20254],[2.5712,49.20254],[2.56893,49.20209],[2.56831,49.20183],[2.56667,49.20156],[2.56632,49.20138],[2.56625,49.20102],[2.56543,49.2007],[2.56502,49.2003],[2.56474,49.20016],[2.56426,49.20021],[2.56399,49.20035],[2.56385,49.20057],[2.56357,49.2008],[2.56233,49.20035],[2.56137,49.19972],[2.56048,49.19954],[2.55938,49.19918],[2.55801,49.19919],[2.55704,49.19901],[2.55636,49.19896],[2.55581,49.19906],[2.55513,49.19933],[2.55431,49.19951],[2.5517,49.19938],[2.54903,49.19957],[2.54861,49.19948],[2.54764,49.1994],[2.54675,49.19916],[2.54654,49.19903],[2.54613,49.19858],[2.54599,49.19813],[2.54578,49.19786],[2.5453,49.19768],[2.54503,49.19768],[2.54448,49.19782],[2.544,49.19782],[2.54297,49.19746],[2.54174,49.19733],[2.53742,49.19729],[2.53666,49.19738],[2.53406,49.19761],[2.5333,49.19703],[2.53295,49.19694],[2.53185,49.1969],[2.53151,49.19685],[2.52918,49.19681],[2.5287,49.1969],[2.52781,49.19686],[2.5265,49.19677],[2.52403,49.19646],[2.52301,49.19646],[2.52253,49.19655],[2.52088,49.19669],[2.51752,49.19669],[2.51607,49.19698],[2.51511,49.19702],[2.51456,49.19675],[2.51408,49.19675],[2.51326,49.19666],[2.51305,49.19625],[2.51257,49.19612],[2.51223,49.19589],[2.51202,49.19589],[2.51141,49.19612],[2.5112,49.19612],[2.51017,49.19554],[2.5088,49.19518],[2.50825,49.19518],[2.50729,49.19541],[2.50599,49.19545],[2.5053,49.19563],[2.50489,49.19559],[2.50373,49.19564],[2.50188,49.19582],[2.5007,49.19551],[2.50015,49.19515],[2.49967,49.19506],[2.49912,49.19506],[2.48631,49.1976],[2.47972,49.19895],[2.4793,49.19896],[2.46722,49.19794],[2.46709,49.19816],[2.46668,49.19834],[2.46647,49.19825],[2.4664,49.19794],[2.46613,49.19767],[2.43861,49.19608],[2.43846,49.19603],[2.43799,49.1963],[2.43724,49.1964],[2.43593,49.19639],[2.43504,49.19626],[2.4347,49.19626],[2.43456,49.19631],[2.43449,49.19662],[2.43374,49.19694],[2.43292,49.19712],[2.43237,49.19716],[2.43189,49.19707],[2.43141,49.19685],[2.431,49.19631],[2.43079,49.19591],[2.43052,49.19564],[2.4301,49.1955],[2.42956,49.1955],[2.42921,49.19572],[2.42894,49.19618],[2.42887,49.19676],[2.42867,49.19716],[2.42826,49.19743],[2.42613,49.19833],[2.42572,49.19883],[2.42545,49.19896],[2.4249,49.19896],[2.42408,49.19869],[2.42319,49.19851],[2.42235,49.19847],[2.42125,49.19874],[2.42105,49.1987],[2.42064,49.1982],[2.41899,49.19753],[2.41837,49.19717],[2.41796,49.19686],[2.41769,49.19654],[2.41762,49.19601],[2.41775,49.19524],[2.41734,49.19443],[2.41734,49.19407],[2.41768,49.19349],[2.41761,49.19313],[2.41658,49.19223],[2.41617,49.1921],[2.41487,49.1921],[2.41459,49.19219],[2.41459,49.1925],[2.41453,49.19268],[2.41364,49.19331],[2.41302,49.19363],[2.41275,49.19363],[2.41206,49.19345],[2.41083,49.19331],[2.41048,49.19322],[2.41034,49.19277],[2.41007,49.19228],[2.40993,49.19224],[2.40966,49.19264],[2.40932,49.19282],[2.40911,49.19286],[2.40863,49.19268],[2.40815,49.19255],[2.40795,49.19269],[2.40795,49.19296],[2.40788,49.193],[2.40738,49.19309],[2.40718,49.19318],[2.40691,49.19354],[2.40677,49.19385],[2.40649,49.19399],[2.40581,49.19394],[2.4056,49.19399],[2.40567,49.19439],[2.4056,49.19458],[2.40471,49.19511],[2.40437,49.19516],[2.40389,49.19498],[2.40341,49.19498],[2.40327,49.19507],[2.40321,49.19529],[2.40355,49.19574],[2.40334,49.19597],[2.40321,49.19628],[2.403,49.19646],[2.40266,49.1966],[2.40225,49.19691],[2.40211,49.19713],[2.40204,49.19758],[2.40177,49.19781],[2.40177,49.19799],[2.40198,49.19826],[2.40204,49.19857],[2.40143,49.19889],[2.40143,49.19907],[2.40157,49.19929],[2.40184,49.19938],[2.40239,49.1992],[2.40273,49.1992],[2.40287,49.19943],[2.40253,49.19965],[2.40239,49.19983],[2.4028,49.19983],[2.40287,49.2001],[2.40273,49.20032],[2.40253,49.2005],[2.40212,49.20064],[2.40109,49.20082],[2.40081,49.201],[2.40075,49.20155],[2.4002,49.20164],[2.39999,49.20173],[2.39917,49.20411]]}},
{"type":"Feature","properties":{"code_eu_md":"FRHR226-H2214000","name":"ruisseau de coulery","longueur":3183.0,"statut":"MEN","ordre":2,"etateco":"4","qmoyaval":null,"distmer":null,"distsrce":null,"gid":8736,"annee":"2009"},"geometry":{"type":"LineString","coordinates":[[2.77973,49.17158],[2.7758,49.17006],[2.77505,49.16998],[2.77361,49.16993],[2.77299,49.16985],[2.77196,49.16949],[2.77038,49.16873],[2.76969,49.16855],[2.76812,49.16847],[2.76613,49.16843],[2.76228,49.16876],[2.76139,49.16877],[2.75981,49.16854],[2.75597,49.16766],[2.75391,49.16749],[2.75295,49.16749],[2.75192,49.16767],[2.74994,49.16854],[2.74831,49.16917],[2.74542,49.16985],[2.74446,49.16999],[2.74152,49.17],[2.74097,49.16987],[2.74035,49.16942],[2.73911,49.16889]]}},
{"type":"Feature","properties":{"code_eu_md":"FRHR226-H2218000","name":"la launette","longueur":21297.0,"statut":"MEN","ordre":2,"etateco":"4","qmoyaval":null,"distmer":null,"distsrce":null,"gid":8737,"annee":"2009"},"geometry":{"type":"MultiLineString","coordinates":[[[2.73905,49.05243],[2.73912,49.05315],[2.73899,49.05333],[2.73824,49.05405],[2.73797,49.05446],[2.73784,49.05486],[2.73744,49.05626],[2.73745,49.05734],[2.73752,49.05769],[2.73745,49.05828],[2.73719,49.05891],[2.73698,49.05913],[2.73562,49.06014],[2.73453,49.06086],[2.73433,49.06108],[2.73427,49.06144],[2.73311,49.0628],[2.73298,49.06343],[2.733,49.06549],[2.73293,49.06598],[2.73226,49.0672],[2.73199,49.06792],[2.73193,49.06837],[2.732,49.06868],[2.73248,49.06913],[2.73249,49.07035],[2.73215,49.07076],[2.73188,49.07143],[2.73113,49.07184],[2.73079,49.07207],[2.73066,49.07229],[2.73046,49.07328],[2.73026,49.0736],[2.72985,49.07396],[2.72965,49.07423],[2.72917,49.07463],[2.72671,49.075],[2.72466,49.07519],[2.7222,49.07555],[2.72166,49.07601],[2.72057,49.07641],[2.7203,49.07677],[2.72023,49.07723],[2.7203,49.07745],[2.72024,49.07785],[2.71996,49.07821],[2.71997,49.07866],[2.72073,49.07975],[2.72073,49.08019],[2.72066,49.08038],[2.72039,49.08074],[2.71985,49.0811],[2.7191,49.08137],[2.71862,49.08164],[2.71835,49.08191],[2.71657,49.08227],[2.71617,49.08241],[2.71521,49.08318],[2.71508,49.08322],[2.71494,49.08372],[2.71495,49.08444],[2.71488,49.08453],[2.71447,49.08467],[2.71419,49.08489],[2.71392,49.08552],[2.71371,49.08561],[2.71234,49.08557],[2.71173,49.08566],[2.71152,49.0858],[2.70981,49.08562],[2.70845,49.0859],[2.70804,49.08608],[2.70736,49.0872],[2.70668,49.08739],[2.70606,49.08748],[2.7049,49.08748],[2.70442,49.08757],[2.70429,49.08771],[2.70422,49.08802],[2.70395,49.08825],[2.70347,49.08844],[2.70053,49.0888],[2.70012,49.08876],[2.69964,49.08831],[2.69902,49.08796],[2.69875,49.08796],[2.69807,49.08823],[2.6965,49.08927],[2.69527,49.0895],[2.69507,49.08972],[2.69493,49.08995],[2.6948,49.09053],[2.69474,49.09174],[2.69454,49.09251],[2.69448,49.09354],[2.69421,49.09403],[2.6938,49.09444],[2.69339,49.09467],[2.6916,49.09467],[2.69044,49.09486],[2.69009,49.09499],[2.68982,49.09521],[2.68969,49.09544],[2.68983,49.09575],[2.6901,49.09602],[2.69024,49.09643],[2.69018,49.09683],[2.6899,49.09701],[2.68772,49.09806],[2.68738,49.09838],[2.68752,49.09878],[2.68793,49.09914],[2.68793,49.09918],[2.68814,49.09936],[2.68842,49.09977],[2.68849,49.10013],[2.68835,49.10031],[2.68808,49.10103],[2.68809,49.10206],[2.68816,49.10274],[2.6881,49.10345],[2.68756,49.10395],[2.68776,49.10431],[2.68777,49.10467],[2.68763,49.10494],[2.68764,49.10579],[2.68743,49.10597],[2.68743,49.10624],[2.68785,49.10637],[2.68812,49.1066],[2.68819,49.10705],[2.68812,49.10723],[2.68758,49.10768],[2.68758,49.10821],[2.68745,49.10854],[2.68781,49.10903],[2.68816,49.10962],[2.6883,49.11069],[2.68844,49.11074],[2.68864,49.11092],[2.68858,49.11119],[2.68851,49.11195],[2.68838,49.11236],[2.68804,49.11267],[2.68784,49.11308],[2.68777,49.11308],[2.6877,49.11317],[2.68722,49.1133],[2.68716,49.11407],[2.68655,49.11474],[2.68635,49.11519],[2.68642,49.11609],[2.68683,49.11667],[2.68752,49.11703],[2.68776,49.11739],[2.68787,49.11775],[2.68801,49.11789],[2.68835,49.11802],[2.68862,49.11806],[2.6889,49.11833],[2.68924,49.11842],[2.68979,49.11846],[2.69007,49.11855],[2.69082,49.11909],[2.6911,49.11945],[2.6911,49.11972],[2.69042,49.12027],[2.69028,49.12054],[2.69022,49.12157],[2.68988,49.1222],[2.68989,49.12279],[2.69044,49.1235],[2.69058,49.12404],[2.69065,49.12462],[2.6912,49.1248],[2.69248,49.12484],[2.6926,49.12562],[2.69162,49.12628],[2.69163,49.12642],[2.69176,49.12655],[2.69218,49.12763],[2.69293,49.12925],[2.69309,49.12997],[2.69323,49.13027],[2.6934,49.13054],[2.69351,49.13062],[2.69371,49.13149],[2.69406,49.13217],[2.6942,49.13262],[2.6942,49.13311],[2.69393,49.13374],[2.69394,49.13437],[2.69401,49.13496],[2.69395,49.13568],[2.69381,49.13608],[2.69375,49.13649],[2.69361,49.1368],[2.69362,49.13765],[2.69369,49.13815],[2.69349,49.13864],[2.69325,49.14219],[2.69282,49.14232],[2.69282,49.14287],[2.6923,49.14348],[2.6923,49.14396],[2.69213,49.14453],[2.69094,49.14573],[2.69058,49.14629],[2.6902,49.14669],[2.68935,49.14787],[2.68903,49.14821],[2.68912,49.14863],[2.6887,49.14901],[2.68584,49.15211],[2.68537,49.15279],[2.68531,49.15418],[2.68511,49.15468],[2.68471,49.15625],[2.68464,49.15692],[2.68485,49.15746],[2.68493,49.15841],[2.6859,49.16123],[2.6862,49.16231],[2.6862,49.16267],[2.68593,49.16313],[2.68587,49.16367],[2.68492,49.16525],[2.68492,49.16579],[2.68513,49.16628],[2.68548,49.16691],[2.68561,49.167]],[[2.69054,49.05996],[2.69054,49.06014],[2.69027,49.06046],[2.69027,49.06073],[2.69041,49.06108],[2.69041,49.06162],[2.69014,49.06208],[2.68994,49.06253],[2.69008,49.06299],[2.69063,49.06343],[2.69077,49.06366],[2.69085,49.06469],[2.69119,49.06523],[2.69195,49.06603],[2.69374,49.06746],[2.69388,49.06782],[2.69402,49.06913],[2.69423,49.06985],[2.69437,49.0707],[2.69451,49.07124],[2.69541,49.0724],[2.69596,49.07285],[2.69802,49.07415],[2.69837,49.07451],[2.70044,49.07571],[2.70209,49.0762],[2.70455,49.07683],[2.70733,49.07739],[2.70982,49.07744],[2.7101,49.0783],[2.711,49.07929],[2.71265,49.08076],[2.71508,49.08322]],[[2.70253,49.06343],[2.70219,49.06366],[2.70206,49.06424],[2.70227,49.06506],[2.70248,49.06623],[2.70276,49.0669],[2.70276,49.06721],[2.7029,49.06735],[2.70297,49.06798],[2.70311,49.0682],[2.70491,49.06945],[2.7058,49.07026],[2.70704,49.07066],[2.70752,49.07093],[2.70766,49.07111],[2.70766,49.07124],[2.70807,49.07191],[2.70876,49.07277],[2.70904,49.07322],[2.70905,49.07465],[2.70961,49.07672],[2.70982,49.07717],[2.70982,49.07744]]]}},
{"type":"Feature","properties":{"code_eu_md":"FRHR226-H2225000","name":"l'aunette","longueur":14092.0,"statut":"MEN","ordre":2,"etateco":"3","qmoyaval":null,"distmer":null,"distsrce":null,"gid":8738,"annee":"2009"},"geometry":{"type":"LineString","coordinates":[[2.71391,49.23651],[2.71227,49.23759],[2.71111,49.23804],[2.7107,49.23809],[2.7096,49.23809],[2.70782,49.23833],[2.70678,49.23833],[2.70623,49.23852],[2.70589,49.2387],[2.70561,49.2387],[2.70486,49.23861],[2.70396,49.23875],[2.70218,49.23866],[2.70095,49.23889],[2.70019,49.2388],[2.69944,49.23849],[2.6984,49.23796],[2.69758,49.23774],[2.69696,49.23773],[2.69607,49.23805],[2.69436,49.23918],[2.69375,49.23927],[2.69313,49.23923],[2.6923,49.23901],[2.68974,49.23749],[2.68885,49.23704],[2.68802,49.23682],[2.68733,49.23673],[2.6861,49.23678],[2.68542,49.23701],[2.68419,49.23804],[2.68378,49.23814],[2.6833,49.23805],[2.68185,49.23715],[2.68068,49.23675],[2.67992,49.2364],[2.6791,49.23586],[2.67756,49.23452],[2.67681,49.23398],[2.67632,49.23343],[2.6757,49.23325],[2.67447,49.23299],[2.67392,49.23281],[2.67289,49.23263],[2.67199,49.23223],[2.67144,49.23223],[2.67007,49.23246],[2.66843,49.23228],[2.66808,49.23233],[2.6676,49.23247],[2.66672,49.23302],[2.66542,49.23356],[2.66452,49.23352],[2.66169,49.23294],[2.66073,49.23254],[2.66039,49.23231],[2.66004,49.23222],[2.65894,49.2321],[2.6586,49.23191],[2.65853,49.23155],[2.65798,49.2316],[2.6564,49.23183],[2.65545,49.23215],[2.6549,49.2322],[2.65407,49.23206],[2.65352,49.23184],[2.65318,49.23198],[2.65256,49.23193],[2.65119,49.23144],[2.65057,49.23131],[2.64975,49.23131],[2.64913,49.2314],[2.64741,49.23195],[2.64645,49.23208],[2.6459,49.23208],[2.64521,49.23186],[2.64473,49.2315],[2.64424,49.23074],[2.64362,49.23002],[2.64307,49.22962],[2.64231,49.22931],[2.6408,49.22854],[2.63901,49.22769],[2.63764,49.22684],[2.63681,49.22662],[2.63633,49.22657],[2.63496,49.22685],[2.6344,49.22676],[2.63405,49.22662],[2.63405,49.2259],[2.63377,49.2246],[2.63356,49.22411],[2.63315,49.2238],[2.63122,49.22308],[2.62957,49.22259],[2.62923,49.22233],[2.62792,49.2217],[2.62723,49.22161],[2.62696,49.22152],[2.62655,49.22121],[2.62531,49.22094],[2.62476,49.22076],[2.62428,49.22045],[2.62359,49.21978],[2.62297,49.21928],[2.62269,49.21919],[2.61987,49.21871],[2.61939,49.21884],[2.61815,49.21894],[2.61761,49.21907],[2.61747,49.21916],[2.6163,49.21917],[2.61582,49.21903],[2.6152,49.21863],[2.61513,49.21787],[2.61499,49.2176],[2.61465,49.21733],[2.61444,49.21724],[2.61355,49.21724],[2.61266,49.21702],[2.61204,49.21702],[2.61142,49.21733],[2.61081,49.21747],[2.60971,49.21747],[2.60916,49.21738],[2.60875,49.2172],[2.6084,49.21689],[2.60799,49.21667],[2.60703,49.21604],[2.60578,49.21577],[2.6044,49.21533],[2.60337,49.21478],[2.60337,49.21469],[2.60269,49.21438],[2.60214,49.21438],[2.60152,49.21461],[2.59967,49.21538],[2.59872,49.2157],[2.59796,49.2157],[2.59741,49.21553],[2.59617,49.2149],[2.59569,49.2149],[2.59542,49.21494],[2.59501,49.2149],[2.59453,49.21468],[2.59418,49.21445],[2.59397,49.21359],[2.59383,49.21323],[2.59356,49.21305],[2.59308,49.21296],[2.59267,49.21301],[2.59219,49.21314],[2.59197,49.21333],[2.5917,49.21378],[2.59156,49.21387],[2.59087,49.21379],[2.59019,49.21352],[2.58977,49.21328],[2.58923,49.2132],[2.58922,49.21279],[2.5886,49.21248],[2.5873,49.21203],[2.58606,49.21154],[2.58565,49.21145],[2.58476,49.21145],[2.58401,49.21168],[2.58216,49.21173],[2.58113,49.21186],[2.57934,49.21178],[2.57563,49.21152],[2.57473,49.21134],[2.57377,49.21103],[2.57274,49.21089],[2.57172,49.21103],[2.57096,49.21094],[2.57062,49.21085],[2.5702,49.21045],[2.56993,49.21009],[2.56952,49.20987],[2.56759,49.20969],[2.56725,49.20955],[2.56643,49.20902],[2.56581,49.20848],[2.5656,49.20812],[2.56546,49.20745],[2.56532,49.20722],[2.56463,49.20673],[2.56443,49.20624],[2.56346,49.20575],[2.56319,49.20521],[2.56305,49.20507],[2.56296,49.20363],[2.5631,49.20314],[2.56345,49.20251],[2.56345,49.20229],[2.56281,49.20152],[2.56233,49.20035]]}},
{"type":"Feature","properties":{"code_eu_md":"FRHR227","name":"la Thève de sa source au confluent de L'Oise (exclu)","longueur":33554.0,"statut":"MEN","ordre":1,"etateco":"4","qmoyaval":null,"distmer":null,"distsrce":null,"gid":8739,"annee":"2009"},"geometry":{"type":"LineString","coordinates":[[2.6531,49.06889],[2.6531,49.06903],[2.65324,49.0693],[2.6538,49.07118],[2.65387,49.07127],[2.65443,49.07329],[2.65422,49.07352],[2.65252,49.07464],[2.65238,49.07482],[2.65239,49.07518],[2.65246,49.07532],[2.65246,49.0759],[2.65232,49.07635],[2.65246,49.07676],[2.65364,49.07864],[2.65454,49.08035],[2.65496,49.08206],[2.65503,49.08215],[2.65511,49.08413],[2.65518,49.08435],[2.65525,49.08529],[2.65614,49.08583],[2.65656,49.08624],[2.65759,49.0874],[2.6578,49.08794],[2.6578,49.08879],[2.65747,49.08987],[2.6574,49.09041],[2.65734,49.09055],[2.65734,49.0918],[2.65715,49.0928],[2.65769,49.09307],[2.65722,49.09357],[2.65565,49.09469],[2.65531,49.09501],[2.6552,49.0982],[2.65506,49.09847],[2.65438,49.09906],[2.65363,49.09941],[2.65247,49.09969],[2.65185,49.09987],[2.65076,49.10037],[2.64994,49.10086],[2.64981,49.10104],[2.64967,49.1014],[2.64961,49.10266],[2.64927,49.10343],[2.6488,49.10398],[2.64805,49.10452],[2.64716,49.10483],[2.64662,49.10524],[2.64621,49.10583],[2.64601,49.10672],[2.64581,49.10704],[2.64554,49.10767],[2.64534,49.10857],[2.64521,49.10973],[2.64507,49.11014],[2.64508,49.11104],[2.64536,49.11194],[2.64543,49.11243],[2.64529,49.11252],[2.64319,49.11505],[2.6425,49.11564],[2.64155,49.11618],[2.6408,49.11645],[2.64018,49.11659],[2.63943,49.11659],[2.63819,49.11623],[2.63744,49.11623],[2.63703,49.11651],[2.6369,49.11691],[2.6369,49.11709],[2.63629,49.11839],[2.6347,49.12131],[2.63477,49.12143],[2.63439,49.12158],[2.6303,49.12224],[2.62932,49.12244],[2.62882,49.12274],[2.62796,49.12271],[2.62754,49.12257],[2.62701,49.12279],[2.62679,49.12305],[2.62679,49.12341],[2.62719,49.12362],[2.62714,49.12436],[2.62705,49.12455],[2.62634,49.12471],[2.62515,49.12448],[2.62453,49.12447],[2.62393,49.12472],[2.62374,49.12503],[2.62343,49.12518],[2.62318,49.12553],[2.62195,49.12599],[2.62133,49.12608],[2.62133,49.12625],[2.62154,49.1267],[2.62168,49.12823],[2.62175,49.1285],[2.62196,49.12881],[2.62224,49.12908],[2.62251,49.12949],[2.62368,49.1307],[2.6241,49.13123],[2.6241,49.13182],[2.6239,49.13223],[2.6239,49.1324],[2.62376,49.13259],[2.62322,49.133],[2.62253,49.13327],[2.62171,49.13341],[2.61836,49.13341],[2.61719,49.13347],[2.61651,49.13342],[2.61582,49.13329],[2.61473,49.13293],[2.61217,49.13122],[2.61189,49.1309],[2.61182,49.13019],[2.61168,49.12951],[2.6114,49.12875],[2.61126,49.12817],[2.61133,49.12736],[2.60777,49.128],[2.6062,49.1284],[2.60305,49.12886],[2.60134,49.12922],[2.60011,49.12976],[2.59909,49.13009],[2.59724,49.13046],[2.59676,49.1305],[2.59599,49.13032],[2.59538,49.13032],[2.59511,49.13037],[2.59353,49.13091],[2.59312,49.13122],[2.59313,49.13181],[2.59244,49.13208],[2.59244,49.13222],[2.59251,49.13226],[2.59258,49.13249],[2.5919,49.13289],[2.5904,49.13397],[2.58992,49.13438],[2.58835,49.13551],[2.58801,49.13582],[2.58774,49.13645],[2.58767,49.13685],[2.58727,49.1378],[2.58699,49.13816],[2.58604,49.13883],[2.58529,49.13952],[2.58495,49.13956],[2.58488,49.13965],[2.58433,49.13956],[2.58399,49.13974],[2.58358,49.13979],[2.58331,49.1401],[2.58345,49.14042],[2.58338,49.14064],[2.58283,49.1411],[2.5829,49.14191],[2.58339,49.14267],[2.58353,49.14298],[2.58421,49.14361],[2.58477,49.14428],[2.5849,49.1446],[2.58491,49.14559],[2.5845,49.14644],[2.58437,49.14684],[2.5843,49.14765],[2.58403,49.14783],[2.58348,49.14779],[2.58293,49.14784],[2.58266,49.14792],[2.58198,49.14842],[2.58088,49.1491],[2.58041,49.14946],[2.57727,49.15149],[2.57672,49.15163],[2.5761,49.15163],[2.5746,49.1519],[2.57404,49.15208],[2.57376,49.15231],[2.5737,49.15267],[2.57342,49.15281],[2.57349,49.15294],[2.57377,49.15325],[2.57377,49.15343],[2.57336,49.15366],[2.5724,49.15402],[2.57206,49.15424],[2.57124,49.15438],[2.57103,49.15393],[2.57082,49.15384],[2.57041,49.15384],[2.57,49.15394],[2.56918,49.1538],[2.56829,49.15412],[2.56686,49.15452],[2.56651,49.15444],[2.56631,49.15425],[2.56576,49.15448],[2.56535,49.15457],[2.56461,49.155],[2.56416,49.15489],[2.56345,49.15522],[2.56338,49.15556],[2.5621,49.15552],[2.56049,49.15606],[2.55974,49.1562],[2.55834,49.15584],[2.55741,49.15585],[2.55452,49.15544],[2.55246,49.15522],[2.55184,49.15527],[2.55089,49.15541],[2.54965,49.15541],[2.54801,49.1551],[2.54499,49.15429],[2.54431,49.15429],[2.54094,49.1547],[2.54005,49.15462],[2.5384,49.15426],[2.53778,49.15404],[2.53696,49.1535],[2.53607,49.15323],[2.53559,49.15314],[2.53504,49.15314],[2.53429,49.15324],[2.53319,49.15364],[2.53258,49.15396],[2.53244,49.15418],[2.53155,49.15472],[2.52984,49.15504],[2.52875,49.15499],[2.52813,49.15491],[2.52573,49.15482],[2.52498,49.15464],[2.52332,49.15388],[2.52277,49.15357],[2.52243,49.15343],[2.51975,49.15312],[2.51914,49.15294],[2.51859,49.15245],[2.5177,49.15218],[2.51742,49.15174],[2.51701,49.15151],[2.5166,49.15138],[2.5142,49.15138],[2.51317,49.15152],[2.51242,49.15174],[2.51201,49.15206],[2.51167,49.15201],[2.51105,49.15201],[2.51037,49.15233],[2.50982,49.15269],[2.50934,49.15318],[2.50851,49.1539],[2.50859,49.15432],[2.50852,49.15445],[2.50783,49.15495],[2.50749,49.15531],[2.50749,49.1558],[2.5077,49.1563],[2.50767,49.1567],[2.50741,49.15753],[2.50723,49.15791],[2.50684,49.1583],[2.50625,49.15855],[2.50537,49.15864],[2.50487,49.15853],[2.50385,49.15797],[2.5031,49.15775],[2.50115,49.15742],[2.49811,49.15755],[2.4942,49.15748],[2.49118,49.15695],[2.48851,49.15726],[2.48755,49.15776],[2.48636,49.15808],[2.48591,49.15807],[2.48488,49.15776],[2.4835,49.15673],[2.48289,49.15637],[2.48213,49.1561],[2.4798,49.15579],[2.47946,49.15588],[2.47871,49.15584],[2.47672,49.15539],[2.47547,49.1549],[2.47465,49.15427],[2.4741,49.15373],[2.47293,49.15373],[2.47259,49.15378],[2.47238,49.15364],[2.4717,49.15355],[2.47156,49.15342],[2.47122,49.15333],[2.47115,49.1532],[2.47067,49.15311],[2.47019,49.15297],[2.4693,49.15248],[2.4693,49.1523],[2.46937,49.15212],[2.4693,49.1519],[2.46868,49.15162],[2.46601,49.15104],[2.46388,49.15027],[2.46272,49.15032],[2.46156,49.15059],[2.46121,49.15059],[2.46025,49.15028],[2.45887,49.15006],[2.45579,49.14938],[2.45462,49.14894],[2.45216,49.14849],[2.45079,49.14854],[2.44969,49.14872],[2.44825,49.14921],[2.44283,49.14854],[2.44214,49.14854],[2.44159,49.14868],[2.44022,49.14877],[2.43886,49.14926],[2.43845,49.14936],[2.43797,49.14976],[2.43742,49.14999],[2.43653,49.15008],[2.43564,49.1504],[2.43441,49.15067],[2.4329,49.15107],[2.43064,49.1513],[2.42968,49.15162],[2.42907,49.15189],[2.42838,49.15189],[2.42818,49.15184],[2.42749,49.15144],[2.42652,49.15108],[2.41905,49.1514],[2.4159,49.15172],[2.4131,49.15244],[2.40863,49.15226],[2.4052,49.15204],[2.40418,49.15186],[2.4026,49.15136],[2.40212,49.15128],[2.40055,49.15083],[2.39993,49.15078],[2.3976,49.15025],[2.39142,49.14939],[2.39115,49.14949],[2.38937,49.15079],[2.38848,49.15155],[2.3841,49.15502],[2.38225,49.15681],[2.3817,49.15722],[2.37999,49.15807],[2.37842,49.1583],[2.37746,49.1587],[2.37621,49.15897],[2.37375,49.15907],[2.37327,49.15934],[2.37279,49.15939],[2.37107,49.15907],[2.37073,49.15861],[2.37059,49.15857],[2.37032,49.15875],[2.37018,49.1587],[2.37018,49.15843],[2.37032,49.15794],[2.37059,49.15767],[2.37059,49.15745],[2.37046,49.15722],[2.37046,49.15677],[2.36998,49.15677],[2.36977,49.15668],[2.36977,49.15632],[2.36963,49.15619],[2.36922,49.15619],[2.36908,49.15623],[2.36847,49.15601],[2.36785,49.15601],[2.36771,49.15587],[2.36758,49.15565],[2.36724,49.15574],[2.36724,49.15583],[2.36703,49.15583],[2.36696,49.15547],[2.36655,49.15529],[2.36641,49.15493],[2.36607,49.1548],[2.36593,49.15462],[2.36634,49.15425],[2.36628,49.15407],[2.36552,49.15412],[2.36532,49.15403],[2.36518,49.15376],[2.3649,49.15363],[2.36484,49.15349],[2.36504,49.15322],[2.36497,49.15291],[2.3647,49.15264],[2.36401,49.15246],[2.36388,49.15215],[2.3634,49.1516],[2.36319,49.15152],[2.36203,49.15075]]}},
{"type":"Feature","properties":{"code_eu_md":"FRHR227-H2242000","name":"ruisseau de la batarde","longueur":8205.0,"statut":"MEN","ordre":2,"etateco":"5","qmoyaval":null,"distmer":null,"distsrce":null,"gid":8740,"annee":"2009"},"geometry":{"type":"LineString","coordinates":[[2.55367,49.10153],[2.55402,49.10176],[2.55498,49.10225],[2.55635,49.1027],[2.5571,49.10315],[2.55765,49.10333],[2.55806,49.1036],[2.55806,49.10392],[2.55766,49.10513],[2.55745,49.10545],[2.55698,49.1058],[2.55684,49.10599],[2.55684,49.10666],[2.55671,49.10707],[2.55596,49.10859],[2.55535,49.10927],[2.55364,49.11049],[2.55276,49.11152],[2.55174,49.11282],[2.55174,49.11354],[2.55195,49.11404],[2.5525,49.11472],[2.55346,49.11561],[2.55509,49.11616],[2.55628,49.11906],[2.55692,49.12325],[2.55752,49.12814],[2.55741,49.12862],[2.5571,49.12875],[2.55629,49.12868],[2.55567,49.12865],[2.55421,49.12881],[2.5537,49.12903],[2.55239,49.1294],[2.54955,49.12974],[2.5488,49.12996],[2.54845,49.13019],[2.54811,49.13087],[2.54805,49.13122],[2.54798,49.13127],[2.54798,49.13226],[2.54812,49.13284],[2.54833,49.13333],[2.54847,49.1341],[2.54881,49.13491],[2.54889,49.13535],[2.54951,49.1364],[2.54957,49.13658],[2.55054,49.13761],[2.55095,49.13837],[2.55102,49.13895],[2.55123,49.13949],[2.54945,49.13995],[2.54931,49.14031],[2.54713,49.14219],[2.54652,49.14292],[2.54604,49.14323],[2.54502,49.14359],[2.5444,49.14391],[2.5442,49.14413],[2.54282,49.14526],[2.54261,49.1458],[2.54214,49.14626],[2.54207,49.1472],[2.54153,49.14855],[2.54126,49.14896],[2.54037,49.14945],[2.539,49.1508],[2.53764,49.1513],[2.53689,49.15188],[2.5362,49.15229],[2.53545,49.15247],[2.53442,49.15243],[2.53374,49.15256],[2.53347,49.15306],[2.53039,49.15418],[2.52881,49.15459],[2.52559,49.15397],[2.524,49.15352],[2.52332,49.15343],[2.52243,49.15343]]}},
{"type":"Feature","properties":{"code_eu_md":"FRHR227-H2246000","name":"l'ysieux","longueur":15153.0,"statut":"MEN","ordre":2,"etateco":"5","qmoyaval":null,"distmer":null,"distsrce":null,"gid":8741,"annee":"2009"},"geometry":{"type":"LineString","coordinates":[[2.49673,49.09331],[2.49523,49.09349],[2.49475,49.09368],[2.49407,49.09412],[2.49379,49.0944],[2.49332,49.09475],[2.49263,49.09507],[2.49215,49.0952],[2.49017,49.09507],[2.4888,49.09463],[2.48811,49.09454],[2.48764,49.09427],[2.48668,49.09445],[2.48606,49.09449],[2.48572,49.09436],[2.48511,49.09431],[2.48434,49.09441],[2.48379,49.09459],[2.48229,49.09459],[2.48201,49.09463],[2.48147,49.09464],[2.47928,49.09419],[2.4788,49.09419],[2.47798,49.09441],[2.47736,49.09446],[2.47702,49.09441],[2.47668,49.09442],[2.47558,49.09509],[2.47476,49.09523],[2.47387,49.09554],[2.47285,49.09577],[2.47196,49.09604],[2.47169,49.09608],[2.47114,49.09554],[2.4708,49.09541],[2.46916,49.09586],[2.46881,49.09586],[2.46847,49.09551],[2.46517,49.09632],[2.46435,49.09673],[2.46223,49.0975],[2.46196,49.09768],[2.46196,49.09785],[2.46182,49.09794],[2.46107,49.09804],[2.46107,49.09835],[2.46121,49.09853],[2.46121,49.09889],[2.46087,49.09902],[2.45957,49.09898],[2.45834,49.09916],[2.45656,49.09917],[2.45369,49.09899],[2.45334,49.0989],[2.45115,49.09912],[2.45081,49.09904],[2.45061,49.0989],[2.45033,49.09854],[2.45013,49.09859],[2.44972,49.09859],[2.44951,49.09845],[2.4493,49.0985],[2.44924,49.09881],[2.44895,49.09881],[2.44861,49.09868],[2.4484,49.09877],[2.44731,49.09877],[2.44649,49.09904],[2.44553,49.09913],[2.44464,49.0994],[2.44389,49.09985],[2.44355,49.10021],[2.44314,49.1007],[2.4428,49.10142],[2.44239,49.10201],[2.44212,49.10232],[2.44184,49.10246],[2.44082,49.10273],[2.43993,49.10255],[2.43965,49.10286],[2.43959,49.103],[2.43965,49.10327],[2.44034,49.10403],[2.44164,49.10529],[2.44151,49.10638],[2.44165,49.10687],[2.44178,49.10701],[2.44178,49.1071],[2.44233,49.10709],[2.44226,49.10727],[2.44185,49.10754],[2.44185,49.10781],[2.4422,49.10804],[2.4424,49.10844],[2.44261,49.10857],[2.44302,49.10858],[2.44302,49.1088],[2.44315,49.10889],[2.44316,49.10912],[2.44336,49.10925],[2.44384,49.10934],[2.44384,49.10956],[2.44391,49.10983],[2.44425,49.11001],[2.44432,49.11042],[2.44446,49.1106],[2.44501,49.11109],[2.44521,49.11118],[2.44528,49.11132],[2.44515,49.1114],[2.44515,49.11176],[2.44522,49.11185],[2.44528,49.11208],[2.44508,49.1123],[2.44515,49.11248],[2.44487,49.11253],[2.44487,49.11271],[2.44535,49.11293],[2.44529,49.11306],[2.44529,49.11405],[2.44501,49.11419],[2.44406,49.11428],[2.44214,49.11473],[2.44166,49.11509],[2.44107,49.11546],[2.44077,49.1155],[2.44002,49.1155],[2.43968,49.11554],[2.43886,49.11554],[2.43858,49.11568],[2.43858,49.11586],[2.43865,49.11608],[2.43852,49.11626],[2.43852,49.11662],[2.43811,49.11676],[2.43667,49.11744],[2.4364,49.11776],[2.43565,49.11803],[2.43455,49.1187],[2.434,49.11897],[2.43277,49.11974],[2.43161,49.12023],[2.43127,49.12046],[2.4312,49.12068],[2.43134,49.12122],[2.4312,49.12145],[2.43045,49.12185],[2.42977,49.12284],[2.42977,49.12297],[2.42921,49.12338],[2.42859,49.12369],[2.4275,49.12473],[2.42723,49.12522],[2.42627,49.12626],[2.42531,49.12747],[2.42483,49.12793],[2.42442,49.12824],[2.42429,49.12838],[2.42429,49.12847],[2.42183,49.12977],[2.42121,49.12995],[2.42073,49.13036],[2.41882,49.13134],[2.41806,49.13184],[2.41793,49.13188],[2.41793,49.1326],[2.41765,49.13288],[2.41724,49.13305],[2.41628,49.13319],[2.41444,49.13337],[2.41293,49.13373],[2.41148,49.134],[2.41066,49.13432],[2.40895,49.13486],[2.40806,49.1354],[2.40724,49.13558],[2.40607,49.13567],[2.40518,49.13607],[2.40402,49.13625],[2.40279,49.13621],[2.40183,49.13643],[2.40121,49.13666],[2.39991,49.13688],[2.39978,49.13697],[2.3995,49.13693],[2.39936,49.13675],[2.39923,49.13644],[2.39875,49.13625],[2.39779,49.13607],[2.39745,49.13612],[2.39649,49.13635],[2.39435,49.13666],[2.39291,49.13707],[2.39168,49.1372],[2.39114,49.13733],[2.39038,49.1382],[2.38977,49.1386],[2.38929,49.13887],[2.38915,49.13915],[2.38915,49.13946],[2.38901,49.13995],[2.38888,49.14022],[2.38881,49.14085],[2.38867,49.14144],[2.38833,49.14233],[2.38827,49.14287],[2.3884,49.14314],[2.38922,49.14427],[2.38861,49.14498],[2.38806,49.1453],[2.38526,49.1459],[2.38534,49.14699],[2.38529,49.1483],[2.38413,49.14911],[2.37956,49.14959],[2.3775,49.14765],[2.37305,49.14665],[2.37243,49.14665],[2.37189,49.14679],[2.37127,49.14724],[2.37052,49.14823],[2.3671,49.15093],[2.36552,49.15201],[2.3647,49.15264]]}},
{"type":"Feature","properties":{"code_eu_md":"FRHR228A","name":"L'Oise du confluent de l'Esches (exclu) au confluent de la Seine (exclu)","longueur":34068.0,"statut":"MEN","ordre":0,"etateco":"3","qmoyaval":null,"distmer":null,"distsrce":null,"gid":8742,"annee":"2009"},"geometry":{"type":"LineString","coordinates":[[2.2745,49.14175],[2.27299,49.14134],[2.27169,49.14089],[2.26892,49.13986],[2.26683,49.13887],[2.26601,49.13837],[2.26512,49.1376],[2.26416,49.1367],[2.26375,49.13603],[2.2628,49.13481],[2.26245,49.13445],[2.26184,49.13391],[2.26018,49.13279],[2.25854,49.13211],[2.25751,49.1318],[2.2571,49.13175],[2.25382,49.13171],[2.2493,49.13134],[2.24553,49.13116],[2.24395,49.13102],[2.24313,49.13102],[2.24189,49.13098],[2.2373,49.13102],[2.23614,49.13079],[2.23553,49.13061],[2.23341,49.12971],[2.23251,49.12958],[2.22923,49.12926],[2.22827,49.12903],[2.22662,49.12857],[2.2247,49.12821],[2.22319,49.1279],[2.22073,49.12718],[2.21923,49.12587],[2.2174,49.12397],[2.21732,49.12385],[2.21599,49.12255],[2.21547,49.12236],[2.2139,49.12151],[2.21287,49.12079],[2.21226,49.12011],[2.21199,49.11976],[2.21178,49.11921],[2.21158,49.11845],[2.21144,49.11736],[2.21151,49.11613],[2.21179,49.11547],[2.21183,49.11468],[2.21179,49.11449],[2.21166,49.11404],[2.21118,49.11332],[2.21098,49.11283],[2.21098,49.11197],[2.21091,49.11161],[2.2105,49.11053],[2.21016,49.11004],[2.20907,49.10896],[2.2088,49.10598],[2.20881,49.10288],[2.20888,49.10208],[2.20944,49.09871],[2.20951,49.09767],[2.20965,49.09682],[2.20965,49.09524],[2.20931,49.09439],[2.20904,49.09308],[2.20816,49.09097],[2.20722,49.08901],[2.20707,49.08881],[2.20618,49.08706],[2.20537,49.0858],[2.20453,49.08486],[2.20235,49.0826],[2.20174,49.08188],[2.20133,49.08102],[2.20072,49.08008],[2.1999,49.07909],[2.19806,49.07711],[2.1969,49.07617],[2.19464,49.07455],[2.19355,49.07396],[2.18932,49.07228],[2.18713,49.07183],[2.18563,49.07138],[2.18267,49.07093],[2.18001,49.07047],[2.17891,49.07011],[2.17803,49.06971],[2.1753,49.06795],[2.17455,49.0675],[2.17277,49.06633],[2.17141,49.06534],[2.17052,49.0648],[2.16936,49.06444],[2.16827,49.06421],[2.16772,49.06421],[2.16615,49.06444],[2.16374,49.06466],[2.16039,49.06465],[2.15868,49.06459],[2.15745,49.06501],[2.15681,49.06517],[2.15647,49.06523],[2.15368,49.06554],[2.15108,49.06621],[2.14876,49.06666],[2.14703,49.06683],[2.14498,49.06683],[2.14238,49.06669],[2.14143,49.06651],[2.13986,49.06627],[2.13739,49.06673],[2.13575,49.06713],[2.13527,49.06717],[2.13404,49.06713],[2.13247,49.06675],[2.13117,49.06635],[2.13013,49.06567],[2.12925,49.06491],[2.1287,49.06459],[2.12611,49.06364],[2.12461,49.06283],[2.12358,49.0622],[2.12126,49.06112],[2.11963,49.06008],[2.11847,49.05918],[2.11772,49.05842],[2.11663,49.05707],[2.11609,49.05647],[2.11254,49.05399],[2.11076,49.05289],[2.1107,49.05269],[2.11016,49.05201],[2.10893,49.05111],[2.1079,49.05052],[2.10626,49.04994],[2.10517,49.04949],[2.10367,49.04872],[2.10271,49.04836],[2.10236,49.04828],[2.10196,49.048],[2.10121,49.04705],[2.10047,49.04596],[2.09972,49.04448],[2.09884,49.04363],[2.0987,49.04345],[2.09857,49.04286],[2.0983,49.04218],[2.09789,49.04133],[2.09701,49.04003],[2.09667,49.03922],[2.09661,49.03769],[2.09634,49.03702],[2.09518,49.0353],[2.09464,49.03431],[2.09458,49.03399],[2.09401,49.03283],[2.09336,49.03084],[2.09248,49.02873],[2.09208,49.02671],[2.09175,49.02554],[2.09154,49.02509],[2.0908,49.02405],[2.08951,49.0218],[2.08897,49.02117],[2.08808,49.02049],[2.0874,49.02013],[2.08604,49.01977],[2.0818,49.01908],[2.08001,49.01881],[2.07851,49.01876],[2.07742,49.01899],[2.07407,49.01988],[2.07229,49.02041],[2.07147,49.02077],[2.06914,49.02157],[2.06873,49.02175],[2.06797,49.02234],[2.06584,49.0244],[2.06509,49.02529],[2.06473,49.02588],[2.06411,49.02655],[2.06322,49.02723],[2.06226,49.02781],[2.06096,49.02835],[2.0602,49.02893],[2.05979,49.02952],[2.05938,49.03064],[2.05923,49.0314],[2.05903,49.03189],[2.05834,49.03284],[2.05778,49.03387],[2.05765,49.03463],[2.05744,49.03531],[2.05668,49.0366],[2.05571,49.03786],[2.05537,49.03858],[2.05482,49.03934],[2.05434,49.03984],[2.05351,49.04038],[2.05296,49.04065],[2.0518,49.04101],[2.05076,49.04123],[2.04946,49.04122],[2.0481,49.04094],[2.04694,49.04054],[2.04319,49.0381],[2.0421,49.03756],[2.04135,49.03711],[2.03972,49.03531],[2.03823,49.034],[2.03653,49.0318],[2.0364,49.03139],[2.0364,49.03044],[2.03668,49.02976],[2.0373,49.02905],[2.03847,49.02788],[2.0397,49.02685],[2.04053,49.02587],[2.04081,49.02546],[2.04156,49.02452],[2.04259,49.02304],[2.04308,49.02259],[2.04501,49.02147],[2.04638,49.02048],[2.04727,49.01963],[2.0481,49.01892],[2.05098,49.01699],[2.05372,49.01528],[2.05468,49.01488],[2.05577,49.01435],[2.05715,49.01345],[2.05811,49.01264],[2.059,49.01201],[2.06072,49.01094],[2.06518,49.00749],[2.06614,49.00704],[2.06785,49.00592],[2.06943,49.00458],[2.07005,49.00395],[2.07129,49.00238],[2.07184,49.00149],[2.07212,48.99999],[2.07213,48.99757],[2.07159,48.99554],[2.0716,48.99442],[2.07195,48.99321],[2.07222,48.99258],[2.07237,48.99177],[2.0723,48.99069],[2.07211,48.98917],[2.0719,48.98836],[2.07157,48.98763],[2.0713,48.98659],[2.07083,48.98579]]}},
{"type":"Feature","properties":{"code_eu_md":"FRHR228A-H2261000","name":"ru de presles","longueur":9315.0,"statut":"MEN","ordre":2,"etateco":"4","qmoyaval":null,"distmer":null,"distsrce":null,"gid":8743,"annee":"2009"},"geometry":{"type":"LineString","coordinates":[[2.33331,49.09675],[2.33269,49.09657],[2.33105,49.09558],[2.32913,49.09433],[2.32818,49.09388],[2.32741,49.09365],[2.32652,49.09334],[2.3259,49.0932],[2.32543,49.0932],[2.32454,49.09329],[2.3205,49.09419],[2.31913,49.09415],[2.31893,49.09437],[2.31817,49.09455],[2.3179,49.09468],[2.3179,49.09486],[2.31742,49.09531],[2.31687,49.09576],[2.31571,49.09612],[2.3153,49.09652],[2.31373,49.09715],[2.31208,49.0981],[2.31029,49.09895],[2.30865,49.09989],[2.30865,49.09994],[2.30851,49.10003],[2.3081,49.10053],[2.30769,49.1012],[2.30735,49.10155],[2.30516,49.10272],[2.30433,49.10304],[2.30201,49.1034],[2.29934,49.10417],[2.29838,49.10453],[2.29763,49.10498],[2.29708,49.10524],[2.29639,49.10565],[2.29639,49.10605],[2.29674,49.10637],[2.29674,49.10651],[2.29571,49.10695],[2.29455,49.10763],[2.29337,49.1079],[2.29296,49.10826],[2.29255,49.10848],[2.29077,49.1088],[2.29022,49.10879],[2.28974,49.1087],[2.28947,49.10852],[2.28926,49.10848],[2.28906,49.10866],[2.28865,49.10879],[2.287,49.10888],[2.28666,49.10906],[2.28652,49.10947],[2.28618,49.10964],[2.28515,49.10973],[2.28413,49.10987],[2.28358,49.11018],[2.28324,49.11054],[2.28296,49.11122],[2.28248,49.11153],[2.28242,49.11166],[2.28242,49.11193],[2.28255,49.1122],[2.28255,49.11279],[2.28228,49.11283],[2.28207,49.11297],[2.28207,49.11315],[2.28228,49.11346],[2.28228,49.11458],[2.28275,49.11526],[2.28282,49.11572],[2.28275,49.11594],[2.28248,49.1163],[2.28248,49.11662],[2.28296,49.11729],[2.28344,49.11756],[2.2848,49.11779],[2.28549,49.11801],[2.28597,49.11841],[2.28706,49.11977],[2.28733,49.12017],[2.2874,49.12062],[2.28768,49.12093],[2.28774,49.12115],[2.28747,49.12138],[2.2874,49.12192],[2.28713,49.12219],[2.28672,49.12233],[2.28487,49.12237],[2.28398,49.12255],[2.28357,49.12255],[2.28275,49.12223],[2.28186,49.12214],[2.28138,49.12187],[2.28076,49.12187],[2.28008,49.12214],[2.27939,49.12255],[2.27905,49.12295],[2.27905,49.1238],[2.27912,49.12394],[2.27912,49.12461],[2.27918,49.12474],[2.27994,49.12537],[2.28,49.1256],[2.27973,49.12569],[2.27905,49.12569],[2.2787,49.12574],[2.27816,49.12596],[2.27761,49.12663],[2.27718,49.12686],[2.2754,49.12745],[2.27506,49.12749],[2.27485,49.12745],[2.27465,49.12723],[2.27431,49.12704],[2.27397,49.12695],[2.27349,49.12718],[2.27301,49.12731],[2.27184,49.12727],[2.27136,49.12736],[2.27068,49.12794],[2.27047,49.12821],[2.27061,49.12852],[2.27102,49.12893],[2.27102,49.12929],[2.27061,49.12956],[2.27081,49.13046],[2.27102,49.13077],[2.27101,49.13176],[2.27074,49.13239],[2.27012,49.13315],[2.26889,49.13392],[2.26855,49.13445],[2.26827,49.13468],[2.26731,49.1349],[2.26704,49.13508],[2.2656,49.13522],[2.26546,49.13535],[2.26512,49.13549],[2.26451,49.13549],[2.2643,49.13539],[2.26396,49.13486],[2.26368,49.13472],[2.26314,49.13472],[2.2628,49.13481]]}},
{"type":"Feature","properties":{"code_eu_md":"FRHR228A-H2271000","name":"ru du vieux moutiers","longueur":9225.0,"statut":"MEN","ordre":2,"etateco":"4","qmoyaval":null,"distmer":null,"distsrce":null,"gid":8744,"annee":"2009"},"geometry":{"type":"LineString","coordinates":[[2.28057,49.04854],[2.28077,49.04904],[2.28084,49.04953],[2.2805,49.04989],[2.28036,49.0502],[2.2805,49.05029],[2.2805,49.05061],[2.28002,49.05105],[2.27981,49.0515],[2.27926,49.05299],[2.27906,49.05366],[2.27899,49.05447],[2.27926,49.05537],[2.27926,49.05555],[2.2796,49.05604],[2.2796,49.05676],[2.27947,49.05726],[2.27926,49.0587],[2.27905,49.05937],[2.27905,49.06036],[2.27932,49.06122],[2.2796,49.06185],[2.28007,49.06265],[2.28089,49.0636],[2.28158,49.06423],[2.28236,49.06479],[2.28255,49.06502],[2.28206,49.06513],[2.27895,49.06514],[2.27712,49.06472],[2.27556,49.06429],[2.27301,49.06396],[2.27184,49.06399],[2.27037,49.06421],[2.26724,49.06458],[2.26549,49.06448],[2.26379,49.0646],[2.26285,49.06476],[2.26185,49.06544],[2.26146,49.06617],[2.26171,49.06699],[2.26161,49.06754],[2.25916,49.06894],[2.25848,49.0691],[2.25811,49.06945],[2.25768,49.0701],[2.25697,49.07051],[2.25592,49.07068],[2.2549,49.07076],[2.25296,49.07054],[2.25205,49.07058],[2.25111,49.07041],[2.24999,49.07003],[2.249,49.06987],[2.24871,49.07015],[2.24842,49.07062],[2.24752,49.07103],[2.24667,49.07159],[2.24616,49.07217],[2.24549,49.07272],[2.24502,49.07323],[2.24431,49.07354],[2.24414,49.07428],[2.24351,49.07472],[2.24229,49.07453],[2.23963,49.07427],[2.23845,49.07391],[2.23776,49.07382],[2.23725,49.07435],[2.23693,49.07495],[2.23619,49.07543],[2.23521,49.07577],[2.23427,49.07603],[2.23378,49.07629],[2.23283,49.07669],[2.23207,49.07723],[2.23105,49.07836],[2.23063,49.07867],[2.23022,49.07876],[2.22906,49.07863],[2.22851,49.07862],[2.22763,49.0788],[2.22735,49.07898],[2.22715,49.07943],[2.22639,49.07966],[2.22352,49.08158],[2.22317,49.08199],[2.22303,49.08266],[2.2229,49.08293],[2.22297,49.08324],[2.22324,49.08352],[2.22317,49.08388],[2.22255,49.08501],[2.22226,49.08573],[2.22226,49.08618],[2.22233,49.08636],[2.22233,49.08654],[2.2211,49.08671],[2.21884,49.0868],[2.21788,49.08702],[2.21692,49.08743],[2.21603,49.0877],[2.21501,49.08779],[2.21446,49.08774],[2.21425,49.08752],[2.21412,49.08729],[2.21398,49.08725],[2.21364,49.08724],[2.21186,49.08756],[2.21049,49.08774],[2.21008,49.08801],[2.20987,49.08837],[2.20967,49.0885],[2.20857,49.08877],[2.20722,49.08901]]}},
{"type":"Feature","properties":{"code_eu_md":"FRHR228A-H2278000","name":"ru de liesse","longueur":5416.0,"statut":"MEFM","ordre":2,"etateco":"4","qmoyaval":null,"distmer":null,"distsrce":null,"gid":8745,"annee":"2009"},"geometry":{"type":"LineString","coordinates":[[2.15274,49.02269],[2.1524,49.02268],[2.15213,49.02286],[2.15076,49.02349],[2.14932,49.02434],[2.14836,49.0247],[2.14734,49.02488],[2.14549,49.02492],[2.14454,49.02505],[2.14344,49.02541],[2.14173,49.02658],[2.14111,49.02675],[2.13987,49.02684],[2.13905,49.02707],[2.13768,49.02738],[2.13713,49.02756],[2.13686,49.02782],[2.13686,49.0285],[2.13699,49.02881],[2.13726,49.02904],[2.13726,49.02962],[2.13699,49.02998],[2.13664,49.03029],[2.1363,49.03039],[2.13473,49.03052],[2.13398,49.03069],[2.13322,49.03115],[2.13288,49.03151],[2.13288,49.03196],[2.13342,49.03286],[2.13342,49.03363],[2.13287,49.03493],[2.13252,49.03529],[2.13205,49.03551],[2.12951,49.03622],[2.12808,49.0364],[2.12739,49.03663],[2.12719,49.03676],[2.12691,49.03721],[2.12643,49.03842],[2.12636,49.03887],[2.12615,49.03932],[2.12615,49.03995],[2.12635,49.04026],[2.12649,49.04071],[2.12703,49.0417],[2.1271,49.04197],[2.126,49.04246],[2.12305,49.04264],[2.12312,49.04214],[2.12278,49.04205],[2.12223,49.04205],[2.12175,49.04268],[2.1212,49.04281],[2.1199,49.04349],[2.11969,49.04462],[2.11942,49.04507],[2.11935,49.04542],[2.11907,49.04578],[2.119,49.04601],[2.11921,49.04637],[2.11927,49.04668],[2.11907,49.04686],[2.1177,49.04762],[2.11729,49.04771],[2.11735,49.04798],[2.1166,49.0483],[2.11578,49.04874],[2.1153,49.0491],[2.11482,49.04978],[2.11441,49.05014],[2.11297,49.05062],[2.11249,49.0509],[2.11201,49.05125],[2.11105,49.05134],[2.11071,49.05143],[2.11,49.0519]]}},
{"type":"Feature","properties":{"code_eu_md":"FRHR228B","name":"le Sausseron de sa source au confluent de l'Oise (exclu)","longueur":24193.0,"statut":"MEN","ordre":1,"etateco":"5","qmoyaval":null,"distmer":null,"distsrce":null,"gid":8746,"annee":"2009"},"geometry":{"type":"LineString","coordinates":[[2.02671,49.19031],[2.02705,49.19045],[2.02801,49.19108],[2.02877,49.19139],[2.03274,49.19221],[2.03357,49.19235],[2.03411,49.19235],[2.03466,49.19226],[2.0357,49.19177],[2.03638,49.19168],[2.03734,49.19173],[2.03844,49.192],[2.04001,49.19255],[2.04097,49.19304],[2.04247,49.1935],[2.04391,49.19413],[2.04556,49.19494],[2.04727,49.19593],[2.04748,49.19593],[2.04816,49.19571],[2.04947,49.19499],[2.05064,49.19414],[2.05091,49.19401],[2.05105,49.19401],[2.05112,49.19392],[2.05174,49.19365],[2.05222,49.19329],[2.05257,49.19276],[2.05339,49.19195],[2.05387,49.19168],[2.05504,49.19137],[2.05559,49.19137],[2.05696,49.19165],[2.05847,49.19165],[2.05894,49.19183],[2.05976,49.19232],[2.06053,49.19255],[2.06087,49.19273],[2.06101,49.19304],[2.061,49.19381],[2.06114,49.19399],[2.06443,49.19454],[2.0647,49.19449],[2.06484,49.19417],[2.06525,49.19391],[2.06649,49.19355],[2.06779,49.19337],[2.07026,49.19338],[2.07088,49.19347],[2.07348,49.19397],[2.07457,49.19407],[2.0787,49.19404],[2.07973,49.19386],[2.08104,49.19328],[2.08241,49.19242],[2.08358,49.1922],[2.08467,49.19211],[2.08659,49.19211],[2.08708,49.19198],[2.08817,49.19149],[2.08893,49.19144],[2.08996,49.19158],[2.09133,49.1919],[2.09284,49.19236],[2.09312,49.19204],[2.0934,49.19037],[2.09409,49.19037],[2.09498,49.19024],[2.09738,49.1898],[2.098,49.18958],[2.09903,49.18899],[2.10054,49.18783],[2.10089,49.18751],[2.10157,49.18743],[2.10164,49.18698],[2.10212,49.18653],[2.10254,49.1855],[2.10295,49.18509],[2.10309,49.1846],[2.10433,49.18325],[2.10551,49.18245],[2.10593,49.18186],[2.10614,49.18142],[2.10648,49.18128],[2.10744,49.18115],[2.10833,49.18074],[2.10971,49.17989],[2.10991,49.17953],[2.11012,49.17903],[2.11019,49.17822],[2.11082,49.17683],[2.11343,49.17558],[2.11391,49.17531],[2.11405,49.17504],[2.11412,49.17351],[2.11426,49.17275],[2.11433,49.17172],[2.11447,49.17122],[2.11482,49.17082],[2.11571,49.17001],[2.11605,49.16975],[2.11654,49.16903],[2.11743,49.1683],[2.1173,49.16722],[2.11716,49.16691],[2.11717,49.1661],[2.11744,49.16551],[2.11738,49.16529],[2.1169,49.16515],[2.1156,49.16407],[2.1156,49.16349],[2.11595,49.16286],[2.11588,49.16268],[2.11411,49.16052],[2.11411,49.15998],[2.11357,49.15922],[2.11302,49.15868],[2.11295,49.15849],[2.11343,49.15817],[2.11364,49.15808],[2.11364,49.15799],[2.1133,49.15764],[2.11146,49.15525],[2.11146,49.15417],[2.1114,49.15382],[2.1114,49.15202],[2.11244,49.15126],[2.11257,49.15108],[2.11237,49.14995],[2.11245,49.14887],[2.11279,49.14829],[2.11286,49.14825],[2.113,49.14793],[2.11398,49.14671],[2.1146,49.14604],[2.11577,49.14438],[2.11604,49.14375],[2.11632,49.14281],[2.11639,49.14231],[2.11633,49.14159],[2.11571,49.14033],[2.11579,49.14015],[2.11613,49.13993],[2.11743,49.13885],[2.11791,49.13823],[2.11785,49.13751],[2.11772,49.13706],[2.11792,49.13688],[2.11833,49.13684],[2.11854,49.13665],[2.11861,49.13643],[2.11881,49.13633],[2.11929,49.13629],[2.11936,49.13643],[2.1197,49.1363],[2.11998,49.13607],[2.12032,49.13597],[2.12039,49.13584],[2.12121,49.13571],[2.12149,49.13562],[2.1219,49.13531],[2.12204,49.13508],[2.12224,49.1349],[2.12464,49.13396],[2.12547,49.13383],[2.12574,49.13383],[2.12601,49.13397],[2.12677,49.13392],[2.12731,49.13383],[2.12788,49.13347],[2.12973,49.13307],[2.13041,49.13316],[2.13116,49.13312],[2.13158,49.13317],[2.13246,49.13348],[2.13397,49.13366],[2.13527,49.13389],[2.13589,49.13407],[2.1365,49.13421],[2.13766,49.13439],[2.13903,49.13485],[2.13992,49.13499],[2.14006,49.13494],[2.14033,49.13476],[2.14067,49.13467],[2.14122,49.13463],[2.1415,49.13477],[2.14204,49.13539],[2.14389,49.13701],[2.14416,49.13733],[2.14443,49.13756],[2.14484,49.13769],[2.14746,49.13787],[2.14828,49.13801],[2.14869,49.13814],[2.14882,49.13837],[2.14951,49.13895],[2.15053,49.13927],[2.15102,49.13959],[2.15382,49.13963],[2.15423,49.13959],[2.15471,49.13946],[2.1556,49.13897],[2.15629,49.13879],[2.15766,49.13865],[2.15855,49.13852],[2.15889,49.13861],[2.15937,49.13856],[2.16019,49.13825],[2.16108,49.13785],[2.16226,49.13754],[2.16247,49.13731],[2.16261,49.13704],[2.16274,49.13691],[2.16281,49.13691],[2.16281,49.13686],[2.16404,49.13633],[2.16453,49.13597],[2.16501,49.1353],[2.16542,49.13448],[2.16563,49.13368],[2.16563,49.13255],[2.16659,49.13174],[2.1666,49.13115],[2.16708,49.1308],[2.16742,49.12999],[2.16742,49.12869],[2.16763,49.12833],[2.16811,49.12779],[2.16935,49.12694],[2.17072,49.12631],[2.17277,49.12568],[2.17326,49.12532],[2.1738,49.12497],[2.17408,49.12487],[2.17456,49.12483],[2.17524,49.1247],[2.17635,49.12416],[2.17704,49.12371],[2.17773,49.12308],[2.17827,49.12272],[2.17937,49.12223],[2.17992,49.12187],[2.18061,49.12107],[2.18143,49.12048],[2.18198,49.12002],[2.18212,49.11966],[2.18212,49.11881],[2.18185,49.11827],[2.1813,49.11786],[2.18089,49.11769],[2.17993,49.11755],[2.17945,49.11737],[2.17863,49.11715],[2.17843,49.11696],[2.17843,49.11674],[2.17864,49.11652],[2.17857,49.11598],[2.17823,49.1153],[2.17775,49.11386],[2.17762,49.11288],[2.17748,49.11261],[2.17749,49.11216],[2.17776,49.1118],[2.1781,49.11144],[2.17845,49.11049],[2.17852,49.11014],[2.17879,49.10946],[2.17907,49.10918],[2.18003,49.1086],[2.18058,49.10802],[2.18099,49.10779],[2.18243,49.10735],[2.18277,49.10712],[2.18284,49.10703],[2.18339,49.10668],[2.18346,49.10631],[2.18394,49.10627],[2.18387,49.10582],[2.18387,49.10506],[2.18353,49.10461],[2.18285,49.10411],[2.18271,49.10384],[2.18271,49.10308],[2.18306,49.10254],[2.18326,49.10191],[2.18395,49.10061],[2.18423,49.10025],[2.18532,49.09962],[2.18601,49.09935],[2.18765,49.09913],[2.18868,49.09886],[2.19184,49.0977],[2.19253,49.09725],[2.19308,49.09657],[2.19328,49.09621],[2.19363,49.0959],[2.19466,49.09517],[2.195,49.09477],[2.19521,49.09428],[2.19575,49.09383],[2.19651,49.09342],[2.19705,49.09325],[2.19747,49.09329],[2.19952,49.09397],[2.20061,49.0941],[2.20232,49.09411],[2.20369,49.09366],[2.20376,49.09335],[2.20396,49.09334],[2.20479,49.09366],[2.2052,49.09362],[2.20561,49.09344],[2.20617,49.09353],[2.20733,49.09389],[2.2076,49.09384],[2.20815,49.09362],[2.20914,49.09362]]}},
{"type":"Feature","properties":{"code_eu_md":"FRHR228B-H2269200","name":"ravin de theuville","longueur":10058.0,"statut":"MEN","ordre":2,"etateco":"4","qmoyaval":null,"distmer":null,"distsrce":null,"gid":8747,"annee":"2009"},"geometry":{"type":"LineString","coordinates":[[2.02872,49.17839],[2.02981,49.17841],[2.03241,49.17868],[2.03276,49.17882],[2.03323,49.17918],[2.03419,49.17927],[2.03495,49.17918],[2.03865,49.17892],[2.03954,49.17892],[2.04022,49.17911],[2.0416,49.17987],[2.04242,49.18019],[2.0429,49.18028],[2.04565,49.17943],[2.04682,49.17917],[2.04825,49.17917],[2.05202,49.17967],[2.05456,49.17905],[2.05759,49.17843],[2.0589,49.17803],[2.05965,49.17767],[2.06055,49.17709],[2.06344,49.17431],[2.06406,49.17358],[2.06468,49.17318],[2.06626,49.17251],[2.06688,49.17206],[2.06715,49.17161],[2.06716,49.17085],[2.06695,49.17031],[2.06654,49.16986],[2.06552,49.16918],[2.06402,49.16855],[2.06306,49.16788],[2.06286,49.16769],[2.06089,49.1655],[2.06051,49.16419],[2.06056,49.16103],[2.06098,49.16049],[2.06105,49.15937],[2.06119,49.15901],[2.06195,49.15856],[2.06311,49.15839],[2.06428,49.15803],[2.066,49.157],[2.0678,49.15611],[2.06855,49.15512],[2.06924,49.15445],[2.07034,49.15364],[2.0713,49.15319],[2.07247,49.15283],[2.07281,49.15284],[2.07302,49.15288],[2.07459,49.15356],[2.07527,49.15365],[2.07692,49.1533],[2.07733,49.15307],[2.07795,49.15249],[2.07871,49.15141],[2.07912,49.15055],[2.07981,49.14961],[2.08009,49.14889],[2.08009,49.14835],[2.08003,49.14813],[2.07948,49.14736],[2.07928,49.14678],[2.07921,49.14624],[2.07942,49.14583],[2.07977,49.14548],[2.08191,49.14503],[2.08239,49.14498],[2.08684,49.14491],[2.08814,49.14504],[2.08834,49.14495],[2.08834,49.14459],[2.08841,49.14455],[2.08944,49.14428],[2.09157,49.14388],[2.09307,49.14389],[2.0939,49.14371],[2.09699,49.14313],[2.10008,49.14282],[2.10316,49.14238],[2.10473,49.14247],[2.10611,49.1422],[2.10864,49.14216],[2.11001,49.14208],[2.11145,49.14185],[2.11213,49.14154],[2.11284,49.14132],[2.11372,49.14132],[2.114,49.14127],[2.11414,49.14109],[2.11448,49.14083],[2.11571,49.14033]]}},
{"type":"Feature","properties":{"code_eu_md":"FRHR228B-H2269400","name":"ru de frouville","longueur":6650.0,"statut":"MEN","ordre":2,"etateco":"4","qmoyaval":null,"distmer":null,"distsrce":null,"gid":8748,"annee":"2009"},"geometry":{"type":"LineString","coordinates":[[2.14055,49.18751],[2.14094,49.18598],[2.14052,49.17593],[2.14019,49.17511],[2.14024,49.17455],[2.14044,49.17383],[2.14098,49.17324],[2.1419,49.17284],[2.14204,49.17271],[2.143,49.17235],[2.14499,49.172],[2.14533,49.17186],[2.14561,49.17164],[2.14531,49.17072],[2.14581,49.17019],[2.14478,49.16949],[2.14414,49.16945],[2.14361,49.16971],[2.14329,49.16955],[2.14337,49.16926],[2.14255,49.16855],[2.14221,49.16787],[2.14219,49.16759],[2.14226,49.16714],[2.1424,49.16674],[2.1424,49.16628],[2.14186,49.16569],[2.14166,49.16524],[2.14145,49.16502],[2.14063,49.16448],[2.14036,49.16412],[2.14002,49.16317],[2.13961,49.16245],[2.139,49.1616],[2.13852,49.1607],[2.13839,49.1603],[2.13839,49.15971],[2.13873,49.15926],[2.13928,49.15841],[2.13997,49.15796],[2.141,49.15742],[2.14237,49.15707],[2.14395,49.15684],[2.14443,49.15662],[2.14519,49.15567],[2.14519,49.15535],[2.14457,49.15459],[2.1441,49.15387],[2.14403,49.15347],[2.14437,49.15297],[2.14486,49.15212],[2.14513,49.1519],[2.14561,49.15176],[2.14623,49.15136],[2.1465,49.15109],[2.14671,49.15055],[2.14678,49.14943],[2.14692,49.14902],[2.14735,49.14848],[2.14865,49.14741],[2.14893,49.14705],[2.14927,49.14633],[2.14962,49.14575],[2.1503,49.1453],[2.15394,49.14332],[2.15545,49.14242],[2.15627,49.1417],[2.15649,49.14142],[2.15676,49.14121],[2.15826,49.14054],[2.15857,49.14015],[2.15864,49.13995],[2.15888,49.1397],[2.15916,49.1392],[2.15922,49.13858]]}},
{"type":"Feature","properties":{"code_eu_md":"FRHR229","name":"la Viosne de sa source au confluent de l'Oise (exclu)","longueur":28782.0,"statut":"MEN","ordre":2,"etateco":"3","qmoyaval":null,"distmer":null,"distsrce":null,"gid":8749,"annee":"2009"},"geometry":{"type":"LineString","coordinates":[[1.89639,49.19635],[1.89652,49.19627],[1.89756,49.196],[1.89893,49.19582],[1.89968,49.19583],[1.90119,49.1961],[1.90221,49.1962],[1.90256,49.19611],[1.90345,49.19575],[1.90485,49.19472],[1.91021,49.19294],[1.91048,49.19277],[1.91028,49.19267],[1.91028,49.19245],[1.91249,49.19107],[1.91303,49.19084],[1.91489,49.19053],[1.91585,49.19018],[1.91654,49.18964],[1.91738,49.18875],[1.91759,49.18834],[1.91787,49.18826],[1.91821,49.1883],[1.91855,49.1883],[1.91931,49.18808],[1.92095,49.18826],[1.92157,49.18827],[1.92191,49.18804],[1.92192,49.18777],[1.92178,49.18768],[1.92144,49.18764],[1.92144,49.18737],[1.92158,49.18719],[1.92137,49.1871],[1.92144,49.18683],[1.92193,49.18611],[1.92255,49.18558],[1.9229,49.18522],[1.92386,49.18455],[1.92455,49.18446],[1.92503,49.18424],[1.92544,49.18415],[1.92565,49.18397],[1.92586,49.18348],[1.92806,49.18194],[1.9291,49.18118],[1.92965,49.1811],[1.93048,49.18083],[1.93158,49.18034],[1.93193,49.17998],[1.932,49.17958],[1.93187,49.17931],[1.93146,49.17899],[1.93105,49.17886],[1.93036,49.17849],[1.92995,49.17823],[1.92989,49.17778],[1.93003,49.17728],[1.93079,49.17607],[1.931,49.17598],[1.93196,49.1759],[1.93217,49.17585],[1.9323,49.17576],[1.93238,49.17545],[1.93258,49.1754],[1.93306,49.17563],[1.9332,49.17554],[1.93368,49.17509],[1.93375,49.17478],[1.9343,49.1746],[1.93471,49.17437],[1.93472,49.1741],[1.93437,49.17393],[1.93444,49.17375],[1.93493,49.17348],[1.93479,49.17334],[1.93452,49.17325],[1.93452,49.17298],[1.93479,49.17281],[1.93466,49.17254],[1.93466,49.17236],[1.93487,49.17218],[1.93514,49.17209],[1.93508,49.17191],[1.93487,49.17168],[1.93494,49.17123],[1.93488,49.1711],[1.93488,49.17068],[1.93516,49.17032],[1.9364,49.16966],[1.93941,49.16935],[1.93969,49.16926],[1.93962,49.16899],[1.93935,49.16859],[1.93887,49.16823],[1.93846,49.168],[1.93826,49.16768],[1.938,49.16638],[1.938,49.16521],[1.93794,49.16503],[1.93781,49.16413],[1.93803,49.16247],[1.93789,49.16198],[1.93776,49.16175],[1.93742,49.16153],[1.93708,49.16099],[1.93653,49.16062],[1.93633,49.16036],[1.9362,49.16008],[1.93531,49.1594],[1.93518,49.15922],[1.93518,49.15895],[1.93559,49.15877],[1.93587,49.15841],[1.93607,49.15792],[1.93608,49.15747],[1.93588,49.15707],[1.93609,49.1567],[1.93595,49.15662],[1.93595,49.15653],[1.93616,49.15639],[1.93644,49.15635],[1.93631,49.15617],[1.93645,49.15612],[1.93645,49.15603],[1.93631,49.15594],[1.93631,49.15567],[1.93679,49.1555],[1.93672,49.15545],[1.93673,49.15532],[1.937,49.15514],[1.93714,49.15478],[1.93735,49.15464],[1.93797,49.15442],[1.93838,49.15406],[1.93859,49.15366],[1.93879,49.15353],[1.93907,49.15344],[1.93935,49.15308],[1.93949,49.1525],[1.9395,49.15083],[1.9393,49.15038],[1.93903,49.15007],[1.9376,49.14893],[1.93699,49.14839],[1.93678,49.14794],[1.93686,49.14727],[1.93707,49.14686],[1.93707,49.14659],[1.93686,49.14632],[1.93687,49.14605],[1.93653,49.14578],[1.93653,49.14556],[1.93619,49.14506],[1.93626,49.14434],[1.93729,49.14426],[1.93764,49.14399],[1.93729,49.14388],[1.93661,49.14372],[1.93668,49.14313],[1.93703,49.14219],[1.93703,49.14188],[1.93669,49.14165],[1.93677,49.14125],[1.93711,49.14102],[1.93725,49.14075],[1.93698,49.14039],[1.93692,49.13918],[1.93713,49.139],[1.93768,49.13878],[1.93782,49.13818],[1.93809,49.13801],[1.93823,49.1381],[1.93843,49.1381],[1.93878,49.13783],[1.93953,49.1377],[1.93967,49.13738],[1.94008,49.13712],[1.94016,49.13676],[1.9405,49.13653],[1.94119,49.13631],[1.94174,49.13591],[1.94222,49.13568],[1.94263,49.13528],[1.94298,49.1351],[1.94298,49.13497],[1.94332,49.13474],[1.94394,49.13443],[1.94403,49.13389],[1.9443,49.13367],[1.94437,49.13322],[1.94479,49.1329],[1.94486,49.13268],[1.94472,49.13241],[1.94479,49.13214],[1.94493,49.13196],[1.94514,49.13187],[1.94568,49.13183],[1.94631,49.13116],[1.94706,49.13053],[1.94713,49.1304],[1.94796,49.1304],[1.94933,49.12991],[1.94981,49.12951],[1.94995,49.12933],[1.94995,49.12902],[1.94982,49.12874],[1.95009,49.1283],[1.95003,49.12798],[1.94921,49.12695],[1.94908,49.12667],[1.94915,49.12614],[1.94916,49.1255],[1.94895,49.12514],[1.9502,49.12312],[1.95082,49.12223],[1.95117,49.12159],[1.95118,49.12088],[1.95145,49.12011],[1.95146,49.11975],[1.95187,49.11962],[1.95228,49.11931],[1.95249,49.1189],[1.95311,49.11846],[1.95345,49.11832],[1.95477,49.11797],[1.95559,49.11779],[1.95635,49.11708],[1.95972,49.11502],[1.96048,49.11462],[1.9613,49.11448],[1.96171,49.11431],[1.9646,49.11265],[1.96542,49.11211],[1.96638,49.11194],[1.96666,49.11167],[1.96686,49.11139],[1.96694,49.1109],[1.9668,49.11054],[1.96646,49.10995],[1.96647,49.10964],[1.96674,49.10924],[1.96675,49.10883],[1.96647,49.10861],[1.966,49.10838],[1.96586,49.1082],[1.96586,49.10798],[1.96628,49.10753],[1.96655,49.10704],[1.96683,49.10632],[1.96726,49.10569],[1.96726,49.10515],[1.96747,49.10497],[1.96754,49.10484],[1.96761,49.10479],[1.96761,49.10461],[1.9672,49.10447],[1.96734,49.10434],[1.96775,49.10421],[1.96796,49.10403],[1.96824,49.10322],[1.96824,49.1029],[1.96838,49.10268],[1.96838,49.10214],[1.96852,49.10187],[1.96928,49.10156],[1.96948,49.10134],[1.9703,49.10134],[1.9714,49.10112],[1.97195,49.10081],[1.97291,49.10054],[1.97318,49.10036],[1.97339,49.10009],[1.97339,49.09991],[1.97387,49.09978],[1.97435,49.09946],[1.97456,49.09887],[1.97451,49.09712],[1.97465,49.09672],[1.97478,49.09663],[1.97485,49.0964],[1.97486,49.09555],[1.97479,49.09542],[1.9737,49.09469],[1.97363,49.0946],[1.9737,49.09438],[1.97405,49.09402],[1.97439,49.09375],[1.97467,49.09344],[1.97522,49.09317],[1.97611,49.09295],[1.98003,49.09233],[1.98023,49.09219],[1.98023,49.09201],[1.98058,49.09188],[1.98277,49.09153],[1.98325,49.09135],[1.98394,49.09081],[1.98511,49.08978],[1.98518,49.08965],[1.98682,49.08871],[1.98683,49.08858],[1.98648,49.08844],[1.98587,49.0883],[1.98546,49.08803],[1.98546,49.08794],[1.98539,49.08785],[1.9854,49.08727],[1.98561,49.08669],[1.98588,49.08655],[1.9867,49.08624],[1.98739,49.08615],[1.9878,49.08602],[1.98917,49.08589],[1.98992,49.08589],[1.99013,49.08548],[1.99047,49.08522],[1.9915,49.08495],[1.99294,49.085],[1.99335,49.08491],[1.99369,49.08469],[1.99405,49.08428],[1.99508,49.08338],[1.99625,49.0828],[1.99783,49.08177],[1.99817,49.08132],[1.9988,49.08011],[1.99942,49.07966],[2.00037,49.07935],[2.00154,49.07922],[2.00298,49.07923],[2.004,49.07936],[2.00427,49.0795],[2.00516,49.07945],[2.00585,49.07937],[2.00605,49.07914],[2.00674,49.07901],[2.00783,49.07888],[2.00804,49.07874],[2.00818,49.07856],[2.00886,49.07834],[2.00922,49.07812],[2.01121,49.07754],[2.01182,49.07741],[2.01244,49.07741],[2.01305,49.07754],[2.01449,49.07759],[2.016,49.07728],[2.01641,49.0771],[2.01716,49.07666],[2.01798,49.07635],[2.0184,49.07603],[2.01901,49.07563],[2.01943,49.07545],[2.02203,49.07451],[2.02374,49.07411],[2.02554,49.07389],[2.02642,49.0739],[2.02827,49.07412],[2.0293,49.07413],[2.02984,49.07395],[2.03033,49.07364],[2.03074,49.07314],[2.03088,49.0731],[2.03101,49.07287],[2.03102,49.07247],[2.03122,49.07197],[2.03123,49.07156],[2.03117,49.07112],[2.03082,49.07013],[2.03096,49.07004],[2.03151,49.06991],[2.03171,49.06991],[2.03267,49.06969],[2.03343,49.06969],[2.03418,49.06992],[2.03452,49.06987],[2.03472,49.06987],[2.03562,49.06915],[2.03733,49.06799],[2.03761,49.06777],[2.03925,49.06701],[2.03966,49.06688],[2.04001,49.06665],[2.04076,49.06643],[2.04201,49.06566],[2.04242,49.06552],[2.04283,49.06521],[2.04304,49.06526],[2.04338,49.06544],[2.04372,49.06544],[2.04413,49.0653],[2.04461,49.06531],[2.04557,49.06545],[2.04604,49.06568],[2.04659,49.06568],[2.04919,49.06501],[2.04967,49.06497],[2.05042,49.06511],[2.0509,49.0651],[2.05152,49.06501],[2.05207,49.06484],[2.05638,49.06435],[2.05781,49.06427],[2.05788,49.06377],[2.0581,49.06359],[2.05872,49.06341],[2.0592,49.06346],[2.05954,49.06364],[2.05981,49.06387],[2.06111,49.06392],[2.06241,49.06378],[2.06268,49.06352],[2.06296,49.06279],[2.06317,49.06252],[2.06351,49.06229],[2.06379,49.06221],[2.06433,49.06221],[2.06522,49.06248],[2.06645,49.06253],[2.06714,49.06235],[2.06816,49.06236],[2.06885,49.06208],[2.06946,49.06177],[2.07076,49.06164],[2.07138,49.06151],[2.07199,49.06142],[2.0722,49.06124],[2.07234,49.06092],[2.07275,49.06065],[2.07357,49.06048],[2.07371,49.0603],[2.07378,49.06007],[2.07399,49.05967],[2.07392,49.05931],[2.07324,49.0585],[2.07304,49.05805],[2.07304,49.05733],[2.07339,49.05693],[2.07436,49.05621],[2.07621,49.05514],[2.07662,49.055],[2.07696,49.05473],[2.07703,49.0546],[2.07758,49.05397],[2.07827,49.05361],[2.07923,49.05339],[2.08039,49.0533],[2.08189,49.0533],[2.08265,49.05326],[2.08299,49.05304],[2.08415,49.05254],[2.08463,49.0525],[2.08504,49.05259],[2.08627,49.0526],[2.08936,49.05053],[2.08943,49.05035],[2.08875,49.05004],[2.0895,49.04905],[2.09034,49.04856],[2.09034,49.04833],[2.09075,49.04798],[2.09137,49.04789],[2.09178,49.04758],[2.09192,49.0473],[2.09322,49.0464],[2.0939,49.04613],[2.09493,49.04582],[2.09609,49.04569],[2.09753,49.04529],[2.09835,49.04502],[2.09835,49.04475],[2.09781,49.04326],[2.09727,49.04259],[2.097,49.04173],[2.09666,49.04129],[2.09632,49.04065],[2.09619,49.0402],[2.09701,49.04003]]}},
{"type":"Feature","properties":{"code_eu_md":"FRHR229-H2282000","name":"ruisseau d'arnoye","longueur":7089.0,"statut":"MEN","ordre":2,"etateco":"2","qmoyaval":null,"distmer":null,"distsrce":null,"gid":8750,"annee":"2009"},"geometry":{"type":"LineString","coordinates":[[1.9935,49.16211],[1.9935,49.16225],[1.99329,49.16279],[1.99267,49.16337],[1.99267,49.16382],[1.99308,49.16423],[1.99321,49.16454],[1.99334,49.16571],[1.99348,49.16607],[1.99443,49.16724],[1.99491,49.16791],[1.99504,49.16841],[1.99517,49.16859],[1.99565,49.16904],[1.99592,49.16944],[1.99592,49.16989],[1.99585,49.17003],[1.99447,49.17155],[1.99351,49.172],[1.99268,49.17245],[1.99179,49.17331],[1.99088,49.1738],[1.9906,49.17465],[1.99052,49.17604],[1.99038,49.17663],[1.989,49.17743],[1.98873,49.17783],[1.98886,49.17828],[1.98858,49.1786],[1.98646,49.17931],[1.98426,49.17957],[1.98371,49.17971],[1.98337,49.17993],[1.98309,49.1802],[1.9826,49.18114],[1.98219,49.18154],[1.98102,49.18172],[1.97972,49.18207],[1.97814,49.18265],[1.97744,49.18279],[1.97565,49.18341],[1.97463,49.18341],[1.97401,49.18354],[1.97353,49.18386],[1.97298,49.18394],[1.97133,49.18479],[1.97023,49.18519],[1.96926,49.18564],[1.9683,49.18564],[1.96783,49.18554],[1.96728,49.18559],[1.967,49.18567],[1.96638,49.18608],[1.96611,49.18644],[1.96556,49.18675],[1.96507,49.18688],[1.96412,49.1867],[1.96294,49.18688],[1.96108,49.187],[1.96019,49.18736],[1.95916,49.1875],[1.95855,49.18735],[1.95752,49.18691],[1.95704,49.18654],[1.95657,49.18587],[1.95623,49.18555],[1.95371,49.18397],[1.9522,49.18338],[1.95022,49.18216],[1.94981,49.18203],[1.94837,49.18198],[1.94783,49.18193],[1.94612,49.18111],[1.94467,49.18017],[1.94366,49.17863],[1.94284,49.17795],[1.94264,49.17759],[1.94271,49.17741],[1.94285,49.17737],[1.94278,49.17714],[1.94217,49.17638],[1.94142,49.17588],[1.93998,49.1752],[1.93889,49.17475],[1.93732,49.17438],[1.9365,49.17425],[1.93595,49.17402],[1.93561,49.17402],[1.93513,49.17411],[1.93472,49.1741]]}},
{"type":"Feature","properties":{"code_eu_md":"FRHR229-H2286000","name":"ruisseau la couleuvre","longueur":4122.0,"statut":"MEN","ordre":2,"etateco":"3","qmoyaval":null,"distmer":null,"distsrce":null,"gid":8751,"annee":"2009"},"geometry":{"type":"LineString","coordinates":[[1.90423,49.12798],[1.90611,49.12807],[1.90678,49.12806],[1.90751,49.12795],[1.90832,49.12777],[1.90929,49.12745],[1.9099,49.12708],[1.91027,49.12659],[1.91152,49.12619],[1.91389,49.12648],[1.91512,49.12677],[1.91776,49.12774],[1.91922,49.12798],[1.92283,49.12818],[1.92316,49.12811],[1.92376,49.12815],[1.92433,49.12823],[1.92999,49.13018],[1.93021,49.13007],[1.93076,49.12958],[1.93097,49.12949],[1.93124,49.12945],[1.93186,49.12949],[1.9322,49.12927],[1.93248,49.12896],[1.93317,49.12837],[1.934,49.12783],[1.93441,49.12743],[1.93531,49.1264],[1.93655,49.12546],[1.93751,49.1251],[1.9382,49.12461],[1.93881,49.12452],[1.93936,49.12421],[1.93957,49.12389],[1.9402,49.12376],[1.94034,49.12363],[1.94075,49.12336],[1.94089,49.12314],[1.94144,49.12264],[1.94192,49.12256],[1.94302,49.1222],[1.94343,49.12189],[1.94377,49.12193],[1.94391,49.12175],[1.94405,49.12166],[1.94432,49.12171],[1.94501,49.12171],[1.94521,49.12158],[1.94556,49.12144],[1.94611,49.12145],[1.94611,49.1214],[1.94638,49.12127],[1.94672,49.12127],[1.94748,49.12105],[1.9483,49.12064],[1.95022,49.12002],[1.95098,49.11989],[1.95146,49.11975]]}},
{"type":"Feature","properties":{"code_eu_md":"FRHR230A","name":"la Seine du confluent de l'Oise (exclu) au confluent de la Mauldre (exclu)","longueur":38190.0,"statut":"MEFM","ordre":0,"etateco":"3","qmoyaval":null,"distmer":null,"distsrce":null,"gid":8755,"annee":"2009"},"geometry":{"type":"MultiLineString","coordinates":[[[2.07083,48.98579],[2.07001,48.98533],[2.06845,48.9838],[2.0662,48.98209],[2.0643,48.98047],[2.06314,48.97961],[2.06029,48.97709],[2.05873,48.97555],[2.05751,48.9742],[2.05669,48.97321],[2.05513,48.97181],[2.05472,48.97127],[2.05445,48.97064],[2.05426,48.96974],[2.05406,48.96736],[2.05318,48.96614],[2.05298,48.9656],[2.05271,48.96515],[2.05203,48.96442],[2.05135,48.96379],[2.05013,48.96186],[2.04953,48.9602],[2.04926,48.95982],[2.04889,48.95941],[2.04886,48.95808],[2.04894,48.95547],[2.04868,48.95404],[2.04827,48.95273],[2.04794,48.95106],[2.04747,48.94994],[2.04725,48.94948],[2.04531,48.94696],[2.04456,48.9457],[2.04308,48.943],[2.0422,48.94121],[2.04098,48.93913],[2.03949,48.93733],[2.03786,48.93597],[2.03705,48.93521],[2.03685,48.93489],[2.03542,48.93381],[2.0344,48.93318],[2.03221,48.93205],[2.02956,48.93114],[2.02874,48.93083],[2.0267,48.9306],[2.02554,48.9306],[2.02254,48.93023],[2.02002,48.93031],[2.01899,48.9304],[2.01687,48.93111],[2.01476,48.93146],[2.01278,48.93209],[2.01209,48.93231],[2.00797,48.93486],[2.00646,48.93611],[2.00612,48.93656],[2.00508,48.93836],[2.00453,48.93916],[2.00405,48.94002],[2.00308,48.94235],[2.00259,48.94419],[2.00218,48.94504],[2.00149,48.94554],[2.00121,48.94585],[1.99998,48.94743],[1.99948,48.94834],[1.99936,48.94864],[1.99901,48.94985],[1.99898,48.95111],[1.99905,48.95134],[1.99912,48.95201],[1.99897,48.95268],[1.9989,48.95421],[1.99876,48.95489],[1.99868,48.95637],[1.99881,48.95682],[1.99935,48.9579],[1.99948,48.95848],[1.99946,48.95986],[1.99873,48.9611],[1.99851,48.96168],[1.99837,48.96231],[1.99828,48.96424],[1.99848,48.96523],[1.99888,48.9664],[1.99942,48.9677],[2.0001,48.96878],[2.00057,48.96973],[2.00097,48.97081],[2.00199,48.97207],[2.00246,48.97284],[2.00269,48.97354],[2.00266,48.97388],[2.00231,48.97545],[2.00189,48.97675],[2.00133,48.9781],[2.00085,48.97913],[2.00009,48.98011],[1.9994,48.98137],[1.99912,48.98173],[1.99899,48.98204],[1.99802,48.98343],[1.99747,48.98406],[1.99487,48.98563],[1.98876,48.98881],[1.98499,48.99109],[1.98252,48.99252],[1.97998,48.99386],[1.97801,48.99502],[1.97758,48.99525],[1.97538,48.99618],[1.97291,48.99707],[1.97168,48.99765],[1.97044,48.99841],[1.96901,48.99913],[1.96729,49.00011],[1.96565,49.00082],[1.96373,49.0015],[1.9614,49.00256],[1.95529,49.00465],[1.95331,49.00515],[1.94907,49.00599],[1.94524,49.00637],[1.94379,49.0066],[1.94256,49.00668],[1.9399,49.00663],[1.93662,49.00639],[1.93512,49.00616],[1.92728,49.00448],[1.92243,49.00324],[1.91963,49.00247],[1.91718,49.00192],[1.91323,49.00125],[1.91295,49.00114],[1.91186,49.00086],[1.90566,48.9994],[1.90259,48.99881],[1.90156,48.99835],[1.89972,48.99776],[1.89597,48.99685],[1.89556,48.99671],[1.89031,48.99624],[1.88942,48.99601],[1.88819,48.99592],[1.88758,48.99574],[1.88683,48.99546],[1.88234,48.99396],[1.87599,48.99227],[1.87292,48.99154],[1.87197,48.9914],[1.86999,48.99099],[1.86734,48.99017],[1.86243,48.98908],[1.86052,48.9887],[1.85909,48.98833],[1.85717,48.98796],[1.85315,48.98741],[1.84905,48.98703],[1.84714,48.98667],[1.8447,48.9858],[1.84292,48.98535],[1.84163,48.98512],[1.83754,48.98497],[1.83658,48.98483],[1.83576,48.98455],[1.83167,48.98259],[1.82637,48.98041],[1.82134,48.97842],[1.81909,48.97742],[1.81454,48.97564],[1.814,48.97546],[1.80915,48.97444],[1.80724,48.97399],[1.80329,48.9728],[1.80002,48.97216],[1.79873,48.97179],[1.79648,48.97133],[1.79329,48.97028],[1.79158,48.96983]],[[1.92466,49.00382],[1.91962,49.00382],[1.91894,49.00377],[1.91689,49.00345],[1.91396,49.00308],[1.91314,49.00303],[1.9117,49.0033],[1.91075,49.00338],[1.90945,49.00342],[1.90822,49.00327],[1.90692,49.00315],[1.90638,49.00306],[1.90583,49.00313],[1.90453,49.00308],[1.90377,49.0029],[1.90336,49.00272],[1.90084,49.00221],[1.89866,49.00158],[1.89498,49.00085],[1.89362,49.00035],[1.89199,48.99958],[1.89028,48.99894],[1.88735,48.99803],[1.88592,48.99762],[1.88511,48.99726],[1.88443,48.99685],[1.88334,48.99643],[1.88225,48.99625],[1.8793,48.9961],[1.87828,48.99588],[1.87624,48.99515],[1.87529,48.99452],[1.87242,48.99383],[1.8712,48.99351],[1.86997,48.99333],[1.86799,48.99314],[1.86615,48.99273],[1.85934,48.99054],[1.85831,48.99031],[1.85394,48.98975],[1.85285,48.98947],[1.85163,48.98929],[1.8506,48.9892],[1.84951,48.98892],[1.84808,48.98851],[1.84563,48.98801],[1.84407,48.98746],[1.84209,48.98683],[1.83998,48.98601],[1.83699,48.98505],[1.83658,48.98483]]]}},
{"type":"Feature","properties":{"code_eu_md":"FRHR230A-H3007000","name":"ruisseau d'orgeval","longueur":15955.0,"statut":"MEN","ordre":2,"etateco":"4","qmoyaval":null,"distmer":null,"distsrce":null,"gid":8756,"annee":"2009"},"geometry":{"type":"LineString","coordinates":[[1.93615,48.90464],[1.93751,48.90555],[1.93785,48.9059],[1.93846,48.90631],[1.94056,48.90726],[1.94152,48.90754],[1.94301,48.90772],[1.9437,48.90768],[1.9452,48.90741],[1.94724,48.90756],[1.94813,48.90783],[1.94955,48.90864],[1.95288,48.90959],[1.95363,48.91009],[1.95397,48.91027],[1.95452,48.91036],[1.95608,48.91046],[1.95642,48.9106],[1.95676,48.91104],[1.95683,48.9114],[1.95689,48.9115],[1.9588,48.91141],[1.95998,48.91074],[1.96053,48.91074],[1.96189,48.91088],[1.96216,48.91102],[1.9625,48.91147],[1.96352,48.91188],[1.96488,48.91234],[1.96638,48.91248],[1.9678,48.91288],[1.96985,48.9133],[1.97059,48.91384],[1.97202,48.91416],[1.97277,48.91465],[1.97291,48.91466],[1.97325,48.91443],[1.97352,48.91452],[1.97399,48.91484],[1.97454,48.91493],[1.97577,48.91498],[1.97624,48.91588],[1.97624,48.91597],[1.97589,48.9161],[1.97576,48.91619],[1.97583,48.91628],[1.97657,48.91682],[1.97711,48.9175],[1.97758,48.91858],[1.97757,48.91992],[1.97729,48.92114],[1.97702,48.92181],[1.97646,48.92266],[1.97598,48.92311],[1.97502,48.92384],[1.97331,48.92563],[1.97303,48.92608],[1.97282,48.92657],[1.97268,48.92706],[1.97275,48.92765],[1.97274,48.9281],[1.97247,48.92877],[1.97205,48.9294],[1.97089,48.93039],[1.97006,48.93088],[1.96895,48.93132],[1.96527,48.93244],[1.96274,48.93297],[1.96062,48.93318],[1.95987,48.93309],[1.95946,48.933],[1.95926,48.93305],[1.95844,48.93354],[1.95775,48.93376],[1.95727,48.93376],[1.95578,48.93366],[1.9555,48.93357],[1.9555,48.93353],[1.95503,48.93344],[1.95408,48.93294],[1.95373,48.93294],[1.95326,48.93307],[1.9523,48.93361],[1.95066,48.93437],[1.94941,48.93486],[1.94872,48.93539],[1.94852,48.93551],[1.94838,48.93571],[1.94811,48.93593],[1.94783,48.93629],[1.94735,48.93669],[1.94646,48.93727],[1.94584,48.9375],[1.94495,48.93772],[1.94454,48.93785],[1.94454,48.93808],[1.94447,48.93816],[1.94379,48.93825],[1.94338,48.93847],[1.94304,48.93857],[1.94208,48.93874],[1.94065,48.93914],[1.94058,48.93946],[1.94051,48.93959],[1.93941,48.94017],[1.93914,48.94053],[1.93852,48.94093],[1.93824,48.9412],[1.9381,48.94228],[1.93823,48.94259],[1.9383,48.94264],[1.9387,48.9434],[1.93884,48.94354],[1.93931,48.94435],[1.93931,48.94508],[1.93903,48.94521],[1.93793,48.94597],[1.93732,48.94646],[1.93346,48.9491],[1.93284,48.94951],[1.93031,48.95098],[1.92928,48.95169],[1.92846,48.95237],[1.92798,48.9529],[1.92756,48.95366],[1.92735,48.95456],[1.92734,48.95555],[1.92719,48.95694],[1.92677,48.95784],[1.92635,48.95915],[1.92605,48.96257],[1.92591,48.96324],[1.92687,48.96369],[1.92686,48.96387],[1.92652,48.96427],[1.92583,48.9649],[1.92542,48.96548],[1.92507,48.96647],[1.92498,48.96692],[1.92451,48.96701],[1.92437,48.9671],[1.92416,48.96759],[1.92415,48.96804],[1.92429,48.96827],[1.92428,48.96912],[1.92285,48.96903],[1.92271,48.96911],[1.9227,48.97073],[1.92248,48.97271],[1.92234,48.97325],[1.92227,48.97374],[1.92144,48.97432],[1.92075,48.97517],[1.92055,48.97554],[1.92027,48.97577],[1.917,48.97516],[1.91482,48.97777],[1.91318,48.98049],[1.91171,48.98441],[1.91254,48.98672],[1.91388,48.99021],[1.91405,48.99163],[1.91406,48.99437],[1.91296,48.99747],[1.9107,48.99856],[1.90996,48.99964],[1.90958,49.00033]]}},
{"type":"Feature","properties":{"code_eu_md":"FRHR230B","name":"la Seine du confluent de la Mauldre (exclu) au confluent de l'Epte (exclu)","longueur":42173.0,"statut":"MEFM","ordre":0,"etateco":"3","qmoyaval":null,"distmer":null,"distsrce":null,"gid":8757,"annee":"2009"},"geometry":{"type":"LineString","coordinates":[[1.79158,48.96983],[1.78906,48.96941],[1.78736,48.9689],[1.78579,48.96804],[1.78395,48.96736],[1.78232,48.96694],[1.78034,48.96667],[1.77584,48.96642],[1.77386,48.96641],[1.77045,48.96649],[1.75842,48.96705],[1.7548,48.96717],[1.75323,48.96744],[1.75124,48.96792],[1.74898,48.96867],[1.74567,48.97027],[1.74437,48.97108],[1.74265,48.97228],[1.74237,48.97232],[1.74087,48.97286],[1.73929,48.97361],[1.73778,48.97441],[1.73489,48.9762],[1.73123,48.97892],[1.73005,48.97999],[1.72894,48.98138],[1.72831,48.98281],[1.72734,48.98452],[1.72609,48.98608],[1.7245,48.98791],[1.72381,48.98859],[1.72304,48.98944],[1.72234,48.99043],[1.72227,48.99065],[1.72164,48.9915],[1.71908,48.99446],[1.71638,48.99732],[1.71513,48.99888],[1.71472,48.99947],[1.71313,49.00125],[1.71111,49.00304],[1.71049,49.00349],[1.70897,49.00447],[1.70726,49.00523],[1.70513,49.00607],[1.70321,49.007],[1.70135,49.00803],[1.69963,49.00887],[1.69826,49.00936],[1.69763,49.0095],[1.69688,49.00949],[1.6964,49.00934],[1.69504,49.00925],[1.69333,49.00924],[1.69066,49.00949],[1.68629,49.00947],[1.68117,49.00922],[1.66867,49.00807],[1.66622,49.00778],[1.66588,49.00778],[1.66451,49.0076],[1.66029,49.00685],[1.6575,49.00615],[1.65442,49.00546],[1.65122,49.00495],[1.64406,49.00415],[1.64119,49.004],[1.63866,49.00394],[1.63654,49.00409],[1.63502,49.00435],[1.63283,49.00497],[1.62817,49.0062],[1.62234,49.0076],[1.62166,49.00782],[1.6189,49.00848],[1.61746,49.00906],[1.61656,49.00959],[1.61553,49.01044],[1.61462,49.01147],[1.61386,49.01251],[1.6126,49.01465],[1.61238,49.01546],[1.61216,49.01649],[1.61207,49.01834],[1.6122,49.01883],[1.61226,49.01964],[1.61232,49.01977],[1.61245,49.02036],[1.61278,49.02126],[1.61284,49.02157],[1.61437,49.02401],[1.61598,49.02587],[1.61916,49.02894],[1.62045,49.03003],[1.62275,49.03166],[1.62506,49.03267],[1.62873,49.03418],[1.6326,49.03551],[1.6354,49.0361],[1.63976,49.03681],[1.64344,49.03754],[1.64897,49.03898],[1.65313,49.04022],[1.65605,49.04126],[1.6602,49.04313],[1.66231,49.04386],[1.66578,49.04475],[1.66612,49.04475],[1.67221,49.04572],[1.67677,49.0466],[1.68148,49.04766],[1.68556,49.04881],[1.68876,49.04987],[1.69048,49.05055],[1.69245,49.0515],[1.6936,49.05219],[1.69556,49.05377],[1.69665,49.05481],[1.69712,49.0554],[1.69732,49.05558],[1.69779,49.05621],[1.69826,49.05697],[1.69872,49.05838],[1.69885,49.0586],[1.69912,49.05964],[1.6991,49.06094],[1.69895,49.06162],[1.6986,49.06256],[1.69796,49.06318],[1.69638,49.06443],[1.69576,49.06483],[1.69527,49.06533],[1.69424,49.06604],[1.69039,49.06772],[1.68922,49.06835],[1.68846,49.06879],[1.68701,49.06982],[1.68541,49.07089],[1.68355,49.07191],[1.68224,49.07258],[1.67963,49.07368],[1.67757,49.07448],[1.67407,49.07536],[1.67124,49.07588],[1.66926,49.0761],[1.66898,49.0761],[1.66404,49.07724],[1.66123,49.07781],[1.65774,49.07837],[1.65245,49.07906],[1.64902,49.07936],[1.64636,49.07929],[1.64615,49.07934],[1.64554,49.07924],[1.64075,49.07935],[1.63349,49.07918],[1.63198,49.07908],[1.63028,49.07871],[1.62926,49.07833],[1.62219,49.07496],[1.61504,49.07168],[1.61348,49.07068],[1.61233,49.06986],[1.61037,49.06797],[1.6099,49.06742],[1.60917,49.06612],[1.60897,49.06549],[1.60844,49.06441],[1.60845,49.06423],[1.60805,49.06305],[1.60718,49.06192],[1.60583,49.06043],[1.60563,49.06011],[1.60476,49.05912],[1.60408,49.05826],[1.60368,49.05785],[1.60368,49.05781],[1.60348,49.05767],[1.60294,49.05717],[1.59989,49.05509],[1.59915,49.0545],[1.59847,49.05372],[1.59753,49.05304],[1.59617,49.05227],[1.59489,49.05141],[1.59421,49.05086],[1.59374,49.05041],[1.59354,49.05009],[1.59266,49.04923],[1.59192,49.04874],[1.58459,49.04464],[1.58372,49.04373],[1.58352,49.04338],[1.58311,49.04297],[1.58271,49.04247],[1.5821,49.04197],[1.58061,49.04124],[1.57959,49.0407],[1.57858,49.03997],[1.57729,49.03916],[1.57627,49.03861],[1.57607,49.03838],[1.57492,49.03778],[1.57356,49.03733],[1.56947,49.03658],[1.56693,49.03625],[1.56646,49.03616],[1.56421,49.03538],[1.56339,49.03519],[1.56182,49.03518],[1.55963,49.03544],[1.55854,49.03566],[1.55799,49.03597],[1.55771,49.03623],[1.55688,49.03681],[1.55578,49.03721],[1.55564,49.0373],[1.55311,49.03773],[1.55131,49.0379],[1.54933,49.03825],[1.54686,49.03881],[1.54514,49.03939],[1.54315,49.04018],[1.54128,49.04125],[1.53852,49.04298],[1.53685,49.04432],[1.53532,49.0457],[1.53338,49.04771],[1.53275,49.04829],[1.53199,49.04914],[1.53128,49.05062],[1.53121,49.05089],[1.53065,49.05192],[1.52907,49.05528],[1.52822,49.05757],[1.52751,49.05914],[1.5268,49.06084],[1.5268,49.06107]]}},
{"type":"Feature","properties":{"code_eu_md":"FRHR230B-H3068000","name":"Ru de Fontenay","longueur":9440.0,"statut":"MEN","ordre":2,"etateco":"5","qmoyaval":null,"distmer":null,"distsrce":null,"gid":8758,"annee":"2009"},"geometry":{"type":"LineString","coordinates":[[1.73954,49.03548],[1.73995,49.03472],[1.74011,49.03358],[1.74084,49.03316],[1.74192,49.03278],[1.74305,49.03234],[1.74421,49.0318],[1.74491,49.03125],[1.74506,49.03059],[1.74512,49.02936],[1.74524,49.02926],[1.74608,49.02823],[1.74649,49.02751],[1.74671,49.02666],[1.74714,49.02608],[1.74721,49.02559],[1.74735,49.02545],[1.74845,49.02483],[1.74914,49.02438],[1.75016,49.02461],[1.75064,49.02426],[1.75085,49.02403],[1.75188,49.02345],[1.75223,49.02314],[1.75326,49.0227],[1.75408,49.02216],[1.75511,49.02194],[1.75628,49.02158],[1.75792,49.0215],[1.75881,49.02124],[1.75977,49.02088],[1.7608,49.02062],[1.76198,49.02017],[1.7626,49.01982],[1.76308,49.01924],[1.76309,49.01861],[1.76289,49.01802],[1.76229,49.01667],[1.76216,49.01649],[1.76195,49.01604],[1.76203,49.01519],[1.76217,49.01492],[1.76341,49.01374],[1.76391,49.01298],[1.76376,49.0127],[1.76466,49.01189],[1.76525,49.01147],[1.76582,49.011],[1.76644,49.01066],[1.76719,49.01033],[1.76764,49.00996],[1.76863,49.00884],[1.76892,49.00823],[1.76936,49.00769],[1.76963,49.00711],[1.7702,49.00657],[1.77064,49.00602],[1.7712,49.00555],[1.77176,49.00516],[1.77226,49.00499],[1.77257,49.00484],[1.77311,49.00472],[1.77396,49.00436],[1.77498,49.00386],[1.77527,49.00351],[1.77638,49.00254],[1.77655,49.00226],[1.7769,49.00189],[1.77738,49.00157],[1.77788,49.00114],[1.7789,49.00053],[1.77946,49.00012],[1.77984,48.99961],[1.77984,48.99886],[1.77929,48.99811],[1.77919,48.99779],[1.77839,48.997],[1.778,48.99651],[1.77761,48.99617],[1.77714,48.99562],[1.77663,48.99512],[1.77638,48.99483],[1.77638,48.99462],[1.77655,48.99436],[1.77619,48.99294],[1.77615,48.99215],[1.77639,48.99185],[1.77618,48.99129],[1.77685,48.99065],[1.77741,48.98994],[1.77744,48.98949],[1.77736,48.98902],[1.777,48.98795],[1.77651,48.98721],[1.77425,48.98506],[1.7717,48.98286],[1.7708,48.98228],[1.76883,48.98046],[1.76407,48.96679]]}},
{"type":"Feature","properties":{"code_eu_md":"FRHR230B-H3068100","name":"Ru de Senneville","longueur":9548.0,"statut":"MEN","ordre":2,"etateco":"5","qmoyaval":null,"distmer":null,"distsrce":null,"gid":8759,"annee":"2009"},"geometry":{"type":"LineString","coordinates":[[1.78879,48.91149],[1.78594,48.9161],[1.78668,48.91965],[1.78358,48.92116],[1.78289,48.92309],[1.77919,48.92441],[1.77715,48.92958],[1.7745,48.93183],[1.77432,48.93356],[1.77344,48.93501],[1.76995,48.93609],[1.76796,48.93972],[1.76661,48.93983],[1.76035,48.94183],[1.75787,48.9417],[1.7562,48.94233],[1.75179,48.94472],[1.75131,48.94526],[1.75055,48.94574],[1.74992,48.94601],[1.7493,48.94646],[1.74875,48.94704],[1.74771,48.94802],[1.74717,48.94838],[1.746,48.94869],[1.7458,48.94878],[1.74565,48.94914],[1.74551,48.94972],[1.74523,48.95008],[1.74448,48.95048],[1.74242,48.95136],[1.74201,48.95168],[1.7418,48.95204],[1.74186,48.95267],[1.74185,48.95357],[1.74164,48.95383],[1.74061,48.95446],[1.74054,48.95477],[1.74053,48.95531],[1.74047,48.95544],[1.73937,48.95611],[1.73847,48.95638],[1.73793,48.95651],[1.73676,48.95646],[1.7358,48.95668],[1.73402,48.95663],[1.73379,48.95892],[1.73269,48.96112],[1.73203,48.96346],[1.73204,48.96571],[1.73058,48.96873],[1.73223,48.97652],[1.7333,48.97735]]}},
{"type":"Feature","properties":{"code_eu_md":"FRHR230B-H3080650","name":"Ru de Blery ou Ru de Rosny","longueur":6728.0,"statut":"MEN","ordre":2,"etateco":"5","qmoyaval":null,"distmer":null,"distsrce":null,"gid":8760,"annee":"2009"},"geometry":{"type":"LineString","coordinates":[[1.58763,48.9617],[1.58857,48.96229],[1.5898,48.96284],[1.59081,48.96338],[1.5921,48.96402],[1.59298,48.96439],[1.59597,48.96539],[1.59685,48.96562],[1.59794,48.96599],[1.59835,48.96626],[1.59861,48.96677],[1.59895,48.96708],[1.59949,48.96727],[1.59983,48.96749],[1.59996,48.96772],[1.60084,48.96822],[1.60193,48.96849],[1.60247,48.9689],[1.6028,48.96949],[1.6028,48.96985],[1.60259,48.97029],[1.60265,48.97092],[1.60291,48.97156],[1.60297,48.97192],[1.60337,48.97273],[1.60357,48.97349],[1.6039,48.9739],[1.60444,48.9743],[1.60641,48.9749],[1.60818,48.97563],[1.60993,48.97686],[1.61041,48.97705],[1.61136,48.97723],[1.61184,48.97746],[1.61211,48.97782],[1.6123,48.97841],[1.61264,48.97882],[1.61426,48.98022],[1.6148,48.98058],[1.6148,48.98072],[1.61397,48.98085],[1.61144,48.98132],[1.61103,48.98145],[1.61021,48.98194],[1.61,48.98217],[1.60965,48.98275],[1.60964,48.98356],[1.60942,48.98401],[1.60935,48.98464],[1.60921,48.98486],[1.6092,48.98562],[1.61102,48.98716],[1.61216,48.98835],[1.61318,48.98916],[1.61433,48.98993],[1.6154,48.99115],[1.61675,48.99228],[1.61743,48.99273],[1.6179,48.99292],[1.61858,48.99337],[1.61912,48.99391],[1.61952,48.99446],[1.61997,48.99675],[1.61989,49.00193],[1.61955,49.00237],[1.61912,49.00327],[1.61897,49.00471],[1.61903,49.00533],[1.61866,49.00587],[1.61859,49.00646],[1.61879,49.00669],[1.61877,49.00794],[1.6189,49.00848]]}},
{"type":"Feature","properties":{"code_eu_md":"FRHR230B-H3085000","name":"ru de la vallee du roi","longueur":3497.0,"statut":"MEN","ordre":2,"etateco":"5","qmoyaval":null,"distmer":null,"distsrce":null,"gid":8761,"annee":"2009"},"geometry":{"type":"LineString","coordinates":[[1.74037,49.07124],[1.73839,49.07037],[1.7375,49.06986],[1.73642,49.06914],[1.73601,49.06891],[1.73513,49.06828],[1.73472,49.06792],[1.73336,49.06737],[1.73261,49.06688],[1.73234,49.06656],[1.73228,49.0662],[1.73208,49.06593],[1.73167,49.06566],[1.73113,49.06548],[1.73058,49.06516],[1.72935,49.06502],[1.7286,49.06501],[1.7273,49.06514],[1.7262,49.06532],[1.7236,49.06539],[1.72271,49.06579],[1.72196,49.06579],[1.72046,49.06551],[1.71923,49.0655],[1.71923,49.06559],[1.71825,49.06586],[1.71668,49.06612],[1.716,49.06585],[1.71408,49.06557],[1.71266,49.06501],[1.7117,49.06478],[1.70938,49.06473],[1.70548,49.06443],[1.69975,49.06395],[1.69864,49.06355],[1.69796,49.06318]]}},
{"type":"Feature","properties":{"code_eu_md":"FRHR230C","name":"La Seine du confluent de l'Epte (inclus) au confluent de l'Andelle (exclu)","longueur":56988.0,"statut":"MEFM","ordre":0,"etateco":"3","qmoyaval":null,"distmer":null,"distsrce":null,"gid":8762,"annee":"2009"},"geometry":{"type":"LineString","coordinates":[[1.5268,49.06107],[1.52623,49.06209],[1.52567,49.0629],[1.52533,49.06326],[1.52435,49.06446],[1.52296,49.06598],[1.5219,49.06692],[1.521,49.06799],[1.52065,49.06848],[1.52023,49.06888],[1.51954,49.06964],[1.51905,49.07027],[1.51814,49.0713],[1.51641,49.073],[1.51509,49.07421],[1.51363,49.07572],[1.51342,49.07604],[1.5132,49.07617],[1.51208,49.07746],[1.51125,49.07822],[1.50945,49.07947],[1.50813,49.08067],[1.50534,49.08375],[1.50416,49.08491],[1.50242,49.08602],[1.50221,49.08625],[1.50117,49.08705],[1.49931,49.0882],[1.49661,49.08998],[1.49461,49.09105],[1.4926,49.09233],[1.4912,49.09359],[1.48974,49.09484],[1.48788,49.09604],[1.48698,49.09648],[1.48691,49.09662],[1.48588,49.09706],[1.48237,49.09807],[1.48134,49.09842],[1.47974,49.09908],[1.4785,49.0997],[1.47705,49.10059],[1.4758,49.10152],[1.47496,49.10237],[1.47356,49.10425],[1.47272,49.10555],[1.47116,49.10814],[1.47018,49.10926],[1.46935,49.11011],[1.46858,49.11064],[1.46858,49.11073],[1.46831,49.11082],[1.46693,49.11157],[1.46499,49.11281],[1.46429,49.11339],[1.46409,49.11339],[1.46333,49.1137],[1.46015,49.11467],[1.45836,49.1156],[1.45552,49.11728],[1.45373,49.11817],[1.45187,49.11887],[1.4509,49.11941],[1.44993,49.12008],[1.44894,49.12102],[1.44789,49.12222],[1.44678,49.1232],[1.44678,49.12329],[1.44602,49.12365],[1.44367,49.1252],[1.44276,49.12591],[1.442,49.12645],[1.44054,49.12765],[1.43831,49.12898],[1.43693,49.12991],[1.43595,49.13051],[1.4334,49.13187],[1.42778,49.13551],[1.42626,49.13635],[1.42453,49.13737],[1.42314,49.13857],[1.42209,49.13971],[1.42156,49.14274],[1.42139,49.14436],[1.42116,49.14508],[1.42073,49.14598],[1.4199,49.14687],[1.41788,49.14851],[1.41781,49.14865],[1.41683,49.14958],[1.416,49.1503],[1.41211,49.15292],[1.41085,49.15381],[1.40987,49.15492],[1.40959,49.15537],[1.40945,49.1555],[1.40825,49.15756],[1.40804,49.15774],[1.40741,49.15851],[1.40672,49.15913],[1.4038,49.16135],[1.40252,49.16314],[1.40154,49.16421],[1.4007,49.16492],[1.39994,49.16546],[1.39814,49.16643],[1.39718,49.16687],[1.39511,49.16744],[1.39028,49.16861],[1.38739,49.16926],[1.38285,49.16995],[1.38114,49.17012],[1.37877,49.17113],[1.37449,49.17321],[1.37269,49.17405],[1.37117,49.17462],[1.36945,49.17505],[1.36366,49.17631],[1.36056,49.17705],[1.3578,49.17774],[1.35546,49.17858],[1.35386,49.1791],[1.35179,49.17957],[1.35007,49.18005],[1.34468,49.18221],[1.34385,49.18261],[1.34364,49.18283],[1.34322,49.18296],[1.34239,49.18336],[1.34114,49.1838],[1.33955,49.18459],[1.33802,49.18562],[1.33698,49.18651],[1.33656,49.18696],[1.33558,49.18821],[1.33434,49.19112],[1.33425,49.19229],[1.33451,49.19305],[1.33597,49.19567],[1.33623,49.19608],[1.33697,49.19703],[1.33771,49.19776],[1.33845,49.19826],[1.33981,49.19894],[1.34049,49.19935],[1.34116,49.19999],[1.34238,49.20081],[1.34455,49.20204],[1.34714,49.20333],[1.3485,49.20392],[1.34877,49.20411],[1.3498,49.20443],[1.35211,49.2053],[1.3607,49.20812],[1.36479,49.20937],[1.36643,49.20978],[1.36751,49.2102],[1.3697,49.21129],[1.37126,49.21225],[1.37221,49.21275],[1.37459,49.21382],[1.37574,49.21459],[1.37709,49.21581],[1.3777,49.21617],[1.3794,49.21709],[1.38164,49.21845],[1.38211,49.21882],[1.38258,49.21941],[1.38387,49.22032],[1.38516,49.22101],[1.38685,49.22205],[1.3891,49.22306],[1.38998,49.22365],[1.39106,49.22456],[1.39262,49.22566],[1.3939,49.22683],[1.39437,49.22733],[1.39496,49.22873],[1.39527,49.23039],[1.39579,49.23211],[1.39599,49.23242],[1.39653,49.2331],[1.39774,49.23419],[1.39828,49.23487],[1.39848,49.23532],[1.39861,49.23537],[1.39881,49.236],[1.39878,49.23735],[1.39856,49.23807],[1.3982,49.23901],[1.39757,49.23999],[1.39756,49.24021],[1.3975,49.24022],[1.39736,49.24035],[1.397,49.24079],[1.3961,49.24155],[1.39463,49.24248],[1.39421,49.24279],[1.39379,49.24324],[1.39323,49.24373],[1.3926,49.24453],[1.39211,49.24507],[1.39141,49.24593],[1.39105,49.24664],[1.38939,49.24753],[1.38551,49.24894],[1.38343,49.24973],[1.3815,49.25038],[1.38081,49.25051],[1.37854,49.25059],[1.37655,49.25069],[1.37358,49.25121],[1.36999,49.25204],[1.36841,49.25229],[1.36731,49.25237],[1.36491,49.25213],[1.35806,49.25095],[1.35382,49.24993],[1.35205,49.24918],[1.34864,49.24795],[1.34592,49.2468],[1.34504,49.24634],[1.33956,49.24247],[1.33827,49.24142],[1.33645,49.2397],[1.33551,49.23898],[1.33266,49.23697],[1.3271,49.23283],[1.32487,49.23128],[1.31979,49.22804],[1.31844,49.22714],[1.31696,49.22542],[1.31541,49.22404],[1.31426,49.22322],[1.31311,49.22263],[1.31188,49.22217],[1.31058,49.22189],[1.30942,49.22183],[1.30524,49.2218],[1.30325,49.22169],[1.30325,49.22165],[1.30126,49.22122],[1.29907,49.22061],[1.29798,49.2202],[1.29513,49.21883],[1.29425,49.21846],[1.29206,49.21799],[1.28906,49.21711],[1.28776,49.21683],[1.28735,49.21678],[1.28641,49.21614],[1.28444,49.21495],[1.28349,49.21449],[1.28342,49.21449],[1.2824,49.21403],[1.27996,49.21258],[1.27821,49.2113],[1.27272,49.20747],[1.27191,49.20697],[1.27068,49.20647],[1.26796,49.20572],[1.2655,49.20524],[1.26139,49.2048],[1.25789,49.20491],[1.25451,49.20519],[1.25266,49.20544],[1.249,49.20626],[1.24473,49.20757],[1.24223,49.20845],[1.24202,49.20844],[1.24153,49.20875],[1.24077,49.20938],[1.23923,49.21048],[1.23625,49.21235],[1.23506,49.21323],[1.23401,49.21412],[1.23069,49.21787],[1.23042,49.21791],[1.22861,49.21888],[1.22813,49.21923],[1.22784,49.21964],[1.22748,49.22044],[1.22704,49.22183],[1.22683,49.22224],[1.2263,49.22367],[1.22591,49.22578],[1.22577,49.22636],[1.22573,49.22794],[1.22592,49.22892],[1.22623,49.23001],[1.22657,49.23055],[1.22784,49.23192],[1.23007,49.23342],[1.23014,49.23351],[1.23163,49.23452],[1.23231,49.23484],[1.23435,49.23557],[1.23578,49.23617],[1.23619,49.23626],[1.23822,49.23737],[1.23978,49.23842],[1.24058,49.23914],[1.24146,49.23978],[1.24221,49.2401],[1.24419,49.24057],[1.24646,49.24091],[1.2503,49.24125],[1.25242,49.24155],[1.25276,49.24165],[1.25445,49.24278],[1.2562,49.24415],[1.25728,49.2451],[1.25749,49.2451],[1.2583,49.2456],[1.25952,49.2462],[1.26088,49.24707],[1.26203,49.24789],[1.26216,49.24803],[1.26281,49.24978],[1.26287,49.25046],[1.26183,49.25414],[1.26161,49.25481],[1.26147,49.25503],[1.26117,49.25624],[1.26115,49.25719],[1.26119,49.25769],[1.26132,49.25809],[1.26179,49.25882],[1.26266,49.25986],[1.26292,49.26031],[1.26318,49.2613],[1.26331,49.26157],[1.26407,49.26423],[1.26413,49.26477],[1.26427,49.26486],[1.26473,49.26586],[1.26551,49.26789],[1.26564,49.26838],[1.26555,49.2691],[1.2652,49.26973],[1.26407,49.27084],[1.26372,49.27133],[1.26364,49.27187],[1.26357,49.27192],[1.26349,49.27272],[1.26305,49.27393],[1.26231,49.27555],[1.26167,49.2768],[1.26131,49.27779],[1.26115,49.2785],[1.26112,49.27994],[1.26138,49.28093],[1.26177,49.28197],[1.26262,49.28378],[1.26295,49.28464],[1.26318,49.28653],[1.26331,49.28689],[1.26331,49.2872],[1.26376,49.28847],[1.26396,49.28878],[1.26408,49.28946],[1.26415,49.28946],[1.26535,49.29117],[1.26548,49.29167],[1.26545,49.29298],[1.26515,49.2937],[1.26465,49.29455],[1.26367,49.29571],[1.26296,49.29669],[1.26226,49.29736],[1.26149,49.29793],[1.25989,49.29864],[1.25913,49.29912],[1.25899,49.29935],[1.25786,49.30042],[1.25667,49.30121],[1.25431,49.30241],[1.25382,49.30254],[1.25155,49.30283],[1.25044,49.30309],[1.24989,49.30326],[1.24885,49.30388],[1.24773,49.30477],[1.24563,49.30588],[1.24459,49.30623],[1.24272,49.30711],[1.24084,49.30817],[1.23646,49.31024]]}},
{"type":"Feature","properties":{"code_eu_md":"FRHR230C-H3200650","name":"ru de Blaru","longueur":5645.0,"statut":"MEN","ordre":2,"etateco":"3","qmoyaval":null,"distmer":null,"distsrce":null,"gid":8763,"annee":"2009"},"geometry":{"type":"LineString","coordinates":[[1.46776,49.06018],[1.46852,49.06001],[1.46928,49.05975],[1.47045,49.05899],[1.47155,49.0586],[1.47217,49.05815],[1.47238,49.05784],[1.47253,49.05726],[1.47288,49.05649],[1.47379,49.0556],[1.47386,49.05528],[1.47373,49.05497],[1.47394,49.05484],[1.47456,49.05466],[1.47518,49.05444],[1.47623,49.05373],[1.47705,49.05338],[1.47843,49.05249],[1.4794,49.05218],[1.48042,49.0521],[1.48104,49.05224],[1.48186,49.05206],[1.48329,49.05243],[1.4835,49.05234],[1.48453,49.05177],[1.48494,49.05163],[1.48584,49.05146],[1.48686,49.05147],[1.48727,49.05161],[1.48761,49.05183],[1.48794,49.05215],[1.48794,49.05247],[1.48766,49.05296],[1.48765,49.05336],[1.48819,49.05395],[1.48893,49.05463],[1.49001,49.05536],[1.49096,49.05595],[1.49116,49.05617],[1.49272,49.05708],[1.49387,49.05755],[1.49625,49.05842],[1.49713,49.05869],[1.49988,49.05876],[1.5007,49.05886],[1.50207,49.05895],[1.50302,49.0591],[1.50458,49.06014],[1.50505,49.06059],[1.50565,49.06158],[1.50612,49.06195],[1.50659,49.0624],[1.50726,49.06326],[1.50806,49.06453],[1.50927,49.06607],[1.50967,49.06643],[1.50987,49.06683],[1.50993,49.06728],[1.5095,49.0685],[1.50947,49.07034],[1.50954,49.07061],[1.50974,49.07083],[1.51,49.07169],[1.51073,49.07277],[1.51138,49.074],[1.51261,49.07491],[1.51268,49.07509],[1.51246,49.07531],[1.51245,49.07558],[1.5132,49.07617]]}},
{"type":"Feature","properties":{"code_eu_md":"FRHR230C-H3201200","name":"ru de Tilly","longueur":4100.0,"statut":"MEN","ordre":2,"etateco":"U","qmoyaval":null,"distmer":null,"distsrce":null,"gid":8764,"annee":"2009"},"geometry":{"type":"LineString","coordinates":[[1.52738,49.12587],[1.52657,49.1251],[1.52589,49.12477],[1.52507,49.12463],[1.52385,49.12426],[1.52228,49.12394],[1.52044,49.12339],[1.51976,49.12302],[1.51956,49.12284],[1.51958,49.12163],[1.51944,49.12145],[1.51883,49.12127],[1.51773,49.1213],[1.51614,49.12179],[1.51415,49.12208],[1.5125,49.12221],[1.51175,49.1222],[1.51093,49.12206],[1.51045,49.12188],[1.51005,49.12152],[1.50964,49.12134],[1.50923,49.12129],[1.50841,49.12128],[1.50765,49.12141],[1.50717,49.12163],[1.50648,49.12185],[1.50635,49.12181],[1.50581,49.12144],[1.50472,49.12057],[1.50445,49.1203],[1.50378,49.11944],[1.50338,49.11917],[1.50147,49.11844],[1.49998,49.11757],[1.49923,49.1173],[1.49835,49.11716],[1.49787,49.11711],[1.49662,49.11719],[1.49507,49.11574],[1.49406,49.11452],[1.4938,49.11415],[1.49369,49.1133],[1.49342,49.11285],[1.49268,49.11212],[1.49165,49.11135],[1.49084,49.11045],[1.49044,49.11009],[1.48915,49.10913],[1.48862,49.1085],[1.48828,49.10787],[1.48822,49.10751],[1.48802,49.10715]]}},
{"type":"Feature","properties":{"code_eu_md":"FRHR230C-H3209000","name":"ruisseau de Saint-Ouen","longueur":9039.0,"statut":"MEN","ordre":2,"etateco":"3","qmoyaval":null,"distmer":null,"distsrce":null,"gid":8765,"annee":"2009"},"geometry":{"type":"LineString","coordinates":[[1.39449,49.08811],[1.39435,49.08807],[1.39121,49.08782],[1.39032,49.08804],[1.38901,49.08842],[1.38784,49.08868],[1.38583,49.08975],[1.38479,49.0901],[1.38212,49.09061],[1.38129,49.09088],[1.38101,49.0911],[1.38093,49.09168],[1.38065,49.0921],[1.37996,49.09258],[1.37934,49.09285],[1.3779,49.09269],[1.37736,49.09269],[1.37715,49.09278],[1.37666,49.09354],[1.37665,49.09399],[1.37678,49.09445],[1.37676,49.09525],[1.37667,49.09633],[1.37622,49.09777],[1.37621,49.09862],[1.3764,49.09912],[1.37694,49.09975],[1.37707,49.10011],[1.37706,49.10065],[1.37664,49.10114],[1.37636,49.10136],[1.37615,49.10185],[1.37586,49.10275],[1.37564,49.10306],[1.37495,49.1036],[1.37495,49.10391],[1.37541,49.10481],[1.37574,49.10522],[1.37662,49.10591],[1.37675,49.10614],[1.37829,49.10781],[1.3789,49.10822],[1.38197,49.1091],[1.38407,49.11015],[1.38421,49.11015],[1.38563,49.1111],[1.38576,49.11115],[1.38672,49.11125],[1.3878,49.11203],[1.38814,49.11217],[1.38909,49.11235],[1.38957,49.11254],[1.39112,49.11354],[1.39133,49.11376],[1.39138,49.11466],[1.39164,49.11516],[1.39259,49.11598],[1.39359,49.11702],[1.39414,49.11702],[1.39414,49.11707],[1.39495,49.11788],[1.39528,49.11838],[1.39541,49.11878],[1.3954,49.11946],[1.39525,49.12005],[1.3953,49.12072],[1.39496,49.12099],[1.39509,49.1214],[1.39521,49.12243],[1.39553,49.12333],[1.39592,49.12424],[1.39626,49.12464],[1.39694,49.12505],[1.39776,49.12524],[1.39932,49.1257],[1.40164,49.12607],[1.40253,49.1264],[1.40368,49.12718],[1.40401,49.1279],[1.40441,49.12844],[1.40515,49.12903],[1.40587,49.13079],[1.40593,49.13133],[1.40579,49.13164],[1.40585,49.13187],[1.4059,49.13281],[1.40603,49.13335],[1.40623,49.13358],[1.40682,49.13489],[1.40749,49.13566],[1.40776,49.13588],[1.4081,49.1363],[1.40992,49.13788],[1.4122,49.14033],[1.41315,49.14119],[1.41404,49.14161],[1.41709,49.14247],[1.41757,49.14255],[1.41968,49.14042],[1.42209,49.13971]]}},
{"type":"Feature","properties":{"code_eu_md":"FRHR230C-H3211000","name":"ruisseau du Catenay","longueur":4052.0,"statut":"MEN","ordre":2,"etateco":"3","qmoyaval":null,"distmer":null,"distsrce":null,"gid":8766,"annee":"2009"},"geometry":{"type":"LineString","coordinates":[[1.4594,49.16925],[1.45905,49.16951],[1.45862,49.16969],[1.45815,49.16969],[1.45753,49.16955],[1.45454,49.16849],[1.45202,49.16749],[1.4493,49.16599],[1.4476,49.16534],[1.44563,49.16429],[1.44414,49.16337],[1.4438,49.16306],[1.44265,49.16229],[1.44144,49.16088],[1.44104,49.16057],[1.44016,49.16016],[1.43975,49.15979],[1.43915,49.15911],[1.43793,49.15834],[1.43725,49.15767],[1.43665,49.15689],[1.43633,49.15621],[1.4346,49.15503],[1.43506,49.15476],[1.43076,49.15234],[1.43017,49.15257],[1.42816,49.15117],[1.42821,49.15062],[1.4199,49.14687]]}},
{"type":"Feature","properties":{"code_eu_md":"FRHR230C-H3211100","name":"ru de la Côte Saint-Gilles","longueur":6188.0,"statut":"MEN","ordre":2,"etateco":"3","qmoyaval":null,"distmer":null,"distsrce":null,"gid":8767,"annee":"2009"},"geometry":{"type":"MultiLineString","coordinates":[[[1.35845,49.1281],[1.3581,49.12837],[1.35789,49.12864],[1.35788,49.129],[1.35801,49.12922],[1.35801,49.12963],[1.35787,49.1299],[1.3577,49.13039],[1.35815,49.13214],[1.35835,49.1326],[1.35881,49.13323],[1.35969,49.13382],[1.35983,49.134],[1.35989,49.1345],[1.35968,49.13477],[1.35919,49.13521],[1.35918,49.13539],[1.35945,49.13594],[1.3597,49.13689],[1.35976,49.13778],[1.35961,49.13805],[1.35843,49.13917],[1.35732,49.13978],[1.35573,49.14054],[1.35525,49.14071],[1.35353,49.14083],[1.35131,49.14158],[1.3509,49.1418],[1.35041,49.14251],[1.34978,49.143],[1.34875,49.14335],[1.34847,49.14362],[1.34832,49.14416],[1.34783,49.14492],[1.34775,49.14537],[1.348,49.1464],[1.34799,49.14699],[1.34771,49.14734],[1.3477,49.1477],[1.34817,49.14847],[1.34842,49.14955],[1.34896,49.14997],[1.34936,49.15051],[1.3499,49.15087],[1.35086,49.15129],[1.35215,49.15157],[1.35297,49.15166],[1.35448,49.15136],[1.35517,49.15146],[1.35571,49.15164],[1.35585,49.15182],[1.3559,49.15245],[1.35603,49.1529],[1.35643,49.15345],[1.35716,49.1548],[1.35761,49.15597],[1.35781,49.15638],[1.35801,49.15697],[1.3584,49.15778],[1.3588,49.15873],[1.3594,49.15954],[1.36047,49.16086],[1.36094,49.16135],[1.36128,49.16158]],[[1.34735,49.13125],[1.34735,49.13129],[1.3483,49.1317],[1.34891,49.13207],[1.34924,49.13257],[1.34944,49.13297],[1.34943,49.13342],[1.34936,49.1336],[1.3492,49.13468],[1.34885,49.13512],[1.34842,49.13597],[1.34828,49.13638],[1.34814,49.13665],[1.3479,49.13741],[1.34786,49.13944],[1.34799,49.14007],[1.34845,49.1412],[1.34844,49.14142],[1.3487,49.14196],[1.34891,49.14205],[1.34978,49.143]]]}},
{"type":"Feature","properties":{"code_eu_md":"FRHR230C-H3212000","name":"ruisseau de Grammont","longueur":5533.0,"statut":"MEN","ordre":2,"etateco":"U","qmoyaval":null,"distmer":null,"distsrce":null,"gid":8768,"annee":"2009"},"geometry":{"type":"LineString","coordinates":[[1.30952,49.14449],[1.3117,49.14528],[1.31258,49.14551],[1.31457,49.14553],[1.31532,49.14562],[1.31723,49.14609],[1.31887,49.14633],[1.31921,49.14647],[1.31968,49.14679],[1.32042,49.1476],[1.32136,49.14846],[1.32251,49.14942],[1.32298,49.1497],[1.32366,49.14993],[1.32476,49.14994],[1.32537,49.15008],[1.32679,49.15112],[1.32706,49.15144],[1.32725,49.15229],[1.32758,49.15266],[1.32839,49.15311],[1.32955,49.15339],[1.33264,49.15373],[1.33367,49.15396],[1.33469,49.15415],[1.33564,49.15443],[1.33619,49.15444],[1.33674,49.1544],[1.3491,49.16258],[1.36056,49.17705]]}},
{"type":"Feature","properties":{"code_eu_md":"FRHR230C-H3213000","name":"ru du Canal","longueur":7359.0,"statut":"MEN","ordre":2,"etateco":"5","qmoyaval":null,"distmer":null,"distsrce":null,"gid":8769,"annee":"2009"},"geometry":{"type":"LineString","coordinates":[[1.28338,49.15235],[1.28301,49.15347],[1.28299,49.15405],[1.28283,49.15499],[1.28296,49.15563],[1.28295,49.15608],[1.28308,49.15631],[1.28335,49.15663],[1.28402,49.15713],[1.28497,49.15758],[1.28647,49.158],[1.29023,49.1588],[1.29119,49.15916],[1.2924,49.15998],[1.29274,49.16017],[1.29814,49.1609],[1.29903,49.16104],[1.30032,49.16146],[1.30093,49.16155],[1.30176,49.16156],[1.30224,49.16161],[1.30291,49.16193],[1.30414,49.16234],[1.30509,49.16253],[1.30577,49.16281],[1.30625,49.16312],[1.30705,49.16389],[1.3076,49.16421],[1.30841,49.16449],[1.30944,49.16463],[1.31137,49.16443],[1.31233,49.16443],[1.31274,49.16462],[1.3137,49.16473],[1.31541,49.16483],[1.31815,49.16445],[1.32036,49.16406],[1.32201,49.16354],[1.32305,49.16305],[1.32486,49.16212],[1.32625,49.16128],[1.32687,49.16097],[1.32708,49.16061],[1.32729,49.16048],[1.32853,49.16013],[1.32881,49.15995],[1.32895,49.1596],[1.3295,49.15942],[1.33129,49.1593],[1.3338,49.16018],[1.33597,49.16168],[1.33787,49.16232],[1.33787,49.1625],[1.33759,49.1629],[1.33737,49.1638],[1.33734,49.16488],[1.33746,49.16579],[1.33785,49.167],[1.33837,49.1684],[1.34007,49.16945],[1.34352,49.17136],[1.34433,49.17191],[1.34453,49.17232],[1.34472,49.17332],[1.34483,49.1748],[1.3451,49.17507],[1.34611,49.17575],[1.34779,49.17738],[1.34947,49.17929],[1.35007,49.18005]]}},
{"type":"Feature","properties":{"code_eu_md":"FRHR230C-H3219000","name":"Le Gambon","longueur":8373.0,"statut":"MEN","ordre":2,"etateco":"3","qmoyaval":null,"distmer":null,"distsrce":null,"gid":8770,"annee":"2009"},"geometry":{"type":"LineString","coordinates":[[1.49932,49.25337],[1.49685,49.25344],[1.49541,49.2533],[1.495,49.2532],[1.49466,49.25297],[1.49376,49.25275],[1.49246,49.25255],[1.48917,49.25249],[1.48663,49.25247],[1.48587,49.25237],[1.48285,49.25239],[1.48224,49.25221],[1.48121,49.25233],[1.48004,49.25232],[1.47878,49.2529],[1.47803,49.25285],[1.47584,49.25207],[1.47516,49.25206],[1.47482,49.25211],[1.47379,49.25205],[1.47125,49.25159],[1.469,49.25126],[1.46825,49.25067],[1.46819,49.25049],[1.46812,49.25044],[1.46784,49.25035],[1.46743,49.25035],[1.46709,49.25043],[1.46634,49.25025],[1.46552,49.25011],[1.46517,49.24997],[1.4645,49.24952],[1.46299,49.249],[1.46225,49.24837],[1.46143,49.24832],[1.46095,49.24818],[1.45949,49.24821],[1.45854,49.24776],[1.45848,49.24735],[1.45787,49.24703],[1.45767,49.2468],[1.45767,49.24671],[1.45747,49.24645],[1.45685,49.24612],[1.45679,49.2459],[1.45638,49.24572],[1.45583,49.24554],[1.45542,49.24558],[1.45445,49.24602],[1.45377,49.24619],[1.45328,49.24669],[1.45306,49.247],[1.45106,49.2481],[1.4503,49.24823],[1.44893,49.24823],[1.44756,49.24799],[1.44549,49.24797],[1.44109,49.24812],[1.43883,49.24823],[1.43629,49.24826],[1.43246,49.24746],[1.42986,49.24655],[1.42875,49.24649],[1.42738,49.24648],[1.42656,49.24634],[1.42643,49.24625],[1.42588,49.24607],[1.4228,49.24555],[1.42143,49.24536],[1.41883,49.24529],[1.41772,49.24555],[1.41476,49.24642],[1.41426,49.24642],[1.41351,49.24628],[1.41235,49.24582],[1.41195,49.24528],[1.41108,49.24428],[1.4106,49.24396],[1.41026,49.24387],[1.40944,49.24382],[1.40821,49.24341],[1.40773,49.24336],[1.40725,49.24335],[1.40663,49.24348],[1.40595,49.24343],[1.40499,49.2432],[1.40376,49.24266],[1.40239,49.24255],[1.40205,49.24242],[1.40192,49.24219],[1.40192,49.24206],[1.40179,49.24192],[1.40056,49.2415],[1.40036,49.24132],[1.40022,49.24104],[1.40024,49.24046],[1.40038,49.2401],[1.40031,49.24001],[1.39977,49.23969],[1.3982,49.23901]]}},
{"type":"Feature","properties":{"code_eu_md":"FRHR230C-H3220650","name":"ru de la commune du Thuit","longueur":3149.0,"statut":"MEN","ordre":2,"etateco":"3","qmoyaval":null,"distmer":null,"distsrce":null,"gid":8771,"annee":"2009"},"geometry":{"type":"LineString","coordinates":[[1.36342,49.26147],[1.36416,49.26206],[1.36496,49.26332],[1.36537,49.26355],[1.36619,49.26388],[1.36728,49.26407],[1.36851,49.26462],[1.36939,49.26485],[1.37146,49.26514],[1.3727,49.26511],[1.37455,49.26494],[1.37552,49.26495],[1.37675,49.26509],[1.3784,49.26506],[1.38046,49.2649],[1.38088,49.26468],[1.38083,49.26355],[1.38097,49.26328],[1.38153,49.26266],[1.38275,49.26074],[1.38289,49.26042],[1.38284,49.25966],[1.38244,49.25885],[1.38199,49.25731],[1.38179,49.25699],[1.38104,49.25649],[1.38063,49.25626],[1.37996,49.25572],[1.37935,49.25504],[1.37929,49.25454],[1.37937,49.25396],[1.37959,49.25351],[1.3796,49.25302],[1.37926,49.25239],[1.37901,49.25131],[1.37854,49.25059]]}},
{"type":"Feature","properties":{"code_eu_md":"FRHR230C-H3220700","name":"ru de la commune d'Ailly","longueur":10224.0,"statut":"MEN","ordre":2,"etateco":"U","qmoyaval":null,"distmer":null,"distsrce":null,"gid":8772,"annee":"2009"},"geometry":{"type":"LineString","coordinates":[[1.26515,49.16117],[1.26569,49.16158],[1.2663,49.16217],[1.26656,49.16253],[1.26662,49.16294],[1.26648,49.16307],[1.26454,49.16427],[1.26233,49.16528],[1.26141,49.16577],[1.26078,49.16645],[1.26057,49.16694],[1.26055,49.16748],[1.26069,49.16761],[1.2632,49.16858],[1.26538,49.16954],[1.27266,49.1724],[1.2732,49.17281],[1.27327,49.17299],[1.27381,49.17317],[1.27491,49.17318],[1.27745,49.17293],[1.27813,49.17299],[1.27875,49.17313],[1.27942,49.17349],[1.2811,49.17535],[1.28171,49.17585],[1.28259,49.17626],[1.28334,49.1764],[1.28532,49.17665],[1.28621,49.17689],[1.28689,49.17725],[1.28783,49.17802],[1.28837,49.1783],[1.28926,49.17849],[1.29056,49.17863],[1.29194,49.17869],[1.29303,49.17888],[1.2942,49.17898],[1.29632,49.17895],[1.2979,49.17897],[1.29865,49.1792],[1.29939,49.17956],[1.29987,49.17993],[1.30074,49.18084],[1.30128,49.18125],[1.30359,49.18226],[1.30426,49.18285],[1.30473,49.18339],[1.30499,49.18407],[1.30504,49.18497],[1.30489,49.18564],[1.30487,49.18663],[1.305,49.18708],[1.3054,49.18785],[1.30586,49.18853],[1.30632,49.1898],[1.30665,49.19029],[1.30739,49.19093],[1.30799,49.1916],[1.30832,49.19237],[1.30851,49.19314],[1.30862,49.1944],[1.30875,49.19516],[1.30907,49.19584],[1.30941,49.19616],[1.31016,49.19657],[1.31178,49.19762],[1.3134,49.19898],[1.3138,49.19953],[1.31481,49.20057],[1.31528,49.20089],[1.31568,49.20125],[1.31588,49.20166],[1.31608,49.20193],[1.31656,49.20216],[1.3171,49.20252],[1.31723,49.20279],[1.31729,49.20347],[1.31742,49.2036],[1.31741,49.20415],[1.3167,49.20473],[1.31635,49.20517],[1.31634,49.2058],[1.31646,49.2063],[1.31679,49.20711],[1.31712,49.20774],[1.31718,49.20823],[1.31731,49.20864],[1.31751,49.209],[1.31812,49.20928],[1.31893,49.20982],[1.31981,49.21064],[1.32075,49.21145],[1.32095,49.21173],[1.32101,49.212],[1.32155,49.21273],[1.32174,49.21336],[1.32207,49.21394],[1.32233,49.21467],[1.32252,49.2157],[1.32304,49.21683],[1.32302,49.21778],[1.32343,49.21827],[1.32335,49.21876],[1.32307,49.21921],[1.32306,49.21961],[1.32339,49.22007],[1.32339,49.22034],[1.32324,49.22065],[1.32316,49.22141],[1.32274,49.22195],[1.32266,49.22259],[1.32244,49.22294],[1.32077,49.2241],[1.31908,49.2257],[1.31874,49.22592],[1.31803,49.22668]]}},
{"type":"Feature","properties":{"code_eu_md":"FRHR231","name":"L'Aubette de sa source au confluent de la Seine (exclu)","longueur":19979.0,"statut":"MEN","ordre":1,"etateco":"4","qmoyaval":null,"distmer":null,"distsrce":null,"gid":8773,"annee":"2009"},"geometry":{"type":"LineString","coordinates":[[1.84141,49.11605],[1.84155,49.11601],[1.84231,49.11543],[1.84286,49.11534],[1.84354,49.11534],[1.84573,49.11562],[1.84594,49.11558],[1.846,49.11549],[1.84622,49.11468],[1.84642,49.11459],[1.84697,49.11459],[1.84725,49.11446],[1.84829,49.11284],[1.84912,49.11127],[1.84921,49.11046],[1.84935,49.11019],[1.84942,49.10992],[1.84908,49.10979],[1.84874,49.10947],[1.84868,49.10915],[1.84889,49.10884],[1.84944,49.10831],[1.84958,49.10804],[1.84985,49.10781],[1.85308,49.10643],[1.85411,49.10612],[1.85466,49.1059],[1.85549,49.10527],[1.85652,49.10487],[1.85893,49.10372],[1.86016,49.10327],[1.86278,49.10261],[1.86497,49.1023],[1.86628,49.10186],[1.86758,49.10114],[1.8691,49.10021],[1.87116,49.09914],[1.87302,49.09829],[1.87659,49.09686],[1.87996,49.0958],[1.88181,49.0954],[1.88298,49.09496],[1.88408,49.09447],[1.88518,49.09411],[1.88641,49.09344],[1.88765,49.09304],[1.88902,49.09278],[1.89253,49.09234],[1.89328,49.09208],[1.89562,49.09101],[1.89651,49.09056],[1.8972,49.08992],[1.89755,49.08943],[1.89796,49.08894],[1.89824,49.08822],[1.89859,49.08768],[1.899,49.08728],[1.89914,49.08696],[1.89908,49.08575],[1.89977,49.08567],[1.90025,49.0854],[1.90073,49.08495],[1.90142,49.0845],[1.90279,49.08406],[1.90389,49.08388],[1.90561,49.08371],[1.90623,49.08353],[1.9063,49.08344],[1.90691,49.08344],[1.90829,49.08291],[1.90918,49.08233],[1.90973,49.08202],[1.90987,49.08184],[1.9109,49.08126],[1.91165,49.08077],[1.91179,49.0805],[1.91179,49.08032],[1.91186,49.08027],[1.91193,49.08009],[1.91228,49.07973],[1.91297,49.07857],[1.91332,49.0783],[1.91373,49.07821],[1.91421,49.07785],[1.91469,49.07763],[1.91483,49.07745],[1.91538,49.07732],[1.91606,49.07696],[1.91634,49.07678],[1.91743,49.07652],[1.91805,49.07652],[1.91839,49.07647],[1.91976,49.07653],[1.9208,49.07666],[1.92127,49.07689],[1.92182,49.07689],[1.92518,49.07632],[1.92593,49.07601],[1.9273,49.07575],[1.92819,49.07543],[1.92881,49.07503],[1.92895,49.07481],[1.92902,49.07449],[1.9293,49.07413],[1.92923,49.07369],[1.9289,49.07319],[1.92876,49.07287],[1.92822,49.07223],[1.92761,49.07183],[1.92597,49.07106],[1.92474,49.07065],[1.92406,49.07064],[1.9231,49.07074],[1.92249,49.07068],[1.92085,49.07036],[1.92037,49.07014],[1.9199,49.06969],[1.9197,49.06933],[1.91983,49.06915],[1.92025,49.06892],[1.92114,49.0687],[1.92224,49.06799],[1.92313,49.06754],[1.9245,49.0671],[1.92635,49.0667],[1.92772,49.06635],[1.92943,49.06581],[1.9321,49.06524],[1.93287,49.06497],[1.93342,49.06461],[1.9337,49.06421],[1.9337,49.0639],[1.93336,49.0638],[1.93378,49.06304],[1.93392,49.06255],[1.93393,49.06143],[1.93386,49.06107],[1.93345,49.06057],[1.93339,49.06012],[1.93346,49.05939],[1.93381,49.05876],[1.93402,49.05859],[1.93423,49.05791],[1.93436,49.05764],[1.93485,49.05719],[1.93506,49.05675],[1.93595,49.05603],[1.93657,49.05567],[1.9376,49.05518],[1.9376,49.05491],[1.93829,49.05451],[1.9389,49.0542],[1.93939,49.05379],[1.94103,49.05317],[1.94446,49.05206],[1.9448,49.05193],[1.9448,49.05188],[1.94507,49.05184],[1.94811,49.05027],[1.94824,49.05028],[1.94824,49.05019],[1.949,49.04969],[1.94907,49.04956],[1.94907,49.04906],[1.94792,49.0474],[1.94765,49.0469],[1.94745,49.04637],[1.94739,49.04551],[1.94726,49.04519],[1.94726,49.04433],[1.94693,49.04388],[1.94679,49.04352],[1.94639,49.04293],[1.94455,49.04118],[1.94327,49.03974],[1.94313,49.03915],[1.94321,49.03839],[1.94347,49.0372],[1.93642,49.0305],[1.93675,49.03034],[1.93044,49.02672],[1.93009,49.02682],[1.92927,49.02616],[1.92729,49.02595],[1.92623,49.02609],[1.92585,49.02569],[1.92583,49.02531],[1.92545,49.02492],[1.92472,49.02447],[1.92424,49.02447],[1.92383,49.02438],[1.92342,49.02415],[1.92322,49.02393],[1.9222,49.02338],[1.92179,49.02307],[1.92159,49.02284],[1.92091,49.02235],[1.9205,49.02162],[1.91989,49.02113],[1.91914,49.02067],[1.91778,49.02072],[1.9171,49.02049],[1.91628,49.02004],[1.91601,49.01994],[1.9156,49.01954],[1.91513,49.01886],[1.91472,49.01855],[1.91438,49.01846],[1.91356,49.01841],[1.91342,49.01832],[1.91288,49.01778],[1.91288,49.01755],[1.91323,49.01733],[1.91316,49.01706],[1.91201,49.01598],[1.91133,49.01511],[1.91099,49.0148],[1.91093,49.01466],[1.91018,49.01394],[1.90971,49.01371],[1.90943,49.01371],[1.90908,49.01376],[1.9088,49.01367],[1.9086,49.01344],[1.90792,49.01299],[1.90711,49.01218],[1.9063,49.01154],[1.90609,49.01132],[1.90548,49.01087],[1.9048,49.01055],[1.90439,49.01028],[1.90338,49.00929],[1.90338,49.00888],[1.904,49.00803],[1.90414,49.00767],[1.90469,49.00696],[1.9047,49.00655],[1.90456,49.00646],[1.90456,49.00619],[1.905,49.00507],[1.90507,49.00462],[1.90542,49.0039],[1.90542,49.00381],[1.90433,49.00349],[1.90397,49.00326],[1.90377,49.00304],[1.90377,49.0029]]}},
{"type":"Feature","properties":{"code_eu_md":"FRHR231-H3018000","name":"ruisseau la montcient","longueur":18285.0,"statut":"MEN","ordre":2,"etateco":"3","qmoyaval":null,"distmer":null,"distsrce":null,"gid":8774,"annee":"2009"},"geometry":{"type":"MultiLineString","coordinates":[[[1.79432,49.04965],[1.7944,49.04929],[1.79481,49.04862],[1.79537,49.04803],[1.79571,49.04745],[1.79579,49.04705],[1.79605,49.04642],[1.79677,49.04602],[1.79698,49.04544],[1.79753,49.04468],[1.79761,49.04432],[1.79734,49.04391],[1.79735,49.04301],[1.79804,49.04221],[1.79873,49.04121],[1.80038,49.04032],[1.80127,49.04001],[1.80182,49.03993],[1.80244,49.03988],[1.80291,49.03997],[1.80476,49.04012],[1.80489,49.04003],[1.8049,49.03989],[1.80593,49.03882],[1.80697,49.03757],[1.80794,49.03613],[1.80836,49.03559],[1.81023,49.03439],[1.81085,49.03376],[1.81174,49.03327],[1.81298,49.03274],[1.81408,49.03212],[1.8149,49.03158],[1.81586,49.03122],[1.81744,49.03087],[1.81908,49.03034],[1.821,49.02963],[1.82265,49.02928],[1.82306,49.02923],[1.8234,49.02932],[1.82409,49.02942],[1.82478,49.02964],[1.82737,49.0297],[1.8297,49.02958],[1.82969,49.02989],[1.83106,49.0298],[1.83175,49.02954],[1.83394,49.02892],[1.83511,49.02848],[1.836,49.02826],[1.83654,49.02826],[1.83756,49.02867],[1.83804,49.02871],[1.83804,49.02889],[1.83838,49.02912],[1.83844,49.02961],[1.83885,49.0297],[1.84029,49.02948],[1.84214,49.02936],[1.84236,49.02896],[1.84249,49.02891],[1.84318,49.02891],[1.84386,49.02901],[1.84508,49.02964],[1.84583,49.02987],[1.84795,49.02989],[1.8487,49.02975],[1.84966,49.02994],[1.85014,49.02994],[1.85117,49.02967],[1.85171,49.02941],[1.85261,49.02887],[1.85315,49.02919],[1.85342,49.02923],[1.85363,49.0291],[1.85425,49.02897],[1.85459,49.02897],[1.85513,49.02911],[1.85684,49.02911],[1.86012,49.02899],[1.86123,49.02882],[1.86506,49.02883],[1.86622,49.02848],[1.86814,49.02799],[1.86965,49.0271],[1.87013,49.02656],[1.87055,49.02625],[1.87075,49.02625],[1.8713,49.02652],[1.87157,49.02656],[1.87171,49.02652],[1.87219,49.02594],[1.8726,49.0258],[1.87321,49.0259],[1.8736,49.02611],[1.87459,49.02541],[1.87568,49.02514],[1.87602,49.02496],[1.87685,49.02443],[1.877,49.02438],[1.877,49.02429],[1.87748,49.02394],[1.87824,49.02354],[1.87933,49.02314],[1.88125,49.02292],[1.88337,49.02234],[1.88433,49.02226],[1.88501,49.02208],[1.88638,49.0215],[1.88933,49.02039],[1.89029,49.0198],[1.89071,49.01962],[1.89173,49.01962],[1.89366,49.01937],[1.89516,49.01929],[1.89578,49.01906],[1.89619,49.01875],[1.8964,49.01852],[1.89736,49.01789],[1.89853,49.01704],[1.8986,49.01659],[1.89929,49.01628],[1.89922,49.01592],[1.89923,49.01516],[1.8993,49.01493],[1.90012,49.01458],[1.90005,49.01431],[1.89979,49.0139],[1.9002,49.01346],[1.90034,49.01287],[1.90076,49.0122],[1.90096,49.01202],[1.90173,49.01067],[1.90221,49.01009],[1.90401,49.0074],[1.90408,49.00718],[1.90435,49.00677],[1.90442,49.00655],[1.90456,49.00646]],[[1.80842,49.06218],[1.8103,49.05997],[1.81093,49.0589],[1.81115,49.05803],[1.81156,49.05682],[1.81182,49.05651],[1.81207,49.05611],[1.81404,49.05464],[1.81514,49.0531],[1.81555,49.0526],[1.81655,49.052],[1.81764,49.05167],[1.81931,49.05111],[1.82074,49.05075],[1.82143,49.05032],[1.82334,49.04943],[1.82361,49.04934],[1.82375,49.04911],[1.82532,49.04885],[1.82621,49.04903],[1.82669,49.04904],[1.82703,49.04899],[1.82703,49.04886],[1.82663,49.04814],[1.82636,49.04746],[1.82596,49.04724],[1.82582,49.047],[1.82596,49.04637],[1.82583,49.04583],[1.82584,49.04484],[1.82598,49.04439],[1.82633,49.04399],[1.8264,49.04354],[1.82654,49.04341],[1.82716,49.04332],[1.82743,49.04306],[1.82772,49.04211],[1.82827,49.04104],[1.82869,49.04064],[1.83069,49.03938],[1.83118,49.03898],[1.83207,49.03845],[1.8331,49.03823],[1.83446,49.03823],[1.83665,49.03833],[1.83767,49.03842],[1.83768,49.03829],[1.8387,49.03825],[1.84103,49.03781],[1.84213,49.03755],[1.84315,49.03759],[1.84479,49.03733],[1.8452,49.03715],[1.84823,49.03649],[1.84994,49.03605],[1.85077,49.03569],[1.85111,49.0356],[1.85234,49.03512],[1.85317,49.03499],[1.85542,49.0349],[1.85774,49.03491],[1.85836,49.03482],[1.85864,49.03469],[1.85946,49.03452],[1.86117,49.03394],[1.86267,49.0339],[1.86447,49.03364],[1.86515,49.03364],[1.86556,49.03391],[1.8659,49.03396],[1.86659,49.03369],[1.86714,49.0332],[1.86762,49.03243],[1.86769,49.03226],[1.86797,49.03208],[1.86797,49.03203],[1.86817,49.03194],[1.86859,49.03122],[1.86997,49.02997],[1.871,49.02917],[1.87217,49.02818],[1.87252,49.02765],[1.87305,49.02653],[1.8736,49.02611]]]}},
{"type":"Feature","properties":{"code_eu_md":"FRHR232A","name":"la Mauldre de sa source au confluent du Maldroit (inclus)","longueur":17612.0,"statut":"MEN","ordre":1,"etateco":"4","qmoyaval":null,"distmer":null,"distsrce":null,"gid":8775,"annee":"2009"},"geometry":{"type":"LineString","coordinates":[[1.87703,48.73391],[1.87947,48.73424],[1.88002,48.73428],[1.88063,48.73428],[1.88185,48.73438],[1.88422,48.73466],[1.88572,48.73498],[1.88714,48.73516],[1.8885,48.73553],[1.88917,48.73584],[1.89019,48.73616],[1.89209,48.73631],[1.89345,48.73685],[1.8948,48.73784],[1.89614,48.73943],[1.89668,48.74024],[1.89687,48.74141],[1.89687,48.74159],[1.8959,48.74226],[1.89541,48.74265],[1.8953,48.74284],[1.89535,48.74313],[1.89489,48.74359],[1.89514,48.74386],[1.89507,48.74399],[1.89518,48.74421],[1.89561,48.74428],[1.89576,48.74467],[1.89637,48.74491],[1.89655,48.74523],[1.89643,48.74545],[1.89593,48.74563],[1.89521,48.7461],[1.89487,48.74672],[1.895,48.747],[1.8954,48.74742],[1.89576,48.7479],[1.89552,48.74882],[1.89501,48.74969],[1.8953,48.7504],[1.89524,48.75079],[1.89503,48.75122],[1.89314,48.75221],[1.89222,48.7529],[1.89208,48.75321],[1.89195,48.7541],[1.89256,48.75464],[1.89257,48.75499],[1.89222,48.75521],[1.89239,48.75581],[1.89263,48.75614],[1.89278,48.75649],[1.89283,48.75721],[1.89237,48.75788],[1.89216,48.75847],[1.89248,48.75853],[1.89247,48.75895],[1.89201,48.7594],[1.89182,48.76042],[1.89182,48.76239],[1.8925,48.76263],[1.89314,48.76329],[1.89341,48.76388],[1.89388,48.76451],[1.89388,48.7646],[1.89347,48.76482],[1.89326,48.76541],[1.89312,48.7655],[1.89298,48.76576],[1.89298,48.76626],[1.89256,48.76675],[1.89243,48.76702],[1.89235,48.7681],[1.89194,48.76855],[1.89173,48.76886],[1.89173,48.76917],[1.89193,48.76954],[1.89193,48.7699],[1.89179,48.77007],[1.89145,48.7703],[1.89131,48.77047],[1.89104,48.77066],[1.89056,48.77056],[1.88995,48.77056],[1.88968,48.77069],[1.88954,48.77119],[1.88953,48.7715],[1.88987,48.77218],[1.89,48.77276],[1.88965,48.77411],[1.88951,48.77433],[1.8893,48.77442],[1.88889,48.77487],[1.88848,48.77559],[1.88854,48.77587],[1.88874,48.77632],[1.88825,48.77784],[1.88757,48.77847],[1.88669,48.77811],[1.88648,48.77811],[1.88634,48.77878],[1.88628,48.77886],[1.88566,48.77905],[1.88552,48.77936],[1.88552,48.77972],[1.88605,48.78076],[1.88612,48.78121],[1.88523,48.78134],[1.88475,48.78187],[1.88467,48.78223],[1.8848,48.78237],[1.885,48.78273],[1.88499,48.78367],[1.88513,48.78395],[1.88519,48.78426],[1.88533,48.78457],[1.88553,48.78471],[1.8867,48.78472],[1.88683,48.7848],[1.88682,48.78534],[1.88695,48.7857],[1.88728,48.78647],[1.88735,48.78651],[1.88748,48.78683],[1.88775,48.78723],[1.88842,48.78854],[1.88889,48.78971],[1.88915,48.79066],[1.88962,48.79129],[1.88962,48.79174],[1.88934,48.79191],[1.88859,48.79223],[1.88716,48.79227],[1.88696,48.79235],[1.88695,48.79322],[1.88715,48.79411],[1.88753,48.79731],[1.88549,48.79744],[1.88521,48.79748],[1.88565,48.80157],[1.88578,48.80306],[1.88543,48.80346],[1.88434,48.80435],[1.88427,48.80444],[1.88365,48.80484],[1.88057,48.80753],[1.88023,48.80775],[1.87865,48.8091],[1.87679,48.81048],[1.87576,48.81106],[1.87467,48.81155],[1.87351,48.8119],[1.86908,48.81216],[1.86867,48.81225],[1.86847,48.81242],[1.86846,48.81278],[1.8684,48.81288],[1.86792,48.81305],[1.86778,48.81319],[1.8671,48.81359],[1.86709,48.81386],[1.86763,48.81449],[1.8679,48.81472],[1.86858,48.81509],[1.86892,48.81531],[1.86891,48.81571],[1.86864,48.8159],[1.86912,48.81612],[1.86952,48.81617],[1.86979,48.81635],[1.86972,48.81671],[1.86972,48.81702],[1.86999,48.81725],[1.87012,48.81761],[1.87018,48.81833],[1.86991,48.81851],[1.86991,48.8186],[1.87032,48.81873],[1.87045,48.81896],[1.87051,48.81941],[1.87044,48.81959],[1.8701,48.81985],[1.86949,48.81994],[1.86894,48.82008],[1.86812,48.82057],[1.8673,48.82079],[1.86696,48.82101],[1.86648,48.82101],[1.86594,48.8211],[1.86519,48.82159],[1.86485,48.82177],[1.86443,48.82213],[1.8645,48.82226],[1.86545,48.82276],[1.86572,48.82298],[1.86585,48.82298],[1.86585,48.82316],[1.86551,48.82384],[1.8655,48.82429],[1.86652,48.82438],[1.86801,48.82551],[1.86903,48.82592],[1.87011,48.8266],[1.87085,48.827],[1.87105,48.82763],[1.87132,48.8279],[1.87159,48.82799],[1.87173,48.82813],[1.8718,48.82831],[1.87166,48.82836],[1.87138,48.82867],[1.87152,48.82885],[1.87213,48.82934],[1.87246,48.82971],[1.87253,48.8303],[1.87273,48.83057],[1.87388,48.83152],[1.87374,48.83201],[1.87387,48.83251],[1.87434,48.83291],[1.87434,48.83345],[1.87447,48.83381],[1.87467,48.83404],[1.87487,48.83404],[1.87515,48.83395],[1.87535,48.83404],[1.87542,48.83417],[1.87555,48.83494],[1.87611,48.83556],[1.87636,48.83571],[1.87636,48.83602],[1.87656,48.83652],[1.87676,48.8367],[1.87689,48.83728],[1.87702,48.83742],[1.87702,48.83769],[1.87641,48.83796],[1.87641,48.83805],[1.87668,48.83822],[1.87695,48.83859],[1.87701,48.83913],[1.87708,48.83935],[1.87734,48.83962],[1.87748,48.84007],[1.87788,48.84052],[1.87795,48.84084],[1.87815,48.84124],[1.87889,48.84196],[1.87889,48.84228],[1.87916,48.84273],[1.87922,48.84327],[1.87949,48.84377],[1.87935,48.84427],[1.87934,48.84463],[1.87947,48.84517],[1.8794,48.84638],[1.87897,48.84678],[1.87876,48.84705],[1.87828,48.84732],[1.87733,48.84727],[1.87713,48.84731],[1.8759,48.84731],[1.87542,48.84749],[1.87522,48.84762],[1.87508,48.84825],[1.87487,48.84843],[1.87487,48.84856],[1.87459,48.84874],[1.87459,48.8496],[1.87486,48.84978],[1.87506,48.85],[1.87533,48.85063],[1.87539,48.85113],[1.87599,48.85221],[1.87758,48.85325]]}},
{"type":"Feature","properties":{"code_eu_md":"FRHR232A-H3033000","name":"ru d'elancourt","longueur":7420.0,"statut":"MEN","ordre":2,"etateco":"5","qmoyaval":null,"distmer":null,"distsrce":null,"gid":8776,"annee":"2009"},"geometry":{"type":"LineString","coordinates":[[1.96619,48.78239],[1.96564,48.78306],[1.96523,48.78329],[1.96448,48.78342],[1.96346,48.78373],[1.96229,48.78364],[1.96154,48.78377],[1.96086,48.78377],[1.96011,48.78403],[1.95984,48.78421],[1.95977,48.78439],[1.95976,48.78529],[1.95901,48.78552],[1.95888,48.78574],[1.95853,48.78664],[1.95839,48.78672],[1.95724,48.78641],[1.95635,48.78641],[1.95622,48.78631],[1.95574,48.78636],[1.95438,48.78662],[1.95329,48.78666],[1.95302,48.78675],[1.95295,48.78689],[1.95301,48.78747],[1.95281,48.78779],[1.9528,48.78819],[1.9526,48.78828],[1.95171,48.78841],[1.95028,48.78854],[1.94994,48.78863],[1.94926,48.78863],[1.9479,48.78898],[1.94688,48.78912],[1.94579,48.78947],[1.94518,48.78942],[1.94477,48.7896],[1.94422,48.7896],[1.94327,48.78951],[1.94273,48.78951],[1.94232,48.78941],[1.94205,48.78941],[1.94191,48.78959],[1.94198,48.78986],[1.94197,48.79045],[1.94156,48.79062],[1.94094,48.79062],[1.94033,48.79058],[1.94019,48.79053],[1.93781,48.79052],[1.93713,48.7903],[1.93672,48.79038],[1.93584,48.79029],[1.93522,48.79069],[1.9342,48.79091],[1.93386,48.7911],[1.93352,48.79136],[1.9325,48.79158],[1.93175,48.79181],[1.93072,48.79203],[1.93025,48.79216],[1.92936,48.79225],[1.92834,48.79247],[1.92684,48.79251],[1.92616,48.7926],[1.92446,48.79259],[1.92358,48.7929],[1.9231,48.79299],[1.92235,48.79298],[1.92133,48.79312],[1.92106,48.79307],[1.92113,48.79262],[1.92058,48.79271],[1.91949,48.79298],[1.91834,48.79311],[1.91703,48.79378],[1.91634,48.79396],[1.91532,48.79404],[1.91389,48.79426],[1.91185,48.79421],[1.91117,48.79407],[1.91043,48.79375],[1.91043,48.79366],[1.90995,48.79366],[1.90907,48.79384],[1.90838,48.79419],[1.90532,48.79508],[1.90163,48.79628],[1.89945,48.7969],[1.89891,48.79695],[1.8987,48.79722],[1.89808,48.79762],[1.89754,48.79784],[1.89652,48.79802],[1.89528,48.7981],[1.89432,48.7981],[1.89283,48.79827],[1.89218,48.79838],[1.89166,48.79879],[1.88996,48.79902],[1.88874,48.79916],[1.8884,48.79929],[1.88819,48.79956],[1.88818,48.80073],[1.88797,48.80108],[1.88756,48.80153],[1.88735,48.80225],[1.887,48.80301],[1.88679,48.80342],[1.88631,48.804],[1.88597,48.80422],[1.88461,48.80444],[1.88427,48.80444]]}},
{"type":"Feature","properties":{"code_eu_md":"FRHR232A-H3038000","name":"ruisseau du lieutel","longueur":23093.0,"statut":"MEN","ordre":2,"etateco":"5","qmoyaval":null,"distmer":null,"distsrce":null,"gid":8777,"annee":"2009"},"geometry":{"type":"MultiLineString","coordinates":[[[1.76871,48.76728],[1.76761,48.76696],[1.76564,48.76667],[1.76503,48.76667],[1.76435,48.76694],[1.76393,48.76725],[1.76345,48.76793],[1.7629,48.76829],[1.76215,48.7686],[1.76181,48.76887],[1.7616,48.76914],[1.76105,48.7695],[1.76058,48.76967],[1.76057,48.76999],[1.7607,48.77057],[1.76076,48.77129],[1.76042,48.77183],[1.7598,48.77255],[1.75965,48.77304],[1.75904,48.77357],[1.75828,48.77451],[1.7582,48.7755],[1.75813,48.77568],[1.75786,48.77581],[1.75751,48.77604],[1.75751,48.77671],[1.75675,48.77761],[1.75634,48.77788],[1.7562,48.7781],[1.75592,48.77828],[1.75592,48.77886],[1.75605,48.77949],[1.75622,48.7799],[1.75624,48.78039],[1.75651,48.78071],[1.75712,48.78107],[1.75867,48.78184],[1.75921,48.7822],[1.75941,48.78256],[1.76036,48.7832],[1.76056,48.78356],[1.7613,48.7841],[1.76347,48.78483],[1.76408,48.78507],[1.76509,48.78561],[1.76543,48.78593],[1.76542,48.7862],[1.76529,48.78638],[1.76644,48.78697],[1.76698,48.78706],[1.76773,48.78706],[1.76861,48.78729],[1.7699,48.78739],[1.77099,48.78766],[1.77132,48.78766],[1.7735,48.78835],[1.77471,48.78903],[1.77607,48.78971],[1.77715,48.79021],[1.77755,48.79053],[1.77775,48.79088],[1.77802,48.79169],[1.77807,48.79259],[1.77814,48.79273],[1.77882,48.793],[1.77922,48.79336],[1.77983,48.79399],[1.7803,48.79431],[1.78111,48.79445],[1.7822,48.79482],[1.78383,48.79515],[1.78457,48.79546],[1.78573,48.79579],[1.78654,48.79606],[1.78742,48.7966],[1.78809,48.79714],[1.78904,48.7976],[1.78938,48.79782],[1.78944,48.79805],[1.78937,48.7985],[1.78923,48.79872],[1.78923,48.79917],[1.78943,48.79949],[1.78949,48.79985],[1.78947,48.80155],[1.7894,48.80205],[1.78967,48.80272],[1.79034,48.80363],[1.79047,48.80412],[1.79114,48.80457],[1.79168,48.8052],[1.79256,48.80602],[1.79269,48.80629],[1.79269,48.80656],[1.79207,48.80718],[1.79186,48.80754],[1.79172,48.80809],[1.79117,48.80854],[1.79103,48.80871],[1.79096,48.8093],[1.79109,48.8097],[1.79163,48.8102],[1.79197,48.81043],[1.79244,48.81056],[1.79278,48.81079],[1.79298,48.81101],[1.79332,48.8112],[1.79372,48.81151],[1.79474,48.81183],[1.79501,48.81197],[1.79576,48.81193],[1.79651,48.81202],[1.79685,48.8122],[1.79705,48.81256],[1.79739,48.81279],[1.79786,48.81288],[1.79813,48.81311],[1.79908,48.81338],[1.79942,48.81352],[1.8001,48.81356],[1.8001,48.81388],[1.80105,48.81411],[1.80111,48.81433],[1.80118,48.81443],[1.80145,48.81451],[1.80213,48.81457],[1.80321,48.81493],[1.80444,48.81516],[1.80511,48.81539],[1.80566,48.81575],[1.80593,48.81584],[1.80695,48.81585],[1.80763,48.81603],[1.80783,48.81625],[1.80884,48.81684],[1.80905,48.81693],[1.80973,48.81707],[1.8102,48.81743],[1.81197,48.81821],[1.81238,48.81848],[1.81258,48.81871],[1.81292,48.81898],[1.81353,48.81925],[1.81387,48.81948],[1.81386,48.81975],[1.81461,48.81993],[1.81556,48.82038],[1.81677,48.82125],[1.81685,48.82048],[1.81726,48.82021],[1.8174,48.81994],[1.8174,48.81963],[1.81829,48.81905],[1.81857,48.81896],[1.81993,48.81888],[1.82061,48.81874],[1.82184,48.81871],[1.82286,48.81844],[1.82354,48.81844],[1.82388,48.81826],[1.82436,48.81809],[1.82491,48.81804],[1.82504,48.81795],[1.82559,48.81724],[1.82696,48.81617],[1.82847,48.81541],[1.82963,48.81519],[1.83072,48.81506],[1.83126,48.81484],[1.83174,48.81457],[1.83236,48.81448],[1.83283,48.81462],[1.83305,48.81457],[1.83319,48.81453],[1.83319,48.81426],[1.83339,48.8143],[1.8336,48.8144],[1.8338,48.8144],[1.83428,48.81417],[1.83537,48.81404],[1.83659,48.81405],[1.83789,48.8141],[1.83816,48.81441],[1.8385,48.81442],[1.83884,48.81433],[1.83932,48.81406],[1.84088,48.81375],[1.84143,48.81358],[1.84259,48.81331],[1.84375,48.81323],[1.84429,48.81305],[1.84531,48.81301],[1.84599,48.81346],[1.84633,48.81342],[1.84701,48.81324],[1.84728,48.81328],[1.84803,48.81355],[1.84878,48.81356],[1.85075,48.81379],[1.85122,48.81402],[1.85156,48.81411],[1.8549,48.8139],[1.85689,48.8139],[1.85736,48.81386],[1.86036,48.81325],[1.86098,48.81316],[1.86152,48.81321],[1.86254,48.81339],[1.86288,48.81326],[1.86302,48.81303],[1.86322,48.81303],[1.86458,48.81331],[1.86478,48.8134],[1.866,48.8143],[1.86648,48.81453],[1.86661,48.81466],[1.86702,48.81489],[1.86756,48.81512],[1.86769,48.81553],[1.86796,48.81571],[1.86864,48.8159]],[[1.7148,48.8022],[1.71499,48.80337],[1.71525,48.80369],[1.71627,48.80433],[1.71715,48.8047],[1.71987,48.80502],[1.72048,48.80521],[1.72183,48.8058],[1.72489,48.80631],[1.7283,48.80642],[1.72897,48.80692],[1.73026,48.80768],[1.73133,48.80882],[1.73174,48.80913],[1.73214,48.80922],[1.73248,48.80945],[1.73322,48.81049],[1.73375,48.81139],[1.73449,48.81206],[1.73489,48.8127],[1.7357,48.81352],[1.73644,48.81406],[1.73671,48.81433],[1.73854,48.81556],[1.73914,48.8161],[1.74076,48.81705],[1.74131,48.81728],[1.74212,48.81746],[1.74211,48.81809],[1.74231,48.81831],[1.74339,48.81913],[1.744,48.81949],[1.74406,48.82003],[1.7444,48.82031],[1.74433,48.82053],[1.74433,48.82071],[1.74521,48.82089],[1.74589,48.82108],[1.74589,48.82117],[1.74596,48.82117],[1.74643,48.82144],[1.74683,48.82184],[1.74731,48.82212],[1.74907,48.82257],[1.75185,48.82336],[1.75301,48.82359],[1.75464,48.82369],[1.75655,48.82325],[1.75873,48.82335],[1.75975,48.82344],[1.76131,48.82354],[1.76267,48.82341],[1.76363,48.82342],[1.76438,48.82347],[1.76594,48.82365],[1.76725,48.82339],[1.76861,48.8229],[1.76936,48.82273],[1.77147,48.82265],[1.77297,48.82283],[1.7746,48.82329],[1.77623,48.82357],[1.77636,48.82375],[1.77697,48.82398],[1.77799,48.82466],[1.7788,48.82497],[1.78327,48.82712],[1.78469,48.82753],[1.78612,48.82803],[1.78768,48.82844],[1.78829,48.82875],[1.79148,48.82922],[1.79175,48.82931],[1.7925,48.82931],[1.79278,48.82923],[1.79346,48.82918],[1.79366,48.82905],[1.79461,48.82914],[1.79653,48.82915],[1.79776,48.82898],[1.79851,48.82862],[1.79947,48.82845],[1.79974,48.82845],[1.80008,48.82854],[1.8009,48.82859],[1.8011,48.82855],[1.80165,48.82832],[1.80199,48.82828],[1.80301,48.82846],[1.8043,48.82833],[1.80512,48.82816],[1.80601,48.82816],[1.80635,48.82807],[1.80682,48.82808],[1.80703,48.82785],[1.80785,48.82794],[1.80825,48.82781],[1.80928,48.82777],[1.81003,48.8276],[1.81119,48.82724],[1.81235,48.82675],[1.81354,48.82589],[1.81378,48.82549],[1.81437,48.82475],[1.81535,48.82386],[1.81587,48.82353],[1.81621,48.82304],[1.81643,48.8221],[1.81677,48.82152],[1.81677,48.82125]]]}},
{"type":"Feature","properties":{"code_eu_md":"FRHR232A-H3039100","name":"la Guyonne","longueur":11904.0,"statut":"MEN","ordre":2,"etateco":"3","qmoyaval":null,"distmer":null,"distsrce":null,"gid":8778,"annee":"2009"},"geometry":{"type":"LineString","coordinates":[[1.7887,48.7527],[1.78961,48.75295],[1.79014,48.75362],[1.79054,48.75425],[1.79081,48.75479],[1.79101,48.75488],[1.79325,48.75521],[1.79542,48.75586],[1.79664,48.756],[1.80031,48.75579],[1.80038,48.75592],[1.8018,48.75661],[1.80275,48.75742],[1.80376,48.75769],[1.80471,48.75788],[1.80561,48.75796],[1.80655,48.75797],[1.80729,48.75794],[1.80777,48.75776],[1.80846,48.75735],[1.80921,48.75709],[1.81009,48.75655],[1.8105,48.75638],[1.81146,48.75607],[1.81257,48.75548],[1.81291,48.75522],[1.81345,48.75504],[1.81448,48.7545],[1.81537,48.75419],[1.81584,48.75411],[1.81632,48.75406],[1.81842,48.75434],[1.81869,48.75448],[1.82114,48.75476],[1.82202,48.75472],[1.82481,48.75496],[1.8259,48.75433],[1.82651,48.75434],[1.82706,48.75416],[1.82787,48.75461],[1.82902,48.75533],[1.82936,48.75542],[1.82969,48.75565],[1.82976,48.75587],[1.82914,48.75695],[1.82989,48.75686],[1.83009,48.75673],[1.83049,48.75714],[1.83029,48.75745],[1.83001,48.75754],[1.82981,48.75772],[1.83001,48.75817],[1.83042,48.75821],[1.8311,48.75816],[1.83212,48.75723],[1.83341,48.75742],[1.83484,48.75801],[1.83477,48.75819],[1.83524,48.75828],[1.83578,48.75856],[1.83605,48.75897],[1.83584,48.75991],[1.83535,48.76076],[1.83596,48.76144],[1.83677,48.76198],[1.83805,48.76324],[1.83845,48.76347],[1.84034,48.76514],[1.8406,48.76618],[1.8406,48.76689],[1.84086,48.76744],[1.84107,48.7677],[1.84216,48.76726],[1.84249,48.76762],[1.84418,48.76889],[1.84458,48.76934],[1.84478,48.76997],[1.84436,48.7715],[1.84443,48.77186],[1.84401,48.77262],[1.84407,48.77321],[1.84359,48.7737],[1.84359,48.77402],[1.84392,48.77451],[1.84426,48.77474],[1.8448,48.77578],[1.84527,48.77627],[1.84499,48.77649],[1.84492,48.77681],[1.84505,48.77762],[1.84457,48.77784],[1.84464,48.77833],[1.84429,48.77856],[1.84422,48.77883],[1.84429,48.77915],[1.84456,48.77959],[1.84492,48.77998],[1.84521,48.78058],[1.84529,48.78095],[1.84508,48.78162],[1.84507,48.7822],[1.84514,48.78261],[1.84534,48.78306],[1.8456,48.78414],[1.8456,48.78472],[1.84491,48.7853],[1.84491,48.78553],[1.84558,48.7863],[1.84598,48.78692],[1.84605,48.78715],[1.84632,48.78747],[1.84632,48.78756],[1.84639,48.78756],[1.84726,48.78828],[1.84733,48.78855],[1.84767,48.78865],[1.84787,48.78883],[1.8482,48.78973],[1.84833,48.79027],[1.84847,48.79041],[1.84921,48.79063],[1.84989,48.79091],[1.84967,48.79216],[1.85035,48.79302],[1.85041,48.79378],[1.85054,48.79428],[1.85101,48.79518],[1.85107,48.79559],[1.851,48.79576],[1.85092,48.79675],[1.85031,48.79729],[1.85023,48.79756],[1.85063,48.79877],[1.85083,48.799],[1.85145,48.799],[1.85158,48.79909],[1.85158,48.79936],[1.85151,48.79945],[1.8515,48.80021],[1.8517,48.8008],[1.85231,48.80103],[1.85285,48.80143],[1.85373,48.80202],[1.85407,48.80243],[1.85481,48.80298],[1.85501,48.80325],[1.85548,48.80361],[1.85671,48.80402],[1.85725,48.80438],[1.8582,48.80474],[1.85853,48.80497],[1.85853,48.80502],[1.85874,48.80524],[1.85943,48.80542],[1.85972,48.80541],[1.85996,48.8057],[1.86056,48.80628],[1.86056,48.80637],[1.8611,48.80682],[1.86137,48.80709],[1.86143,48.80768],[1.86198,48.80781],[1.86218,48.80804],[1.86231,48.80831],[1.86244,48.80925],[1.86291,48.81007],[1.86345,48.81074],[1.86378,48.81142],[1.86385,48.8116],[1.86371,48.81178],[1.86371,48.81209],[1.86384,48.81236],[1.86431,48.81277],[1.86581,48.81323],[1.86635,48.81363],[1.86648,48.81399],[1.86648,48.81453]]}},
{"type":"Feature","properties":{"code_eu_md":"FRHR232A-H3049000","name":"ru maldroit","longueur":12822.0,"statut":"MEFM","ordre":2,"etateco":"3","qmoyaval":null,"distmer":null,"distsrce":null,"gid":8779,"annee":"2009"},"geometry":{"type":"LineString","coordinates":[[1.98613,48.80018],[1.98571,48.80121],[1.98564,48.80265],[1.9855,48.80296],[1.98529,48.80318],[1.98461,48.80372],[1.98413,48.80435],[1.98365,48.80466],[1.98283,48.80488],[1.98174,48.80506],[1.98126,48.80542],[1.98078,48.806],[1.98051,48.80641],[1.98017,48.80676],[1.97935,48.8073],[1.97702,48.80864],[1.97592,48.80922],[1.97517,48.80945],[1.97442,48.8094],[1.97415,48.80931],[1.97395,48.80899],[1.97375,48.80823],[1.97355,48.80782],[1.97314,48.80751],[1.97267,48.80728],[1.97178,48.8071],[1.97076,48.8071],[1.97062,48.80723],[1.97062,48.80808],[1.97041,48.80844],[1.96986,48.8092],[1.96952,48.80979],[1.96931,48.81001],[1.9689,48.81068],[1.96883,48.81104],[1.96869,48.81122],[1.96821,48.81158],[1.96746,48.81158],[1.96624,48.81135],[1.96468,48.81098],[1.96427,48.81094],[1.96168,48.81107],[1.96107,48.81133],[1.96025,48.81187],[1.95936,48.81268],[1.95874,48.81294],[1.95847,48.81317],[1.95846,48.81398],[1.95696,48.8146],[1.95635,48.81496],[1.95601,48.81509],[1.95545,48.81545],[1.9553,48.81662],[1.95482,48.8168],[1.95319,48.81724],[1.94937,48.81799],[1.94828,48.81812],[1.94726,48.81835],[1.94617,48.81852],[1.94562,48.81875],[1.94521,48.81901],[1.94501,48.81937],[1.94493,48.81964],[1.9448,48.81969],[1.9452,48.82072],[1.94526,48.82126],[1.9454,48.82144],[1.94553,48.8222],[1.94579,48.82315],[1.94613,48.82364],[1.94613,48.82414],[1.94599,48.82445],[1.94544,48.82481],[1.94373,48.82566],[1.94305,48.82606],[1.94284,48.82646],[1.94277,48.82715],[1.94276,48.82791],[1.94262,48.82827],[1.94159,48.82962],[1.9407,48.83069],[1.94027,48.83145],[1.94006,48.83248],[1.94005,48.8332],[1.94053,48.83388],[1.94052,48.83451],[1.94018,48.83478],[1.9397,48.83495],[1.93766,48.83495],[1.93582,48.83472],[1.93535,48.83472],[1.935,48.83476],[1.93398,48.83543],[1.93343,48.83565],[1.93193,48.8361],[1.93118,48.83628],[1.93043,48.83628],[1.92574,48.83509],[1.92364,48.83468],[1.92289,48.83431],[1.92262,48.83427],[1.92187,48.83449],[1.9218,48.83471],[1.92159,48.83512],[1.92111,48.83534],[1.91892,48.83605],[1.91742,48.8361],[1.91619,48.83609],[1.91599,48.83618],[1.91578,48.8364],[1.91564,48.83721],[1.91537,48.83734],[1.91448,48.83734],[1.91414,48.83725],[1.91394,48.83689],[1.91367,48.83666],[1.91326,48.83657],[1.91231,48.83644],[1.91197,48.83661],[1.91197,48.8367],[1.91162,48.83715],[1.91039,48.83791],[1.90971,48.83809],[1.90787,48.83768],[1.90719,48.83768],[1.90685,48.83781],[1.90665,48.83812],[1.90664,48.8387],[1.90691,48.83934],[1.9069,48.83988],[1.90663,48.84019],[1.90553,48.8409],[1.90492,48.84108],[1.90444,48.84113],[1.90261,48.84044],[1.90193,48.84022],[1.90159,48.84017],[1.90125,48.84031],[1.90104,48.8408],[1.90104,48.84102],[1.9009,48.84125],[1.90056,48.84165],[1.89952,48.84237],[1.8991,48.84313],[1.89903,48.84335],[1.89869,48.84362],[1.89821,48.8438],[1.89678,48.84388],[1.89637,48.84402],[1.8961,48.84424],[1.89609,48.84523],[1.89595,48.84559],[1.89581,48.84581],[1.89533,48.84608],[1.89403,48.84648],[1.89362,48.84693],[1.89348,48.84724],[1.89307,48.84792],[1.893,48.84836],[1.89333,48.84926],[1.89332,48.84994],[1.89319,48.85003],[1.89284,48.8502],[1.8908,48.85033],[1.89046,48.85033],[1.89019,48.85015],[1.89006,48.84983],[1.88985,48.84974],[1.88944,48.84979],[1.88821,48.85014],[1.88589,48.85121],[1.88555,48.85125],[1.88467,48.85085],[1.88412,48.85076],[1.88358,48.85071],[1.88303,48.85084],[1.88001,48.85213],[1.87871,48.85276],[1.87758,48.85325]]}},
{"type":"Feature","properties":{"code_eu_md":"FRHR232B","name":"la Mauldre du confluent du Maldroit (exclu) au confluent de la Seine (exclu)","longueur":18717.0,"statut":"MEN","ordre":1,"etateco":"4","qmoyaval":null,"distmer":null,"distsrce":null,"gid":8780,"annee":"2009"},"geometry":{"type":"LineString","coordinates":[[1.87758,48.85325],[1.87809,48.85374],[1.87823,48.85392],[1.87815,48.85433],[1.87691,48.85594],[1.87623,48.85666],[1.87506,48.85773],[1.87478,48.85809],[1.87478,48.8584],[1.87498,48.85867],[1.87498,48.85903],[1.87477,48.8593],[1.87416,48.85962],[1.87388,48.85984],[1.87374,48.86015],[1.87374,48.86066],[1.87312,48.86128],[1.87305,48.86164],[1.87305,48.86196],[1.87318,48.86227],[1.87324,48.86335],[1.87296,48.86398],[1.87275,48.86506],[1.87233,48.86564],[1.87226,48.86586],[1.87171,48.8664],[1.87164,48.86667],[1.87178,48.86699],[1.87177,48.86762],[1.8719,48.8682],[1.87231,48.86865],[1.8725,48.86932],[1.87304,48.87],[1.87331,48.87023],[1.87378,48.87095],[1.87371,48.87126],[1.87316,48.87229],[1.87322,48.87256],[1.87349,48.87275],[1.87377,48.87283],[1.87417,48.87338],[1.87553,48.87401],[1.87552,48.87459],[1.87566,48.87469],[1.87566,48.87482],[1.87531,48.87491],[1.87524,48.87532],[1.87497,48.87554],[1.87497,48.87572],[1.8751,48.87581],[1.87565,48.8759],[1.87564,48.87608],[1.87551,48.87613],[1.87461,48.87599],[1.87441,48.87599],[1.8744,48.87617],[1.87481,48.87644],[1.87474,48.87662],[1.87467,48.87667],[1.87467,48.8772],[1.87412,48.87765],[1.87412,48.87797],[1.87398,48.87819],[1.87363,48.87846],[1.87343,48.87878],[1.87301,48.87909],[1.87254,48.87904],[1.87227,48.87908],[1.87206,48.87931],[1.87206,48.87944],[1.87164,48.88007],[1.87164,48.88034],[1.87184,48.88065],[1.87171,48.88097],[1.87102,48.88146],[1.87088,48.88177],[1.87087,48.88267],[1.87073,48.88335],[1.87052,48.88366],[1.87107,48.88393],[1.87106,48.88411],[1.87154,48.88425],[1.87167,48.88438],[1.8716,48.88483],[1.87126,48.8851],[1.87071,48.88541],[1.87057,48.88564],[1.8705,48.88631],[1.86988,48.88716],[1.8696,48.88779],[1.86925,48.88837],[1.86911,48.889],[1.86896,48.89098],[1.86881,48.89171],[1.8686,48.89224],[1.86814,48.89298],[1.86819,48.89319],[1.86818,48.89386],[1.86784,48.89422],[1.86756,48.89458],[1.86735,48.89498],[1.86734,48.89601],[1.86714,48.89615],[1.86645,48.89632],[1.86618,48.89646],[1.86611,48.89655],[1.86611,48.89682],[1.86568,48.89749],[1.86561,48.89785],[1.86581,48.8983],[1.86608,48.89857],[1.86615,48.89879],[1.86594,48.89898],[1.86505,48.89924],[1.86485,48.89938],[1.86396,48.89978],[1.86375,48.9],[1.86375,48.90045],[1.8636,48.90108],[1.86319,48.90148],[1.86312,48.9018],[1.86325,48.90202],[1.86339,48.90215],[1.8638,48.90225],[1.86407,48.90247],[1.86371,48.90382],[1.86351,48.90413],[1.86316,48.90445],[1.86289,48.90476],[1.86227,48.90516],[1.86179,48.90561],[1.86049,48.90641],[1.8598,48.90673],[1.85898,48.9069],[1.85857,48.90712],[1.85837,48.90735],[1.85741,48.90797],[1.85679,48.90824],[1.85651,48.90847],[1.8559,48.90877],[1.85562,48.90882],[1.85488,48.90868],[1.85474,48.9085],[1.8542,48.90828],[1.85352,48.90818],[1.85331,48.90827],[1.85331,48.90859],[1.85324,48.90868],[1.85297,48.90881],[1.85276,48.90899],[1.85269,48.90939],[1.85248,48.90975],[1.85041,48.9111],[1.84945,48.91146],[1.84904,48.91168],[1.8489,48.91181],[1.84869,48.91271],[1.84882,48.91316],[1.84882,48.91374],[1.84847,48.91433],[1.84799,48.91477],[1.84744,48.91545],[1.84716,48.91607],[1.84709,48.91657],[1.84756,48.9172],[1.84816,48.91855],[1.84815,48.91909],[1.84747,48.91931],[1.84706,48.91962],[1.84705,48.91985],[1.84807,48.92053],[1.84805,48.92246],[1.84791,48.92304],[1.84784,48.92318],[1.8477,48.92327],[1.84736,48.92371],[1.84722,48.92398],[1.84701,48.92421],[1.84687,48.9247],[1.84673,48.92492],[1.84598,48.92546],[1.84557,48.92559],[1.84488,48.92573],[1.84447,48.92586],[1.84399,48.92617],[1.84379,48.92644],[1.84241,48.92766],[1.84192,48.92819],[1.84171,48.9286],[1.84177,48.92882],[1.84198,48.92905],[1.84231,48.92932],[1.84272,48.92945],[1.84334,48.92986],[1.84389,48.93036],[1.84408,48.93117],[1.84407,48.93157],[1.84372,48.93207],[1.84344,48.93269],[1.84343,48.93328],[1.84316,48.93355],[1.84289,48.93363],[1.84104,48.93381],[1.8407,48.93399],[1.84049,48.93448],[1.84035,48.93461],[1.83967,48.93483],[1.83926,48.93506],[1.83905,48.93506],[1.83885,48.93497],[1.83851,48.93492],[1.83817,48.93505],[1.83782,48.93532],[1.83775,48.93563],[1.83775,48.93626],[1.83726,48.93676],[1.83712,48.93703],[1.83684,48.9377],[1.83677,48.93833],[1.83629,48.93896],[1.83621,48.93972],[1.83524,48.9412],[1.83455,48.94169],[1.83448,48.94214],[1.83427,48.94254],[1.83414,48.94268],[1.83412,48.94403],[1.83378,48.94462],[1.8337,48.94507],[1.8335,48.94538],[1.83349,48.94565],[1.83342,48.94601],[1.83265,48.94645],[1.83245,48.94672],[1.83238,48.9469],[1.83196,48.94717],[1.83189,48.94735],[1.83155,48.94748],[1.83114,48.9477],[1.83107,48.94793],[1.83127,48.94815],[1.83134,48.94851],[1.83099,48.9491],[1.83092,48.94959],[1.83071,48.94991],[1.8303,48.95022],[1.82954,48.95125],[1.82926,48.95174],[1.82884,48.95228],[1.82856,48.95304],[1.82794,48.95394],[1.8278,48.95421],[1.82739,48.95474],[1.82635,48.95649],[1.82614,48.95721],[1.82544,48.95838],[1.8253,48.9591],[1.82486,48.95963],[1.82474,48.95995],[1.82385,48.96094],[1.82364,48.96129],[1.82336,48.96202],[1.82301,48.96237],[1.82294,48.96282],[1.8221,48.96336],[1.82196,48.96354],[1.82189,48.96385],[1.82196,48.96408],[1.82243,48.96439],[1.82257,48.96466],[1.82263,48.96493],[1.82277,48.96516],[1.82311,48.96534],[1.82345,48.96556],[1.82378,48.96602],[1.82384,48.96673],[1.82363,48.96732],[1.82363,48.96777],[1.82349,48.96817],[1.82334,48.96966],[1.82271,48.9714],[1.82269,48.97262],[1.82262,48.97357],[1.82199,48.97514],[1.82157,48.97554],[1.82143,48.97554],[1.82041,48.97531],[1.8196,48.97495],[1.81844,48.97467],[1.81742,48.97435],[1.81708,48.97407],[1.81702,48.97381],[1.81695,48.97372],[1.81606,48.97335],[1.81525,48.97281],[1.81464,48.97258],[1.81423,48.97253],[1.81402,48.97258],[1.81341,48.97289],[1.81265,48.97316],[1.81252,48.97293],[1.81218,48.97257],[1.81144,48.97212],[1.81021,48.97166],[1.80727,48.97098],[1.804,48.97006],[1.80108,48.96929],[1.80012,48.96915],[1.79944,48.96914],[1.79766,48.96927],[1.79647,48.96952],[1.79158,48.96983]]}},
{"type":"Feature","properties":{"code_eu_md":"FRHR232B-H3052000","name":"ru de gally","longueur":21873.0,"statut":"MEN","ordre":2,"etateco":"5","qmoyaval":null,"distmer":null,"distsrce":null,"gid":8781,"annee":"2009"},"geometry":{"type":"LineString","coordinates":[[2.09926,48.81093],[2.09817,48.81175],[2.09803,48.81197],[2.09905,48.81369],[2.09905,48.81405],[2.09891,48.81422],[2.09761,48.81494],[2.09462,48.81592],[2.09393,48.81628],[2.09291,48.81686],[2.09106,48.81848],[2.09072,48.8187],[2.08956,48.81906],[2.08854,48.81924],[2.08745,48.81914],[2.08711,48.81914],[2.0846,48.819],[2.08249,48.81882],[2.08126,48.81882],[2.08051,48.81891],[2.07982,48.81913],[2.07757,48.8202],[2.07586,48.82114],[2.07579,48.82114],[2.07525,48.8215],[2.07463,48.82217],[2.07436,48.82235],[2.07191,48.82271],[2.07095,48.82306],[2.06931,48.82405],[2.06597,48.82517],[2.06515,48.8257],[2.06508,48.8266],[2.06494,48.82701],[2.06453,48.8275],[2.06392,48.82808],[2.06371,48.82839],[2.06323,48.8288],[2.06227,48.82969],[2.062,48.82987],[2.06159,48.82996],[2.0601,48.82964],[2.05947,48.8296],[2.05674,48.83017],[2.05266,48.83088],[2.05191,48.83124],[2.05081,48.83277],[2.05033,48.83326],[2.04958,48.83344],[2.04856,48.83353],[2.04658,48.83348],[2.04536,48.83334],[2.04461,48.83347],[2.04338,48.83347],[2.04257,48.8336],[2.04127,48.83414],[2.03922,48.83526],[2.03839,48.83552],[2.03757,48.83561],[2.03594,48.83565],[2.03267,48.83546],[2.03002,48.83519],[2.02723,48.83505],[2.02505,48.83513],[2.02376,48.83513],[2.02273,48.8353],[2.02185,48.8353],[2.02097,48.83498],[2.01981,48.83435],[2.01879,48.83399],[2.01845,48.83394],[2.01764,48.83399],[2.01648,48.83421],[2.01525,48.83457],[2.01326,48.83546],[2.01175,48.83631],[2.01121,48.83684],[2.011,48.8372],[2.01072,48.83815],[2.01071,48.83931],[2.01078,48.84003],[2.01064,48.8403],[2.0103,48.84057],[2.00961,48.84088],[2.00893,48.84133],[2.00824,48.84227],[2.00742,48.84281],[2.0064,48.8429],[2.00586,48.84303],[2.00497,48.84361],[2.00197,48.84468],[2.00169,48.84468],[2.00142,48.84446],[2.00122,48.84437],[2.00095,48.84437],[2.0004,48.84459],[1.9987,48.84503],[1.99794,48.84544],[1.99588,48.84638],[1.99513,48.84683],[1.99472,48.84728],[1.99471,48.84782],[1.99485,48.848],[1.99485,48.84858],[1.99477,48.84885],[1.9947,48.84979],[1.99463,48.84997],[1.99395,48.85029],[1.99177,48.85028],[1.99143,48.85041],[1.99115,48.8506],[1.99088,48.85059],[1.98932,48.85018],[1.98857,48.85014],[1.98789,48.85005],[1.98734,48.85004],[1.98721,48.85018],[1.987,48.85049],[1.98686,48.85126],[1.98665,48.85148],[1.98638,48.85211],[1.98597,48.8526],[1.98569,48.85282],[1.9846,48.85282],[1.98202,48.85241],[1.98113,48.85241],[1.98025,48.85263],[1.97983,48.85294],[1.97963,48.85316],[1.97942,48.85366],[1.97908,48.85397],[1.97833,48.85451],[1.97805,48.8546],[1.97764,48.85455],[1.97683,48.85428],[1.97647,48.85428],[1.97395,48.85445],[1.97327,48.85436],[1.97219,48.85413],[1.9711,48.85404],[1.96987,48.85399],[1.96974,48.85372],[1.9694,48.85358],[1.96865,48.85349],[1.96722,48.85349],[1.96654,48.85357],[1.96633,48.85371],[1.96613,48.85398],[1.96585,48.85402],[1.96497,48.85397],[1.963,48.85361],[1.96245,48.85343],[1.96191,48.85306],[1.96109,48.85287],[1.96089,48.85274],[1.96089,48.85243],[1.96028,48.85229],[1.95804,48.85215],[1.95545,48.85191],[1.9517,48.85145],[1.94965,48.85136],[1.94774,48.85171],[1.94563,48.85197],[1.94454,48.85188],[1.944,48.85178],[1.94366,48.8517],[1.94298,48.85129],[1.94223,48.85124],[1.94148,48.85133],[1.94046,48.85169],[1.93964,48.85209],[1.93868,48.85208],[1.93767,48.85172],[1.93638,48.85131],[1.93556,48.85131],[1.93304,48.85166],[1.93215,48.85175],[1.92943,48.8516],[1.92485,48.8515],[1.91975,48.85125],[1.91907,48.85107],[1.91859,48.85067],[1.91689,48.85071],[1.91641,48.85084],[1.91532,48.85156],[1.91498,48.8516],[1.91416,48.85159],[1.91334,48.85173],[1.91245,48.85204],[1.91197,48.85235],[1.91177,48.85271],[1.91176,48.85424],[1.91155,48.85446],[1.91073,48.85495],[1.9097,48.8554],[1.90922,48.85571],[1.90908,48.85616],[1.90922,48.85643],[1.91023,48.85729],[1.91158,48.85828],[1.91328,48.85977],[1.91375,48.86013],[1.91409,48.86063],[1.91408,48.86112],[1.9136,48.86166],[1.91278,48.8621],[1.91223,48.86233],[1.91086,48.86232],[1.91058,48.86246],[1.9101,48.8629],[1.90976,48.86335],[1.90962,48.86371],[1.90962,48.86403],[1.909,48.86474],[1.90783,48.86541],[1.90708,48.86563],[1.90558,48.86594],[1.90231,48.86643],[1.90149,48.8666],[1.90094,48.86683],[1.90019,48.86723],[1.8993,48.86754],[1.89869,48.86762],[1.8974,48.86753],[1.89658,48.86739],[1.89453,48.86797],[1.89337,48.86837],[1.89253,48.86891],[1.8924,48.86904],[1.89164,48.86953],[1.88939,48.8706],[1.88822,48.87141],[1.88726,48.87249],[1.88719,48.87276],[1.88691,48.87334],[1.88657,48.87361],[1.88554,48.8741],[1.88397,48.87441],[1.88336,48.87459],[1.88301,48.87477],[1.8826,48.87521],[1.88212,48.87553],[1.88158,48.8757],[1.88076,48.87611],[1.88028,48.87624],[1.87959,48.87673],[1.87905,48.87686],[1.87809,48.87699],[1.87741,48.87731],[1.87659,48.87757],[1.87583,48.87775],[1.87548,48.87766],[1.87528,48.87757],[1.87528,48.87748],[1.87508,48.8773],[1.87467,48.8772]]}},
{"type":"Feature","properties":{"code_eu_md":"FRHR233","name":"la Vaucouleurs de sa source au confluent de la Seine (exclu)","longueur":22052.0,"statut":"MEN","ordre":1,"etateco":"3","qmoyaval":null,"distmer":null,"distsrce":null,"gid":8782,"annee":"2009"},"geometry":{"type":"LineString","coordinates":[[1.56303,48.88172],[1.56239,48.88107],[1.56189,48.88026],[1.56256,48.87857],[1.56367,48.87831],[1.56572,48.87774],[1.56654,48.87738],[1.5673,48.87689],[1.56833,48.876],[1.5693,48.87524],[1.56985,48.87475],[1.56992,48.87453],[1.56979,48.87439],[1.56973,48.87408],[1.56993,48.87381],[1.57145,48.87274],[1.57207,48.87211],[1.57255,48.87176],[1.5731,48.87158],[1.57549,48.87115],[1.57699,48.8708],[1.5783,48.87063],[1.57885,48.87059],[1.57919,48.87063],[1.5798,48.8705],[1.58049,48.8701],[1.58138,48.86988],[1.58459,48.86968],[1.58534,48.8695],[1.58595,48.86977],[1.58697,48.86996],[1.58846,48.87011],[1.59308,48.87104],[1.59376,48.87127],[1.59607,48.87178],[1.59797,48.87238],[1.59865,48.87238],[1.60015,48.87212],[1.60069,48.87221],[1.60117,48.8724],[1.60356,48.87263],[1.60404,48.87273],[1.6054,48.87283],[1.60621,48.87319],[1.60696,48.8736],[1.60723,48.87365],[1.6077,48.87365],[1.60839,48.87352],[1.60879,48.87384],[1.60913,48.87402],[1.60926,48.87415],[1.60925,48.87478],[1.60959,48.87519],[1.6106,48.87582],[1.61209,48.87633],[1.61277,48.87683],[1.61391,48.87797],[1.61438,48.87855],[1.61471,48.8791],[1.61512,48.87932],[1.61682,48.87942],[1.61729,48.87965],[1.61796,48.88055],[1.61897,48.88137],[1.62025,48.88277],[1.62072,48.88349],[1.62085,48.88376],[1.62091,48.88407],[1.62111,48.88426],[1.62193,48.88476],[1.62362,48.88531],[1.62679,48.88754],[1.6276,48.88835],[1.62807,48.88858],[1.62977,48.88926],[1.63085,48.88958],[1.63208,48.88982],[1.63248,48.89004],[1.63261,48.89045],[1.63282,48.89063],[1.63363,48.89117],[1.63403,48.89149],[1.63423,48.89176],[1.63457,48.89189],[1.63545,48.89208],[1.63599,48.89244],[1.63647,48.89267],[1.63667,48.89263],[1.63722,48.89223],[1.63798,48.89209],[1.63839,48.89187],[1.64037,48.89161],[1.64284,48.89158],[1.64324,48.8915],[1.64365,48.8915],[1.64399,48.89173],[1.64453,48.89186],[1.64658,48.89197],[1.64719,48.89206],[1.64855,48.89189],[1.64876,48.89212],[1.64876,48.89226],[1.64944,48.89199],[1.64972,48.89177],[1.64992,48.89149],[1.65027,48.89131],[1.65074,48.89132],[1.65101,48.89159],[1.65135,48.89173],[1.65189,48.89205],[1.65277,48.89246],[1.65277,48.89291],[1.65344,48.89336],[1.65412,48.89368],[1.65569,48.89364],[1.65644,48.89356],[1.6576,48.89334],[1.65828,48.89312],[1.65869,48.89317],[1.66039,48.89376],[1.66073,48.89376],[1.66155,48.89354],[1.66189,48.89355],[1.66209,48.89363],[1.66243,48.89391],[1.66283,48.8944],[1.66311,48.89454],[1.66344,48.89459],[1.66358,48.89472],[1.66371,48.89522],[1.66425,48.89553],[1.66608,48.8964],[1.66648,48.89671],[1.66675,48.89703],[1.66696,48.89717],[1.66723,48.89726],[1.66811,48.89726],[1.66824,48.89758],[1.66851,48.89799],[1.66946,48.89872],[1.66986,48.89935],[1.67047,48.89962],[1.67081,48.89985],[1.67087,48.90007],[1.67052,48.90093],[1.67051,48.90129],[1.67038,48.90133],[1.67009,48.90241],[1.67001,48.90313],[1.66966,48.90411],[1.66985,48.90533],[1.66998,48.9056],[1.67066,48.90614],[1.67086,48.90623],[1.67086,48.90632],[1.67126,48.90664],[1.67193,48.90795],[1.67199,48.90871],[1.67219,48.90911],[1.67218,48.90988],[1.67231,48.91019],[1.67237,48.91091],[1.67243,48.91105],[1.67325,48.9116],[1.67358,48.91228],[1.67439,48.913],[1.67438,48.91363],[1.67444,48.91381],[1.67485,48.91422],[1.67491,48.9144],[1.67552,48.91507],[1.67593,48.9153],[1.67654,48.91535],[1.67776,48.91558],[1.67898,48.91599],[1.67939,48.91626],[1.67966,48.91658],[1.68034,48.91694],[1.68074,48.91726],[1.68142,48.91754],[1.68196,48.91763],[1.68333,48.91763],[1.6836,48.91773],[1.68461,48.91827],[1.68502,48.91859],[1.6855,48.91872],[1.68584,48.91868],[1.68639,48.91841],[1.68769,48.91883],[1.68823,48.91937],[1.68821,48.91968],[1.6878,48.9199],[1.68752,48.92013],[1.68752,48.92036],[1.68792,48.92081],[1.68792,48.92117],[1.68805,48.92189],[1.68818,48.92203],[1.68818,48.92221],[1.68825,48.92226],[1.68884,48.9237],[1.68911,48.92419],[1.6891,48.92468],[1.68937,48.92505],[1.69011,48.92564],[1.69011,48.92608],[1.69038,48.92617],[1.69086,48.92622],[1.69126,48.92654],[1.69153,48.92686],[1.6916,48.92713],[1.69227,48.92762],[1.69277,48.92817],[1.69265,48.92898],[1.69297,48.92946],[1.69314,48.92986],[1.69303,48.93024],[1.69291,48.93103],[1.69277,48.93127],[1.69256,48.93185],[1.69255,48.93235],[1.69234,48.9328],[1.69248,48.93312],[1.69247,48.93357],[1.69233,48.93401],[1.69239,48.93411],[1.69232,48.93473],[1.69156,48.93545],[1.69176,48.93626],[1.69195,48.93666],[1.69249,48.93725],[1.69398,48.93861],[1.69397,48.93933],[1.6939,48.93941],[1.69383,48.93964],[1.6941,48.93995],[1.69409,48.94063],[1.69436,48.9409],[1.69448,48.9418],[1.69462,48.94194],[1.69529,48.94239],[1.69658,48.94298],[1.69685,48.94316],[1.69699,48.94343],[1.69684,48.9441],[1.6967,48.94437],[1.69663,48.94479],[1.69642,48.9451],[1.69635,48.94541],[1.69641,48.94559],[1.69722,48.94668],[1.69769,48.94722],[1.69823,48.94749],[1.69905,48.94763],[1.69946,48.94781],[1.69959,48.94817],[1.69986,48.94844],[1.70101,48.94917],[1.70168,48.94994],[1.70256,48.95034],[1.70338,48.95053],[1.70447,48.95062],[1.7059,48.95085],[1.70739,48.95167],[1.70779,48.95212],[1.70799,48.95266],[1.7088,48.95366],[1.70906,48.95443],[1.71001,48.9556],[1.71006,48.95673],[1.71026,48.95704],[1.71025,48.95758],[1.71039,48.95794],[1.71045,48.95857],[1.71024,48.95893],[1.71037,48.95924],[1.71036,48.96001],[1.71029,48.96032],[1.70994,48.96118],[1.70972,48.96234],[1.71013,48.96243],[1.71033,48.96253],[1.71033,48.96298],[1.71059,48.96365],[1.71024,48.96396],[1.71017,48.96423],[1.7103,48.96455],[1.71043,48.96554],[1.71124,48.96612],[1.71192,48.96672],[1.71232,48.96726],[1.71252,48.96762],[1.71279,48.96789],[1.71333,48.96803],[1.71381,48.96858],[1.71474,48.97024],[1.71493,48.97114],[1.7152,48.97181],[1.71526,48.97258],[1.71539,48.97308],[1.71566,48.97371],[1.71571,48.97492],[1.71604,48.97546],[1.71631,48.97627],[1.71651,48.9765],[1.71705,48.97677],[1.71841,48.97728],[1.71963,48.97791],[1.72051,48.97846],[1.72099,48.97882],[1.7218,48.97918],[1.72228,48.9795],[1.72254,48.97991],[1.72324,48.98019],[1.72358,48.98137],[1.72379,48.98151],[1.72438,48.98145],[1.72647,48.98138],[1.72887,48.98156]]}},
{"type":"Feature","properties":{"code_eu_md":"FRHR233-H3072000","name":"ru d'ouville","longueur":10171.0,"statut":"MEN","ordre":2,"etateco":"3","qmoyaval":null,"distmer":null,"distsrce":null,"gid":8783,"annee":"2009"},"geometry":{"type":"LineString","coordinates":[[1.56571,48.94451],[1.56619,48.94407],[1.56743,48.94327],[1.56832,48.94287],[1.56887,48.94242],[1.56908,48.94211],[1.56923,48.94153],[1.56965,48.94094],[1.57075,48.94019],[1.57069,48.93992],[1.57001,48.93924],[1.57001,48.9391],[1.57167,48.93821],[1.57297,48.93768],[1.57372,48.93746],[1.57502,48.93716],[1.57564,48.93689],[1.57786,48.93515],[1.57807,48.93489],[1.57796,48.93349],[1.57776,48.93281],[1.57723,48.93191],[1.57717,48.93146],[1.57731,48.93114],[1.57842,48.93003],[1.57883,48.92976],[1.57951,48.92958],[1.58088,48.92937],[1.58341,48.92858],[1.58397,48.92822],[1.58432,48.92759],[1.58501,48.92706],[1.58508,48.92688],[1.58501,48.92656],[1.58448,48.92548],[1.58382,48.9244],[1.58301,48.9239],[1.5803,48.92276],[1.57976,48.92244],[1.57901,48.92194],[1.57874,48.92158],[1.57841,48.9209],[1.57782,48.91932],[1.57736,48.91828],[1.57709,48.91783],[1.5771,48.91747],[1.57724,48.91729],[1.57793,48.91689],[1.57813,48.9168],[1.57813,48.91676],[1.57972,48.91627],[1.5802,48.91623],[1.58115,48.91629],[1.58245,48.91647],[1.5832,48.91643],[1.58422,48.9163],[1.58504,48.91599],[1.58573,48.9155],[1.58594,48.91515],[1.58603,48.91411],[1.58623,48.91389],[1.58699,48.91336],[1.58831,48.91188],[1.58865,48.91157],[1.59092,48.9101],[1.59182,48.90979],[1.59195,48.90965],[1.59197,48.90867],[1.59184,48.90786],[1.59198,48.9075],[1.5922,48.90732],[1.59303,48.90683],[1.59584,48.90563],[1.59605,48.90541],[1.59599,48.9051],[1.59552,48.90442],[1.59532,48.90406],[1.59539,48.9037],[1.59574,48.90325],[1.59671,48.9025],[1.59719,48.90173],[1.59733,48.9016],[1.59815,48.90125],[1.59836,48.90102],[1.5983,48.90062],[1.59777,48.89972],[1.59784,48.8994],[1.59805,48.89927],[1.59805,48.89914],[1.59818,48.89914],[1.59935,48.89847],[1.59977,48.89811],[1.59977,48.89802],[1.60059,48.89776],[1.60093,48.89771],[1.60168,48.89786],[1.60216,48.89763],[1.60284,48.89755],[1.60346,48.89755],[1.60626,48.89815],[1.60694,48.89816],[1.60892,48.89754],[1.61043,48.89678],[1.61118,48.89661],[1.61234,48.89671],[1.61364,48.8964],[1.61419,48.8964],[1.61493,48.89659],[1.61671,48.89655],[1.61745,48.89669],[1.61773,48.89665],[1.618,48.89643],[1.61863,48.89571],[1.61938,48.89499],[1.61987,48.89477],[1.62102,48.89469],[1.62164,48.89443],[1.62226,48.89434],[1.62274,48.89421],[1.62357,48.89426],[1.62418,48.89444],[1.62424,48.89462],[1.62438,48.89471],[1.62506,48.8948],[1.62553,48.89494],[1.62601,48.89499],[1.62751,48.89482],[1.63373,48.89396],[1.63495,48.89401],[1.63578,48.89343],[1.63647,48.89281],[1.63647,48.89267]]}},
{"type":"Feature","properties":{"code_eu_md":"FRHR233-H3074000","name":"la flexanville","longueur":11124.0,"statut":"MEN","ordre":2,"etateco":"4","qmoyaval":null,"distmer":null,"distsrce":null,"gid":8784,"annee":"2009"},"geometry":{"type":"LineString","coordinates":[[1.76071,48.85843],[1.75969,48.85775],[1.75915,48.85752],[1.75833,48.85743],[1.75683,48.85742],[1.75616,48.8571],[1.75534,48.85692],[1.75303,48.85695],[1.75166,48.85713],[1.75146,48.85704],[1.75147,48.85618],[1.75113,48.85595],[1.75025,48.85573],[1.74943,48.85559],[1.74909,48.85536],[1.74883,48.85491],[1.74849,48.85454],[1.74763,48.85278],[1.74716,48.8522],[1.74661,48.85184],[1.74628,48.85138],[1.7452,48.85066],[1.74466,48.85012],[1.74358,48.8489],[1.74346,48.84818],[1.74319,48.84786],[1.74299,48.84773],[1.73985,48.84758],[1.73958,48.84749],[1.73938,48.84735],[1.73931,48.84717],[1.73911,48.84708],[1.73521,48.84755],[1.73378,48.84804],[1.73316,48.84795],[1.73228,48.84794],[1.73125,48.84816],[1.73057,48.8482],[1.72941,48.84851],[1.72763,48.84904],[1.72449,48.85019],[1.72347,48.85028],[1.71951,48.8512],[1.71888,48.85147],[1.71887,48.8517],[1.71853,48.85214],[1.71812,48.85245],[1.71777,48.85259],[1.71696,48.85258],[1.71545,48.85298],[1.71491,48.8532],[1.71361,48.85364],[1.71347,48.85391],[1.71285,48.85436],[1.71237,48.85458],[1.71189,48.85489],[1.71107,48.85552],[1.71045,48.85592],[1.70908,48.85641],[1.70874,48.85672],[1.70812,48.85716],[1.7075,48.85743],[1.70415,48.85849],[1.70313,48.85876],[1.70285,48.85875],[1.70285,48.85884],[1.70208,48.85947],[1.7016,48.86027],[1.70014,48.86229],[1.6991,48.8639],[1.69889,48.86444],[1.69854,48.8648],[1.69812,48.86565],[1.69846,48.86592],[1.69866,48.86624],[1.69885,48.86714],[1.69899,48.86723],[1.69892,48.86759],[1.69844,48.86772],[1.69666,48.8687],[1.69624,48.86915],[1.69583,48.86946],[1.69514,48.86972],[1.6946,48.86985],[1.69378,48.86985],[1.69317,48.86998],[1.69193,48.87065],[1.69145,48.87101],[1.69097,48.87128],[1.69061,48.87168],[1.69019,48.8723],[1.68957,48.87293],[1.68916,48.8732],[1.6882,48.87346],[1.68732,48.87346],[1.6863,48.87341],[1.68561,48.87363],[1.68479,48.87416],[1.68458,48.87447],[1.68444,48.87488],[1.68444,48.87506],[1.68457,48.87519],[1.68477,48.8756],[1.68476,48.87632],[1.68448,48.87668],[1.68434,48.87708],[1.6842,48.8773],[1.68338,48.87793],[1.68269,48.87815],[1.68228,48.87846],[1.68207,48.87891],[1.68186,48.87977],[1.68177,48.88112],[1.68122,48.88157],[1.68094,48.88188],[1.68094,48.88215],[1.68121,48.88246],[1.68127,48.88292],[1.68161,48.88327],[1.6816,48.88395],[1.68146,48.88453],[1.68104,48.88538],[1.68074,48.88579],[1.67972,48.88619],[1.67944,48.88636],[1.6793,48.88663],[1.67929,48.88762],[1.67949,48.8883],[1.67961,48.88956],[1.67959,48.8905],[1.67931,48.89122],[1.6789,48.89184],[1.67862,48.89215],[1.67847,48.89305],[1.67812,48.89368],[1.67771,48.89422],[1.67695,48.89471],[1.67627,48.89502],[1.67626,48.89511],[1.67606,48.89511],[1.67524,48.89546],[1.67489,48.89577],[1.67433,48.89677],[1.67316,48.89775],[1.67303,48.89779],[1.67302,48.89797],[1.67275,48.89847],[1.67226,48.8991],[1.67121,48.8999],[1.67087,48.90007]]}},
{"type":"Feature","properties":{"code_eu_md":"FRHR233-H3075150","name":"ru morand","longueur":7719.0,"statut":"MEN","ordre":2,"etateco":"3","qmoyaval":null,"distmer":null,"distsrce":null,"gid":8785,"annee":"2009"},"geometry":{"type":"LineString","coordinates":[[1.60266,48.94748],[1.60337,48.94829],[1.60404,48.94889],[1.60447,48.94908],[1.61004,48.94669],[1.6119,48.94607],[1.61238,48.94558],[1.61293,48.94527],[1.61464,48.94483],[1.61505,48.9446],[1.6156,48.94443],[1.6169,48.94444],[1.61745,48.94439],[1.61854,48.94418],[1.61875,48.94404],[1.62121,48.94312],[1.6217,48.94285],[1.62218,48.94267],[1.62279,48.94267],[1.6234,48.94277],[1.62402,48.94277],[1.62478,48.94255],[1.62574,48.94216],[1.62561,48.94184],[1.62616,48.94157],[1.62698,48.94126],[1.62753,48.94118],[1.62862,48.94118],[1.6291,48.9411],[1.63218,48.94035],[1.63436,48.94032],[1.63648,48.93994],[1.63765,48.93976],[1.63805,48.93976],[1.6388,48.9399],[1.63983,48.93996],[1.64037,48.93991],[1.64133,48.93974],[1.64134,48.9392],[1.64154,48.9392],[1.64181,48.93929],[1.64223,48.93938],[1.64333,48.93872],[1.64649,48.93743],[1.64793,48.93703],[1.65287,48.93486],[1.65452,48.93388],[1.65658,48.93291],[1.65706,48.93273],[1.65796,48.9326],[1.66007,48.93279],[1.66082,48.93302],[1.66305,48.93447],[1.6638,48.93465],[1.66461,48.93475],[1.66673,48.93467],[1.66727,48.93476],[1.66754,48.93504],[1.6704,48.93572],[1.67121,48.93604],[1.67217,48.9361],[1.67264,48.93628],[1.67325,48.93664],[1.67434,48.93678],[1.67495,48.9371],[1.67596,48.93796],[1.67651,48.93815],[1.67739,48.93833],[1.67848,48.93893],[1.68208,48.93948],[1.68604,48.94054],[1.68658,48.94063],[1.6874,48.94059],[1.68843,48.94024],[1.68946,48.93979],[1.69008,48.93971],[1.69089,48.93975],[1.6917,48.93975],[1.69178,48.93984],[1.69302,48.94004],[1.6941,48.93995]]}},
{"type":"Feature","properties":{"code_eu_md":"FRHR235","name":"L'Epte du confluent du ru de Goulancourt (exclu) au confluent de la Troesne (exclu)","longueur":28719.0,"statut":"MEN","ordre":1,"etateco":"3","qmoyaval":null,"distmer":null,"distsrce":null,"gid":8794,"annee":"2009"},"geometry":{"type":"LineString","coordinates":[[1.75193,49.45394],[1.752,49.4534],[1.75173,49.45312],[1.75166,49.45313],[1.75166,49.45304],[1.75153,49.4529],[1.75139,49.45245],[1.75023,49.45204],[1.74982,49.45177],[1.7481,49.45118],[1.74769,49.451],[1.747,49.45099],[1.74672,49.45117],[1.74595,49.45126],[1.74429,49.45192],[1.74353,49.45174],[1.74333,49.45165],[1.74298,49.45164],[1.74257,49.45133],[1.74176,49.45043],[1.74162,49.45034],[1.7408,49.44997],[1.73977,49.44943],[1.73908,49.44929],[1.73785,49.44888],[1.73696,49.44829],[1.73655,49.44788],[1.73642,49.44765],[1.73642,49.44693],[1.73595,49.44603],[1.73575,49.44581],[1.73534,49.44549],[1.73459,49.44468],[1.73377,49.44445],[1.73232,49.44453],[1.73129,49.44408],[1.73129,49.44381],[1.73149,49.4436],[1.73171,49.44327],[1.73241,49.44296],[1.73248,49.44251],[1.73297,49.44229],[1.7327,49.44188],[1.73263,49.44157],[1.73339,49.44126],[1.73333,49.44108],[1.73278,49.44062],[1.73244,49.44039],[1.73154,49.44039],[1.7314,49.44052],[1.73099,49.44061],[1.73037,49.44083],[1.72904,49.44141],[1.72841,49.44154],[1.72807,49.44154],[1.72738,49.4419],[1.7271,49.44195],[1.72669,49.44184],[1.72594,49.44143],[1.72497,49.44148],[1.72449,49.44129],[1.72449,49.44098],[1.72498,49.44044],[1.72402,49.44012],[1.7241,49.43968],[1.72376,49.43927],[1.72362,49.439],[1.72363,49.43846],[1.72384,49.43792],[1.72392,49.43734],[1.72406,49.43693],[1.724,49.43658],[1.72366,49.43613],[1.72359,49.43572],[1.72361,49.43478],[1.7232,49.43446],[1.72299,49.43418],[1.72293,49.43391],[1.72287,49.43324],[1.72259,49.43292],[1.72267,49.43265],[1.72302,49.43225],[1.72337,49.43131],[1.72331,49.43054],[1.72283,49.43041],[1.7227,49.43023],[1.72242,49.43004],[1.72208,49.42951],[1.72223,49.42924],[1.72285,49.42879],[1.72292,49.4287],[1.72299,49.42834],[1.72313,49.42807],[1.72363,49.42772],[1.7233,49.42709],[1.7222,49.42614],[1.72117,49.42541],[1.7209,49.42495],[1.72078,49.42378],[1.72092,49.42356],[1.72169,49.42334],[1.72397,49.42246],[1.72405,49.42228],[1.72405,49.42214],[1.72343,49.42174],[1.7233,49.4216],[1.72323,49.42128],[1.7231,49.42101],[1.72248,49.42079],[1.72207,49.42056],[1.72193,49.42038],[1.72242,49.42016],[1.72242,49.41993],[1.72181,49.41948],[1.7216,49.41903],[1.72092,49.41862],[1.72065,49.41821],[1.72017,49.41808],[1.71873,49.41788],[1.71803,49.41757],[1.71707,49.41738],[1.71645,49.4172],[1.71625,49.41702],[1.71611,49.41675],[1.71598,49.41598],[1.71578,49.41571],[1.71503,49.41508],[1.71497,49.41476],[1.71518,49.41432],[1.71519,49.41328],[1.71533,49.41279],[1.71541,49.41221],[1.71563,49.41194],[1.7157,49.41167],[1.71584,49.41162],[1.71578,49.41104],[1.71592,49.4109],[1.71592,49.41063],[1.7149,49.4099],[1.71427,49.40981],[1.71399,49.40963],[1.71386,49.40918],[1.71352,49.40891],[1.71263,49.40855],[1.71174,49.40791],[1.71106,49.40764],[1.71016,49.4075],[1.70783,49.40677],[1.70736,49.40649],[1.70737,49.40555],[1.70751,49.40488],[1.70765,49.40479],[1.708,49.40475],[1.708,49.40484],[1.70834,49.40488],[1.70875,49.40462],[1.70904,49.40422],[1.70917,49.40413],[1.70945,49.40368],[1.70959,49.40354],[1.70994,49.4035],[1.71029,49.4031],[1.71029,49.40264],[1.71043,49.40241],[1.71086,49.40215],[1.71176,49.40229],[1.71231,49.40193],[1.71266,49.40148],[1.71315,49.40113],[1.71377,49.40099],[1.71536,49.40056],[1.7155,49.40042],[1.7155,49.40019],[1.71578,49.40002],[1.71619,49.39998],[1.71674,49.4002],[1.71715,49.40029],[1.71708,49.40025],[1.71784,49.39985],[1.71867,49.39963],[1.71888,49.3994],[1.71889,49.39891],[1.71868,49.39869],[1.71841,49.39855],[1.71738,49.39836],[1.71697,49.39823],[1.71677,49.39796],[1.7167,49.39773],[1.71691,49.3976],[1.71698,49.39701],[1.71726,49.39684],[1.71802,49.39657],[1.7183,49.39617],[1.71824,49.39563],[1.71852,49.39541],[1.71886,49.39554],[1.71934,49.39563],[1.71982,49.3955],[1.7201,49.39533],[1.72031,49.3951],[1.7204,49.39483],[1.7204,49.3942],[1.72061,49.39398],[1.72109,49.39389],[1.72123,49.3938],[1.72131,49.39326],[1.72179,49.39309],[1.72435,49.39243],[1.72773,49.3915],[1.72801,49.39146],[1.72869,49.39164],[1.72897,49.39141],[1.72897,49.39097],[1.72912,49.39074],[1.72939,49.3907],[1.73001,49.39088],[1.73021,49.39079],[1.73036,49.39057],[1.73036,49.3903],[1.73023,49.38975],[1.7305,49.38966],[1.73114,49.38962],[1.73162,49.38949],[1.73211,49.38922],[1.73225,49.389],[1.73287,49.38855],[1.73301,49.38819],[1.73302,49.38774],[1.73316,49.38766],[1.73358,49.38699],[1.73372,49.38662],[1.73407,49.38609],[1.73442,49.38564],[1.73442,49.38533],[1.73463,49.38515],[1.73484,49.3851],[1.73525,49.38524],[1.73552,49.38519],[1.7358,49.38493],[1.73588,49.38466],[1.7363,49.38376],[1.73651,49.38354],[1.73844,49.38251],[1.73927,49.38225],[1.74024,49.38189],[1.74137,49.38109],[1.74164,49.3811],[1.74191,49.38118],[1.74246,49.38159],[1.74287,49.38168],[1.74322,49.38155],[1.74495,49.38008],[1.74496,49.37954],[1.74504,49.37891],[1.74525,49.37873],[1.74525,49.37864],[1.74546,49.37841],[1.74622,49.37801],[1.7465,49.37756],[1.74657,49.37729],[1.7461,49.37662],[1.74589,49.37643],[1.74562,49.3763],[1.74562,49.37608],[1.7459,49.37589],[1.74686,49.37572],[1.74714,49.37563],[1.74728,49.37519],[1.7477,49.37478],[1.74777,49.37451],[1.74764,49.37411],[1.74743,49.37384],[1.74744,49.37339],[1.74751,49.37316],[1.74765,49.37299],[1.74772,49.37263],[1.74759,49.37222],[1.74773,49.37195],[1.74835,49.37151],[1.7487,49.37151],[1.74897,49.37173],[1.74932,49.37174],[1.74981,49.37138],[1.75003,49.37093],[1.75024,49.37066],[1.75189,49.37076],[1.75244,49.37054],[1.75292,49.37059],[1.75326,49.37077],[1.75346,49.37104],[1.75381,49.37117],[1.75511,49.37118],[1.75697,49.37092],[1.75711,49.37078],[1.75712,49.37043],[1.75685,49.37002],[1.75637,49.36962],[1.75638,49.36912],[1.75658,49.36885],[1.75727,49.3689],[1.75755,49.36881],[1.75776,49.36841],[1.75817,49.36819],[1.75914,49.36837],[1.75948,49.36819],[1.75948,49.36797],[1.75935,49.36787],[1.75832,49.36773],[1.75811,49.36751],[1.75825,49.36738],[1.75894,49.36734],[1.75894,49.36711],[1.75881,49.36688],[1.75943,49.36643],[1.75978,49.36639],[1.76103,49.36635],[1.76103,49.36617],[1.76055,49.36567],[1.76036,49.36491],[1.76043,49.36477],[1.76084,49.36442],[1.76092,49.36401],[1.76058,49.36378],[1.75989,49.36369],[1.75975,49.3636],[1.76024,49.3628],[1.76024,49.36271],[1.76059,49.36231],[1.76066,49.36195],[1.76026,49.36145],[1.76026,49.36118],[1.76075,49.36064],[1.76082,49.36046],[1.76089,49.36042],[1.76096,49.36028],[1.76098,49.35862],[1.76085,49.35822],[1.76071,49.35758],[1.76011,49.35591],[1.75992,49.35475],[1.75959,49.3538],[1.75966,49.35331],[1.7598,49.35304],[1.76071,49.3521],[1.76085,49.35201],[1.76085,49.35196],[1.76126,49.35152],[1.76148,49.35102],[1.76315,49.34914],[1.76363,49.34874],[1.76454,49.34766],[1.76524,49.3473],[1.76545,49.34713],[1.76525,49.34663],[1.7656,49.34614],[1.76609,49.34573],[1.76665,49.34475],[1.76665,49.34462],[1.7659,49.3443],[1.76555,49.34407],[1.76549,49.34384],[1.76563,49.34331],[1.76557,49.34268],[1.76571,49.34254],[1.76599,49.34246],[1.76647,49.3425],[1.76695,49.34215],[1.76702,49.34197],[1.76696,49.3417],[1.76682,49.34165],[1.76689,49.34138],[1.76752,49.34013],[1.76773,49.3399],[1.76787,49.33963],[1.76836,49.33933],[1.76946,49.33906],[1.76995,49.3387],[1.77022,49.33862],[1.77057,49.33861],[1.77084,49.33884],[1.77118,49.3388],[1.77167,49.33867],[1.7718,49.33853],[1.77194,49.33822],[1.77222,49.33799],[1.77367,49.33768],[1.77402,49.33742],[1.77409,49.33728],[1.77411,49.33656],[1.77378,49.33539],[1.77392,49.33499],[1.77426,49.33467],[1.77427,49.33427],[1.77393,49.33391],[1.77257,49.33291],[1.77202,49.33223],[1.7721,49.33169],[1.77217,49.33156],[1.7721,49.33111],[1.77183,49.33075],[1.77198,49.33035],[1.77198,49.32994],[1.77171,49.32949],[1.77233,49.32931],[1.7724,49.32905],[1.77207,49.32851],[1.77193,49.32796],[1.77159,49.32786],[1.77042,49.32782],[1.77022,49.32759],[1.77009,49.32705],[1.76975,49.32656],[1.76975,49.32642],[1.77037,49.3262],[1.77058,49.32602],[1.77065,49.3258],[1.77052,49.32552],[1.77053,49.32445],[1.77032,49.32422],[1.76991,49.32408],[1.76909,49.32408],[1.76875,49.32399],[1.76834,49.32372],[1.7682,49.32358],[1.76814,49.32336],[1.76841,49.32318],[1.76897,49.323],[1.76917,49.32273],[1.76918,49.32219],[1.76891,49.32152],[1.76837,49.32102],[1.76768,49.32075],[1.76755,49.32066],[1.76755,49.32021],[1.76804,49.31962],[1.76805,49.31913],[1.76791,49.3189],[1.76784,49.31867],[1.76779,49.31773],[1.76731,49.31741],[1.76753,49.31593],[1.76795,49.31567],[1.7685,49.31553],[1.76953,49.31545],[1.76974,49.31527],[1.76988,49.31482],[1.77023,49.3146],[1.77202,49.31434],[1.77215,49.3142],[1.77209,49.31393],[1.77189,49.31362],[1.77182,49.31317],[1.77155,49.31312],[1.771,49.3133],[1.77051,49.31325],[1.77052,49.3128],[1.77086,49.31272],[1.77183,49.31272],[1.77224,49.3129],[1.77251,49.31286],[1.77307,49.31259],[1.77314,49.31219],[1.773,49.3121],[1.77245,49.31196],[1.77204,49.31196],[1.77156,49.31227],[1.77142,49.31227],[1.77033,49.31101],[1.77034,49.31069],[1.77068,49.31069],[1.77226,49.31101],[1.77267,49.31088],[1.77316,49.31057],[1.77324,49.30953],[1.77296,49.30948],[1.77227,49.30948],[1.77214,49.30935],[1.77221,49.30926],[1.77311,49.30881],[1.77318,49.3085],[1.77319,49.30778],[1.77305,49.30746],[1.77319,49.30728],[1.77445,49.30697],[1.77472,49.30671],[1.77507,49.30604],[1.77508,49.30559],[1.77488,49.30513],[1.77502,49.30464],[1.7751,49.30401],[1.77503,49.3037],[1.77504,49.3028],[1.7747,49.30222],[1.77471,49.30186],[1.77513,49.30141],[1.77513,49.30109],[1.77479,49.30087],[1.77458,49.30055],[1.77465,49.30042],[1.77542,49.29992],[1.77555,49.29974],[1.77563,49.29929],[1.77536,49.29839],[1.77509,49.29803],[1.77509,49.29794],[1.77503,49.2978],[1.77394,49.29703],[1.77277,49.29676],[1.77243,49.29649],[1.77209,49.29613],[1.77223,49.29586],[1.77272,49.29555],[1.77272,49.29528],[1.77258,49.29514],[1.77197,49.29496],[1.77183,49.29487],[1.77177,49.29455],[1.77267,49.29334],[1.77268,49.29294],[1.77227,49.29249],[1.77228,49.29159],[1.77249,49.29104],[1.77298,49.29047],[1.77354,49.28966],[1.77403,49.28858],[1.77459,49.28778],[1.77563,49.28693],[1.77611,49.28666],[1.77701,49.28603],[1.77736,49.28554],[1.77763,49.28546],[1.77807,49.28492],[1.7789,49.28434],[1.77938,49.28412],[1.77986,49.28376],[1.78028,49.28304],[1.78126,49.28183],[1.78273,49.27878]]}},
{"type":"Feature","properties":{"code_eu_md":"FRHR236","name":"La Troesne de sa source au confluent de l'Epte (exclu)","longueur":10621.0,"statut":"MEN","ordre":2,"etateco":"3","qmoyaval":null,"distmer":null,"distsrce":null,"gid":8795,"annee":"2009"},"geometry":{"type":"LineString","coordinates":[[1.88618,49.26309],[1.88506,49.26434],[1.88494,49.2656],[1.88435,49.26681],[1.8846,49.26703],[1.88434,49.26726],[1.88351,49.26838],[1.88323,49.26901],[1.88302,49.26919],[1.88199,49.26972],[1.88027,49.27016],[1.87992,49.27021],[1.87834,49.27012],[1.87698,49.26979],[1.87602,49.26965],[1.87327,49.26906],[1.8721,49.26865],[1.87155,49.2682],[1.87108,49.26766],[1.8706,49.2673],[1.86821,49.26625],[1.86773,49.26612],[1.86546,49.26598],[1.86443,49.26597],[1.85962,49.26654],[1.8588,49.26667],[1.85582,49.26764],[1.85541,49.26796],[1.85444,49.26836],[1.85396,49.26849],[1.853,49.26912],[1.85286,49.26934],[1.85285,49.26997],[1.85228,49.27221],[1.8522,49.27387],[1.85205,49.27437],[1.85115,49.27535],[1.85011,49.27621],[1.84908,49.27688],[1.84818,49.27732],[1.84777,49.27733],[1.84736,49.27723],[1.84695,49.27696],[1.84618,49.27709],[1.84549,49.27709],[1.84446,49.27776],[1.8428,49.27811],[1.84198,49.27802],[1.84102,49.27784],[1.84068,49.2776],[1.8404,49.27765],[1.84006,49.27801],[1.83992,49.278],[1.83972,49.27791],[1.83951,49.27773],[1.8391,49.27773],[1.83875,49.27791],[1.83841,49.27786],[1.83814,49.27804],[1.83786,49.27799],[1.83752,49.27768],[1.83636,49.27762],[1.83649,49.27799],[1.83635,49.27807],[1.8358,49.27816],[1.83553,49.27812],[1.83553,49.27798],[1.83485,49.27753],[1.8345,49.27753],[1.8343,49.27757],[1.83416,49.27775],[1.83381,49.27775],[1.83375,49.27753],[1.8334,49.27739],[1.83299,49.27744],[1.83278,49.27757],[1.83258,49.27748],[1.83229,49.27725],[1.8314,49.27711],[1.83072,49.27711],[1.83037,49.27729],[1.83015,49.27726],[1.83003,49.27724],[1.82983,49.27684],[1.82962,49.2767],[1.82921,49.2767],[1.82914,49.27679],[1.82921,49.27719],[1.82934,49.27746],[1.82872,49.27769],[1.82817,49.27764],[1.82783,49.27746],[1.82728,49.27746],[1.82694,49.27754],[1.82673,49.27768],[1.82645,49.27844],[1.82603,49.27871],[1.82579,49.27926],[1.82527,49.27971],[1.82533,49.27987],[1.82519,49.28041],[1.82519,49.28064],[1.82477,49.281],[1.82449,49.28136],[1.82414,49.28208],[1.82324,49.28266],[1.82187,49.28328],[1.82026,49.28435],[1.8193,49.28484],[1.81861,49.28524],[1.8184,49.28556],[1.81743,49.28582],[1.81709,49.28582],[1.81668,49.28546],[1.81647,49.28546],[1.81585,49.28572],[1.8151,49.28595],[1.81455,49.28594],[1.81407,49.2859],[1.81372,49.28603],[1.81275,49.2867],[1.81248,49.2867],[1.81207,49.28634],[1.81029,49.28637],[1.80918,49.28695],[1.80696,49.28762],[1.80655,49.2877],[1.8062,49.28775],[1.80346,49.2872],[1.80305,49.28684],[1.80271,49.28661],[1.80114,49.28624],[1.80066,49.28606],[1.79812,49.28555],[1.79676,49.28514],[1.79648,49.28499],[1.79607,49.28486],[1.79552,49.28509],[1.79531,49.28508],[1.79518,49.28499],[1.79497,49.28464],[1.7947,49.28454],[1.79429,49.28427],[1.79333,49.28427],[1.79347,49.28396],[1.79347,49.28373],[1.79327,49.2835],[1.79341,49.28337],[1.79341,49.28315],[1.793,49.28283],[1.79204,49.28251],[1.79025,49.28237],[1.78963,49.28214],[1.78868,49.28151],[1.78766,49.28056],[1.78732,49.28011],[1.78705,49.27925],[1.78678,49.27907],[1.78664,49.27903],[1.78547,49.27911],[1.78486,49.2791],[1.7839,49.27882],[1.78355,49.27896],[1.78321,49.27896],[1.78273,49.27878]]}},
{"type":"Feature","properties":{"code_eu_md":"FRHR236A","name":"canal de Marquemont","longueur":16449.0,"statut":"MEFM","ordre":null,"etateco":"3","qmoyaval":null,"distmer":null,"distsrce":null,"gid":8796,"annee":"2009"},"geometry":{"type":"LineString","coordinates":[[2.05629,49.20046],[2.05657,49.20064],[2.05725,49.20131],[2.05841,49.20208],[2.05903,49.2023],[2.06026,49.20235],[2.06129,49.20254],[2.06177,49.20271],[2.06342,49.20366],[2.06397,49.20371],[2.06417,49.2038],[2.06417,49.20389],[2.06376,49.20398],[2.06349,49.20411],[2.06335,49.20443],[2.06313,49.20469],[2.06203,49.2055],[2.06065,49.20623],[2.06003,49.20641],[2.05962,49.20658],[2.05817,49.20748],[2.05556,49.20887],[2.05453,49.20922],[2.05405,49.20922],[2.05309,49.20899],[2.05062,49.2098],[2.04902,49.21069],[2.04847,49.21091],[2.04593,49.2114],[2.04387,49.21256],[2.04311,49.21306],[2.04277,49.21346],[2.04111,49.21516],[2.04008,49.21637],[2.03966,49.21732],[2.03752,49.22024],[2.03647,49.22069],[2.03544,49.22104],[2.03338,49.22126],[2.0294,49.22175],[2.02782,49.2221],[2.02624,49.22228],[2.02542,49.22259],[2.02384,49.22344],[2.01647,49.22549],[2.01276,49.22642],[2.00691,49.22762],[2.00554,49.22779],[2.00444,49.22774],[2.00108,49.22683],[1.99896,49.22638],[1.99519,49.22547],[1.99369,49.2252],[1.99086,49.22523],[1.98592,49.22518],[1.98339,49.2252],[1.97749,49.2251],[1.97164,49.22567],[1.96581,49.22619],[1.96539,49.22618],[1.96478,49.22623],[1.96436,49.22631],[1.95412,49.22772],[1.95124,49.22807],[1.95048,49.22825],[1.94786,49.22995],[1.94668,49.23062],[1.94495,49.23264],[1.94453,49.23287],[1.94199,49.23375],[1.90259,49.24709],[1.90225,49.24732],[1.90211,49.24736],[1.89943,49.24871],[1.89921,49.24916],[1.89921,49.2497],[1.89941,49.25024],[1.88618,49.26309]]}},
{"type":"Feature","properties":{"code_eu_md":"FRHR236A-H3132000","name":"ru de Pouilly","longueur":8128.0,"statut":"MEN","ordre":null,"etateco":"3","qmoyaval":null,"distmer":null,"distsrce":null,"gid":8797,"annee":"2009"},"geometry":{"type":"LineString","coordinates":[[2.04486,49.27839],[2.04463,49.27723],[2.04405,49.27673],[2.04355,49.27611],[2.04275,49.27551],[2.04228,49.27506],[2.03898,49.2736],[2.03822,49.27348],[2.03771,49.27358],[2.0375,49.27369],[2.03677,49.27371],[2.0356,49.27356],[2.03478,49.27337],[2.03389,49.27302],[2.03046,49.27184],[2.02847,49.27107],[2.02745,49.27044],[2.02711,49.27017],[2.02697,49.26998],[2.02711,49.2694],[2.02698,49.26868],[2.02529,49.26476],[2.02495,49.26445],[2.02221,49.26323],[2.02173,49.26278],[2.02091,49.26179],[2.02017,49.26053],[2.01907,49.25971],[2.01832,49.25903],[2.01709,49.25759],[2.01662,49.25682],[2.01635,49.25601],[2.01606,49.25548],[2.01518,49.25484],[2.01497,49.25462],[2.01477,49.25395],[2.01436,49.25318],[2.01396,49.25215],[2.01376,49.2511],[2.01322,49.24984],[2.01294,49.24984],[2.01212,49.25015],[2.01178,49.25006],[2.01178,49.24962],[2.01164,49.2493],[2.01137,49.24899],[2.01069,49.24844],[2.00973,49.24804],[2.0072,49.24677],[2.00556,49.24578],[2.00474,49.24555],[2.00426,49.24515],[2.00357,49.24501],[2.00268,49.24447],[2.0022,49.24433],[2.00124,49.24429],[2.00049,49.24384],[2.00001,49.24361],[1.99878,49.24325],[1.99762,49.24301],[1.99664,49.243],[1.99575,49.24274],[1.99493,49.24228],[1.99439,49.24147],[1.99289,49.24012],[1.99228,49.2394],[1.99187,49.23859],[1.99187,49.23796],[1.99229,49.23733],[1.99223,49.23643],[1.9925,49.2363],[1.99257,49.23585],[1.99299,49.23545],[1.99306,49.235],[1.99341,49.23455],[1.99348,49.23387],[1.99369,49.2336],[1.99383,49.23333],[1.99355,49.23297],[1.99349,49.23257],[1.99356,49.23239],[1.99404,49.23203],[1.99433,49.23176],[1.9944,49.23131],[1.99461,49.23104],[1.99537,49.2297],[1.99538,49.22934],[1.99517,49.22911],[1.99373,49.22875],[1.99319,49.22848],[1.99235,49.22776],[1.99188,49.22672],[1.99086,49.22523]]}},
{"type":"Feature","properties":{"code_eu_md":"FRHR236A-H3134000","name":"ru du Mesnil","longueur":10744.0,"statut":"MEN","ordre":null,"etateco":"2","qmoyaval":null,"distmer":null,"distsrce":null,"gid":8798,"annee":"2009"},"geometry":{"type":"LineString","coordinates":[[1.99205,49.30213],[1.9915,49.30158],[1.9915,49.30108],[1.99178,49.30068],[1.99275,49.2997],[1.99351,49.29925],[1.99379,49.29894],[1.99379,49.29844],[1.99359,49.29803],[1.99352,49.29767],[1.994,49.297],[1.99477,49.29611],[1.99525,49.29575],[1.9958,49.29553],[1.99704,49.29521],[1.99793,49.2949],[1.99829,49.29468],[1.99857,49.29409],[1.99858,49.29324],[1.99844,49.29297],[1.99803,49.29239],[1.99804,49.29171],[1.99811,49.29139],[1.99839,49.29067],[1.9988,49.29027],[1.99894,49.28987],[1.99915,49.28964],[1.99922,49.28919],[1.99984,49.28893],[1.99998,49.28875],[2.00005,49.28843],[1.99998,49.28821],[1.99992,49.28731],[1.99999,49.28717],[2.00061,49.28659],[2.00068,49.28623],[2.00041,49.28591],[2.00027,49.28569],[2.00034,49.28538],[2.00076,49.28511],[2.00069,49.28497],[2.00062,49.28452],[2.00083,49.28425],[2.00166,49.28372],[2.00228,49.28323],[2.00249,49.28314],[2.00331,49.28314],[2.00352,49.28305],[2.00379,49.28287],[2.00393,49.28269],[2.00435,49.28238],[2.00462,49.28198],[2.00477,49.28111],[2.00594,49.28022],[2.00601,49.27981],[2.00615,49.27968],[2.00622,49.27927],[2.00636,49.27905],[2.00636,49.27865],[2.00609,49.27811],[2.00569,49.27694],[2.00555,49.27676],[2.00486,49.27675],[2.00466,49.27653],[2.0048,49.27626],[2.0048,49.27604],[2.00453,49.27572],[2.00453,49.27563],[2.00412,49.27531],[2.0035,49.27459],[2.00296,49.27405],[2.00262,49.27343],[2.00064,49.27206],[2.00057,49.27179],[2.00037,49.2717],[2.0003,49.27148],[1.99996,49.27139],[1.99989,49.27121],[1.99968,49.27098],[1.99962,49.2708],[1.99927,49.27062],[1.99914,49.2704],[1.9988,49.27017],[1.99859,49.2699],[1.99784,49.26976],[1.99736,49.26927],[1.99695,49.26873],[1.99661,49.26868],[1.99634,49.26859],[1.99634,49.26828],[1.99655,49.26805],[1.99648,49.26778],[1.99648,49.26751],[1.99614,49.26711],[1.99607,49.2668],[1.99553,49.26625],[1.99519,49.26558],[1.99444,49.26468],[1.99403,49.26436],[1.99335,49.26391],[1.99328,49.26373],[1.99362,49.26342],[1.99246,49.26255],[1.99199,49.26201],[1.9913,49.26161],[1.99028,49.2608],[1.98959,49.26075],[1.98925,49.26039],[1.98877,49.26029],[1.98809,49.26011],[1.98802,49.25966],[1.98795,49.25949],[1.98753,49.25921],[1.98644,49.25876],[1.98637,49.25845],[1.98555,49.25741],[1.9846,49.25651],[1.98426,49.25611],[1.98378,49.25574],[1.98337,49.25565],[1.98255,49.25538],[1.98214,49.25514],[1.98214,49.25465],[1.9818,49.25429],[1.98118,49.25389],[1.98105,49.25366],[1.98023,49.25298],[1.97996,49.2528],[1.97969,49.25236],[1.97934,49.25208],[1.97701,49.25194],[1.97626,49.25176],[1.97386,49.25099],[1.97229,49.25031],[1.97202,49.25013],[1.97195,49.24964],[1.97188,49.2495],[1.97147,49.24905],[1.97148,49.24846],[1.97087,49.2477],[1.97073,49.24725],[1.97053,49.24693],[1.97053,49.24657],[1.97033,49.2463],[1.97026,49.24576],[1.96985,49.24531],[1.96999,49.24504],[1.97006,49.24441],[1.97027,49.24423],[1.97117,49.24401],[1.97104,49.24298],[1.97118,49.24271],[1.97125,49.24235],[1.97091,49.24185],[1.97091,49.24136],[1.97133,49.24087],[1.97195,49.24046],[1.97202,49.24033],[1.97202,49.23992],[1.97236,49.2397],[1.97236,49.23966],[1.97202,49.23934],[1.97189,49.23898],[1.97182,49.23862],[1.97189,49.23848],[1.9719,49.23776],[1.97204,49.2375],[1.97252,49.23723],[1.97245,49.23668],[1.97259,49.23655],[1.97253,49.23623],[1.97266,49.23605],[1.9726,49.23587],[1.97267,49.2356],[1.97246,49.23542],[1.97239,49.23529],[1.97253,49.23511],[1.97219,49.23484],[1.97219,49.23462],[1.9724,49.23434],[1.97226,49.23421],[1.97227,49.2339],[1.9722,49.23376],[1.97214,49.23309],[1.97241,49.23286],[1.97241,49.23282],[1.97207,49.23268],[1.972,49.23255],[1.97214,49.23246],[1.97214,49.23241],[1.97194,49.23223],[1.97208,49.23196],[1.97167,49.23165],[1.97167,49.23115],[1.96976,49.22926],[1.96915,49.22885],[1.96819,49.22867],[1.96778,49.22867],[1.96668,49.22885],[1.96606,49.22889],[1.96558,49.22871],[1.96538,49.22848],[1.96497,49.22771],[1.96463,49.22721],[1.96443,49.22681],[1.96436,49.22631]]}},
{"type":"Feature","properties":{"code_eu_md":"FRHR236A-H3134250","name":"ru de Loconville","longueur":1913.0,"statut":"MEN","ordre":null,"etateco":"5","qmoyaval":null,"distmer":null,"distsrce":null,"gid":8799,"annee":"2009"},"geometry":{"type":"LineString","coordinates":[[1.91824,49.25822],[1.9152,49.25754],[1.91167,49.25658],[1.90901,49.25643],[1.90862,49.2565],[1.90781,49.25636],[1.9056,49.25563],[1.9052,49.25538],[1.905,49.2552],[1.90309,49.25331],[1.90289,49.25326],[1.89766,49.25481],[1.89752,49.25481],[1.89587,49.25368]]}},
{"type":"Feature","properties":{"code_eu_md":"FRHR236A-H3135000","name":"ru du Moulinet","longueur":1763.0,"statut":"MEN","ordre":null,"etateco":"3","qmoyaval":null,"distmer":null,"distsrce":null,"gid":8800,"annee":"2009"},"geometry":{"type":"LineString","coordinates":[[1.90483,49.27215],[1.90284,49.2711],[1.90241,49.27076],[1.90198,49.27059],[1.90068,49.26968],[1.8992,49.26888],[1.89814,49.26845],[1.89548,49.26672],[1.89288,49.2655],[1.892,49.265],[1.89179,49.26473],[1.8909,49.26513],[1.89049,49.26513],[1.88966,49.26486],[1.88843,49.26413],[1.88618,49.26309]]}},
{"type":"Feature","properties":{"code_eu_md":"FRHR236-H3136000","name":"ruisseau l'Aunette","longueur":9694.0,"statut":"MEN","ordre":2,"etateco":"2","qmoyaval":null,"distmer":null,"distsrce":null,"gid":8801,"annee":"2009"},"geometry":{"type":"LineString","coordinates":[[1.89452,49.34321],[1.89445,49.34312],[1.89404,49.34283],[1.89356,49.3427],[1.89281,49.34274],[1.88972,49.34251],[1.8893,49.34237],[1.88896,49.34219],[1.88876,49.34178],[1.88863,49.34102],[1.88836,49.34061],[1.88829,49.34025],[1.88815,49.34016],[1.88699,49.33971],[1.88651,49.33962],[1.88608,49.33971],[1.88574,49.3397],[1.88547,49.33957],[1.88457,49.33929],[1.88423,49.33898],[1.88375,49.33889],[1.88348,49.33862],[1.88259,49.33844],[1.88259,49.3387],[1.88238,49.3387],[1.88176,49.33857],[1.88108,49.33821],[1.88108,49.33807],[1.8806,49.33784],[1.87998,49.33793],[1.87895,49.33766],[1.8771,49.33734],[1.87559,49.33687],[1.87477,49.33642],[1.87429,49.33601],[1.87416,49.33561],[1.87395,49.33538],[1.87334,49.33484],[1.87334,49.33453],[1.87321,49.33426],[1.87294,49.33399],[1.87218,49.3338],[1.87095,49.3334],[1.86861,49.33231],[1.86792,49.33181],[1.86718,49.33051],[1.86602,49.32978],[1.86554,49.32923],[1.86541,49.32851],[1.86549,49.3273],[1.86563,49.32703],[1.86571,49.32595],[1.86613,49.32542],[1.86614,49.32407],[1.86601,49.3238],[1.86553,49.32312],[1.86437,49.32231],[1.86376,49.32177],[1.86273,49.32141],[1.86253,49.32105],[1.86211,49.321],[1.86163,49.3209],[1.86109,49.32031],[1.86103,49.32005],[1.85993,49.31932],[1.85931,49.31923],[1.85918,49.31918],[1.85842,49.31868],[1.85808,49.31832],[1.85761,49.31729],[1.85741,49.31706],[1.85638,49.3167],[1.85597,49.31648],[1.85556,49.31652],[1.85528,49.31643],[1.85501,49.31625],[1.85467,49.3162],[1.85433,49.31588],[1.85433,49.31548],[1.8544,49.31521],[1.8542,49.31489],[1.85414,49.31435],[1.8538,49.31395],[1.85291,49.31304],[1.85237,49.31263],[1.85162,49.31146],[1.85066,49.31096],[1.84964,49.31037],[1.84916,49.31006],[1.84889,49.3097],[1.84869,49.30912],[1.8487,49.30817],[1.84857,49.30745],[1.84859,49.30556],[1.84839,49.30489],[1.84818,49.30461],[1.84763,49.30448],[1.8475,49.30425],[1.84607,49.30326],[1.84586,49.30298],[1.84588,49.30123],[1.84561,49.3006],[1.84527,49.30029],[1.84411,49.29956],[1.84288,49.29893],[1.84274,49.29879],[1.84274,49.29853],[1.84289,49.29834],[1.84268,49.29812],[1.84213,49.29785],[1.84124,49.29749],[1.84075,49.29717],[1.84041,49.29671],[1.84035,49.29613],[1.83892,49.29455],[1.83893,49.29432],[1.8392,49.29423],[1.83826,49.29252],[1.83772,49.29108],[1.83718,49.29018],[1.83643,49.28924],[1.83623,49.28883],[1.83624,49.28797],[1.83584,49.2872],[1.83556,49.28689],[1.83447,49.28612],[1.83386,49.28585],[1.83174,49.28435],[1.82977,49.28246],[1.82964,49.28228],[1.82951,49.28129],[1.82917,49.28107],[1.82828,49.28075],[1.82746,49.28033],[1.82677,49.28033],[1.82594,49.2805],[1.82553,49.28064],[1.82519,49.28064]]}},
{"type":"Feature","properties":{"code_eu_md":"FRHR237","name":"L'Epte du confluent de la Troesne (exclu) au confluent de la Lévrière (exclu)","longueur":4370.0,"statut":"MEN","ordre":1,"etateco":"2","qmoyaval":null,"distmer":null,"distsrce":null,"gid":8802,"annee":"2009"},"geometry":{"type":"LineString","coordinates":[[1.78273,49.27878],[1.78219,49.27864],[1.7815,49.27854],[1.7813,49.27836],[1.78144,49.27796],[1.78103,49.27765],[1.77884,49.27683],[1.77836,49.27669],[1.77774,49.27669],[1.7755,49.27506],[1.7728,49.27473],[1.77151,49.2747],[1.77103,49.27455],[1.77034,49.27427],[1.76787,49.27412],[1.76582,49.2738],[1.76472,49.27356],[1.76417,49.27351],[1.76382,49.27373],[1.76368,49.274],[1.76334,49.27433],[1.76306,49.27432],[1.76068,49.27282],[1.75986,49.27259],[1.75848,49.2725],[1.75759,49.27227],[1.75677,49.27186],[1.75601,49.27136],[1.7554,49.27082],[1.75452,49.26992],[1.75418,49.26951],[1.75391,49.26888],[1.75337,49.26825],[1.75303,49.26811],[1.75275,49.26807],[1.75165,49.2682],[1.75124,49.26801],[1.75111,49.2677],[1.75097,49.26761],[1.75049,49.26752],[1.7498,49.26769],[1.74946,49.26792],[1.74932,49.2681],[1.74945,49.26837],[1.74945,49.26886],[1.74917,49.26886],[1.7489,49.26872],[1.74877,49.26845],[1.74843,49.26809],[1.74809,49.2679],[1.74788,49.2679],[1.7476,49.26809],[1.74753,49.26822],[1.74766,49.26881],[1.74622,49.26893],[1.74595,49.26884],[1.74533,49.26847],[1.74502,49.26842],[1.74345,49.26848],[1.74252,49.26841],[1.74121,49.26877],[1.73914,49.26893],[1.73845,49.26916],[1.73679,49.27018],[1.73637,49.27031]]}},
{"type":"Feature","properties":{"code_eu_md":"FRHR237-H3141000","name":"le Réveillon","longueur":11163.0,"statut":"MEN","ordre":2,"etateco":"4","qmoyaval":null,"distmer":null,"distsrce":null,"gid":8803,"annee":"2009"},"geometry":{"type":"LineString","coordinates":[[1.86443,49.2228],[1.86381,49.22369],[1.8638,49.22405],[1.86428,49.2246],[1.86523,49.22546],[1.86584,49.22587],[1.86653,49.22614],[1.86865,49.22655],[1.87079,49.22706],[1.87222,49.22769],[1.8727,49.22796],[1.8729,49.22824],[1.87283,49.22882],[1.87269,49.229],[1.87262,49.22931],[1.87227,49.22994],[1.87094,49.23128],[1.87046,49.23155],[1.86819,49.23217],[1.86723,49.23234],[1.86572,49.23225],[1.86483,49.23225],[1.864,49.23242],[1.86297,49.23287],[1.86152,49.23372],[1.8609,49.23452],[1.86048,49.23524],[1.85971,49.23628],[1.85928,49.23699],[1.85818,49.23757],[1.857,49.23833],[1.85659,49.23887],[1.85617,49.23959],[1.85568,49.23999],[1.85541,49.24017],[1.85382,49.24097],[1.85134,49.2419],[1.85107,49.2419],[1.84921,49.24311],[1.84851,49.24391],[1.84823,49.24436],[1.84809,49.24467],[1.84766,49.24521],[1.84697,49.24588],[1.84662,49.24633],[1.84614,49.24664],[1.84573,49.2466],[1.84559,49.24673],[1.84552,49.24687],[1.84511,49.24682],[1.84497,49.24705],[1.84428,49.24713],[1.84394,49.2474],[1.84366,49.24735],[1.84345,49.24748],[1.84311,49.24744],[1.84304,49.24758],[1.84242,49.24762],[1.84215,49.24793],[1.84201,49.24802],[1.84002,49.24797],[1.83934,49.24733],[1.839,49.2472],[1.83893,49.24684],[1.83866,49.24657],[1.83832,49.24652],[1.83708,49.24656],[1.83399,49.24677],[1.8335,49.24691],[1.83315,49.24708],[1.83116,49.24707],[1.83054,49.24712],[1.82876,49.24738],[1.82841,49.24765],[1.82814,49.24778],[1.82793,49.24773],[1.82773,49.24765],[1.82759,49.24774],[1.82724,49.24778],[1.82711,49.24796],[1.82621,49.24795],[1.82546,49.24804],[1.82511,49.24826],[1.82504,49.24867],[1.82366,49.24947],[1.82359,49.2496],[1.82304,49.24992],[1.82262,49.25009],[1.82235,49.25036],[1.82221,49.25045],[1.8222,49.25104],[1.82199,49.2513],[1.82199,49.25211],[1.82164,49.25225],[1.82115,49.25233],[1.82121,49.25288],[1.82148,49.25347],[1.82106,49.25374],[1.81996,49.25418],[1.81886,49.25476],[1.81803,49.25529],[1.81803,49.25561],[1.81782,49.25588],[1.81781,49.25628],[1.81822,49.2566],[1.81829,49.25687],[1.81863,49.25727],[1.81876,49.25786],[1.81841,49.25808],[1.81655,49.25875],[1.81552,49.25928],[1.81345,49.26049],[1.81269,49.2608],[1.81179,49.26097],[1.81097,49.26097],[1.81042,49.26092],[1.80863,49.26051],[1.80355,49.26049],[1.80244,49.2612],[1.80237,49.26129],[1.80195,49.26237],[1.80187,49.26363],[1.80179,49.26407],[1.80131,49.26483],[1.80068,49.26524],[1.79965,49.26573],[1.79674,49.26683],[1.7966,49.26692],[1.79419,49.268],[1.79198,49.26871],[1.79047,49.26938],[1.78562,49.27174],[1.78507,49.27196],[1.78362,49.27294],[1.78313,49.27339],[1.78251,49.27379],[1.78141,49.27441],[1.78072,49.27445],[1.77996,49.27445],[1.77955,49.27449],[1.77886,49.27476],[1.77811,49.27489],[1.7766,49.27493],[1.77605,49.27506],[1.7755,49.27506]]}},
{"type":"Feature","properties":{"code_eu_md":"FRHR238","name":"La Lévrière de sa source au confluent de l'Epte (exclu)","longueur":23823.0,"statut":"MEN","ordre":2,"etateco":"3","qmoyaval":null,"distmer":null,"distsrce":null,"gid":8804,"annee":"2009"},"geometry":{"type":"LineString","coordinates":[[1.61825,49.41213],[1.61839,49.41186],[1.61894,49.41155],[1.62026,49.41116],[1.62081,49.41116],[1.62177,49.41143],[1.62213,49.41143],[1.6226,49.41131],[1.62401,49.41127],[1.62448,49.41055],[1.62497,49.41011],[1.62607,49.40984],[1.62745,49.40963],[1.62959,49.40941],[1.6298,49.40924],[1.63008,49.40857],[1.6303,49.40789],[1.63065,49.40744],[1.63134,49.40691],[1.63169,49.40669],[1.63169,49.40664],[1.63232,49.40597],[1.63359,49.4049],[1.63373,49.40486],[1.63407,49.40486],[1.63441,49.40513],[1.63489,49.40531],[1.6355,49.40577],[1.63619,49.40586],[1.63701,49.40614],[1.63749,49.4065],[1.63804,49.40659],[1.63887,49.4065],[1.63928,49.40624],[1.64011,49.40602],[1.64088,49.40548],[1.64164,49.40472],[1.64262,49.40401],[1.64283,49.40379],[1.64408,49.40303],[1.64422,49.4028],[1.64422,49.40263],[1.6445,49.40191],[1.6448,49.40155],[1.64549,49.4012],[1.64611,49.40111],[1.64949,49.40104],[1.65017,49.40087],[1.65136,49.40006],[1.65212,49.3993],[1.65247,49.39886],[1.6531,49.39836],[1.65407,49.39778],[1.65545,49.39738],[1.65623,49.39721],[1.65719,49.39717],[1.6574,49.39708],[1.65775,49.39681],[1.65803,49.39632],[1.65803,49.39601],[1.65777,49.39506],[1.65785,49.39416],[1.65799,49.39398],[1.65833,49.39385],[1.65882,49.39354],[1.65917,49.39309],[1.6598,49.39264],[1.66007,49.3926],[1.66035,49.39242],[1.66056,49.39197],[1.66119,49.39162],[1.66195,49.39127],[1.66229,49.39104],[1.66285,49.39082],[1.66285,49.39037],[1.66299,49.39024],[1.663,49.38961],[1.66418,49.38872],[1.66447,49.38863],[1.66496,49.38832],[1.66517,49.38787],[1.66532,49.38733],[1.66545,49.3872],[1.66545,49.38715],[1.6658,49.38684],[1.66623,49.38589],[1.66658,49.38549],[1.667,49.38518],[1.66714,49.38477],[1.6677,49.3841],[1.66839,49.38366],[1.66943,49.38326],[1.67165,49.38183],[1.6729,49.38126],[1.67415,49.38077],[1.67492,49.38032],[1.67527,49.37987],[1.67659,49.37849],[1.67687,49.37827],[1.67881,49.37706],[1.6795,49.37671],[1.67985,49.37644],[1.6802,49.37613],[1.68034,49.37537],[1.68049,49.3751],[1.6809,49.37469],[1.68257,49.37357],[1.68438,49.37259],[1.68487,49.37219],[1.68515,49.37202],[1.68536,49.37179],[1.68605,49.37153],[1.6866,49.37113],[1.6875,49.37086],[1.68846,49.37091],[1.68909,49.37055],[1.68936,49.37047],[1.69005,49.37043],[1.69095,49.37007],[1.69329,49.3699],[1.69523,49.36965],[1.69827,49.36912],[1.69882,49.3689],[1.70055,49.36779],[1.70097,49.36734],[1.7016,49.36694],[1.70215,49.36681],[1.70215,49.36636],[1.70229,49.36609],[1.7025,49.366],[1.70278,49.36551],[1.70431,49.36399],[1.70439,49.36385],[1.70475,49.36341],[1.7051,49.36309],[1.70524,49.36283],[1.70565,49.36256],[1.70614,49.36234],[1.70662,49.36225],[1.70696,49.3623],[1.70758,49.36257],[1.70806,49.3627],[1.70868,49.36262],[1.70902,49.36248],[1.70993,49.36186],[1.71041,49.36146],[1.71138,49.36101],[1.71166,49.36075],[1.71173,49.36057],[1.71167,49.36012],[1.71133,49.35944],[1.71113,49.35922],[1.7112,49.35867],[1.71134,49.35845],[1.71135,49.35813],[1.71163,49.35782],[1.71239,49.35733],[1.71301,49.35711],[1.71336,49.35684],[1.71336,49.3568],[1.7135,49.35671],[1.71399,49.35603],[1.7142,49.35568],[1.7147,49.35523],[1.71512,49.35402],[1.71499,49.3537],[1.71499,49.35343],[1.71534,49.35299],[1.71522,49.35159],[1.7155,49.35115],[1.71558,49.3507],[1.71635,49.34949],[1.71642,49.34931],[1.71753,49.34796],[1.71913,49.34657],[1.71927,49.34644],[1.71934,49.34626],[1.72038,49.34573],[1.72059,49.34568],[1.721,49.34573],[1.72169,49.34587],[1.72244,49.34587],[1.72279,49.34574],[1.72281,49.34466],[1.72268,49.34443],[1.72035,49.34289],[1.71959,49.34267],[1.71788,49.34243],[1.71747,49.34216],[1.71672,49.34153],[1.71638,49.34108],[1.71632,49.34036],[1.71619,49.34004],[1.71619,49.33945],[1.71655,49.33883],[1.71669,49.33829],[1.7167,49.33752],[1.71691,49.33703],[1.71706,49.33627],[1.71741,49.33568],[1.71755,49.33519],[1.71791,49.33466],[1.71792,49.33425],[1.71752,49.33357],[1.7176,49.33267],[1.71802,49.332],[1.71864,49.33124],[1.71872,49.33097],[1.71865,49.33047],[1.71901,49.32971],[1.71908,49.32944],[1.71992,49.32823],[1.71986,49.32706],[1.7198,49.32689],[1.7198,49.32639],[1.72043,49.32594],[1.7205,49.32541],[1.72078,49.32509],[1.7214,49.32456],[1.72161,49.32429],[1.72169,49.32407],[1.72231,49.32366],[1.72273,49.32308],[1.72391,49.32228],[1.72433,49.32161],[1.72503,49.32094],[1.72511,49.32076],[1.72518,49.32026],[1.72539,49.32009],[1.72587,49.32013],[1.72621,49.31991],[1.72635,49.31978],[1.72643,49.31918],[1.72664,49.319],[1.72685,49.319],[1.72732,49.31932],[1.72746,49.31932],[1.72747,49.31874],[1.72802,49.31829],[1.72796,49.31798],[1.72782,49.31789],[1.72783,49.31676],[1.72763,49.31623],[1.72736,49.31595],[1.72682,49.3155],[1.72668,49.31528],[1.72675,49.31505],[1.72703,49.31465],[1.72725,49.31375],[1.72719,49.31339],[1.72699,49.31276],[1.72713,49.31258],[1.72715,49.31047],[1.72834,49.30858],[1.72862,49.30796],[1.7289,49.30773],[1.72912,49.30683],[1.7294,49.30643],[1.72947,49.30612],[1.72996,49.30567],[1.72989,49.30545],[1.72949,49.30481],[1.7284,49.304],[1.72799,49.30386],[1.72757,49.30382],[1.72689,49.30368],[1.72607,49.30314],[1.72525,49.3025],[1.7245,49.30201],[1.72383,49.30132],[1.72165,49.29929],[1.72145,49.2992],[1.72029,49.29797],[1.719,49.29693],[1.71716,49.29576],[1.7158,49.29503],[1.71491,49.29471],[1.71327,49.29398],[1.71238,49.29375],[1.7117,49.29321],[1.71129,49.29302],[1.70999,49.29279],[1.70936,49.29265],[1.70881,49.29229],[1.70826,49.2922],[1.70772,49.29202],[1.70758,49.29175],[1.70786,49.29139],[1.708,49.29094],[1.70828,49.29058],[1.70844,49.29031],[1.70844,49.28964],[1.70831,49.28923],[1.70859,49.2887],[1.70887,49.28852],[1.70881,49.28784],[1.70957,49.2874],[1.70951,49.28699],[1.70931,49.28663],[1.70931,49.28637],[1.71,49.28582],[1.71028,49.28537],[1.7107,49.2851],[1.71146,49.28484],[1.71194,49.28444],[1.71229,49.28444],[1.71249,49.28462],[1.71262,49.28489],[1.71283,49.28498],[1.71324,49.28494],[1.71372,49.28494],[1.71379,49.28503],[1.71379,49.28526],[1.71365,49.28535],[1.71371,49.28562],[1.71392,49.28585],[1.71384,49.28607],[1.71384,49.28625],[1.71398,49.2863],[1.71453,49.2863],[1.71446,49.28648],[1.71501,49.28644],[1.71556,49.28608],[1.71584,49.28609],[1.71638,49.28627],[1.71735,49.28623],[1.7179,49.28614],[1.71838,49.28583],[1.7188,49.28542],[1.71914,49.28543],[1.71948,49.28552],[1.71976,49.28552],[1.7199,49.28548],[1.72081,49.28494],[1.72115,49.28481],[1.72266,49.28473],[1.72383,49.28455],[1.7239,49.28451],[1.72391,49.28433],[1.7237,49.2841],[1.72378,49.28374],[1.72344,49.28343],[1.72371,49.28334],[1.72426,49.28334],[1.72488,49.28299],[1.72536,49.28286],[1.72647,49.28222],[1.7273,49.28195],[1.72737,49.28187],[1.72744,49.28142],[1.72806,49.28111],[1.72855,49.28052],[1.72897,49.2803],[1.72986,49.28031],[1.73166,49.27973],[1.73188,49.27919],[1.73222,49.27888],[1.7327,49.27888],[1.73291,49.27875],[1.73299,49.27821],[1.73306,49.27808],[1.73327,49.27785],[1.73382,49.27754],[1.7341,49.27727],[1.73488,49.27508],[1.73523,49.2744],[1.7353,49.274],[1.73531,49.2731],[1.73518,49.27279],[1.73525,49.27225],[1.73567,49.27153],[1.73568,49.27104],[1.73521,49.27053],[1.73534,49.27044],[1.73637,49.27031]]}},
{"type":"Feature","properties":{"code_eu_md":"FRHR238-H3150650","name":"ru de la commune de Sancourt","longueur":2989.0,"statut":"MEN","ordre":2,"etateco":"2","qmoyaval":null,"distmer":null,"distsrce":null,"gid":8805,"annee":"2009"},"geometry":{"type":"LineString","coordinates":[[1.68341,49.35182],[1.68389,49.35178],[1.68494,49.35147],[1.68542,49.35138],[1.68597,49.35139],[1.68652,49.35152],[1.687,49.3517],[1.68755,49.35171],[1.68866,49.35131],[1.69128,49.35065],[1.69259,49.35016],[1.69494,49.34963],[1.69549,49.34964],[1.70057,49.35074],[1.70167,49.35089],[1.70222,49.3508],[1.70264,49.35058],[1.70306,49.35013],[1.70347,49.34995],[1.70485,49.34982],[1.70547,49.34938],[1.70562,49.34879],[1.7061,49.34844],[1.70645,49.34808],[1.707,49.34772],[1.70763,49.3475],[1.70824,49.34746],[1.70969,49.34769],[1.71258,49.34829],[1.71334,49.34838],[1.71382,49.34821],[1.71417,49.34776],[1.71493,49.34745],[1.71534,49.34709],[1.71611,49.34665],[1.717,49.34643],[1.7181,49.34639],[1.71866,49.34626],[1.71934,49.34626]]}},
{"type":"Feature","properties":{"code_eu_md":"FRHR238-H3158000","name":"La Bonde","longueur":17871.0,"statut":"MEN","ordre":2,"etateco":"2","qmoyaval":null,"distmer":null,"distsrce":null,"gid":8806,"annee":"2009"},"geometry":{"type":"LineString","coordinates":[[1.54144,49.32843],[1.54383,49.3289],[1.5455,49.32917],[1.54633,49.32937],[1.54742,49.3294],[1.54784,49.32953],[1.54976,49.32999],[1.55127,49.33026],[1.55257,49.33032],[1.55319,49.33046],[1.55456,49.33092],[1.55579,49.33115],[1.55703,49.33116],[1.5593,49.33095],[1.55999,49.33082],[1.5613,49.3302],[1.56257,49.32899],[1.56327,49.32859],[1.5643,49.32819],[1.56499,49.32797],[1.56699,49.32754],[1.56858,49.32705],[1.5712,49.32653],[1.57209,49.32654],[1.57356,49.3261],[1.57562,49.32602],[1.58477,49.32518],[1.58614,49.32528],[1.58877,49.32503],[1.59098,49.32495],[1.5927,49.3247],[1.59476,49.32453],[1.59593,49.32418],[1.59649,49.32392],[1.59718,49.32351],[1.59815,49.32316],[1.59877,49.32303],[1.60065,49.32236],[1.60363,49.32049],[1.60391,49.31995],[1.60454,49.31955],[1.60455,49.31852],[1.60476,49.31825],[1.6058,49.31767],[1.60871,49.31594],[1.60914,49.31581],[1.60983,49.31577],[1.61086,49.31577],[1.61334,49.31471],[1.61548,49.31396],[1.61618,49.31342],[1.61667,49.31271],[1.61668,49.31235],[1.61633,49.31221],[1.61586,49.31207],[1.61586,49.31189],[1.61607,49.31167],[1.61635,49.311],[1.61657,49.3101],[1.61665,49.30934],[1.61658,49.30916],[1.61618,49.30879],[1.61584,49.30838],[1.61536,49.30797],[1.61503,49.30757],[1.61496,49.30703],[1.61463,49.30631],[1.6147,49.30617],[1.61546,49.30591],[1.61567,49.30577],[1.61567,49.30541],[1.61561,49.30501],[1.61521,49.3042],[1.61495,49.3033],[1.61475,49.30308],[1.61406,49.30285],[1.61324,49.30262],[1.61283,49.30239],[1.61263,49.30207],[1.61222,49.30167],[1.61175,49.30104],[1.61162,49.30058],[1.61177,49.29981],[1.61198,49.2995],[1.61247,49.29856],[1.61249,49.29815],[1.61236,49.29779],[1.61257,49.29748],[1.61334,49.29672],[1.61431,49.29601],[1.61472,49.29588],[1.61975,49.29501],[1.62099,49.29448],[1.62196,49.2939],[1.62293,49.29314],[1.62337,49.29261],[1.62365,49.29184],[1.62435,49.29099],[1.62484,49.29055],[1.62677,49.28975],[1.62781,49.28917],[1.62858,49.28855],[1.62892,49.28815],[1.62907,49.28743],[1.62896,49.28558],[1.62883,49.28503],[1.62856,49.28441],[1.62803,49.28355],[1.62803,49.2831],[1.62845,49.28256],[1.62859,49.28216],[1.6288,49.2818],[1.62915,49.2814],[1.62929,49.28113],[1.62964,49.28068],[1.63035,49.28001],[1.63091,49.27957],[1.63118,49.27948],[1.63201,49.27944],[1.63263,49.27935],[1.63345,49.2794],[1.63482,49.27959],[1.63585,49.27991],[1.63626,49.27991],[1.63844,49.28109],[1.63905,49.28146],[1.64001,49.28182],[1.64166,49.28183],[1.64228,49.28193],[1.64276,49.28188],[1.644,49.28144],[1.64504,49.28091],[1.64622,49.28065],[1.64711,49.28061],[1.64753,49.28065],[1.64992,49.28156],[1.65367,49.28308],[1.65442,49.28353],[1.6547,49.28362],[1.65525,49.28358],[1.6558,49.28345],[1.65703,49.28363],[1.65703,49.28372],[1.65682,49.28386],[1.65689,49.284],[1.65744,49.28404],[1.65771,49.28423],[1.65799,49.284],[1.65819,49.28423],[1.6584,49.28423],[1.65874,49.28396],[1.65888,49.28396],[1.65936,49.28419],[1.65956,49.28414],[1.65984,49.28401],[1.66005,49.28401],[1.66032,49.2841],[1.66039,49.28424],[1.66052,49.28424],[1.66108,49.28388],[1.66137,49.28393],[1.66177,49.28434],[1.66205,49.28434],[1.66267,49.28412],[1.66329,49.28412],[1.66335,49.28435],[1.66383,49.28453],[1.66404,49.28448],[1.66424,49.28449],[1.66438,49.28462],[1.66465,49.28458],[1.66486,49.28444],[1.66507,49.28445],[1.66506,49.28467],[1.66486,49.28485],[1.66513,49.28485],[1.66561,49.28472],[1.66589,49.2845],[1.6661,49.28422],[1.66651,49.28423],[1.66706,49.28446],[1.66733,49.28468],[1.66747,49.28468],[1.66781,49.28455],[1.66795,49.28473],[1.66815,49.28482],[1.66884,49.28496],[1.66979,49.28546],[1.66972,49.28564],[1.66951,49.28582],[1.66972,49.28595],[1.66985,49.28595],[1.67048,49.28573],[1.67054,49.286],[1.67082,49.28606],[1.67109,49.28597],[1.67122,49.28629],[1.67157,49.28638],[1.67184,49.28624],[1.67218,49.28629],[1.67355,49.28666],[1.67369,49.28675],[1.67369,49.28706],[1.67492,49.28707],[1.67506,49.28711],[1.67527,49.28712],[1.67554,49.28698],[1.67616,49.28685],[1.6765,49.28685],[1.67685,49.28668],[1.67769,49.28659],[1.67824,49.28673],[1.67851,49.28673],[1.67879,49.28669],[1.67954,49.28687],[1.67974,49.28723],[1.68001,49.28732],[1.68084,49.28733],[1.68104,49.28773],[1.68138,49.28769],[1.68193,49.28756],[1.68228,49.2876],[1.68282,49.28787],[1.6831,49.28792],[1.68344,49.28775],[1.68365,49.28779],[1.68385,49.28802],[1.68385,49.28806],[1.68433,49.28802],[1.68468,49.28793],[1.68495,49.28798],[1.68502,49.28807],[1.68495,49.28834],[1.68529,49.28843],[1.68522,49.2887],[1.68501,49.28888],[1.68508,49.28901],[1.68927,49.28881],[1.6916,49.28882],[1.69181,49.28896],[1.69289,49.29],[1.69337,49.29059],[1.69343,49.29095],[1.69377,49.29136],[1.69438,49.29163],[1.69665,49.29241],[1.69877,49.293],[1.70187,49.29289],[1.7033,49.29316],[1.7055,49.2934],[1.70605,49.29331],[1.70626,49.29318],[1.7064,49.29268],[1.70675,49.2926],[1.70737,49.29219],[1.70772,49.29202]]}},
{"type":"Feature","properties":{"code_eu_md":"FRHR239","name":"L'Epte du confluent de la Lévrière (exclu) au confluent de la Seine (exclu)","longueur":38377.0,"statut":"MEN","ordre":1,"etateco":"2","qmoyaval":null,"distmer":null,"distsrce":null,"gid":8807,"annee":"2009"},"geometry":{"type":"LineString","coordinates":[[1.73637,49.27031],[1.73549,49.26963],[1.7344,49.26914],[1.7329,49.26823],[1.7316,49.26768],[1.73099,49.26723],[1.73065,49.26651],[1.72997,49.2661],[1.72888,49.2656],[1.72751,49.2651],[1.72621,49.26478],[1.72443,49.26455],[1.72346,49.2645],[1.72297,49.26472],[1.72249,49.26472],[1.72167,49.26453],[1.7168,49.26446],[1.7153,49.26457],[1.71103,49.26447],[1.71048,49.26442],[1.70987,49.26468],[1.70917,49.26476],[1.70872,49.26465],[1.70805,49.26402],[1.70841,49.2636],[1.70919,49.2632],[1.70947,49.26302],[1.70968,49.26267],[1.70969,49.26231],[1.70948,49.26221],[1.70777,49.26198],[1.70729,49.26176],[1.70694,49.26144],[1.70716,49.26081],[1.70765,49.26064],[1.708,49.25987],[1.70815,49.25888],[1.70843,49.25803],[1.70837,49.25757],[1.70817,49.25681],[1.70818,49.25591],[1.70812,49.25564],[1.70758,49.25479],[1.70704,49.25433],[1.70656,49.2542],[1.70539,49.25419],[1.70498,49.25414],[1.70444,49.25378],[1.70273,49.25292],[1.70142,49.25259],[1.70115,49.25219],[1.70129,49.25197],[1.70129,49.2517],[1.70143,49.25143],[1.70145,49.25093],[1.70132,49.25075],[1.70015,49.24998],[1.70008,49.24975],[1.70024,49.24903],[1.69927,49.2484],[1.69921,49.24831],[1.69955,49.24817],[1.69977,49.24795],[1.69978,49.24764],[1.69861,49.24691],[1.69898,49.24547],[1.69933,49.24512],[1.70009,49.24458],[1.70071,49.24432],[1.70126,49.24392],[1.70155,49.24329],[1.70157,49.24104],[1.70233,49.24055],[1.70227,49.24019],[1.70207,49.23997],[1.70132,49.2396],[1.70125,49.23937],[1.70132,49.23915],[1.7016,49.23892],[1.70188,49.23834],[1.70182,49.23789],[1.7008,49.23735],[1.70039,49.23725],[1.69992,49.23631],[1.6991,49.23576],[1.69903,49.23563],[1.69897,49.235],[1.69904,49.23486],[1.6996,49.23455],[1.70028,49.23433],[1.70319,49.23255],[1.70415,49.23233],[1.70443,49.23215],[1.70443,49.23197],[1.70388,49.23175],[1.70327,49.2317],[1.70306,49.23165],[1.70265,49.23133],[1.70252,49.23111],[1.70266,49.23088],[1.70376,49.23053],[1.70383,49.23035],[1.70294,49.22994],[1.70295,49.22985],[1.70406,49.22932],[1.70407,49.229],[1.70386,49.22877],[1.7031,49.22854],[1.70276,49.22841],[1.70222,49.22773],[1.70133,49.22759],[1.70106,49.2275],[1.69949,49.22646],[1.69867,49.22614],[1.69862,49.22483],[1.69849,49.22434],[1.69835,49.22412],[1.69822,49.22398],[1.69746,49.22402],[1.69712,49.2242],[1.69677,49.22428],[1.69622,49.22433],[1.69219,49.22368],[1.69143,49.2234],[1.69103,49.22309],[1.69082,49.22286],[1.69083,49.22209],[1.69091,49.2216],[1.69112,49.22133],[1.69119,49.22097],[1.69112,49.22088],[1.69003,49.22056],[1.68881,49.2192],[1.68875,49.21835],[1.68766,49.21834],[1.68629,49.21816],[1.68595,49.21798],[1.68547,49.21752],[1.68507,49.21676],[1.68473,49.21648],[1.68275,49.2163],[1.6824,49.21616],[1.68125,49.21512],[1.67982,49.2142],[1.67844,49.2137],[1.67783,49.21361],[1.67749,49.21352],[1.6775,49.21271],[1.67647,49.21257],[1.67647,49.21248],[1.67702,49.21221],[1.67696,49.21185],[1.67682,49.21172],[1.67593,49.21176],[1.67504,49.21157],[1.67477,49.21157],[1.67429,49.21184],[1.67408,49.21184],[1.67394,49.2117],[1.67402,49.21116],[1.67451,49.21067],[1.67444,49.2104],[1.67384,49.20945],[1.67384,49.20914],[1.67419,49.20878],[1.67419,49.2086],[1.67331,49.20801],[1.67297,49.20761],[1.6729,49.20725],[1.67263,49.20692],[1.67223,49.20656],[1.67216,49.20633],[1.6723,49.20625],[1.67292,49.20616],[1.67313,49.20607],[1.6732,49.20567],[1.67334,49.20522],[1.67376,49.20486],[1.67495,49.2041],[1.6755,49.20397],[1.67618,49.20393],[1.6766,49.20357],[1.67688,49.20322],[1.67689,49.20263],[1.67655,49.20169],[1.6765,49.20052],[1.67637,49.20011],[1.67543,49.19885],[1.67516,49.1984],[1.6751,49.19746],[1.67497,49.19714],[1.6745,49.19637],[1.67389,49.19582],[1.67362,49.19573],[1.67185,49.19451],[1.67076,49.19369],[1.6707,49.19342],[1.67049,49.19315],[1.67091,49.19262],[1.67106,49.19221],[1.67106,49.19199],[1.67127,49.19181],[1.67141,49.19145],[1.67135,49.191],[1.67094,49.19032],[1.67007,49.1892],[1.6698,49.18875],[1.66967,49.18807],[1.6692,49.18743],[1.66907,49.18707],[1.66907,49.18649],[1.66921,49.18626],[1.66936,49.18541],[1.6695,49.18505],[1.66985,49.18487],[1.66985,49.18478],[1.67075,49.18438],[1.67084,49.1825],[1.67105,49.18196],[1.67168,49.18125],[1.67175,49.18111],[1.67175,49.18053],[1.67162,49.18026],[1.67142,49.18012],[1.67107,49.18021],[1.67018,49.18052],[1.66956,49.18042],[1.66922,49.18029],[1.66902,49.17979],[1.66868,49.17966],[1.66752,49.17956],[1.66718,49.17938],[1.66691,49.17893],[1.66698,49.17861],[1.66761,49.17781],[1.66755,49.17754],[1.667,49.17721],[1.66652,49.17703],[1.66618,49.17676],[1.66619,49.1764],[1.66633,49.17622],[1.66626,49.17586],[1.66634,49.17541],[1.66655,49.1751],[1.66676,49.17456],[1.6669,49.17456],[1.66759,49.17389],[1.6678,49.17362],[1.66829,49.17318],[1.66843,49.17246],[1.66857,49.17214],[1.66865,49.17129],[1.66881,49.17107],[1.66984,49.17031],[1.67019,49.16995],[1.6702,49.1695],[1.66884,49.16864],[1.6685,49.16824],[1.66809,49.16801],[1.66775,49.16787],[1.66748,49.16765],[1.66728,49.16737],[1.66701,49.16719],[1.66646,49.16695],[1.66613,49.16651],[1.66613,49.16646],[1.66579,49.16623],[1.66461,49.16587],[1.66434,49.1656],[1.66414,49.16524],[1.66409,49.16434],[1.66412,49.16259],[1.66291,49.16074],[1.66286,49.15934],[1.66246,49.15898],[1.66184,49.15875],[1.66083,49.1578],[1.66056,49.15721],[1.66063,49.15685],[1.66077,49.15681],[1.66112,49.15659],[1.66236,49.15574],[1.66319,49.15507],[1.66389,49.15436],[1.66444,49.15364],[1.66445,49.15346],[1.66418,49.15323],[1.6639,49.15314],[1.66288,49.1526],[1.6622,49.15241],[1.66124,49.15227],[1.65961,49.1515],[1.6594,49.15145],[1.6592,49.15127],[1.65887,49.15046],[1.65881,49.1501],[1.65854,49.14929],[1.6582,49.14888],[1.65787,49.14857],[1.65595,49.1485],[1.65582,49.14832],[1.65582,49.14805],[1.65603,49.14779],[1.65603,49.14743],[1.65576,49.14716],[1.65508,49.14688],[1.65467,49.14661],[1.65454,49.14629],[1.65448,49.14598],[1.65462,49.14562],[1.65449,49.14521],[1.65415,49.14499],[1.65312,49.14476],[1.65299,49.14462],[1.653,49.14404],[1.65314,49.14363],[1.65329,49.14265],[1.65309,49.14215],[1.65295,49.14202],[1.65275,49.14161],[1.65276,49.1408],[1.65291,49.14049],[1.65318,49.14022],[1.6551,49.14028],[1.6562,49.14015],[1.65624,49.13989],[1.65634,49.1397],[1.65683,49.13903],[1.6569,49.13885],[1.65656,49.13835],[1.65671,49.13795],[1.6574,49.13691],[1.65755,49.13601],[1.65762,49.13588],[1.65831,49.13548],[1.65838,49.13525],[1.65825,49.13503],[1.65812,49.13494],[1.65736,49.13489],[1.65723,49.13458],[1.65703,49.13444],[1.6571,49.1339],[1.65731,49.13368],[1.658,49.13346],[1.65801,49.13233],[1.65795,49.13211],[1.65767,49.13193],[1.6559,49.13151],[1.65577,49.1312],[1.65584,49.13079],[1.65598,49.13039],[1.65578,49.13021],[1.65571,49.13022],[1.65428,49.13002],[1.65366,49.12984],[1.65312,49.12975],[1.65278,49.12961],[1.65263,49.12924],[1.65273,49.12811],[1.65266,49.12793],[1.65253,49.1278],[1.65198,49.12766],[1.65089,49.12757],[1.65038,49.12745],[1.65028,49.12716],[1.65022,49.12613],[1.65009,49.12558],[1.64982,49.12531],[1.64948,49.12518],[1.6477,49.12499],[1.6473,49.12489],[1.64709,49.12476],[1.64642,49.12395],[1.64637,49.1237],[1.64642,49.12332],[1.64689,49.12171],[1.6465,49.12137],[1.64602,49.12112],[1.64596,49.12098],[1.64563,49.12093],[1.6455,49.12075],[1.6451,49.11976],[1.6447,49.11921],[1.64457,49.11863],[1.6443,49.1184],[1.64376,49.11804],[1.64342,49.11754],[1.64193,49.11654],[1.64138,49.11636],[1.64097,49.11636],[1.6407,49.11654],[1.64035,49.11685],[1.64015,49.11689],[1.63981,49.11676],[1.63838,49.1158],[1.63648,49.11494],[1.63518,49.11444],[1.63491,49.11421],[1.63458,49.1134],[1.63445,49.11317],[1.63397,49.11286],[1.63275,49.11249],[1.63254,49.11231],[1.63262,49.11167],[1.63276,49.11145],[1.63303,49.11127],[1.63311,49.11114],[1.6329,49.11091],[1.63236,49.11086],[1.63174,49.11063],[1.63113,49.11059],[1.63065,49.11067],[1.63044,49.11067],[1.62976,49.11035],[1.62956,49.11008],[1.62965,49.10874],[1.62966,49.10775],[1.62953,49.10757],[1.62844,49.10675],[1.6277,49.10589],[1.62709,49.10535],[1.62696,49.10512],[1.62698,49.104],[1.62712,49.10364],[1.62747,49.10324],[1.62747,49.10288],[1.62727,49.1027],[1.62686,49.10251],[1.62624,49.10246],[1.62549,49.10255],[1.62501,49.10241],[1.62427,49.10177],[1.62379,49.1015],[1.62209,49.10109],[1.62168,49.10091],[1.62168,49.10068],[1.62155,49.10019],[1.62115,49.09969],[1.62109,49.09933],[1.6213,49.09888],[1.62131,49.09829],[1.62111,49.09794],[1.6207,49.09757],[1.62009,49.09752],[1.61899,49.09734],[1.61859,49.09711],[1.6186,49.09617],[1.61853,49.09603],[1.61792,49.09571],[1.61765,49.09549],[1.61753,49.09441],[1.61733,49.09404],[1.61699,49.09377],[1.61557,49.09237],[1.61552,49.09147],[1.61538,49.09129],[1.61491,49.09101],[1.6143,49.09079],[1.61416,49.09069],[1.61382,49.09029],[1.61378,49.08854],[1.61351,49.08827],[1.6131,49.08813],[1.61249,49.08808],[1.61214,49.08821],[1.61133,49.08789],[1.61105,49.08789],[1.60994,49.08838],[1.60939,49.08842],[1.60871,49.08828],[1.60823,49.08814],[1.60728,49.08755],[1.60599,49.08719],[1.60565,49.08705],[1.60504,49.08614],[1.6047,49.08605],[1.60436,49.086],[1.60361,49.08626],[1.60333,49.08626],[1.60313,49.08617],[1.60313,49.08595],[1.60341,49.08572],[1.60348,49.08559],[1.60342,49.08518],[1.60308,49.08473],[1.60267,49.08459],[1.60082,49.08459],[1.60028,49.08422],[1.59981,49.08408],[1.59926,49.08404],[1.59823,49.08421],[1.59796,49.08412],[1.59742,49.08376],[1.59585,49.08316],[1.59572,49.08307],[1.59559,49.08253],[1.59552,49.08244],[1.59538,49.08244],[1.59511,49.08257],[1.59422,49.08275],[1.59401,49.08274],[1.59354,49.08238],[1.59299,49.08238],[1.59271,49.08256],[1.59244,49.08287],[1.59216,49.08296],[1.59182,49.08282],[1.59081,49.08183],[1.59,49.08128],[1.58966,49.08115],[1.58904,49.08114],[1.58794,49.08127],[1.58704,49.08103],[1.58609,49.08057],[1.58514,49.0803],[1.5833,49.08011],[1.58221,49.07979],[1.58057,49.0796],[1.58036,49.0795],[1.5803,49.07897],[1.58017,49.07879],[1.57969,49.07851],[1.5797,49.07842],[1.57949,49.07842],[1.57908,49.07828],[1.57833,49.07832],[1.57798,49.0785],[1.57798,49.07855],[1.57771,49.07877],[1.57737,49.07881],[1.57648,49.07863],[1.5758,49.0784],[1.57388,49.07852],[1.57333,49.07847],[1.57313,49.07829],[1.573,49.07793],[1.573,49.07762],[1.57267,49.07712],[1.57206,49.07671],[1.57056,49.07648],[1.57015,49.07638],[1.56988,49.07616],[1.56982,49.07593],[1.56989,49.07566],[1.57051,49.07526],[1.57058,49.07499],[1.56937,49.07345],[1.56897,49.07318],[1.56856,49.07309],[1.56767,49.07313],[1.56699,49.07308],[1.56665,49.07289],[1.56577,49.07212],[1.56502,49.07162],[1.56414,49.07144],[1.56257,49.07129],[1.5623,49.07111],[1.56189,49.07071],[1.56141,49.07034],[1.56079,49.07012],[1.55922,49.06979],[1.55909,49.06975],[1.55828,49.06925],[1.5576,49.06906],[1.55725,49.06937],[1.55683,49.06991],[1.55635,49.07013],[1.55505,49.07035],[1.55319,49.07056],[1.55285,49.07074],[1.5527,49.07132],[1.55243,49.0715],[1.55195,49.07167],[1.55119,49.07221],[1.5507,49.07266],[1.54995,49.07247],[1.54968,49.07251],[1.54927,49.07264],[1.54886,49.07255],[1.54852,49.07233],[1.54818,49.07233],[1.5477,49.07254],[1.54755,49.07277],[1.54735,49.07281],[1.54701,49.07277],[1.54646,49.07254],[1.54515,49.07239],[1.54447,49.07238],[1.54275,49.07273],[1.54255,49.07291],[1.5424,49.0734],[1.54223,49.07367],[1.54205,49.0738],[1.54103,49.07375],[1.54103,49.0737],[1.54003,49.0734],[1.53959,49.07317],[1.5392,49.07335],[1.53878,49.07321],[1.53865,49.07261],[1.53824,49.07238],[1.53763,49.07247],[1.53715,49.0726],[1.53694,49.0726],[1.53681,49.07256],[1.53661,49.0721],[1.5362,49.07188],[1.53518,49.07183],[1.53504,49.07178],[1.53484,49.07142],[1.53457,49.07119],[1.53423,49.07114],[1.53368,49.0715],[1.53347,49.07177],[1.53292,49.07199],[1.5323,49.07189],[1.5321,49.07181],[1.5321,49.07158],[1.53224,49.0714],[1.53225,49.07113],[1.53218,49.07104],[1.5317,49.07095],[1.53164,49.07068],[1.53137,49.07009],[1.5311,49.06996],[1.53076,49.06995],[1.52993,49.07048],[1.52979,49.07049],[1.52945,49.07039],[1.52898,49.07035],[1.52823,49.07016],[1.52748,49.07011],[1.5268,49.06984],[1.52632,49.06992],[1.52597,49.06992],[1.52577,49.06983],[1.52577,49.06956],[1.52592,49.06911],[1.52578,49.06902],[1.52503,49.06893],[1.52447,49.06915],[1.52385,49.06923],[1.52365,49.06913],[1.52345,49.06859],[1.52318,49.06837],[1.52291,49.06832],[1.52257,49.06841],[1.5218,49.06939],[1.52145,49.06966],[1.52097,49.06983],[1.52035,49.06983],[1.51954,49.06964]]}},
{"type":"Feature","properties":{"code_eu_md":"FRHR239-H3161000","name":"ruisseau d'Hérouval","longueur":6316.0,"statut":"MEN","ordre":2,"etateco":"3","qmoyaval":null,"distmer":null,"distsrce":null,"gid":8808,"annee":"2009"},"geometry":{"type":"LineString","coordinates":[[1.77928,49.2378],[1.77907,49.23816],[1.77872,49.23847],[1.77837,49.23887],[1.77816,49.23972],[1.77788,49.24022],[1.77643,49.24075],[1.77512,49.2416],[1.77395,49.24195],[1.7734,49.24226],[1.77298,49.2424],[1.76892,49.24265],[1.76843,49.243],[1.76809,49.243],[1.76741,49.24291],[1.76535,49.2429],[1.76466,49.24272],[1.76398,49.24226],[1.7633,49.24204],[1.76241,49.24145],[1.7618,49.24109],[1.76057,49.24103],[1.76002,49.2409],[1.7592,49.24089],[1.75817,49.24062],[1.75541,49.24092],[1.75479,49.24096],[1.75404,49.2406],[1.75377,49.24037],[1.75301,49.24019],[1.75254,49.24014],[1.75164,49.24032],[1.75068,49.24022],[1.74999,49.24044],[1.74965,49.24049],[1.74931,49.24031],[1.74725,49.2403],[1.74437,49.24042],[1.74354,49.24037],[1.7421,49.24036],[1.73865,49.24078],[1.73796,49.24124],[1.73734,49.24191],[1.73692,49.24218],[1.73575,49.24235],[1.73308,49.24229],[1.73233,49.24214],[1.7315,49.24209],[1.72972,49.24222],[1.72862,49.24226],[1.72705,49.24198],[1.72279,49.24093],[1.72224,49.24084],[1.72053,49.24083],[1.71991,49.241],[1.7188,49.24149],[1.71715,49.24211],[1.71598,49.24242],[1.7144,49.24264],[1.71214,49.24249],[1.71166,49.24253],[1.71102,49.24271],[1.71088,49.24284],[1.71081,49.24306],[1.71047,49.24311],[1.70452,49.24173],[1.70424,49.24164],[1.70157,49.24104]]}},
{"type":"Feature","properties":{"code_eu_md":"FRHR239-H3163000","name":"ru du Cudron","longueur":10273.0,"statut":"MEN","ordre":2,"etateco":"2","qmoyaval":null,"distmer":null,"distsrce":null,"gid":8809,"annee":"2009"},"geometry":{"type":"LineString","coordinates":[[1.76003,49.18717],[1.75989,49.1873],[1.75982,49.18757],[1.75954,49.18806],[1.75868,49.19017],[1.75833,49.19089],[1.75791,49.1916],[1.75877,49.19435],[1.75904,49.19471],[1.75938,49.19503],[1.76026,49.19616],[1.7606,49.1967],[1.76073,49.19715],[1.75846,49.19768],[1.75763,49.19795],[1.75729,49.19817],[1.75701,49.19848],[1.75659,49.19916],[1.7556,49.20171],[1.75526,49.20207],[1.75464,49.20243],[1.75429,49.20287],[1.75415,49.20328],[1.75387,49.20359],[1.75228,49.20466],[1.75157,49.20529],[1.75143,49.20551],[1.75109,49.20573],[1.75074,49.20605],[1.74992,49.20613],[1.74916,49.20635],[1.74875,49.20639],[1.74807,49.20599],[1.74677,49.20594],[1.74581,49.2058],[1.74492,49.20552],[1.7443,49.20548],[1.74369,49.20506],[1.74158,49.20416],[1.74137,49.20402],[1.74089,49.20388],[1.73966,49.20392],[1.73856,49.20432],[1.73821,49.20432],[1.73774,49.20405],[1.73609,49.20377],[1.7354,49.2035],[1.7352,49.20327],[1.73431,49.20282],[1.73384,49.20232],[1.73165,49.20172],[1.73096,49.20171],[1.72883,49.20206],[1.72815,49.2021],[1.72774,49.20197],[1.72685,49.20142],[1.72631,49.20115],[1.72549,49.2011],[1.72466,49.2011],[1.72418,49.20123],[1.72418,49.20128],[1.72404,49.20141],[1.72329,49.20145],[1.7226,49.20163],[1.72232,49.20181],[1.72157,49.20212],[1.72102,49.20211],[1.72047,49.20202],[1.71938,49.20134],[1.71834,49.2012],[1.71684,49.20079],[1.71663,49.20065],[1.7165,49.20043],[1.71691,49.20016],[1.71692,49.19998],[1.71658,49.19971],[1.71576,49.19943],[1.71432,49.19916],[1.71323,49.19875],[1.71295,49.19875],[1.71234,49.19888],[1.71206,49.19879],[1.71172,49.19851],[1.71098,49.19775],[1.7105,49.19743],[1.70893,49.19701],[1.70736,49.19682],[1.70619,49.19681],[1.7053,49.19703],[1.70468,49.19735],[1.7033,49.19815],[1.70107,49.19926],[1.7008,49.19957],[1.70078,49.20093],[1.70035,49.20201],[1.7,49.20277],[1.69979,49.20344],[1.69931,49.20348],[1.69917,49.20357],[1.69896,49.20411],[1.69901,49.20523],[1.69915,49.20559],[1.69948,49.20586],[1.69955,49.20604],[1.69928,49.20613],[1.6988,49.20617],[1.6951,49.20534],[1.69469,49.20534],[1.69222,49.20565],[1.69194,49.20582],[1.69201,49.20618],[1.69173,49.2064],[1.69138,49.2069],[1.69088,49.20725],[1.6904,49.20743],[1.68869,49.20742],[1.68814,49.20756],[1.68751,49.20795],[1.68619,49.20961],[1.68563,49.21015],[1.68516,49.2101],[1.68446,49.21077],[1.68377,49.2113],[1.68294,49.21157],[1.68239,49.21161],[1.68185,49.21143],[1.68089,49.21098],[1.67967,49.21016],[1.6792,49.20948],[1.67886,49.20912],[1.67859,49.20858],[1.67861,49.20732],[1.67807,49.20647],[1.67746,49.20592],[1.67767,49.2056],[1.67774,49.20538],[1.67747,49.2052],[1.67706,49.2051],[1.67672,49.2051],[1.67631,49.20487],[1.67617,49.20465],[1.67618,49.20393]]}},
{"type":"Feature","properties":{"code_eu_md":"FRHR239-H3181000","name":"ru de Chaussy","longueur":5809.0,"statut":"MEN","ordre":2,"etateco":"3","qmoyaval":null,"distmer":null,"distsrce":null,"gid":8810,"annee":"2009"},"geometry":{"type":"LineString","coordinates":[[1.71159,49.11569],[1.71041,49.11624],[1.70939,49.11695],[1.70876,49.11773],[1.7077,49.11865],[1.70471,49.11951],[1.70382,49.11991],[1.70133,49.12075],[1.70058,49.12093],[1.69961,49.12106],[1.6979,49.12168],[1.69597,49.12257],[1.69432,49.1231],[1.69191,49.12398],[1.69157,49.12425],[1.69115,49.12479],[1.6906,49.12501],[1.68895,49.12532],[1.68797,49.12585],[1.68763,49.12607],[1.68516,49.12655],[1.68406,49.12695],[1.68365,49.12699],[1.68337,49.12695],[1.68275,49.12699],[1.68262,49.12703],[1.682,49.12744],[1.68144,49.12792],[1.68116,49.12837],[1.68019,49.12936],[1.67977,49.12998],[1.67942,49.13128],[1.67914,49.13179],[1.67886,49.1321],[1.67809,49.13317],[1.67767,49.13362],[1.67733,49.13384],[1.67518,49.1345],[1.67319,49.13539],[1.67147,49.13597],[1.67105,49.13624],[1.67022,49.13735],[1.6698,49.13807],[1.66945,49.13843],[1.66909,49.13955],[1.66895,49.13964],[1.66854,49.14022],[1.66784,49.14089],[1.66674,49.1412],[1.66619,49.1416],[1.66527,49.14276],[1.66527,49.14312],[1.6654,49.14343],[1.66539,49.14411],[1.66161,49.14517],[1.66092,49.14557],[1.65935,49.14552],[1.65866,49.14569],[1.6577,49.14555],[1.65729,49.14555],[1.6566,49.1459],[1.65544,49.14598],[1.65448,49.14598]]}},
{"type":"Feature","properties":{"code_eu_md":"FRHR240","name":"L'Aubette de sa source au confluent de l'Epte (exclu)","longueur":15598.0,"statut":"MEN","ordre":2,"etateco":"3","qmoyaval":null,"distmer":null,"distsrce":null,"gid":8814,"annee":"2009"},"geometry":{"type":"LineString","coordinates":[[1.84077,49.16582],[1.83961,49.16514],[1.8392,49.16478],[1.83853,49.16406],[1.83757,49.1637],[1.83716,49.16324],[1.83689,49.16311],[1.83539,49.16283],[1.83368,49.16228],[1.83313,49.16228],[1.83149,49.16246],[1.82874,49.16262],[1.82751,49.16258],[1.82594,49.16257],[1.82434,49.16306],[1.82386,49.16332],[1.82276,49.16345],[1.82215,49.16331],[1.82167,49.16313],[1.82119,49.16318],[1.82078,49.16317],[1.81961,49.16313],[1.81859,49.16303],[1.81804,49.16303],[1.81735,49.16311],[1.81626,49.16284],[1.81558,49.16248],[1.81517,49.16202],[1.81504,49.1617],[1.81463,49.16143],[1.81422,49.16138],[1.81408,49.16125],[1.81395,49.16103],[1.81333,49.16093],[1.81231,49.1603],[1.81115,49.15989],[1.8104,49.15971],[1.80937,49.1597],[1.80862,49.15974],[1.80807,49.1597],[1.80642,49.15933],[1.80512,49.15879],[1.80362,49.15851],[1.8028,49.15824],[1.80184,49.15769],[1.80089,49.15755],[1.80034,49.15755],[1.7991,49.15772],[1.79801,49.15772],[1.79643,49.15794],[1.79478,49.15838],[1.79464,49.15851],[1.79464,49.15869],[1.79444,49.15878],[1.79293,49.15905],[1.79217,49.15909],[1.79115,49.15895],[1.79045,49.1589],[1.78976,49.15881],[1.78935,49.15867],[1.78819,49.15858],[1.78778,49.15848],[1.78717,49.15812],[1.78655,49.15788],[1.78375,49.15747],[1.7832,49.15724],[1.78293,49.15688],[1.7826,49.15629],[1.78253,49.15598],[1.7826,49.15575],[1.78261,49.15539],[1.78138,49.15449],[1.7807,49.15422],[1.78022,49.15395],[1.77968,49.1539],[1.77947,49.15381],[1.77948,49.15372],[1.77989,49.15331],[1.77982,49.15318],[1.77948,49.15291],[1.77853,49.15241],[1.77764,49.15209],[1.77457,49.15136],[1.77395,49.15118],[1.77355,49.15091],[1.7719,49.15081],[1.7702,49.15016],[1.7693,49.14998],[1.76882,49.14975],[1.7676,49.14889],[1.7674,49.14839],[1.76726,49.14831],[1.76699,49.14826],[1.76664,49.14834],[1.76623,49.14834],[1.76487,49.14767],[1.76426,49.14743],[1.76255,49.14707],[1.76173,49.14675],[1.75838,49.14588],[1.75654,49.14524],[1.75586,49.1447],[1.75491,49.14456],[1.75463,49.14434],[1.75416,49.14405],[1.75375,49.1441],[1.7534,49.14423],[1.75286,49.14414],[1.75245,49.14391],[1.75101,49.14377],[1.74955,49.14439],[1.74852,49.1447],[1.74777,49.14479],[1.74612,49.14487],[1.74399,49.14548],[1.74235,49.14539],[1.74187,49.1457],[1.74145,49.14606],[1.7405,49.14597],[1.74001,49.14614],[1.73905,49.14613],[1.73851,49.14622],[1.73727,49.14621],[1.7359,49.14648],[1.73362,49.14665],[1.73321,49.14687],[1.73307,49.14705],[1.733,49.14723],[1.73265,49.14759],[1.73176,49.14781],[1.73046,49.1478],[1.73039,49.14794],[1.72922,49.14833],[1.72819,49.14846],[1.72634,49.14836],[1.72518,49.14809],[1.72464,49.14791],[1.72272,49.14776],[1.72067,49.14766],[1.71971,49.14757],[1.71743,49.14782],[1.71654,49.14786],[1.71524,49.14826],[1.71489,49.14839],[1.71434,49.14853],[1.71304,49.14861],[1.71249,49.14878],[1.71194,49.14905],[1.71146,49.14896],[1.71112,49.14869],[1.71044,49.14882],[1.71016,49.14922],[1.70891,49.15007],[1.70816,49.15033],[1.70726,49.15051],[1.70562,49.15055],[1.70528,49.15068],[1.70548,49.15095],[1.70554,49.15122],[1.70534,49.15136],[1.70409,49.15175],[1.69941,49.15294],[1.69893,49.15289],[1.69812,49.15266],[1.69572,49.15229],[1.69333,49.15187],[1.69244,49.1516],[1.6919,49.15155],[1.69176,49.15137],[1.69114,49.15137],[1.69087,49.15114],[1.6906,49.1511],[1.69012,49.15091],[1.68958,49.15091],[1.68828,49.15077],[1.68717,49.15044],[1.68676,49.15026],[1.68649,49.15021],[1.68635,49.15026],[1.68532,49.1502],[1.68512,49.14993],[1.68465,49.14962],[1.68403,49.14952],[1.68362,49.14938],[1.6803,49.14685],[1.67976,49.14609],[1.67867,49.14545],[1.67833,49.14518],[1.67806,49.14504],[1.67669,49.14485],[1.67615,49.14467],[1.67513,49.14418],[1.67239,49.14383],[1.67177,49.14424],[1.67136,49.14432],[1.67088,49.14437],[1.67013,49.14405],[1.66986,49.14405],[1.66951,49.14413],[1.6689,49.14413],[1.66835,49.14426],[1.66773,49.14466],[1.66764,49.14489],[1.6675,49.14493],[1.6673,49.14493],[1.66716,49.14488],[1.66661,49.14488],[1.66648,49.14479],[1.66627,49.14474],[1.666,49.14492],[1.66558,49.14537],[1.66469,49.14559],[1.66455,49.14568],[1.664,49.14581],[1.66365,49.14603],[1.66297,49.14616],[1.66283,49.14625],[1.6618,49.14669],[1.65973,49.14736],[1.65952,49.14754],[1.65891,49.14776],[1.65814,49.14829],[1.65787,49.14857]]}},
{"type":"Feature","properties":{"code_eu_md":"FRHR240-H3171250","name":"Ru de Genainville","longueur":8917.0,"statut":"MEN","ordre":2,"etateco":"3","qmoyaval":null,"distmer":null,"distsrce":null,"gid":8815,"annee":"2009"},"geometry":{"type":"LineString","coordinates":[[1.78015,49.09365],[1.78028,49.09392],[1.78034,49.09459],[1.78,49.09482],[1.77993,49.09549],[1.78033,49.09572],[1.78033,49.09594],[1.78088,49.09612],[1.7821,49.09667],[1.78435,49.09789],[1.78475,49.09825],[1.78495,49.09862],[1.78522,49.09893],[1.78543,49.09934],[1.7865,49.10092],[1.78705,49.10146],[1.78772,49.10227],[1.78771,49.10286],[1.78785,49.10309],[1.78927,49.10485],[1.79008,49.10597],[1.79062,49.10665],[1.79053,49.10845],[1.79039,49.10894],[1.79037,49.11055],[1.7903,49.11069],[1.78982,49.111],[1.78995,49.11123],[1.78988,49.11208],[1.79001,49.11235],[1.79096,49.11294],[1.79137,49.11354],[1.79164,49.11376],[1.79204,49.11435],[1.79204,49.11489],[1.79134,49.1156],[1.79113,49.11601],[1.79067,49.11614],[1.79024,49.11659],[1.78661,49.11697],[1.78498,49.11692],[1.78317,49.11691],[1.78117,49.1175],[1.78095,49.11783],[1.78036,49.11835],[1.77634,49.11923],[1.77438,49.11948],[1.77238,49.12009],[1.77158,49.12002],[1.77017,49.12004],[1.7698,49.12015],[1.7694,49.12036],[1.76875,49.12053],[1.76792,49.12024],[1.76687,49.12028],[1.76633,49.12037],[1.7661,49.12063],[1.76603,49.12082],[1.76581,49.12085],[1.76545,49.12068],[1.76524,49.12065],[1.76462,49.12075],[1.764,49.12077],[1.7634,49.12068],[1.76156,49.12054],[1.76066,49.12061],[1.7595,49.12092],[1.7584,49.12138],[1.75674,49.12254],[1.75625,49.12352],[1.75618,49.12388],[1.75597,49.12406],[1.7559,49.12442],[1.75437,49.12536],[1.75375,49.12526],[1.75306,49.1258],[1.7521,49.12629],[1.75162,49.12673],[1.75127,49.12678],[1.7512,49.12687],[1.75188,49.12746],[1.75186,49.12948],[1.75192,49.12966],[1.75185,49.1301],[1.75164,49.13078],[1.75143,49.13105],[1.75136,49.13132],[1.75122,49.13154],[1.75101,49.13167],[1.75019,49.13189],[1.74834,49.1322],[1.74682,49.13282],[1.74586,49.13309],[1.74524,49.13331],[1.7438,49.13357],[1.74385,49.13442],[1.74377,49.13478],[1.7435,49.1351],[1.74329,49.1355],[1.74321,49.13608],[1.74307,49.13645],[1.74279,49.13681],[1.74258,49.13735],[1.74203,49.13757],[1.74209,49.13811],[1.74202,49.13833],[1.74209,49.13856],[1.74256,49.13932],[1.74262,49.13973],[1.74255,49.14],[1.7422,49.14035],[1.7422,49.14071],[1.74233,49.14112],[1.7428,49.1417],[1.74328,49.14238],[1.74347,49.14279],[1.74354,49.14319],[1.74367,49.14355],[1.74394,49.14391],[1.74401,49.14419],[1.74394,49.14432],[1.74325,49.14467],[1.74256,49.14512],[1.74235,49.14539]]}},
{"type":"Feature","properties":{"code_eu_md":"FRHR241","name":"L'Andelle du confluent de l'Héron (exclu) au confluent de la Seine (exclu)","longueur":27238.0,"statut":"MEN","ordre":1,"etateco":"3","qmoyaval":null,"distmer":null,"distsrce":null,"gid":8816,"annee":"2009"},"geometry":{"type":"LineString","coordinates":[[1.39025,49.46005],[1.38957,49.45972],[1.38896,49.45931],[1.388,49.45894],[1.388,49.45876],[1.38869,49.45859],[1.38883,49.45845],[1.38884,49.45832],[1.38863,49.45814],[1.38739,49.45804],[1.38719,49.4579],[1.38713,49.45745],[1.38686,49.45722],[1.38651,49.45722],[1.38568,49.45744],[1.38506,49.45743],[1.38486,49.45739],[1.38425,49.45689],[1.38418,49.45676],[1.38419,49.45635],[1.38385,49.45603],[1.38385,49.45576],[1.38435,49.4551],[1.38436,49.45451],[1.38409,49.45419],[1.38368,49.45397],[1.38245,49.4535],[1.38232,49.45314],[1.38233,49.45247],[1.38254,49.45215],[1.38303,49.45184],[1.38311,49.45153],[1.38284,49.45116],[1.38286,49.45013],[1.38272,49.44995],[1.38204,49.44976],[1.3819,49.44959],[1.38205,49.44927],[1.38232,49.44909],[1.38343,49.44901],[1.38378,49.44879],[1.38399,49.44852],[1.384,49.44803],[1.38366,49.44758],[1.38332,49.44726],[1.38285,49.44667],[1.38279,49.4464],[1.38286,49.44609],[1.38307,49.44591],[1.38407,49.44429],[1.38483,49.44376],[1.38484,49.44336],[1.38471,49.44313],[1.38486,49.44255],[1.3848,49.44205],[1.38467,49.44178],[1.38426,49.44129],[1.38406,49.44092],[1.384,49.44052],[1.3838,49.44021],[1.38381,49.43976],[1.38374,49.43944],[1.38348,49.43899],[1.383,49.43849],[1.38303,49.43786],[1.38317,49.43755],[1.38402,49.43633],[1.38423,49.43611],[1.38459,49.43544],[1.38461,49.43454],[1.38355,49.43229],[1.38358,49.43076],[1.38324,49.43008],[1.38326,49.42905],[1.38313,49.42868],[1.38293,49.42837],[1.38246,49.42778],[1.38254,49.42737],[1.38248,49.42652],[1.38215,49.42598],[1.38161,49.42548],[1.38148,49.42512],[1.3815,49.424],[1.38096,49.42341],[1.38096,49.42319],[1.38145,49.42287],[1.38139,49.42252],[1.38112,49.42215],[1.38071,49.42183],[1.38051,49.42152],[1.3808,49.42093],[1.3808,49.42066],[1.3795,49.42051],[1.37916,49.42033],[1.37895,49.42011],[1.37848,49.41979],[1.37814,49.41965],[1.37684,49.41879],[1.37623,49.41829],[1.37486,49.41787],[1.37466,49.41764],[1.37453,49.41715],[1.37433,49.41688],[1.37359,49.41638],[1.37339,49.41597],[1.3734,49.41543],[1.37361,49.41517],[1.37486,49.41446],[1.37548,49.41437],[1.37589,49.41446],[1.37603,49.41433],[1.37605,49.4136],[1.37517,49.41239],[1.37437,49.41148],[1.37409,49.41125],[1.3741,49.41116],[1.37396,49.41103],[1.37383,49.41076],[1.37377,49.41013],[1.37338,49.40914],[1.37319,49.40824],[1.37269,49.40782],[1.37203,49.40769],[1.37176,49.40746],[1.37142,49.407],[1.37111,49.4063],[1.37164,49.40414],[1.37193,49.40197],[1.37205,49.40071],[1.37164,49.39959],[1.37144,49.39927],[1.37138,49.399],[1.37104,49.39855],[1.37105,49.39819],[1.37133,49.39783],[1.37203,49.39734],[1.37231,49.39703],[1.37252,49.39667],[1.37288,49.39627],[1.37288,49.39595],[1.37275,49.39537],[1.37283,49.39496],[1.37297,49.3947],[1.37356,49.39295],[1.37377,49.39264],[1.37454,49.39206],[1.37483,49.39175],[1.37588,49.39104],[1.37565,49.39071],[1.37585,49.39043],[1.37706,49.39037],[1.37734,49.39024],[1.37735,49.38975],[1.37721,49.38957],[1.37743,49.38898],[1.37743,49.38871],[1.37703,49.38839],[1.37703,49.38826],[1.37724,49.38785],[1.37725,49.38749],[1.37657,49.38704],[1.37657,49.38699],[1.37671,49.3869],[1.37761,49.38682],[1.37782,49.38669],[1.37775,49.38633],[1.37729,49.38547],[1.37737,49.38461],[1.37759,49.3843],[1.37898,49.38342],[1.3794,49.38292],[1.37976,49.38234],[1.37976,49.38194],[1.37993,49.38104],[1.3791,49.3805],[1.3789,49.38022],[1.37893,49.3796],[1.37921,49.37924],[1.37977,49.37879],[1.38074,49.37835],[1.38171,49.37786],[1.38199,49.37746],[1.38173,49.37669],[1.38175,49.37575],[1.38155,49.37552],[1.38012,49.37457],[1.37944,49.37398],[1.37801,49.37351],[1.37719,49.37328],[1.37688,49.37333],[1.37666,49.37184],[1.37646,49.37139],[1.3764,49.37094],[1.37601,49.36981],[1.37561,49.36945],[1.37424,49.36912],[1.37411,49.36885],[1.37411,49.36836],[1.37419,49.36813],[1.3742,49.36759],[1.37379,49.36732],[1.37283,49.367],[1.37194,49.36677],[1.3705,49.36676],[1.37023,49.36662],[1.36954,49.36661],[1.36926,49.3667],[1.36855,49.3671],[1.36807,49.36696],[1.36787,49.36673],[1.3676,49.36655],[1.3668,49.36542],[1.36599,49.36451],[1.36518,49.36387],[1.36334,49.36256],[1.36191,49.36169],[1.36171,49.36151],[1.36125,49.36056],[1.36022,49.36046],[1.35988,49.36033],[1.35873,49.35919],[1.35819,49.35873],[1.3573,49.35841],[1.35669,49.35787],[1.35622,49.35759],[1.35561,49.35705],[1.35458,49.35686],[1.3528,49.35662],[1.35246,49.35648],[1.3513,49.35589],[1.35027,49.35579],[1.34732,49.35541],[1.34463,49.35512],[1.34236,49.35514],[1.34016,49.35484],[1.33879,49.35456],[1.33756,49.35424],[1.33674,49.35415],[1.33543,49.35413],[1.33481,49.35422],[1.33439,49.35453],[1.3339,49.35515],[1.33362,49.35542],[1.33264,49.35564],[1.33202,49.35572],[1.32941,49.3557],[1.32839,49.3551],[1.3275,49.35447],[1.32594,49.35361],[1.32553,49.35346],[1.32444,49.35287],[1.32259,49.35235],[1.32226,49.35203],[1.32193,49.35136],[1.32179,49.35122],[1.32145,49.35118],[1.32131,49.35122],[1.3211,49.35144],[1.32089,49.35153],[1.32041,49.35157],[1.31986,49.35143],[1.31871,49.35075],[1.31789,49.35043],[1.3157,49.34996],[1.313,49.3498],[1.3119,49.34997],[1.31094,49.35001],[1.31025,49.34982],[1.30847,49.34966],[1.30573,49.3491],[1.30211,49.34781],[1.30061,49.34708],[1.29939,49.34631],[1.29763,49.34485],[1.2973,49.34444],[1.29717,49.34408],[1.29669,49.34381],[1.29581,49.34299],[1.29555,49.34258],[1.29509,49.34163],[1.2951,49.34087],[1.29538,49.34065],[1.29594,49.34043],[1.29608,49.34029],[1.29615,49.33994],[1.29617,49.33895],[1.29604,49.33854],[1.29571,49.33818],[1.29503,49.33777],[1.29428,49.33745],[1.29271,49.33657],[1.29224,49.33621],[1.29184,49.33571],[1.29171,49.33535],[1.29151,49.33508],[1.29097,49.33458],[1.29056,49.33449],[1.28973,49.33457],[1.28835,49.33483],[1.28785,49.33487],[1.28628,49.33436],[1.28368,49.33402],[1.28217,49.33401],[1.28183,49.33392],[1.28142,49.33365],[1.28136,49.33337],[1.2815,49.33293],[1.28146,49.33184],[1.27996,49.33106],[1.27949,49.33066],[1.27922,49.33025],[1.27895,49.33011],[1.27751,49.32992],[1.27682,49.32991],[1.27648,49.32995],[1.27545,49.3299],[1.27476,49.32976],[1.27463,49.32967],[1.27464,49.32904],[1.27444,49.3289],[1.2732,49.32862],[1.27108,49.32842],[1.26846,49.32825],[1.26777,49.32825],[1.26721,49.32847],[1.26632,49.3286],[1.2657,49.32864],[1.26433,49.32853],[1.26317,49.32812],[1.26234,49.32807],[1.26166,49.32793],[1.26063,49.32756],[1.25955,49.32678],[1.25908,49.32638],[1.25833,49.32587],[1.25806,49.32587],[1.25772,49.32574],[1.25615,49.32496],[1.2554,49.32473],[1.25492,49.32467],[1.25465,49.32471],[1.2541,49.3247],[1.25383,49.32439],[1.25356,49.32425],[1.2528,49.32424],[1.25225,49.32446],[1.25183,49.3245],[1.25142,49.32441],[1.25102,49.32414],[1.25052,49.324],[1.25018,49.32399],[1.24963,49.32413],[1.2481,49.32497],[1.24768,49.32505],[1.24727,49.325],[1.24693,49.32482],[1.24524,49.32354],[1.2447,49.32309],[1.24395,49.32282],[1.24142,49.32221],[1.24191,49.3219],[1.24212,49.32158],[1.24206,49.32122],[1.24138,49.32072],[1.24084,49.32053],[1.24022,49.32053],[1.2396,49.32066],[1.23883,49.3211],[1.23835,49.32109],[1.23822,49.32073],[1.23788,49.32051],[1.2372,49.32027],[1.237,49.32014],[1.23693,49.32005],[1.23653,49.31973],[1.23639,49.31968],[1.23605,49.31968],[1.23508,49.31989],[1.23474,49.31989],[1.23287,49.3197],[1.23252,49.31987],[1.23211,49.31982],[1.23198,49.31973],[1.23171,49.31937],[1.23165,49.31901],[1.23202,49.31861],[1.23202,49.31838],[1.23195,49.3182],[1.23128,49.31761],[1.23115,49.31739],[1.23117,49.31653],[1.23096,49.31635],[1.23001,49.31621],[1.22863,49.31561],[1.22782,49.3151],[1.2268,49.31433],[1.22499,49.31238],[1.22432,49.31157],[1.22405,49.31129],[1.22397,49.31116]]}},
{"type":"Feature","properties":{"code_eu_md":"FRHR241-H3259000","name":"La Lieure","longueur":15163.0,"statut":"MEN","ordre":2,"etateco":"2","qmoyaval":null,"distmer":null,"distsrce":null,"gid":8818,"annee":"2009"},"geometry":{"type":"LineString","coordinates":[[1.49561,49.41085],[1.49527,49.41054],[1.49411,49.40967],[1.4935,49.4094],[1.49315,49.40953],[1.49294,49.40953],[1.49267,49.4093],[1.49185,49.40876],[1.49061,49.40799],[1.48919,49.40668],[1.4883,49.40636],[1.48721,49.40562],[1.48674,49.40526],[1.48647,49.40476],[1.48641,49.40413],[1.48621,49.40377],[1.48553,49.40318],[1.4854,49.40269],[1.48527,49.40246],[1.48506,49.40237],[1.48465,49.40232],[1.48341,49.40254],[1.4812,49.40275],[1.48017,49.40274],[1.47886,49.40255],[1.47783,49.40254],[1.47749,49.40272],[1.47707,49.40285],[1.47659,49.40294],[1.47611,49.40276],[1.47577,49.40257],[1.47502,49.40198],[1.47462,49.40158],[1.47462,49.40112],[1.47442,49.4008],[1.47408,49.40049],[1.47381,49.40012],[1.47347,49.39981],[1.47099,49.39934],[1.47065,49.39943],[1.46989,49.39951],[1.46961,49.39964],[1.46926,49.39964],[1.46899,49.39937],[1.46811,49.39891],[1.46729,49.39828],[1.46566,49.39733],[1.46449,49.39682],[1.46395,49.39633],[1.46396,49.39615],[1.46423,49.39597],[1.46423,49.39593],[1.46451,49.39569],[1.46466,49.39533],[1.46432,49.39502],[1.46418,49.39484],[1.4633,49.39434],[1.46275,49.39411],[1.46158,49.39392],[1.4609,49.39355],[1.45994,49.39341],[1.45905,49.39309],[1.45871,49.393],[1.45747,49.3929],[1.45665,49.39262],[1.4561,49.39249],[1.4546,49.39194],[1.45404,49.39193],[1.45341,49.39206],[1.45273,49.39206],[1.45224,49.3921],[1.45128,49.39182],[1.45067,49.39155],[1.45067,49.39146],[1.45081,49.39137],[1.45074,49.39124],[1.4491,49.39059],[1.44897,49.39045],[1.44877,49.38982],[1.44865,49.38919],[1.44825,49.38838],[1.44827,49.3873],[1.4482,49.38707],[1.4474,49.3855],[1.447,49.38504],[1.44693,49.38482],[1.44653,49.38446],[1.44646,49.38414],[1.44626,49.384],[1.44626,49.38382],[1.44599,49.38359],[1.44566,49.38264],[1.445,49.38111],[1.44494,49.38071],[1.44495,49.38026],[1.44502,49.37994],[1.44503,49.37963],[1.44469,49.37927],[1.44428,49.37899],[1.44195,49.37839],[1.44182,49.3783],[1.44142,49.37763],[1.44121,49.3774],[1.44108,49.37709],[1.44095,49.37695],[1.44088,49.37677],[1.44109,49.37663],[1.44144,49.37649],[1.44157,49.37641],[1.44158,49.37605],[1.44138,49.37555],[1.44085,49.37469],[1.44058,49.37442],[1.44037,49.37438],[1.43975,49.37437],[1.43955,49.37428],[1.43921,49.37383],[1.43908,49.37342],[1.43923,49.37306],[1.43917,49.37262],[1.4389,49.37225],[1.43788,49.37148],[1.43734,49.37094],[1.43734,49.37089],[1.43666,49.37017],[1.43666,49.37012],[1.43646,49.3699],[1.43558,49.36916],[1.43511,49.3684],[1.43403,49.36754],[1.43322,49.36672],[1.43274,49.36618],[1.43275,49.36609],[1.43187,49.36528],[1.43105,49.36464],[1.42996,49.36423],[1.429,49.36368],[1.42894,49.36354],[1.42799,49.3629],[1.42765,49.36245],[1.42704,49.36213],[1.42683,49.36213],[1.42649,49.36226],[1.42614,49.36226],[1.4258,49.36212],[1.4256,49.36189],[1.42512,49.36166],[1.42354,49.36143],[1.42306,49.36138],[1.42196,49.36146],[1.42107,49.36114],[1.42012,49.36051],[1.41964,49.36032],[1.41881,49.36054],[1.41769,49.36098],[1.41665,49.36129],[1.41631,49.36151],[1.41581,49.36227],[1.41525,49.36276],[1.41504,49.36311],[1.41407,49.36338],[1.41352,49.36369],[1.41324,49.36395],[1.41302,49.36449],[1.4124,49.36471],[1.41219,49.36493],[1.41218,49.36529],[1.41204,49.36539],[1.41149,49.36547],[1.41114,49.3656],[1.40948,49.36649],[1.40883,49.36706],[1.40752,49.36728],[1.40683,49.36768],[1.40462,49.36784],[1.40435,49.36775],[1.40415,49.36761],[1.4038,49.36756],[1.40359,49.36765],[1.40351,49.36837],[1.4033,49.36864],[1.40254,49.369],[1.40164,49.36899],[1.40137,49.36912],[1.40129,49.36939],[1.40108,49.36952],[1.40019,49.36938],[1.39985,49.36942],[1.39936,49.36969],[1.39902,49.36978],[1.39854,49.36977],[1.39784,49.3695],[1.39743,49.36949],[1.39687,49.36962],[1.39618,49.36993],[1.39555,49.37042],[1.39444,49.37113],[1.39279,49.37103],[1.39176,49.3707],[1.39073,49.37052],[1.38998,49.37051],[1.38936,49.3706],[1.38777,49.37067],[1.38514,49.3711],[1.3839,49.37109],[1.38328,49.37104],[1.38081,49.37058],[1.37979,49.37025],[1.37904,49.36974],[1.37857,49.36915],[1.37741,49.36843],[1.37721,49.36815],[1.37722,49.36806],[1.37654,49.36748],[1.37566,49.36648],[1.37512,49.36603],[1.37457,49.36593],[1.37244,49.36596],[1.37181,49.36632],[1.37092,49.36635],[1.36927,49.36629],[1.36816,49.36606],[1.36761,49.36579],[1.36701,49.3651],[1.36593,49.36402],[1.36566,49.36347],[1.36554,49.36293],[1.36598,49.3619],[1.36607,49.36114],[1.36593,49.36096],[1.36409,49.35995],[1.36032,49.35858],[1.35841,49.35806],[1.35669,49.35787]]}},
{"type":"Feature","properties":{"code_eu_md":"FRHR241-H3259500","name":"le Fouillebroc","longueur":9016.0,"statut":"MEN","ordre":2,"etateco":"3","qmoyaval":null,"distmer":null,"distsrce":null,"gid":8819,"annee":"2009"},"geometry":{"type":"LineString","coordinates":[[1.50216,49.37349],[1.50093,49.37281],[1.49998,49.37253],[1.49853,49.37252],[1.49729,49.37265],[1.49626,49.37282],[1.4955,49.37268],[1.49448,49.37232],[1.49407,49.37222],[1.49364,49.37222],[1.4924,49.37243],[1.49069,49.37193],[1.49028,49.37166],[1.49007,49.37165],[1.4898,49.37174],[1.48904,49.37187],[1.48835,49.37187],[1.48773,49.37177],[1.48636,49.37122],[1.48569,49.37063],[1.48391,49.37003],[1.48316,49.36944],[1.48296,49.36917],[1.48249,49.36867],[1.4816,49.36844],[1.47995,49.36829],[1.47837,49.36774],[1.47824,49.36756],[1.47783,49.36738],[1.47783,49.36729],[1.47694,49.36688],[1.47625,49.36647],[1.47585,49.36596],[1.4753,49.3656],[1.47496,49.36528],[1.47483,49.36502],[1.47498,49.3643],[1.47556,49.36336],[1.47556,49.36327],[1.47584,49.36291],[1.47592,49.36237],[1.47558,49.36192],[1.47402,49.36078],[1.47287,49.3597],[1.4726,49.35965],[1.47198,49.3596],[1.472,49.35852],[1.4718,49.35797],[1.47146,49.35761],[1.4703,49.35698],[1.47024,49.35684],[1.47018,49.35594],[1.4702,49.35478],[1.47041,49.35451],[1.47069,49.35428],[1.47084,49.35361],[1.4714,49.35294],[1.47154,49.35263],[1.47155,49.35236],[1.47142,49.35204],[1.47087,49.35173],[1.47026,49.35123],[1.46993,49.35082],[1.46884,49.35008],[1.46747,49.34945],[1.46645,49.34917],[1.46562,49.34907],[1.46487,49.34907],[1.46354,49.34933],[1.46251,49.34932],[1.46161,49.34985],[1.46091,49.35052],[1.46014,49.35106],[1.45952,49.35127],[1.45801,49.35131],[1.45766,49.3518],[1.45738,49.35184],[1.45662,49.35184],[1.45594,49.35179],[1.45435,49.35182],[1.45292,49.35154],[1.45153,49.3514],[1.45119,49.3513],[1.45078,49.35103],[1.44976,49.35057],[1.44907,49.35034],[1.44791,49.35016],[1.44756,49.35006],[1.44736,49.34997],[1.44709,49.3497],[1.44668,49.34956],[1.44634,49.34938],[1.44552,49.3492],[1.44483,49.34928],[1.44448,49.3495],[1.44447,49.34991],[1.4446,49.35013],[1.44439,49.3504],[1.44363,49.35098],[1.44251,49.35173],[1.44216,49.35213],[1.44175,49.3524],[1.44029,49.35288],[1.43952,49.35301],[1.43904,49.35315],[1.4378,49.35304],[1.4365,49.35277],[1.43479,49.35248],[1.4339,49.35238],[1.43328,49.3521],[1.43287,49.3521],[1.43135,49.35222],[1.43114,49.35236],[1.42998,49.35221],[1.42771,49.3522],[1.42723,49.35233],[1.4266,49.35264],[1.4261,49.353],[1.42602,49.3534],[1.42455,49.35482],[1.42427,49.35531],[1.42427,49.35555],[1.42413,49.35573],[1.42247,49.35625],[1.42212,49.35652],[1.42211,49.35675],[1.42225,49.35688],[1.42218,49.35697],[1.4217,49.35706],[1.42142,49.35728],[1.42141,49.35777],[1.42161,49.35809],[1.4216,49.35854],[1.42139,49.35894],[1.4209,49.35943],[1.42041,49.35983],[1.42041,49.35988],[1.41964,49.36032]]}},
{"type":"Feature","properties":{"code_eu_md":"FRHR246A","name":"L'Eure du confluent de la Voise (exclu) au confluent de la Vesgre (exclu)","longueur":47706.0,"statut":"MEN","ordre":0,"etateco":"3","qmoyaval":null,"distmer":null,"distsrce":null,"gid":8835,"annee":"2009"},"geometry":{"type":"LineString","coordinates":[[1.56682,48.60022],[1.5658,48.60048],[1.56484,48.60083],[1.56376,48.60167],[1.56257,48.60203],[1.56162,48.60202],[1.56041,48.60213],[1.55951,48.60254],[1.55851,48.60312],[1.5576,48.6038],[1.55732,48.6042],[1.55711,48.60474],[1.55705,48.60478],[1.55655,48.606],[1.55636,48.60724],[1.55402,48.60851],[1.55253,48.60966],[1.55199,48.60989],[1.55182,48.60992],[1.5518,48.61086],[1.55166,48.61154],[1.55145,48.61198],[1.5513,48.61266],[1.55136,48.61356],[1.55113,48.61405],[1.55058,48.61458],[1.5503,48.61512],[1.55015,48.61616],[1.55007,48.61719],[1.54985,48.61795],[1.54936,48.61898],[1.54922,48.61965],[1.54913,48.62096],[1.54898,48.62158],[1.54889,48.62302],[1.54895,48.62361],[1.54961,48.62514],[1.55054,48.62646],[1.55106,48.6275],[1.55159,48.62876],[1.55157,48.62988],[1.55143,48.63042],[1.55115,48.63096],[1.55073,48.63149],[1.55028,48.63185],[1.55014,48.63221],[1.54924,48.63372],[1.54572,48.64013],[1.54515,48.6409],[1.54488,48.64121],[1.54398,48.64179],[1.54329,48.64255],[1.54281,48.6429],[1.54247,48.6433],[1.54226,48.64375],[1.54225,48.64411],[1.54264,48.6451],[1.54263,48.646],[1.54256,48.64623],[1.54255,48.64708],[1.54321,48.64826],[1.54334,48.6487],[1.5432,48.64884],[1.54163,48.64968],[1.54107,48.6499],[1.53957,48.65012],[1.5378,48.65083],[1.53746,48.65082],[1.53705,48.65073],[1.53671,48.65095],[1.53473,48.65166],[1.53302,48.65263],[1.53213,48.6529],[1.53166,48.6529],[1.53119,48.6528],[1.53031,48.65239],[1.52957,48.6523],[1.52876,48.65207],[1.52828,48.6522],[1.52623,48.65326],[1.52575,48.65335],[1.52487,48.65339],[1.52372,48.65329],[1.52202,48.65351],[1.52072,48.6539],[1.51881,48.65487],[1.51832,48.65532],[1.51761,48.6564],[1.51741,48.65684],[1.5174,48.65725],[1.51895,48.65798],[1.51906,48.65946],[1.51708,48.66026],[1.51585,48.66083],[1.51339,48.66167],[1.5123,48.66225],[1.511,48.66269],[1.50881,48.66424],[1.50703,48.665],[1.5058,48.66566],[1.50306,48.66659],[1.50237,48.6669],[1.50169,48.66743],[1.50114,48.66779],[1.49977,48.66831],[1.49876,48.66822],[1.49739,48.66852],[1.4957,48.66833],[1.49359,48.66836],[1.49271,48.66827],[1.49197,48.66799],[1.49076,48.66766],[1.48974,48.66765],[1.48824,48.668],[1.48689,48.6679],[1.48614,48.66794],[1.48498,48.66816],[1.48314,48.66882],[1.48211,48.66908],[1.48177,48.6693],[1.48156,48.66971],[1.48094,48.6706],[1.47969,48.67149],[1.47886,48.67225],[1.47768,48.67386],[1.47666,48.67403],[1.47564,48.67416],[1.4736,48.67428],[1.47272,48.67423],[1.47218,48.67413],[1.47177,48.67413],[1.47157,48.67422],[1.47095,48.67457],[1.47047,48.67457],[1.46966,48.67479],[1.46884,48.6751],[1.46795,48.67554],[1.46692,48.6758],[1.46618,48.67584],[1.46516,48.67575],[1.46469,48.67574],[1.46407,48.67592],[1.46297,48.67663],[1.4614,48.6772],[1.46016,48.67782],[1.45954,48.67799],[1.45887,48.67803],[1.45799,48.6778],[1.45697,48.67766],[1.45609,48.67761],[1.45561,48.6777],[1.45479,48.67791],[1.45357,48.67831],[1.45356,48.67867],[1.45349,48.67894],[1.45285,48.68033],[1.45216,48.68118],[1.45209,48.68158],[1.45188,48.68194],[1.4516,48.68211],[1.45092,48.68234],[1.45037,48.68274],[1.45016,48.68305],[1.45008,48.68381],[1.44987,48.68404],[1.4489,48.68533],[1.44869,48.68546],[1.44821,48.68609],[1.44758,48.68725],[1.4475,48.68757],[1.44736,48.68779],[1.44713,48.68869],[1.44705,48.6895],[1.44698,48.68981],[1.44643,48.69026],[1.44567,48.69052],[1.44526,48.69088],[1.44461,48.6933],[1.44452,48.69438],[1.44458,48.69483],[1.44485,48.69528],[1.44483,48.69636],[1.4442,48.69707],[1.4442,48.69721],[1.44225,48.70034],[1.44216,48.70119],[1.44175,48.70146],[1.44004,48.70208],[1.43853,48.70251],[1.43681,48.70349],[1.43523,48.70464],[1.43489,48.70509],[1.43487,48.7059],[1.43473,48.70599],[1.43392,48.70616],[1.43289,48.70643],[1.4307,48.70785],[1.4296,48.70833],[1.42852,48.70814],[1.42811,48.708],[1.4271,48.70746],[1.42684,48.70705],[1.42664,48.70691],[1.42514,48.70704],[1.42487,48.70713],[1.42452,48.70748],[1.42417,48.70793],[1.4239,48.7082],[1.42208,48.71034],[1.42173,48.71092],[1.42145,48.71164],[1.4211,48.71213],[1.41985,48.71334],[1.41958,48.71378],[1.4195,48.71446],[1.41969,48.71482],[1.41976,48.71504],[1.41906,48.71589],[1.41885,48.71656],[1.41882,48.71819],[1.41915,48.71883],[1.41914,48.71941],[1.419,48.71972],[1.41865,48.72017],[1.41837,48.7203],[1.41803,48.72066],[1.41775,48.72111],[1.41767,48.72187],[1.41724,48.72276],[1.4171,48.72335],[1.41723,48.72375],[1.41667,48.72393],[1.41626,48.72401],[1.41638,48.72456],[1.41638,48.72473],[1.41549,48.72531],[1.41541,48.72554],[1.41547,48.72608],[1.4158,48.72689],[1.41646,48.72811],[1.41706,48.72829],[1.41814,48.7287],[1.41834,48.72907],[1.41846,48.72983],[1.41825,48.73028],[1.41831,48.73068],[1.41864,48.73113],[1.4185,48.73172],[1.41815,48.73212],[1.41801,48.73252],[1.41806,48.73342],[1.41792,48.73378],[1.41743,48.73472],[1.41742,48.7349],[1.41686,48.73588],[1.41679,48.7362],[1.41568,48.73727],[1.41547,48.73758],[1.41533,48.73817],[1.41526,48.73821],[1.4153,48.73961],[1.41543,48.74024],[1.41546,48.74146],[1.41559,48.74173],[1.41606,48.74186],[1.41647,48.74205],[1.41694,48.74241],[1.41707,48.74277],[1.41712,48.74358],[1.41731,48.74403],[1.41765,48.7443],[1.41825,48.74489],[1.41831,48.74516],[1.41817,48.74557],[1.41727,48.74637],[1.41706,48.74682],[1.41703,48.74843],[1.41696,48.74866],[1.41619,48.74987],[1.41584,48.75054],[1.41576,48.75148],[1.41561,48.75184],[1.41559,48.75292],[1.41564,48.75395],[1.41557,48.75458],[1.41508,48.75525],[1.41492,48.75633],[1.4147,48.75714],[1.41435,48.75777],[1.41435,48.75818],[1.41439,48.75858],[1.41418,48.75898],[1.41411,48.75939],[1.41417,48.75961],[1.41477,48.76043],[1.41476,48.76079],[1.41448,48.76114],[1.41366,48.76181],[1.41207,48.76288],[1.41125,48.76305],[1.41084,48.76332],[1.41022,48.76403],[1.40959,48.76461],[1.40939,48.76474],[1.40904,48.76528],[1.40856,48.76568],[1.40759,48.76621],[1.40643,48.76656],[1.40588,48.76683],[1.40561,48.76683],[1.40561,48.76692],[1.40438,48.76727],[1.40273,48.76824],[1.40094,48.76899],[1.3991,48.7692],[1.39745,48.77018],[1.3958,48.77088],[1.39409,48.77132],[1.39294,48.77149],[1.39001,48.77137],[1.38906,48.77122],[1.38805,48.77091],[1.38778,48.77072],[1.38731,48.77058],[1.38663,48.77058],[1.38581,48.77066],[1.38418,48.77096],[1.38261,48.77099],[1.38234,48.77108],[1.38158,48.77152],[1.38067,48.77228],[1.37977,48.77286],[1.37868,48.77339],[1.37827,48.77348],[1.37792,48.77374],[1.37765,48.77401],[1.37743,48.7745],[1.37756,48.77487],[1.37776,48.77509],[1.37932,48.77555],[1.38006,48.77601],[1.38012,48.77614],[1.38012,48.77646],[1.37977,48.777],[1.37845,48.7782],[1.37777,48.77851],[1.37715,48.7789],[1.37687,48.77926],[1.37657,48.7799],[1.37534,48.78082],[1.37457,48.78203],[1.37415,48.78283],[1.37407,48.78343],[1.37411,48.78415],[1.37444,48.78483],[1.37457,48.78496],[1.37464,48.78514],[1.37517,48.78582],[1.37591,48.78641],[1.37624,48.78673],[1.3765,48.78736],[1.3765,48.78749],[1.37663,48.78759],[1.37696,48.78808],[1.37722,48.78876],[1.37742,48.78943],[1.37739,48.79065],[1.37689,48.79199],[1.37668,48.79235],[1.37599,48.79293],[1.37556,48.79391],[1.37528,48.7944],[1.37478,48.7957],[1.37436,48.79615],[1.3734,48.79695],[1.37305,48.79735],[1.37235,48.79852],[1.3715,48.7995],[1.37088,48.80003],[1.36922,48.80164],[1.36832,48.80235],[1.36707,48.80378],[1.36609,48.8048],[1.36505,48.80606],[1.3647,48.80669],[1.36386,48.80785],[1.36227,48.80909],[1.36156,48.8099],[1.36086,48.81084],[1.35981,48.81254],[1.35932,48.81343],[1.35883,48.81401],[1.35814,48.81446],[1.3578,48.81477],[1.3578,48.81481],[1.35731,48.8153],[1.35613,48.81633],[1.35592,48.81677],[1.35639,48.81722],[1.35652,48.81745],[1.3565,48.81857],[1.3567,48.8188],[1.35859,48.81944],[1.35906,48.81981],[1.35933,48.82026],[1.35938,48.82085],[1.35933,48.82372],[1.35933,48.82638],[1.35946,48.82697],[1.35945,48.82733],[1.35855,48.82808],[1.35854,48.82853],[1.35881,48.8288],[1.35942,48.82917],[1.35955,48.82935],[1.35974,48.82985],[1.3598,48.83034],[1.3596,48.83056],[1.35965,48.83097],[1.35998,48.83169],[1.36038,48.83228],[1.36064,48.83277],[1.36117,48.83345],[1.36158,48.83386],[1.36272,48.8345],[1.36367,48.83473],[1.36455,48.83483],[1.36489,48.83483],[1.36632,48.83516],[1.36679,48.83543],[1.368,48.83639],[1.3686,48.83667],[1.36866,48.83712],[1.36906,48.8377],[1.37082,48.83844],[1.37216,48.83921],[1.37473,48.84009],[1.37588,48.84073],[1.37662,48.84145],[1.37749,48.84195],[1.37931,48.84287],[1.38175,48.8438],[1.38357,48.84439],[1.38554,48.84468],[1.38554,48.84463],[1.38629,48.84482],[1.38752,48.84519],[1.38928,48.84592],[1.39157,48.84724],[1.39251,48.84793],[1.39345,48.84878],[1.39479,48.8501],[1.39479,48.85015],[1.39586,48.85129],[1.39659,48.85228],[1.39683,48.85282],[1.39717,48.85341],[1.39723,48.85372],[1.39715,48.85435],[1.3968,48.85493],[1.39679,48.85511],[1.39658,48.85547],[1.39658,48.85574],[1.39678,48.85597],[1.39752,48.85642],[1.39792,48.85656],[1.39942,48.85689],[1.40043,48.85734],[1.40218,48.85835],[1.40239,48.85835],[1.40239,48.85844],[1.40285,48.85889],[1.40338,48.85979],[1.40378,48.86029],[1.40432,48.86066],[1.40554,48.86099],[1.40677,48.86113],[1.40882,48.8612],[1.41019,48.86098],[1.41386,48.86101],[1.41549,48.86129],[1.4176,48.86149],[1.41917,48.8615],[1.41965,48.86141],[1.42312,48.86121],[1.42367,48.86108],[1.42435,48.86118],[1.42448,48.86136],[1.42617,48.86241],[1.42711,48.86291],[1.42758,48.86328],[1.42785,48.86369],[1.42804,48.86418],[1.4281,48.86463],[1.42844,48.86504],[1.42884,48.8654],[1.42884,48.86562],[1.43019,48.86609],[1.43148,48.86632],[1.43271,48.86633],[1.43496,48.86617],[1.43598,48.86595],[1.43626,48.86586],[1.43861,48.8648],[1.43936,48.86467],[1.43997,48.86468],[1.44031,48.86472],[1.44112,48.86495],[1.44159,48.86532],[1.44193,48.86568],[1.44273,48.8664],[1.44462,48.86754],[1.44489,48.86777],[1.44529,48.868],[1.44618,48.8681],[1.44719,48.86838],[1.44841,48.86902],[1.44888,48.86934],[1.44935,48.86952],[1.45085,48.86971],[1.45234,48.87008],[1.45343,48.87018],[1.4554,48.87046],[1.45581,48.8706],[1.45709,48.87142],[1.45743,48.87156],[1.46068,48.87239],[1.46081,48.8728],[1.46073,48.87329],[1.4608,48.87351],[1.4612,48.87388],[1.46147,48.87428],[1.46159,48.8751],[1.46166,48.87519],[1.46388,48.87647],[1.46401,48.87674],[1.464,48.87755],[1.46386,48.87777],[1.46385,48.87871],[1.4635,48.87907],[1.46281,48.87956],[1.46274,48.87969],[1.46281,48.87978],[1.46355,48.8801],[1.46484,48.88038],[1.46518,48.88056],[1.46531,48.88075],[1.46551,48.88124],[1.46556,48.88183],[1.46549,48.88201],[1.46542,48.88246],[1.46548,48.88264],[1.46541,48.88304],[1.46499,48.8834],[1.46492,48.88357],[1.46492,48.8838],[1.46579,48.88435],[1.46579,48.88444],[1.46593,48.88448],[1.4662,48.88475],[1.46659,48.88552]]}},
{"type":"Feature","properties":{"code_eu_md":"FRHR246A-H4164000","name":"ruisseau d'Ouerre","longueur":11140.0,"statut":"MEN","ordre":2,"etateco":"2","qmoyaval":null,"distmer":null,"distsrce":null,"gid":8837,"annee":"2009"},"geometry":{"type":"LineString","coordinates":[[1.48445,48.76245],[1.48449,48.76056],[1.48429,48.76025],[1.48242,48.75807],[1.48202,48.75749],[1.4819,48.75659],[1.48177,48.75609],[1.4818,48.75434],[1.48215,48.75367],[1.48251,48.75255],[1.48268,48.7503],[1.48291,48.74966],[1.48292,48.7493],[1.48328,48.74796],[1.48315,48.74751],[1.48303,48.74679],[1.48251,48.74534],[1.48231,48.74512],[1.48156,48.74485],[1.4796,48.7442],[1.47785,48.74302],[1.47732,48.74275],[1.47664,48.74229],[1.47645,48.74188],[1.47638,48.74152],[1.47748,48.74072],[1.4779,48.74032],[1.47893,48.73961],[1.47921,48.73916],[1.47936,48.7384],[1.47971,48.73791],[1.48061,48.73697],[1.48123,48.73626],[1.48164,48.73572],[1.48186,48.73527],[1.48166,48.73509],[1.4793,48.73358],[1.47749,48.73236],[1.47729,48.73218],[1.47669,48.73118],[1.4767,48.73051],[1.47699,48.72979],[1.47733,48.72966],[1.48041,48.72901],[1.48437,48.728],[1.48668,48.72766],[1.48757,48.72744],[1.48771,48.72731],[1.48827,48.72636],[1.4893,48.72516],[1.48979,48.7244],[1.49056,48.72337],[1.49152,48.72284],[1.49336,48.72218],[1.49371,48.72178],[1.49372,48.72074],[1.4934,48.71966],[1.49328,48.71903],[1.49308,48.71849],[1.4931,48.71804],[1.49202,48.71754],[1.49006,48.71654],[1.48905,48.71585],[1.48871,48.71554],[1.48804,48.71518],[1.48757,48.71503],[1.48587,48.71502],[1.48553,48.71493],[1.48513,48.71457],[1.48453,48.7138],[1.48399,48.71348],[1.48196,48.71297],[1.4815,48.71265],[1.4807,48.71165],[1.48009,48.71115],[1.47835,48.70997],[1.47815,48.7097],[1.47792,48.70781],[1.47766,48.70745],[1.47725,48.70722],[1.47561,48.70685],[1.47474,48.70653],[1.4736,48.70553],[1.47299,48.70517],[1.47156,48.70547],[1.47129,48.70547],[1.46968,48.70433],[1.4676,48.70269],[1.46707,48.70175],[1.46661,48.70116],[1.46581,48.7003],[1.4648,48.69953],[1.46462,48.69903],[1.46436,48.69849],[1.46383,48.69794],[1.46134,48.69613],[1.46094,48.69595],[1.45979,48.69554],[1.45878,48.69539],[1.45788,48.69534],[1.45672,48.69573],[1.4555,48.69586],[1.45482,48.6959],[1.44595,48.69439],[1.44452,48.69438]]}},
{"type":"Feature","properties":{"code_eu_md":"FRHR246B","name":"L'Eure du confluent de la Vesgre (exclu) au confluent de l'Iton (exclu)","longueur":50110.0,"statut":"MEN","ordre":0,"etateco":"3","qmoyaval":null,"distmer":null,"distsrce":null,"gid":8838,"annee":"2009"},"geometry":{"type":"LineString","coordinates":[[1.46659,48.88552],[1.4665,48.88701],[1.46635,48.88787],[1.46634,48.88849],[1.4662,48.88881],[1.46633,48.88921],[1.46699,48.89011],[1.46706,48.89034],[1.46719,48.89048],[1.46731,48.89124],[1.46758,48.8916],[1.46805,48.89197],[1.46812,48.89197],[1.46879,48.89283],[1.46959,48.89346],[1.46986,48.89382],[1.4706,48.89432],[1.47081,48.89437],[1.47137,48.8948],[1.47139,48.89549],[1.47186,48.89687],[1.47121,48.89792],[1.47087,48.89796],[1.47018,48.89818],[1.46984,48.89841],[1.4697,48.8984],[1.46839,48.89916],[1.46744,48.89937],[1.46702,48.89955],[1.46572,48.89999],[1.46504,48.89999],[1.46443,48.8998],[1.46396,48.89953],[1.46328,48.8993],[1.4626,48.89929],[1.46157,48.89943],[1.46102,48.89991],[1.46067,48.9004],[1.4606,48.90076],[1.46092,48.9018],[1.46112,48.90221],[1.46144,48.90315],[1.46198,48.9037],[1.46211,48.90424],[1.46202,48.90519],[1.46167,48.90586],[1.46089,48.9068],[1.46026,48.90792],[1.46018,48.90855],[1.46064,48.90949],[1.46036,48.91003],[1.45994,48.91061],[1.4589,48.91164],[1.45807,48.91222],[1.45697,48.91261],[1.45581,48.91287],[1.45526,48.91287],[1.45479,48.91273],[1.45425,48.91241],[1.45398,48.91218],[1.45358,48.91155],[1.4523,48.91064],[1.4519,48.91041],[1.45129,48.91027],[1.45074,48.91027],[1.4489,48.91048],[1.4457,48.91],[1.44221,48.91015],[1.44125,48.91059],[1.44049,48.91081],[1.43994,48.91117],[1.43924,48.91238],[1.43923,48.91283],[1.43936,48.91296],[1.43936,48.91328],[1.43799,48.91381],[1.43702,48.91447],[1.4366,48.91492],[1.43619,48.91519],[1.43536,48.91581],[1.43474,48.91621],[1.43412,48.91643],[1.43343,48.91687],[1.43309,48.91714],[1.4321,48.91831],[1.4316,48.91921],[1.43145,48.92006],[1.43117,48.92082],[1.43102,48.92154],[1.4306,48.92216],[1.43032,48.92239],[1.43025,48.92261],[1.42983,48.9231],[1.42962,48.9235],[1.4296,48.92445],[1.42973,48.92485],[1.42971,48.92625],[1.42908,48.92718],[1.42907,48.92781],[1.42933,48.92854],[1.42953,48.92876],[1.43082,48.92927],[1.43143,48.92931],[1.43225,48.92928],[1.43259,48.92932],[1.43292,48.92968],[1.43325,48.93045],[1.43331,48.93072],[1.43317,48.9309],[1.43283,48.93112],[1.43242,48.9313],[1.43139,48.93152],[1.43091,48.93174],[1.42999,48.93354],[1.42985,48.93358],[1.42927,48.9347],[1.4292,48.93506],[1.4294,48.93556],[1.42966,48.93596],[1.43013,48.93651],[1.43073,48.93709],[1.43073,48.93714],[1.43114,48.9375],[1.43133,48.93782],[1.43132,48.93876],[1.43111,48.93916],[1.43048,48.94001],[1.4302,48.94046],[1.42998,48.94131],[1.42977,48.94171],[1.42914,48.94252],[1.42886,48.94306],[1.42789,48.94359],[1.42638,48.94434],[1.425,48.94523],[1.42486,48.94541],[1.42376,48.94562],[1.42163,48.94574],[1.42088,48.9456],[1.42048,48.94524],[1.42028,48.94488],[1.42015,48.94451],[1.41907,48.94388],[1.4188,48.94379],[1.41798,48.94383],[1.41675,48.94395],[1.41654,48.94431],[1.41653,48.94462],[1.41694,48.94494],[1.41755,48.94517],[1.41768,48.94531],[1.41781,48.94567],[1.41753,48.94607],[1.41766,48.94647],[1.41765,48.94688],[1.41731,48.94719],[1.41587,48.94754],[1.41552,48.94767],[1.41525,48.94798],[1.41433,48.94951],[1.41426,48.94973],[1.41364,48.95022],[1.41343,48.95044],[1.41301,48.95116],[1.41286,48.9516],[1.41278,48.95264],[1.41249,48.95344],[1.41207,48.95412],[1.4119,48.95479],[1.4119,48.95528],[1.41175,48.95579],[1.4116,48.95659],[1.41131,48.95762],[1.41088,48.95861],[1.4108,48.95915],[1.41052,48.95991],[1.40989,48.9608],[1.40974,48.96116],[1.40932,48.96188],[1.40882,48.963],[1.4088,48.96426],[1.40886,48.96448],[1.40913,48.96475],[1.40967,48.96507],[1.40967,48.96512],[1.41001,48.96539],[1.41046,48.96696],[1.41059,48.9671],[1.41092,48.96769],[1.41172,48.96887],[1.41179,48.96891],[1.41225,48.96968],[1.41221,48.97179],[1.41248,48.97229],[1.41369,48.97329],[1.41457,48.97379],[1.41538,48.97402],[1.41729,48.97413],[1.41784,48.97422],[1.41844,48.97463],[1.41864,48.97521],[1.41862,48.97607],[1.41841,48.97638],[1.4184,48.97688],[1.41873,48.97795],[1.41871,48.97855],[1.41835,48.97904],[1.41773,48.97957],[1.41738,48.98011],[1.41723,48.98047],[1.4166,48.98168],[1.4161,48.9828],[1.41588,48.98347],[1.41559,48.98473],[1.41545,48.98495],[1.41517,48.98504],[1.41496,48.98544],[1.41474,48.9862],[1.41473,48.98683],[1.41506,48.98728],[1.41511,48.98841],[1.4149,48.98894],[1.41434,48.98971],[1.41399,48.98984],[1.41399,48.98993],[1.41336,48.991],[1.41279,48.99158],[1.41217,48.99193],[1.41169,48.99216],[1.41113,48.99255],[1.41079,48.99291],[1.41071,48.99323],[1.41036,48.99381],[1.41021,48.99439],[1.40938,48.99492],[1.40931,48.9951],[1.40904,48.99528],[1.40875,48.99605],[1.40847,48.99641],[1.40709,48.99729],[1.40668,48.99738],[1.40627,48.99724],[1.40566,48.99669],[1.40532,48.99674],[1.40491,48.997],[1.40476,48.99736],[1.40482,48.99809],[1.40495,48.99849],[1.40494,48.99872],[1.40474,48.9989],[1.4046,48.99894],[1.40392,48.99889],[1.40344,48.9988],[1.40317,48.99879],[1.40289,48.99911],[1.40281,48.99978],[1.40245,49.0],[1.3997,49.00119],[1.39729,49.00198],[1.39688,49.0022],[1.39487,49.00345],[1.39412,49.00371],[1.39357,49.00398],[1.39219,49.00441],[1.39137,49.00481],[1.39135,49.00557],[1.39128,49.00571],[1.39093,49.00593],[1.39003,49.0062],[1.38839,49.00623],[1.38598,49.00701],[1.38509,49.00755],[1.3846,49.00799],[1.3841,49.00934],[1.38285,49.0105],[1.38202,49.01107],[1.38091,49.01169],[1.38064,49.01169],[1.38064,49.01183],[1.38015,49.01209],[1.37912,49.01244],[1.37842,49.01275],[1.37835,49.01298],[1.37752,49.01329],[1.37704,49.01337],[1.37636,49.01336],[1.37575,49.01314],[1.37534,49.01308],[1.37479,49.01322],[1.37431,49.01326],[1.37023,49.01245],[1.36886,49.01235],[1.36722,49.01243],[1.3666,49.01256],[1.36612,49.01282],[1.3657,49.01322],[1.36481,49.01353],[1.36439,49.01389],[1.36404,49.01447],[1.36362,49.01532],[1.36347,49.01586],[1.36351,49.01653],[1.36364,49.01699],[1.36397,49.01776],[1.3643,49.01825],[1.36517,49.01898],[1.3653,49.01921],[1.36523,49.0197],[1.36495,49.01997],[1.36433,49.02041],[1.36419,49.02064],[1.36446,49.02077],[1.36575,49.02078],[1.36602,49.02096],[1.36595,49.02146],[1.3656,49.02159],[1.36539,49.02181],[1.36539,49.02208],[1.36545,49.02222],[1.3662,49.0224],[1.36633,49.02259],[1.36619,49.02294],[1.36543,49.02343],[1.36467,49.0237],[1.36379,49.0236],[1.3627,49.02336],[1.36236,49.02336],[1.36235,49.02381],[1.36255,49.02422],[1.36281,49.02449],[1.36315,49.02471],[1.36308,49.02498],[1.36294,49.02512],[1.36287,49.02534],[1.36265,49.0257],[1.36265,49.0262],[1.36216,49.02632],[1.36134,49.02632],[1.36079,49.02663],[1.36017,49.02672],[1.35962,49.02698],[1.35955,49.02707],[1.35954,49.0277],[1.36014,49.02851],[1.36088,49.02914],[1.36115,49.02942],[1.36114,49.02982],[1.36063,49.03068],[1.36083,49.03118],[1.36103,49.0314],[1.36066,49.03261],[1.36045,49.03297],[1.35983,49.03351],[1.35859,49.03412],[1.35632,49.03491],[1.35474,49.03526],[1.35337,49.03552],[1.35296,49.03556],[1.35213,49.03578],[1.34999,49.03711],[1.34985,49.03729],[1.34969,49.03773],[1.34955,49.03796],[1.3492,49.03818],[1.34713,49.03906],[1.34637,49.0395],[1.34596,49.03959],[1.34575,49.03981],[1.34416,49.04093],[1.34388,49.04119],[1.34353,49.04173],[1.34338,49.04217],[1.34303,49.04303],[1.34282,49.04307],[1.34281,49.04339],[1.34267,49.04361],[1.34246,49.04414],[1.34218,49.0445],[1.34176,49.04472],[1.34114,49.04499],[1.34066,49.0453],[1.34052,49.04543],[1.34022,49.04593],[1.33999,49.04714],[1.33991,49.04781],[1.33963,49.04817],[1.33942,49.0483],[1.3384,49.04833],[1.33792,49.04842],[1.3375,49.04864],[1.33715,49.04913],[1.33708,49.04945],[1.33706,49.05048],[1.33726,49.05089],[1.3382,49.05157],[1.33847,49.05193],[1.33853,49.0522],[1.33838,49.05256],[1.33811,49.05283],[1.3381,49.05287],[1.33797,49.05296],[1.3379,49.05309],[1.33441,49.05662],[1.33397,49.05738],[1.3323,49.05863],[1.32995,49.06],[1.32816,49.06089],[1.3276,49.06124],[1.32603,49.06158],[1.32404,49.06175],[1.32301,49.06206],[1.3221,49.06245],[1.31995,49.06396],[1.31926,49.06422],[1.31891,49.06444],[1.31705,49.06497],[1.31657,49.06519],[1.31595,49.06532],[1.31224,49.06655],[1.31094,49.06667],[1.30955,49.06697],[1.3092,49.0672],[1.30899,49.06764],[1.30884,49.06827],[1.30855,49.06876],[1.308,49.06907],[1.3071,49.06951],[1.30675,49.06996],[1.3064,49.07027],[1.30585,49.07044],[1.30407,49.07074],[1.30358,49.07128],[1.30336,49.07182],[1.30321,49.07294],[1.30264,49.07383],[1.30291,49.07397],[1.30434,49.07429],[1.30468,49.07443],[1.30467,49.07475],[1.3035,49.07537],[1.30287,49.07608],[1.30147,49.07684],[1.30036,49.07759],[1.29994,49.07799],[1.29987,49.07826],[1.29945,49.07861],[1.29835,49.07901],[1.29752,49.07941],[1.2969,49.07985],[1.29648,49.08043],[1.29536,49.08118],[1.29487,49.08185],[1.2946,49.0819],[1.2935,49.08233],[1.29302,49.08238],[1.29206,49.08214],[1.29165,49.08214],[1.29151,49.08223],[1.29151,49.08227],[1.29129,49.08232],[1.29073,49.08303],[1.29059,49.08312],[1.28902,49.08288],[1.28848,49.08287],[1.28793,49.08301],[1.28772,49.08318],[1.28758,49.08341],[1.2877,49.08399],[1.28742,49.08421],[1.28626,49.08412],[1.28578,49.08438],[1.28571,49.08456],[1.28577,49.08487],[1.28604,49.08501],[1.28693,49.08511],[1.28713,49.08525],[1.28712,49.08551],[1.28678,49.08574],[1.28623,49.08587],[1.28547,49.08595],[1.28479,49.08612],[1.28416,49.08652],[1.28291,49.08772],[1.28263,49.08795],[1.28235,49.08808],[1.28194,49.08821],[1.2818,49.08834],[1.28131,49.08861],[1.28053,49.08964],[1.28011,49.09003],[1.27901,49.09025],[1.27804,49.09069],[1.27701,49.091],[1.2766,49.09104],[1.27551,49.09085],[1.27489,49.09084],[1.27358,49.09124],[1.27311,49.09123],[1.27283,49.09114],[1.27256,49.09096],[1.27216,49.09055],[1.27121,49.09],[1.27088,49.08964],[1.27082,49.08906],[1.27022,49.08838],[1.26887,49.08746],[1.26852,49.08791],[1.26852,49.08818],[1.26823,49.08863],[1.26795,49.08894],[1.26719,49.08938],[1.26555,49.08955],[1.26443,49.08998],[1.26353,49.09043],[1.2629,49.09087],[1.26241,49.0915],[1.26171,49.09252],[1.26163,49.09279],[1.26142,49.09306],[1.26101,49.09333],[1.26086,49.09386],[1.26081,49.09602],[1.26032,49.09655],[1.26021,49.0988],[1.25985,49.09965],[1.25927,49.10054],[1.25892,49.10081],[1.25856,49.10144],[1.25829,49.10152],[1.25828,49.10175],[1.25773,49.10224],[1.25676,49.10291],[1.25579,49.10308],[1.2501,49.10374],[1.24962,49.10396],[1.2492,49.1045],[1.24891,49.10517],[1.24856,49.10543],[1.24758,49.1056],[1.24648,49.10595],[1.24593,49.10595],[1.24498,49.10567],[1.24066,49.10307],[1.24005,49.10284],[1.23882,49.10274],[1.23772,49.10273],[1.23628,49.10303],[1.23443,49.10311],[1.23346,49.10337],[1.23333,49.10345],[1.23297,49.10394],[1.23224,49.10409],[1.23165,49.10438],[1.23144,49.10523],[1.23109,49.10545],[1.22991,49.10543],[1.2291,49.10559],[1.22765,49.10672],[1.22706,49.10762],[1.22616,49.10824],[1.22534,49.10846],[1.22472,49.10849],[1.22452,49.10832],[1.22384,49.1079],[1.2227,49.10689],[1.22226,49.10658],[1.22185,49.10654],[1.21548,49.10973],[1.21432,49.11075],[1.21349,49.11139],[1.21182,49.11227],[1.20862,49.11458],[1.20827,49.11498],[1.20769,49.11607],[1.2074,49.11651],[1.20684,49.11723],[1.20592,49.11852],[1.20543,49.11932],[1.20521,49.11999],[1.20511,49.12116],[1.20496,49.12179],[1.2044,49.1225],[1.20424,49.12372],[1.20402,49.12421],[1.20401,49.12461],[1.20366,49.12483],[1.20288,49.12563],[1.20238,49.12635],[1.20238,49.12644],[1.20231,49.12648],[1.2021,49.12698],[1.20181,49.12738],[1.20112,49.12787],[1.20008,49.12821],[1.1974,49.12886],[1.19643,49.12917],[1.19532,49.12978],[1.19497,49.13028],[1.19482,49.13082],[1.19425,49.13171],[1.19298,49.13291],[1.19277,49.1334],[1.19309,49.134],[1.19316,49.13427],[1.19329,49.13431],[1.19355,49.13499],[1.1936,49.13567],[1.19325,49.13625],[1.19303,49.13687],[1.19279,49.13835],[1.19236,49.13925],[1.19208,49.1397],[1.19158,49.13977],[1.19145,49.14005],[1.19144,49.14067],[1.1915,49.14086],[1.1919,49.14136],[1.19231,49.14149],[1.19265,49.14154],[1.19334,49.14128],[1.19437,49.14138],[1.19518,49.14193],[1.19599,49.14229],[1.19626,49.14252],[1.19639,49.14284],[1.19664,49.14388],[1.19656,49.14433],[1.19634,49.14496],[1.1962,49.14509],[1.19613,49.14531],[1.19535,49.1463],[1.19427,49.14835],[1.19398,49.14916],[1.19377,49.14947],[1.19341,49.15023],[1.1932,49.15041],[1.19305,49.15086],[1.19208,49.15143],[1.19102,49.15286],[1.19046,49.15339],[1.19011,49.15357],[1.18962,49.15433],[1.18939,49.15518],[1.18937,49.15594],[1.18944,49.15617],[1.18957,49.15635],[1.19011,49.15668],[1.19166,49.15781],[1.19193,49.15827],[1.19198,49.15894],[1.19183,49.15935],[1.19159,49.16029],[1.19089,49.161],[1.19039,49.1618],[1.19005,49.16211],[1.18976,49.16247],[1.18933,49.16336],[1.18937,49.16494],[1.1896,49.16656],[1.18993,49.16733],[1.19025,49.16828],[1.19031,49.16868],[1.19017,49.16895],[1.19002,49.16949],[1.18902,49.17137],[1.18843,49.17235],[1.18787,49.17306],[1.18682,49.17395],[1.18612,49.1748],[1.18591,49.17493]]}},
{"type":"Feature","properties":{"code_eu_md":"FRHR246B-H4309000","name":"le Radon","longueur":15314.0,"statut":"MEN","ordre":2,"etateco":"4","qmoyaval":null,"distmer":null,"distsrce":null,"gid":8839,"annee":"2009"},"geometry":{"type":"LineString","coordinates":[[1.51,48.96463],[1.51089,48.96468],[1.51137,48.96464],[1.51226,48.96469],[1.51314,48.96479],[1.5141,48.96479],[1.51478,48.96471],[1.51738,48.96414],[1.51855,48.96339],[1.51883,48.96307],[1.51891,48.96254],[1.51919,48.96204],[1.52038,48.96093],[1.52094,48.96008],[1.52156,48.95963],[1.52226,48.95878],[1.52281,48.95838],[1.52363,48.95812],[1.52644,48.95755],[1.53445,48.95608],[1.53494,48.95581],[1.53556,48.95564],[1.53577,48.95541],[1.53577,48.95496],[1.53564,48.95474],[1.53578,48.95434],[1.53579,48.95384],[1.53559,48.95339],[1.53553,48.9529],[1.53581,48.9525],[1.53582,48.95181],[1.53469,48.95019],[1.5347,48.94951],[1.5345,48.94906],[1.53444,48.94875],[1.53451,48.94857],[1.5352,48.94794],[1.5352,48.94767],[1.53507,48.94727],[1.5351,48.94574],[1.53531,48.94525],[1.53593,48.94449],[1.53622,48.944],[1.53656,48.94373],[1.53657,48.94323],[1.53718,48.94306],[1.53753,48.94288],[1.53767,48.9427],[1.53774,48.94239],[1.53754,48.94194],[1.53721,48.94158],[1.53701,48.94103],[1.53627,48.94067],[1.53552,48.94021],[1.53526,48.93986],[1.53506,48.93949],[1.53411,48.9388],[1.53405,48.93844],[1.53426,48.93818],[1.53427,48.93764],[1.53414,48.93727],[1.53415,48.93642],[1.53464,48.93562],[1.53465,48.93508],[1.53316,48.93448],[1.53296,48.93403],[1.53147,48.93312],[1.53134,48.93308],[1.53134,48.93304],[1.531,48.93276],[1.5308,48.93249],[1.5304,48.93168],[1.53014,48.93145],[1.52878,48.93095],[1.5283,48.93068],[1.52736,48.93027],[1.52695,48.92995],[1.52635,48.92927],[1.52629,48.92899],[1.52582,48.92854],[1.52562,48.92827],[1.5242,48.92727],[1.52373,48.92682],[1.52373,48.92673],[1.52299,48.92596],[1.52293,48.92578],[1.523,48.92537],[1.52314,48.92508],[1.52308,48.92461],[1.52288,48.92425],[1.52187,48.92348],[1.5212,48.92267],[1.52073,48.92221],[1.52054,48.92172],[1.52034,48.921],[1.52009,48.92059],[1.51949,48.91991],[1.51908,48.91955],[1.51763,48.91647],[1.51711,48.91517],[1.5165,48.9149],[1.51595,48.91471],[1.51568,48.91458],[1.51569,48.91453],[1.51452,48.9147],[1.51274,48.91469],[1.51172,48.91455],[1.51138,48.91454],[1.51069,48.91468],[1.5098,48.91498],[1.50911,48.91534],[1.50631,48.91563],[1.5057,48.91576],[1.50535,48.91603],[1.50514,48.91648],[1.505,48.91661],[1.50459,48.9167],[1.50316,48.91669],[1.50268,48.91677],[1.50179,48.91699],[1.50117,48.91753],[1.5011,48.91771],[1.50068,48.91825],[1.5002,48.91838],[1.49979,48.91833],[1.49844,48.91791],[1.49742,48.91728],[1.49729,48.91723],[1.49681,48.91727],[1.49529,48.91749],[1.49502,48.91758],[1.49432,48.91824],[1.49405,48.91842],[1.49404,48.91918],[1.49376,48.91937],[1.49253,48.91949],[1.49158,48.91944],[1.49096,48.91952],[1.48987,48.91943],[1.4894,48.91924],[1.489,48.91893],[1.48839,48.91824],[1.48812,48.9181],[1.48669,48.91823],[1.48621,48.9184],[1.48552,48.91898],[1.48346,48.91964],[1.48298,48.91973],[1.4823,48.91968],[1.48033,48.91935],[1.47958,48.91939],[1.47862,48.91938],[1.47801,48.91929],[1.47635,48.91977],[1.47588,48.91986],[1.47512,48.9198],[1.47465,48.91962],[1.47425,48.91935],[1.47371,48.91863],[1.4727,48.91808],[1.47094,48.91748],[1.47019,48.91748],[1.46916,48.9177],[1.46827,48.91782],[1.46725,48.91773],[1.46487,48.91721],[1.46385,48.91707],[1.46351,48.91707],[1.46338,48.91698],[1.46243,48.91665],[1.45861,48.91644],[1.45732,48.91661],[1.45671,48.91634],[1.45596,48.91584],[1.45474,48.91551],[1.45427,48.91551],[1.45378,48.91587],[1.45207,48.91626],[1.45096,48.91679],[1.44979,48.9175],[1.44924,48.91776],[1.44903,48.91794],[1.44895,48.91844],[1.44667,48.92013],[1.44653,48.92026],[1.4466,48.92049],[1.44667,48.92058],[1.44659,48.92085],[1.44493,48.92205],[1.44342,48.92303],[1.4428,48.9232],[1.44157,48.92333],[1.44123,48.9235],[1.44115,48.92368],[1.44102,48.92377],[1.44044,48.92502],[1.44016,48.92543],[1.44008,48.92569],[1.44008,48.92614],[1.43946,48.92623],[1.43897,48.92726],[1.43889,48.9278],[1.43875,48.92802],[1.43772,48.92856],[1.43717,48.92877],[1.4369,48.92864],[1.43676,48.9285],[1.43656,48.92854],[1.43634,48.92877],[1.43523,48.9293],[1.43492,48.92925],[1.43367,48.92981],[1.43325,48.93045]]}},
{"type":"Feature","properties":{"code_eu_md":"FRHR246B-H4311000","name":"ru de Chanu","longueur":4615.0,"statut":"MEN","ordre":2,"etateco":"4","qmoyaval":null,"distmer":null,"distsrce":null,"gid":8840,"annee":"2009"},"geometry":{"type":"LineString","coordinates":[[1.47671,48.95836],[1.47423,48.95973],[1.47327,48.95995],[1.47286,48.9599],[1.47178,48.9594],[1.47063,48.95871],[1.46968,48.9584],[1.4686,48.95789],[1.46806,48.95749],[1.46717,48.95734],[1.46595,48.95702],[1.46385,48.95619],[1.4633,48.9565],[1.46282,48.95649],[1.46248,48.9564],[1.46166,48.95635],[1.46085,48.95608],[1.45894,48.9557],[1.45847,48.95565],[1.45833,48.9557],[1.45825,48.95601],[1.45777,48.95659],[1.45735,48.95681],[1.45673,48.95721],[1.45686,48.95766],[1.45672,48.95789],[1.45547,48.95878],[1.45505,48.95927],[1.45491,48.95962],[1.45456,48.95985],[1.45456,48.95998],[1.45393,48.96052],[1.45214,48.96167],[1.45179,48.96203],[1.45151,48.9627],[1.45143,48.96334],[1.45162,48.96397],[1.45161,48.96482],[1.45153,48.96518],[1.45126,48.9654],[1.44988,48.96607],[1.44933,48.96656],[1.44898,48.96655],[1.44627,48.96582],[1.44545,48.96576],[1.44476,48.96593],[1.44372,48.96615],[1.44318,48.96601],[1.44244,48.96556],[1.44135,48.96523],[1.4404,48.96486],[1.43972,48.96468],[1.43883,48.96467],[1.43692,48.96502],[1.43657,48.9652],[1.43479,48.96554],[1.43119,48.96488],[1.42976,48.96433],[1.42936,48.96411]]}},
{"type":"Feature","properties":{"code_eu_md":"FRHR246B-H4313100","name":"ru de Morenne","longueur":7833.0,"statut":"MEN","ordre":2,"etateco":"U","qmoyaval":null,"distmer":null,"distsrce":null,"gid":8841,"annee":"2009"},"geometry":{"type":"LineString","coordinates":[[1.45979,49.01624],[1.45991,49.01673],[1.45956,49.0174],[1.45907,49.01771],[1.45891,49.01843],[1.45871,49.01865],[1.45801,49.01928],[1.45774,49.01946],[1.45609,49.01985],[1.45471,49.02082],[1.45402,49.021],[1.45293,49.0209],[1.45035,49.02017],[1.44844,49.01988],[1.44762,49.01987],[1.44666,49.02018],[1.44645,49.02054],[1.44561,49.02116],[1.4454,49.02148],[1.44512,49.02228],[1.44514,49.02408],[1.44493,49.0243],[1.44452,49.02443],[1.44363,49.02438],[1.442,49.02365],[1.44112,49.02369],[1.44057,49.02382],[1.44029,49.02409],[1.43987,49.02481],[1.43897,49.02511],[1.43801,49.02528],[1.4372,49.02505],[1.43665,49.0251],[1.43637,49.02498],[1.43529,49.0249],[1.43474,49.02508],[1.43398,49.02548],[1.43364,49.02556],[1.43295,49.02561],[1.43227,49.02551],[1.43022,49.02549],[1.42925,49.02535],[1.42728,49.02475],[1.42388,49.02391],[1.42307,49.02336],[1.42253,49.02291],[1.42213,49.02241],[1.42187,49.02169],[1.42154,49.02129],[1.421,49.02092],[1.41522,49.01917],[1.41387,49.01844],[1.41292,49.01789],[1.41183,49.01774],[1.41149,49.01756],[1.41075,49.01706],[1.41028,49.01643],[1.40967,49.01597],[1.40886,49.0157],[1.40736,49.0156],[1.40695,49.01546],[1.40641,49.01514],[1.40546,49.01477],[1.40512,49.01455],[1.40486,49.01423],[1.40479,49.01396],[1.40459,49.01364],[1.40419,49.01332],[1.40351,49.01305],[1.40153,49.01286],[1.40092,49.01285],[1.40051,49.01294],[1.39955,49.01329],[1.39878,49.01373],[1.39822,49.01417],[1.39664,49.01452],[1.39609,49.01488],[1.39567,49.01532],[1.39559,49.01573],[1.39538,49.01595],[1.39462,49.01644],[1.394,49.01666],[1.39094,49.01613],[1.38979,49.01576],[1.38904,49.01522],[1.38844,49.01467],[1.38777,49.01368],[1.38697,49.013],[1.38622,49.01286],[1.38567,49.01286],[1.38389,49.0132],[1.3828,49.01315],[1.38232,49.01301],[1.38111,49.0121],[1.37946,49.01285],[1.37835,49.01298]]}},
{"type":"Feature","properties":{"code_eu_md":"FRHR246B-H4316000","name":"ru de la vallée Bance","longueur":7525.0,"statut":"MEN","ordre":2,"etateco":"U","qmoyaval":null,"distmer":null,"distsrce":null,"gid":8842,"annee":"2009"},"geometry":{"type":"LineString","coordinates":[[1.37197,49.0667],[1.37178,49.06585],[1.37159,49.06539],[1.37085,49.0644],[1.37038,49.06408],[1.36984,49.0639],[1.36936,49.06389],[1.36894,49.06416],[1.36853,49.06456],[1.36749,49.06536],[1.36706,49.06612],[1.36691,49.06675],[1.36677,49.06693],[1.36531,49.06813],[1.36496,49.06867],[1.36466,49.06943],[1.36438,49.0696],[1.36349,49.06996],[1.36246,49.06999],[1.36225,49.07004],[1.36087,49.07083],[1.35971,49.07105],[1.35936,49.07136],[1.35825,49.07212],[1.35818,49.0722],[1.3581,49.07297],[1.35802,49.07319],[1.35761,49.07342],[1.35658,49.0735],[1.35589,49.07381],[1.35562,49.0738],[1.35521,49.07362],[1.35474,49.07312],[1.35434,49.07289],[1.35332,49.07257],[1.35284,49.07221],[1.35258,49.07175],[1.35238,49.07131],[1.35184,49.07089],[1.35117,49.07058],[1.34899,49.07001],[1.34831,49.06965],[1.34804,49.06937],[1.34792,49.06883],[1.34778,49.0687],[1.34695,49.06869],[1.34612,49.06895],[1.3455,49.06922],[1.34515,49.06953],[1.34494,49.07002],[1.34491,49.07137],[1.34497,49.07204],[1.34468,49.07263],[1.34412,49.07329],[1.34239,49.07459],[1.34218,49.07499],[1.34203,49.0754],[1.34215,49.07616],[1.34302,49.07738],[1.34308,49.07779],[1.34294,49.07806],[1.34266,49.07832],[1.34245,49.07868],[1.34209,49.07962],[1.34181,49.07998],[1.34124,49.08016],[1.34008,49.08019],[1.33947,49.08005],[1.33811,49.07937],[1.3375,49.07922],[1.33702,49.07904],[1.33615,49.07849],[1.33574,49.07813],[1.33548,49.07758],[1.33535,49.07744],[1.33493,49.07744],[1.3339,49.0777],[1.33301,49.07774],[1.33123,49.07808],[1.33075,49.07813],[1.33027,49.07803],[1.32919,49.0773],[1.32872,49.07712],[1.32476,49.07659],[1.32306,49.07631],[1.32238,49.07603],[1.32108,49.07571],[1.31978,49.07569],[1.31875,49.07537],[1.31706,49.07455],[1.31611,49.07422],[1.3157,49.07422],[1.31535,49.07435],[1.31521,49.0747],[1.31486,49.07484],[1.31384,49.07456],[1.31296,49.07451],[1.31234,49.07437],[1.30955,49.07389],[1.30887,49.07366],[1.3084,49.0733],[1.30806,49.0728],[1.30794,49.07199],[1.30747,49.07154],[1.30713,49.0714],[1.30585,49.07044]]}},
{"type":"Feature","properties":{"code_eu_md":"FRHR246B-H4317000","name":"ru de Beauchêne","longueur":7704.0,"statut":"MEN","ordre":2,"etateco":"5","qmoyaval":null,"distmer":null,"distsrce":null,"gid":8843,"annee":"2009"},"geometry":{"type":"LineString","coordinates":[[1.35176,49.11609],[1.35107,49.11648],[1.35045,49.1167],[1.34839,49.11709],[1.3475,49.11721],[1.34661,49.11716],[1.34394,49.11642],[1.34333,49.11614],[1.343,49.11551],[1.34275,49.11479],[1.34263,49.11412],[1.34243,49.11344],[1.34232,49.11254],[1.34235,49.11092],[1.34202,49.11011],[1.34089,49.10848],[1.34089,49.10816],[1.34117,49.10785],[1.34279,49.10579],[1.34321,49.10508],[1.34343,49.10432],[1.34345,49.10356],[1.34338,49.10333],[1.34284,49.10301],[1.34244,49.10269],[1.3419,49.10206],[1.34088,49.10151],[1.34062,49.10111],[1.34076,49.10066],[1.34118,49.1003],[1.34119,49.10008],[1.34105,49.09998],[1.33948,49.10006],[1.33811,49.09969],[1.33539,49.09916],[1.33471,49.09898],[1.33403,49.09866],[1.33356,49.09825],[1.33316,49.09775],[1.3329,49.09712],[1.33291,49.09663],[1.33271,49.09595],[1.33225,49.09532],[1.33226,49.09483],[1.33219,49.09473],[1.33178,49.09473],[1.33048,49.09485],[1.33014,49.09481],[1.32953,49.09413],[1.32798,49.09304],[1.32764,49.09276],[1.32731,49.09221],[1.32698,49.09194],[1.32596,49.09157],[1.32419,49.09075],[1.32236,49.09006],[1.32155,49.08965],[1.31972,49.08887],[1.31645,49.08821],[1.31542,49.08816],[1.31335,49.08832],[1.31301,49.08828],[1.31254,49.08803],[1.31213,49.08758],[1.31201,49.08713],[1.31187,49.087],[1.31153,49.08695],[1.31112,49.08717],[1.30919,49.08783],[1.30877,49.08809],[1.30863,49.08845],[1.30876,49.08881],[1.30943,49.08955],[1.30949,49.08995],[1.30914,49.09022],[1.30873,49.09035],[1.30456,49.08995],[1.30354,49.08976],[1.30279,49.08948],[1.30225,49.08907],[1.30172,49.08853],[1.30131,49.08821],[1.29975,49.08775],[1.29907,49.08734],[1.29887,49.08706],[1.29874,49.08666],[1.29848,49.0863],[1.29753,49.08589],[1.29692,49.08552],[1.29516,49.08483],[1.29455,49.08423],[1.29408,49.08391],[1.29292,49.08368],[1.29212,49.08277],[1.29151,49.08227]]}},
{"type":"Feature","properties":{"code_eu_md":"FRHR246B-H4318000","name":"cours d'eau de Jouy-sur-Eure","longueur":5002.0,"statut":"MEN","ordre":null,"etateco":"2","qmoyaval":null,"distmer":null,"distsrce":null,"gid":8844,"annee":"2009"},"geometry":{"type":"MultiLineString","coordinates":[[[1.30666,49.06429],[1.30619,49.06401],[1.30564,49.06388],[1.30496,49.06378],[1.30415,49.06355],[1.3036,49.06354],[1.30285,49.06358],[1.299,49.06449],[1.29845,49.0648],[1.29817,49.06507],[1.29816,49.06511],[1.29768,49.06556],[1.29733,49.06596],[1.29602,49.06631],[1.29547,49.06662],[1.29505,49.06693],[1.2945,49.06706],[1.29422,49.06728],[1.29401,49.06764],[1.29302,49.06884],[1.29301,49.06893],[1.29288,49.06897],[1.29274,49.0692],[1.29246,49.06947],[1.29176,49.06991],[1.29092,49.07093],[1.28852,49.0715],[1.28679,49.07216],[1.28494,49.07259],[1.28473,49.07273],[1.28445,49.07308],[1.28424,49.07353],[1.2829,49.07473],[1.2824,49.07562],[1.28238,49.07675],[1.28216,49.07728],[1.28206,49.07868],[1.28143,49.07976],[1.28108,49.08003],[1.2806,49.0801],[1.27942,49.08091],[1.27872,49.08148],[1.27851,49.08171],[1.27817,49.0818],[1.27511,49.08365],[1.27455,49.0841],[1.2742,49.0845],[1.27399,49.08468],[1.2735,49.0853],[1.27211,49.08619],[1.26887,49.08746]],[[1.29917,49.0698],[1.29875,49.06997],[1.29861,49.07015],[1.2986,49.07046],[1.29907,49.07105],[1.29907,49.07137],[1.29872,49.0716],[1.29831,49.07167],[1.29542,49.07165],[1.29474,49.07151],[1.29392,49.0715],[1.2933,49.07154],[1.2929,49.0714],[1.29187,49.07126],[1.29126,49.07107],[1.29092,49.07093]]]}},
{"type":"Feature","properties":{"code_eu_md":"FRHR246B-H4319000","name":"ru Gironde","longueur":9469.0,"statut":"MEN","ordre":2,"etateco":"3","qmoyaval":null,"distmer":null,"distsrce":null,"gid":8845,"annee":"2009"},"geometry":{"type":"LineString","coordinates":[[1.2795,49.14089],[1.2806,49.14099],[1.28224,49.14101],[1.28484,49.14094],[1.28691,49.14118],[1.28992,49.1413],[1.29081,49.1414],[1.29183,49.14173],[1.29497,49.14234],[1.29633,49.14267],[1.29681,49.14267],[1.29722,49.14236],[1.29821,49.14102],[1.29829,49.14039],[1.29897,49.13993],[1.29919,49.13991],[1.2994,49.13964],[1.29954,49.13955],[1.29968,49.13937],[1.29969,49.1387],[1.29957,49.13833],[1.29961,49.13698],[1.29921,49.1363],[1.29908,49.13599],[1.2991,49.13473],[1.29925,49.13423],[1.29934,49.13307],[1.30039,49.13218],[1.3015,49.13147],[1.30164,49.13143],[1.30164,49.13134],[1.30233,49.13085],[1.30366,49.12951],[1.30367,49.12911],[1.3032,49.12857],[1.30218,49.12815],[1.30178,49.12788],[1.30131,49.12729],[1.30028,49.12709],[1.29995,49.12691],[1.29948,49.1265],[1.30017,49.12606],[1.30094,49.12526],[1.30122,49.12481],[1.30137,49.12432],[1.30166,49.12409],[1.30221,49.12379],[1.30229,49.12365],[1.30223,49.12311],[1.3021,49.1227],[1.30218,49.12226],[1.30239,49.12203],[1.30301,49.12159],[1.30316,49.12119],[1.30316,49.12101],[1.30187,49.12037],[1.3016,49.12005],[1.30154,49.11982],[1.30148,49.11915],[1.30108,49.11883],[1.30006,49.11878],[1.29944,49.11855],[1.29897,49.11823],[1.29898,49.11792],[1.29933,49.11742],[1.29947,49.11711],[1.30003,49.11675],[1.29997,49.11644],[1.29936,49.11593],[1.29766,49.11543],[1.29732,49.1152],[1.29705,49.11479],[1.29686,49.11434],[1.29667,49.11375],[1.29648,49.11267],[1.29628,49.11249],[1.2954,49.11226],[1.2954,49.11194],[1.29583,49.1111],[1.29584,49.1106],[1.29557,49.11037],[1.29503,49.11014],[1.29429,49.10946],[1.29381,49.10919],[1.29313,49.109],[1.29287,49.10873],[1.2926,49.10832],[1.29254,49.108],[1.29289,49.10738],[1.29256,49.10706],[1.29195,49.1066],[1.29121,49.10592],[1.29082,49.10525],[1.29062,49.10479],[1.29071,49.10358],[1.29058,49.10344],[1.29059,49.10304],[1.29073,49.10291],[1.29075,49.10187],[1.29145,49.10076],[1.29221,49.10036],[1.29222,49.10027],[1.29154,49.09982],[1.2889,49.09866],[1.28842,49.09834],[1.28775,49.09766],[1.28708,49.09725],[1.28599,49.09684],[1.28518,49.09634],[1.28423,49.09615],[1.27777,49.09748],[1.27701,49.09743],[1.27661,49.09725],[1.26719,49.08938]]}},
{"type":"Feature","properties":{"code_eu_md":"FRHR251A","name":"La Blaise du confluent du ruisseau Saint-Martin (inclus) au confluent de l'Eure (exclu)","longueur":28531.0,"statut":"MEN","ordre":2,"etateco":"2","qmoyaval":null,"distmer":null,"distsrce":null,"gid":8861,"annee":"2009"},"geometry":{"type":"LineString","coordinates":[[1.17997,48.63786],[1.18024,48.63809],[1.1805,48.6384],[1.18063,48.63899],[1.18103,48.63922],[1.18291,48.64004],[1.18338,48.64037],[1.18391,48.64095],[1.18443,48.64177],[1.18449,48.64204],[1.18415,48.64212],[1.18367,48.64248],[1.18366,48.64266],[1.18419,48.64338],[1.18439,48.64375],[1.18459,48.64388],[1.18459,48.64397],[1.18538,48.64461],[1.18661,48.64741],[1.18667,48.64795],[1.18697,48.64885],[1.1873,48.6493],[1.1875,48.64967],[1.18755,48.65062],[1.18781,48.65075],[1.18822,48.65085],[1.18849,48.65098],[1.18862,48.65135],[1.18982,48.65212],[1.19148,48.65362],[1.19195,48.65385],[1.19465,48.65464],[1.1962,48.65515],[1.19674,48.65493],[1.19851,48.65481],[1.19933,48.65464],[1.20023,48.6546],[1.20146,48.6539],[1.20189,48.65278],[1.20252,48.65215],[1.20334,48.65185],[1.20437,48.65127],[1.20478,48.65114],[1.20512,48.65115],[1.20531,48.65146],[1.20613,48.65161],[1.20612,48.65183],[1.20619,48.65188],[1.20897,48.652],[1.20972,48.65183],[1.21081,48.65143],[1.21177,48.65113],[1.21292,48.65109],[1.2134,48.65096],[1.21367,48.65083],[1.21482,48.65084],[1.21557,48.65067],[1.21616,48.65036],[1.21643,48.6503],[1.21675,48.64974],[1.21709,48.64952],[1.21757,48.64943],[1.21872,48.64931],[1.21976,48.64904],[1.22024,48.6491],[1.22071,48.64928],[1.22144,48.64978],[1.22176,48.65019],[1.22209,48.65073],[1.22215,48.65114],[1.22228,48.65136],[1.22327,48.65236],[1.22381,48.65268],[1.22407,48.65295],[1.22441,48.65314],[1.22508,48.65328],[1.22563,48.65314],[1.22739,48.65321],[1.22803,48.65272],[1.22865,48.65201],[1.22907,48.65134],[1.22908,48.65111],[1.22882,48.65066],[1.22971,48.65017],[1.22995,48.64907],[1.23215,48.64714],[1.2329,48.64688],[1.23338,48.64688],[1.23438,48.64722],[1.23506,48.64749],[1.23605,48.64858],[1.23673,48.64872],[1.237,48.64881],[1.2373,48.65066],[1.23667,48.65137],[1.2366,48.65177],[1.23679,48.65241],[1.2369,48.65353],[1.23709,48.6538],[1.23856,48.65498],[1.23897,48.65517],[1.23943,48.65544],[1.23997,48.65558],[1.24092,48.65577],[1.24193,48.65641],[1.24495,48.65756],[1.24643,48.65848],[1.24764,48.6589],[1.24818,48.6589],[1.249,48.65869],[1.24955,48.6586],[1.24989,48.65851],[1.25002,48.65843],[1.25084,48.65843],[1.25247,48.65813],[1.25295,48.65787],[1.25309,48.65764],[1.25351,48.6572],[1.25359,48.65666],[1.25551,48.65542],[1.25586,48.65515],[1.25655,48.65471],[1.25689,48.65462],[1.25736,48.6548],[1.2577,48.65481],[1.25901,48.65383],[1.25949,48.6533],[1.25979,48.65258],[1.26244,48.6526],[1.26338,48.65275],[1.26392,48.65293],[1.26446,48.65334],[1.26459,48.65366],[1.26438,48.65393],[1.26423,48.65426],[1.26457,48.65454],[1.2654,48.65466],[1.26582,48.65447],[1.26627,48.65444],[1.26734,48.65477],[1.26813,48.65474],[1.26924,48.65479],[1.2705,48.65452],[1.27102,48.65448],[1.27148,48.65489],[1.27147,48.65571],[1.27214,48.65589],[1.27247,48.65616],[1.27294,48.6568],[1.2744,48.65812],[1.27453,48.6583],[1.27451,48.65951],[1.27518,48.65978],[1.27593,48.65984],[1.27796,48.65972],[1.27905,48.65955],[1.27939,48.6596],[1.27993,48.65987],[1.27992,48.66019],[1.27964,48.66054],[1.27964,48.66086],[1.28146,48.66128],[1.28213,48.6616],[1.28369,48.66162],[1.28491,48.66194],[1.28551,48.6623],[1.28605,48.66254],[1.28637,48.6634],[1.28737,48.66417],[1.2879,48.66517],[1.28882,48.66648],[1.28954,48.66761],[1.28993,48.66806],[1.29093,48.66879],[1.29174,48.6692],[1.29241,48.66961],[1.29869,48.67183],[1.29916,48.67187],[1.29916,48.67201],[1.29963,48.67229],[1.30139,48.67231],[1.30289,48.67223],[1.30302,48.67241],[1.30579,48.6732],[1.30692,48.67415],[1.30712,48.67442],[1.30766,48.67461],[1.30854,48.67475],[1.31051,48.67476],[1.31179,48.675],[1.31329,48.67502],[1.31395,48.67552],[1.31436,48.67575],[1.31536,48.6762],[1.31597,48.67665],[1.31671,48.67689],[1.31698,48.67707],[1.31698,48.67716],[1.31724,48.67757],[1.31777,48.67821],[1.3183,48.67866],[1.31891,48.67876],[1.32006,48.67899],[1.32047,48.67917],[1.32134,48.6795],[1.32282,48.68041],[1.32444,48.68092],[1.32545,48.68106],[1.32633,48.68125],[1.32694,48.68148],[1.32734,48.68175],[1.32827,48.68279],[1.32886,48.68365],[1.33,48.68443],[1.33013,48.68483],[1.33024,48.68591],[1.33057,48.68664],[1.33069,48.68754],[1.33075,48.68772],[1.3319,48.68814],[1.33195,48.68881],[1.33215,48.68899],[1.33235,48.68944],[1.33231,48.6907],[1.33209,48.69147],[1.33188,48.69182],[1.33188,48.69218],[1.3322,48.69273],[1.33301,48.69332],[1.33435,48.69382],[1.33536,48.69446],[1.33643,48.69541],[1.33757,48.69614],[1.33959,48.69701],[1.34013,48.69729],[1.34019,48.69738],[1.34033,48.69747],[1.34072,48.69801],[1.34184,48.69987],[1.34197,48.70028],[1.3419,48.70032],[1.34188,48.70149],[1.34194,48.7018],[1.34234,48.70235],[1.34274,48.70262],[1.34294,48.70267],[1.34315,48.7028],[1.34443,48.70326],[1.34496,48.70367],[1.34543,48.70426],[1.34582,48.70503],[1.34687,48.70688],[1.34902,48.70829],[1.35122,48.71047],[1.35221,48.71192],[1.35341,48.71283],[1.35374,48.71333],[1.35381,48.7136],[1.3538,48.71409],[1.35345,48.71463],[1.35289,48.71521],[1.35268,48.71548],[1.35268,48.71588],[1.35328,48.7162],[1.35341,48.71647],[1.35354,48.7171],[1.35373,48.71755],[1.35379,48.71823],[1.35418,48.71899],[1.35458,48.71927],[1.35484,48.72017],[1.35515,48.7208],[1.35568,48.7213],[1.35568,48.72162],[1.35642,48.72207],[1.35715,48.72289],[1.35735,48.7232],[1.35748,48.72356],[1.35787,48.72407],[1.35814,48.72434],[1.35819,48.72546],[1.35817,48.72641],[1.35837,48.72691],[1.35828,48.72803],[1.35874,48.72857],[1.35894,48.72893],[1.35907,48.72929],[1.3594,48.7297],[1.36115,48.73039],[1.36142,48.73061],[1.36141,48.73097],[1.36127,48.73115],[1.36141,48.73138],[1.36181,48.73165],[1.36248,48.73188],[1.3633,48.73189],[1.36419,48.73163],[1.36514,48.73159],[1.36548,48.73146],[1.36623,48.73155],[1.36636,48.73169],[1.36642,48.73183],[1.36649,48.73228],[1.36655,48.73237],[1.36737,48.73237],[1.36791,48.73251],[1.36885,48.73301],[1.37274,48.73543],[1.37396,48.73612],[1.37483,48.73649],[1.37597,48.73721],[1.37725,48.73826],[1.37832,48.73885],[1.38028,48.73963],[1.38169,48.7405],[1.38284,48.74095],[1.3829,48.74114],[1.38316,48.74159],[1.38343,48.74177],[1.38424,48.7421],[1.38451,48.74233],[1.38491,48.74287],[1.38517,48.7431],[1.38786,48.74487],[1.38948,48.74574],[1.39022,48.74601],[1.39164,48.74602],[1.39334,48.74622],[1.39375,48.74636],[1.39495,48.74753],[1.39488,48.74767],[1.39426,48.74798],[1.39426,48.7482],[1.39566,48.74943],[1.39634,48.74952],[1.39808,48.75103],[1.39902,48.75144],[1.40185,48.75286],[1.40226,48.75313],[1.40333,48.75363],[1.40408,48.75359],[1.40489,48.75382],[1.40625,48.75383],[1.40679,48.7542],[1.40713,48.75447],[1.40732,48.75506],[1.40758,48.75542],[1.40757,48.75596],[1.40784,48.75627],[1.40797,48.7565],[1.40878,48.75705],[1.4089,48.75776],[1.4093,48.75813],[1.40923,48.75844],[1.40943,48.75871],[1.40983,48.75908],[1.41009,48.75948],[1.41029,48.76003],[1.41049,48.76035],[1.41055,48.76084],[1.41027,48.76115],[1.40992,48.76146],[1.40957,48.76205],[1.40957,48.76236],[1.41003,48.76322],[1.41002,48.76354],[1.40961,48.76398],[1.40959,48.76461]]}},
{"type":"Feature","properties":{"code_eu_md":"FRHR256","name":"L'Avre du confluent de la Meuvette (exclu) au confluent de l'Eure (exclu)","longueur":21200.0,"statut":"MEN","ordre":1,"etateco":"3","qmoyaval":null,"distmer":null,"distsrce":null,"gid":8872,"annee":"2009"},"geometry":{"type":"LineString","coordinates":[[1.13861,48.76149],[1.13983,48.76155],[1.14104,48.76197],[1.14131,48.76215],[1.14232,48.76252],[1.14299,48.76289],[1.14347,48.76294],[1.14346,48.76303],[1.14434,48.76322],[1.14502,48.76341],[1.14724,48.76442],[1.15054,48.76558],[1.15168,48.7664],[1.15249,48.76686],[1.15303,48.767],[1.15492,48.76733],[1.15723,48.76754],[1.15845,48.76777],[1.15959,48.76823],[1.16007,48.76847],[1.16196,48.76898],[1.16277,48.76917],[1.16391,48.7699],[1.16683,48.77011],[1.16784,48.77039],[1.17295,48.77048],[1.17411,48.77058],[1.17471,48.77073],[1.17871,48.77149],[1.18,48.77164],[1.18272,48.7718],[1.18264,48.77221],[1.18291,48.7723],[1.18406,48.77249],[1.18711,48.77315],[1.18799,48.77293],[1.18923,48.77227],[1.19273,48.77109],[1.19382,48.77096],[1.19416,48.77088],[1.19423,48.77052],[1.19445,48.77021],[1.19493,48.76999],[1.19669,48.76996],[1.1978,48.76979],[1.19869,48.76958],[1.19924,48.76931],[1.19979,48.76913],[1.20213,48.7675],[1.20289,48.76714],[1.20323,48.7671],[1.20323,48.76705],[1.20378,48.76684],[1.20467,48.76658],[1.20623,48.7666],[1.2078,48.76643],[1.208,48.76644],[1.20842,48.76626],[1.21014,48.76506],[1.21022,48.76457],[1.21037,48.76412],[1.21078,48.76381],[1.21126,48.76363],[1.21291,48.76338],[1.21394,48.76299],[1.21484,48.76241],[1.21559,48.76206],[1.21621,48.76166],[1.21711,48.76091],[1.21739,48.76082],[1.21739,48.76068],[1.21856,48.75997],[1.21931,48.75962],[1.22082,48.75918],[1.22234,48.75817],[1.22275,48.75803],[1.22409,48.75868],[1.22564,48.75954],[1.22739,48.76028],[1.22866,48.7611],[1.23203,48.76275],[1.23324,48.76313],[1.2346,48.76337],[1.23616,48.76325],[1.23692,48.76303],[1.23741,48.76294],[1.23809,48.76295],[1.23978,48.76332],[1.24037,48.76351],[1.24031,48.76419],[1.24147,48.76502],[1.24179,48.76591],[1.24271,48.76681],[1.24423,48.76755],[1.2458,48.76779],[1.24682,48.76811],[1.24798,48.76799],[1.24866,48.76777],[1.25105,48.76712],[1.25188,48.76677],[1.25298,48.76624],[1.25373,48.76607],[1.25604,48.76587],[1.25659,48.76569],[1.25749,48.76511],[1.2581,48.76485],[1.25962,48.76379],[1.25962,48.76365],[1.26045,48.76312],[1.26203,48.7625],[1.263,48.76233],[1.2647,48.76194],[1.26545,48.76195],[1.26742,48.76237],[1.27013,48.76271],[1.27115,48.76272],[1.27305,48.76251],[1.27455,48.76253],[1.27509,48.76262],[1.27624,48.76322],[1.27684,48.76336],[1.27759,48.76336],[1.278,48.76319],[1.2791,48.76261],[1.27944,48.76262],[1.28046,48.76282],[1.28384,48.7637],[1.28723,48.76422],[1.28824,48.76459],[1.28959,48.76537],[1.29216,48.76597],[1.29249,48.76611],[1.29296,48.76639],[1.2937,48.76711],[1.29417,48.76738],[1.29639,48.76822],[1.29755,48.76823],[1.29961,48.76789],[1.29962,48.76753],[1.3001,48.76731],[1.3016,48.7671],[1.30215,48.76683],[1.3029,48.76639],[1.30359,48.76613],[1.30407,48.76604],[1.30489,48.76573],[1.30598,48.76552],[1.3068,48.76544],[1.30727,48.76548],[1.30747,48.76558],[1.30774,48.76576],[1.30897,48.76559],[1.31109,48.76498],[1.31266,48.76463],[1.31696,48.764],[1.31703,48.76368],[1.31733,48.76319],[1.31878,48.76194],[1.3192,48.76119],[1.31975,48.76087],[1.32064,48.7607],[1.32336,48.76055],[1.32431,48.76055],[1.32506,48.7606],[1.32594,48.76092],[1.32668,48.76098],[1.32839,48.76081],[1.32913,48.76086],[1.33014,48.76123],[1.33142,48.76197],[1.33257,48.76243],[1.33311,48.76279],[1.33344,48.76334],[1.33363,48.76405],[1.33382,48.76437],[1.33509,48.76564],[1.33529,48.76587],[1.33529,48.76591],[1.33616,48.76682],[1.33635,48.76709],[1.33729,48.768],[1.33782,48.76867],[1.33788,48.7689],[1.33787,48.76935],[1.33801,48.76958],[1.33868,48.77003],[1.33935,48.7704],[1.34068,48.77167],[1.34169,48.77227],[1.34675,48.77465],[1.34715,48.77479],[1.34796,48.77547],[1.34863,48.77579],[1.35013,48.77589],[1.35153,48.77702],[1.35193,48.77748],[1.35226,48.7782],[1.35285,48.77897],[1.35332,48.77924],[1.35387,48.77943],[1.35427,48.77948],[1.35488,48.77949],[1.35618,48.77941],[1.35842,48.77934],[1.35944,48.77939],[1.35971,48.77953],[1.36005,48.77962],[1.36051,48.77994],[1.3612,48.78003],[1.36167,48.7804],[1.36266,48.78171],[1.36293,48.78216],[1.36291,48.78283],[1.36311,48.78302],[1.36386,48.78338],[1.36439,48.7837],[1.365,48.78388],[1.36555,48.78385],[1.3663,48.78367],[1.36664,48.7835],[1.36775,48.78265],[1.36823,48.78243],[1.36905,48.78226],[1.37102,48.78227],[1.37122,48.78223],[1.37171,48.78205],[1.37233,48.7817],[1.37261,48.78139],[1.37316,48.78108],[1.37377,48.78108],[1.37499,48.78136]]}},
{"type":"Feature","properties":{"code_eu_md":"FRHR256-H4254000","name":"ruisseau la Peluche","longueur":12518.0,"statut":"MEN","ordre":2,"etateco":"5","qmoyaval":null,"distmer":null,"distsrce":null,"gid":8873,"annee":"2009"},"geometry":{"type":"LineString","coordinates":[[1.17416,48.68389],[1.17557,48.68458],[1.17765,48.68541],[1.18109,48.68643],[1.18277,48.68708],[1.18667,48.68896],[1.18727,48.68937],[1.18767,48.69005],[1.18813,48.69042],[1.18947,48.69133],[1.19115,48.6922],[1.19389,48.69398],[1.1947,48.69444],[1.19503,48.69457],[1.19551,48.69454],[1.19718,48.69572],[1.19691,48.69594],[1.19697,48.69612],[1.19898,48.6974],[1.19952,48.69754],[1.19971,48.69795],[1.20051,48.6985],[1.20212,48.69946],[1.20266,48.69969],[1.20469,48.70007],[1.20617,48.70063],[1.20813,48.70123],[1.20934,48.70183],[1.21027,48.70246],[1.21147,48.70355],[1.2118,48.70396],[1.21194,48.70405],[1.21164,48.70463],[1.21156,48.70526],[1.21153,48.70652],[1.21172,48.70715],[1.21211,48.70806],[1.21263,48.70901],[1.21261,48.70986],[1.21184,48.71089],[1.21107,48.71205],[1.21093,48.71214],[1.21051,48.71268],[1.21044,48.71285],[1.21003,48.71308],[1.20955,48.71325],[1.20846,48.71347],[1.20757,48.71377],[1.2064,48.71444],[1.2055,48.71528],[1.20527,48.71582],[1.20443,48.71729],[1.20371,48.71872],[1.20336,48.71926],[1.20335,48.71985],[1.20361,48.72025],[1.20422,48.72066],[1.20556,48.72122],[1.2061,48.72149],[1.20623,48.72167],[1.20636,48.72226],[1.20633,48.7236],[1.20652,48.72401],[1.20685,48.72437],[1.20873,48.72542],[1.20913,48.72597],[1.20919,48.72633],[1.20897,48.72678],[1.20814,48.72753],[1.208,48.72789],[1.20799,48.72843],[1.20845,48.72903],[1.21094,48.72995],[1.21174,48.73068],[1.21181,48.73085],[1.21081,48.73269],[1.21087,48.73309],[1.21107,48.73337],[1.21166,48.73378],[1.21349,48.73447],[1.21457,48.73511],[1.21536,48.73583],[1.2163,48.73634],[1.21746,48.73657],[1.21929,48.73672],[1.2203,48.73696],[1.22139,48.73694],[1.22227,48.73712],[1.22281,48.73735],[1.22334,48.7379],[1.22354,48.73826],[1.22352,48.73925],[1.22372,48.73952],[1.22452,48.74002],[1.22553,48.74048],[1.22864,48.74127],[1.22999,48.74155],[1.23135,48.7417],[1.23182,48.74189],[1.23329,48.74284],[1.23369,48.74325],[1.23449,48.74393],[1.23483,48.74417],[1.2355,48.74431],[1.23618,48.74441],[1.23699,48.74468],[1.2376,48.74464],[1.23808,48.74465],[1.23937,48.7448],[1.23977,48.74503],[1.2403,48.74579],[1.2407,48.7462],[1.24076,48.74661],[1.24075,48.74706],[1.24026,48.74773],[1.23899,48.74902],[1.2383,48.74996],[1.23815,48.75036],[1.23828,48.75067],[1.2382,48.75117],[1.23751,48.75188],[1.23736,48.75219],[1.23721,48.75295],[1.2372,48.75372],[1.23752,48.75431],[1.23759,48.75458],[1.23751,48.75512],[1.2368,48.75619],[1.23673,48.75668],[1.23651,48.75731],[1.2365,48.75794],[1.23689,48.75835],[1.2375,48.75876],[1.23797,48.75898],[1.23984,48.76041],[1.24045,48.76064],[1.24078,48.76091],[1.24084,48.76118],[1.24056,48.76199],[1.24006,48.76297],[1.23978,48.76332]]}},
{"type":"Feature","properties":{"code_eu_md":"FRHR256-H4255000","name":"ruisseau le Ruet","longueur":20651.0,"statut":"MEN","ordre":2,"etateco":"3","qmoyaval":null,"distmer":null,"distsrce":null,"gid":8874,"annee":"2009"},"geometry":{"type":"LineString","coordinates":[[1.12948,48.86559],[1.13017,48.86546],[1.13162,48.86449],[1.13239,48.86378],[1.13253,48.86351],[1.13261,48.86284],[1.1331,48.86221],[1.13373,48.86168],[1.13457,48.86079],[1.13618,48.85941],[1.13736,48.85848],[1.13805,48.85804],[1.13832,48.85795],[1.1395,48.85715],[1.13971,48.85684],[1.14055,48.85609],[1.14068,48.85609],[1.14088,48.85618],[1.14095,48.85627],[1.14136,48.85627],[1.14184,48.85615],[1.14226,48.85574],[1.14309,48.85521],[1.14364,48.85495],[1.14399,48.85459],[1.14434,48.85379],[1.1447,48.85325],[1.1452,48.85285],[1.14589,48.85241],[1.14589,48.85223],[1.14535,48.85196],[1.14529,48.85186],[1.14605,48.85133],[1.14729,48.85072],[1.14832,48.85028],[1.14866,48.85037],[1.14894,48.85015],[1.14936,48.84953],[1.14998,48.84913],[1.15034,48.84837],[1.15042,48.84778],[1.15093,48.84657],[1.15128,48.84599],[1.15135,48.84595],[1.15142,48.84573],[1.15198,48.84505],[1.15198,48.84496],[1.15178,48.84487],[1.15185,48.84474],[1.15436,48.84301],[1.15519,48.84248],[1.15574,48.84199],[1.15574,48.8419],[1.154,48.84071],[1.15435,48.84045],[1.15511,48.84001],[1.15552,48.83988],[1.1562,48.83993],[1.15735,48.84016],[1.15831,48.8399],[1.15954,48.83983],[1.15988,48.83974],[1.16112,48.83885],[1.1623,48.83819],[1.16334,48.83703],[1.16342,48.83686],[1.16378,48.83632],[1.16378,48.83618],[1.16413,48.83578],[1.16496,48.83548],[1.16544,48.83516],[1.16558,48.83521],[1.16592,48.83522],[1.16619,48.83504],[1.16684,48.8337],[1.16748,48.83249],[1.16762,48.83199],[1.16798,48.83128],[1.16894,48.83093],[1.17072,48.83041],[1.17156,48.8297],[1.17259,48.82894],[1.17302,48.82823],[1.17323,48.82796],[1.17387,48.82739],[1.17401,48.82716],[1.17418,48.8255],[1.1744,48.82505],[1.17456,48.82388],[1.17477,48.82357],[1.17525,48.82322],[1.17615,48.82278],[1.1767,48.82238],[1.17726,48.82171],[1.17768,48.8214],[1.17871,48.82105],[1.17973,48.82079],[1.18056,48.82035],[1.1818,48.81941],[1.18208,48.8191],[1.18217,48.81888],[1.18211,48.81856],[1.18198,48.81834],[1.18199,48.81766],[1.18221,48.8173],[1.18249,48.81694],[1.18318,48.81645],[1.18346,48.81619],[1.18456,48.81544],[1.18511,48.81527],[1.18688,48.81542],[1.18763,48.8152],[1.18811,48.81494],[1.18839,48.81458],[1.18983,48.8137],[1.1907,48.81359],[1.19155,48.81352],[1.19444,48.81276],[1.19648,48.81094],[1.19891,48.81003],[1.19957,48.80872],[1.19949,48.8075],[1.20045,48.80651],[1.20267,48.80611],[1.20571,48.80635],[1.2078,48.80665],[1.20908,48.80583],[1.21061,48.80327],[1.21199,48.80232],[1.21504,48.80207],[1.21601,48.80082],[1.21786,48.79981],[1.21862,48.79932],[1.21925,48.79878],[1.21953,48.79838],[1.21997,48.79749],[1.22074,48.79637],[1.22152,48.79494],[1.22194,48.79454],[1.22304,48.79383],[1.22345,48.79361],[1.22401,48.79325],[1.22456,48.79263],[1.2252,48.79133],[1.22555,48.79084],[1.22584,48.79035],[1.22626,48.78982],[1.22681,48.78942],[1.22729,48.78929],[1.22783,48.78925],[1.22864,48.78948],[1.231,48.7904],[1.23168,48.79054],[1.23323,48.79109],[1.23384,48.79119],[1.2342,48.79106],[1.23455,48.79066],[1.2349,48.79003],[1.23486,48.78868],[1.23494,48.78837],[1.23515,48.7881],[1.23549,48.78788],[1.2355,48.7877],[1.23523,48.78747],[1.23517,48.78734],[1.23578,48.78712],[1.23613,48.7869],[1.23647,48.78676],[1.23694,48.78677],[1.23728,48.78682],[1.23769,48.787],[1.2387,48.78728],[1.24005,48.78788],[1.24059,48.78797],[1.24073,48.78788],[1.24074,48.78721],[1.24116,48.78663],[1.24125,48.78564],[1.24161,48.78497],[1.24202,48.7848],[1.24263,48.78475],[1.24696,48.78331],[1.24751,48.78296],[1.24786,48.7826],[1.24821,48.78202],[1.24822,48.78144],[1.24703,48.77999],[1.2469,48.77976],[1.24677,48.77926],[1.24687,48.77796],[1.24701,48.77774],[1.24784,48.7773],[1.24852,48.77708],[1.25219,48.77702],[1.25274,48.77689],[1.25316,48.77658],[1.25324,48.77591],[1.25311,48.77546],[1.25306,48.77478],[1.2532,48.7746],[1.25444,48.77385],[1.25486,48.77323],[1.25488,48.77264],[1.25456,48.77197],[1.25403,48.77133],[1.2539,48.77097],[1.25397,48.77061],[1.25488,48.7695],[1.25543,48.76914],[1.25625,48.76892],[1.25769,48.76844],[1.26035,48.76784],[1.26124,48.76757],[1.26159,48.76735],[1.26167,48.76691],[1.26127,48.76632],[1.26013,48.76568],[1.25973,48.76523],[1.25987,48.76487],[1.26022,48.76447],[1.26077,48.76407],[1.26118,48.76384],[1.26153,48.76354],[1.26154,48.76318],[1.26249,48.76309],[1.26371,48.76315],[1.26502,48.76303],[1.26849,48.76315],[1.27053,48.76294],[1.27066,48.76303],[1.27079,48.76335],[1.27099,48.76348],[1.27188,48.76372],[1.27459,48.7641],[1.27492,48.76419],[1.27499,48.76442],[1.27648,48.76461],[1.27803,48.76504],[1.2783,48.76518],[1.27878,48.76513],[1.27946,48.76514],[1.28034,48.76528],[1.28122,48.76561],[1.28128,48.7661],[1.28154,48.76642],[1.28188,48.76665],[1.2837,48.76711],[1.28383,48.76743],[1.28403,48.76756],[1.28437,48.76766],[1.28668,48.76772],[1.28723,48.76764],[1.28777,48.76769],[1.28893,48.7677],[1.28987,48.76793],[1.29062,48.76816],[1.29143,48.76817],[1.29347,48.76846],[1.29469,48.76847],[1.29585,48.76835],[1.29639,48.76822]]}},
{"type":"Feature","properties":{"code_eu_md":"FRHR256-H4257000","name":"ruisseau la Coudanne","longueur":22428.0,"statut":"MEN","ordre":2,"etateco":"3","qmoyaval":null,"distmer":null,"distsrce":null,"gid":8875,"annee":"2009"},"geometry":{"type":"LineString","coordinates":[[1.1753,48.85024],[1.18245,48.85355],[1.18617,48.8548],[1.1863,48.85503],[1.18602,48.85516],[1.18581,48.85538],[1.18575,48.85808],[1.18662,48.85903],[1.18695,48.85926],[1.18865,48.85969],[1.18933,48.85956],[1.19077,48.85917],[1.19201,48.8586],[1.19578,48.85742],[1.19826,48.85686],[1.20249,48.85649],[1.2076,48.85654],[1.20821,48.85659],[1.20936,48.85683],[1.21085,48.85707],[1.21167,48.85726],[1.21341,48.85859],[1.21548,48.86031],[1.21649,48.86109],[1.21682,48.86118],[1.2184,48.86065],[1.21964,48.86013],[1.22047,48.85951],[1.22187,48.8583],[1.22444,48.85595],[1.2248,48.85545],[1.22556,48.85475],[1.22715,48.85373],[1.22756,48.85332],[1.22862,48.85194],[1.22897,48.85136],[1.22953,48.85078],[1.23104,48.84985],[1.2314,48.84954],[1.2335,48.84695],[1.23763,48.84173],[1.23767,48.84015],[1.23755,48.83912],[1.23771,48.83858],[1.23792,48.83817],[1.23898,48.83639],[1.23947,48.8359],[1.24065,48.83501],[1.2412,48.83448],[1.2412,48.83439],[1.24177,48.8334],[1.24247,48.83251],[1.24295,48.83215],[1.24391,48.83185],[1.24481,48.83145],[1.24569,48.83142],[1.24698,48.83156],[1.24889,48.83162],[1.24923,48.83154],[1.25028,48.83079],[1.2507,48.83038],[1.25091,48.83007],[1.25092,48.82953],[1.25073,48.82885],[1.2508,48.8285],[1.25129,48.82819],[1.2513,48.82769],[1.25069,48.82719],[1.25036,48.82674],[1.25038,48.82597],[1.25088,48.82472],[1.25089,48.8245],[1.2527,48.82231],[1.25305,48.82205],[1.25469,48.82152],[1.25573,48.82099],[1.25648,48.82073],[1.25779,48.82056],[1.25875,48.82003],[1.2593,48.82003],[1.26026,48.81977],[1.26171,48.81871],[1.26246,48.81845],[1.26328,48.81832],[1.26606,48.81875],[1.26654,48.81875],[1.26791,48.81822],[1.26873,48.8181],[1.26921,48.81797],[1.27127,48.81682],[1.27237,48.81633],[1.27389,48.81585],[1.27581,48.81543],[1.27657,48.81494],[1.27698,48.81481],[1.27711,48.81472],[1.27733,48.81441],[1.2774,48.81404],[1.27755,48.81364],[1.27789,48.81324],[1.27865,48.81275],[1.2794,48.81262],[1.27961,48.81244],[1.2805,48.81209],[1.28085,48.81187],[1.28133,48.81138],[1.28148,48.81107],[1.28156,48.81053],[1.28149,48.81021],[1.28152,48.80909],[1.28146,48.80873],[1.28147,48.80814],[1.28154,48.80796],[1.28224,48.80707],[1.28251,48.80694],[1.28279,48.80694],[1.28367,48.80709],[1.28421,48.80722],[1.28557,48.80777],[1.28645,48.80805],[1.28706,48.80811],[1.28829,48.80812],[1.29059,48.80859],[1.29188,48.80897],[1.29316,48.80925],[1.29459,48.8093],[1.29643,48.80905],[1.29957,48.80867],[1.30195,48.80874],[1.30453,48.80907],[1.3065,48.80918],[1.30964,48.80886],[1.31046,48.80869],[1.3108,48.80847],[1.31067,48.80824],[1.31062,48.80787],[1.31083,48.8076],[1.31111,48.80738],[1.31152,48.80725],[1.31213,48.80716],[1.31302,48.80718],[1.31404,48.80737],[1.31498,48.80778],[1.316,48.80792],[1.31641,48.80788],[1.31757,48.80744],[1.31847,48.80691],[1.31881,48.80655],[1.31903,48.80597],[1.31905,48.80512],[1.31886,48.8044],[1.31841,48.80304],[1.31783,48.8015],[1.31729,48.80114],[1.31668,48.80082],[1.31533,48.8004],[1.31446,48.79977],[1.31447,48.79923],[1.31482,48.79878],[1.31552,48.79744],[1.31573,48.7973],[1.31608,48.79695],[1.31676,48.79691],[1.31901,48.79729],[1.32119,48.79726],[1.32388,48.79886],[1.32494,48.8],[1.32541,48.80032],[1.32616,48.80046],[1.32806,48.80048],[1.32922,48.80039],[1.33065,48.80019],[1.33147,48.80019],[1.33181,48.8001],[1.33202,48.79997],[1.3323,48.79966],[1.33251,48.7993],[1.33238,48.79867],[1.33192,48.79781],[1.33194,48.7971],[1.33202,48.79665],[1.33223,48.79611],[1.33258,48.79539],[1.3326,48.79463],[1.33241,48.79382],[1.33228,48.79363],[1.33181,48.79331],[1.33147,48.79317],[1.33101,48.79258],[1.33094,48.79236],[1.33129,48.79209],[1.33218,48.79178],[1.33347,48.79184],[1.33757,48.79161],[1.34112,48.7907],[1.34373,48.7896],[1.34427,48.78956],[1.34509,48.78956],[1.34597,48.78984],[1.34778,48.79098],[1.349,48.79144],[1.35029,48.79167],[1.35077,48.79155],[1.3509,48.79141],[1.35105,48.79114],[1.351,48.78984],[1.35054,48.78893],[1.35069,48.78826],[1.3509,48.78804],[1.35179,48.78778],[1.35363,48.78779],[1.35568,48.78799],[1.3584,48.78774],[1.36031,48.78762],[1.36065,48.78753],[1.36079,48.78736],[1.35994,48.7855],[1.35995,48.78475],[1.36016,48.78447],[1.36044,48.78439],[1.36194,48.78426],[1.36241,48.78414],[1.36255,48.784],[1.36439,48.7837]]}},
{"type":"Feature","properties":{"code_eu_md":"FRHR257","name":"La Vesgre du confluent de l'Opton (exclu) au confluent de l'Eure (exclu)","longueur":23618.0,"statut":"MEN","ordre":1,"etateco":"3","qmoyaval":null,"distmer":null,"distsrce":null,"gid":8876,"annee":"2009"},"geometry":{"type":"LineString","coordinates":[[1.59674,48.79485],[1.59654,48.79494],[1.59606,48.7953],[1.59579,48.79529],[1.59171,48.79491],[1.59027,48.7949],[1.58999,48.79526],[1.58978,48.7957],[1.58936,48.79624],[1.58915,48.79669],[1.58935,48.79719],[1.58995,48.79786],[1.58995,48.79827],[1.5896,48.79858],[1.5894,48.79862],[1.58953,48.79921],[1.58965,48.80011],[1.58964,48.80105],[1.58949,48.80146],[1.58922,48.8019],[1.58798,48.80284],[1.58715,48.80373],[1.58708,48.80391],[1.58741,48.80427],[1.58748,48.8045],[1.58733,48.80558],[1.58719,48.8058],[1.58602,48.8062],[1.58602,48.80629],[1.58588,48.80646],[1.58568,48.80655],[1.58493,48.80659],[1.58465,48.80673],[1.58438,48.80699],[1.58349,48.80712],[1.58315,48.80725],[1.58198,48.80806],[1.58094,48.80832],[1.58026,48.80877],[1.57971,48.8089],[1.57876,48.80898],[1.578,48.80929],[1.57766,48.80947],[1.57678,48.80924],[1.57651,48.80928],[1.57609,48.80968],[1.57568,48.80981],[1.57527,48.81008],[1.57534,48.81031],[1.57547,48.81049],[1.57547,48.81058],[1.57519,48.8108],[1.57526,48.81116],[1.57545,48.81157],[1.57538,48.81179],[1.57483,48.81206],[1.57496,48.81264],[1.57441,48.81304],[1.57474,48.8135],[1.57467,48.81386],[1.57384,48.81461],[1.5735,48.81479],[1.5733,48.81483],[1.57255,48.81487],[1.57091,48.81513],[1.57057,48.81535],[1.56996,48.81522],[1.56928,48.81521],[1.5688,48.81512],[1.56846,48.81516],[1.56729,48.81578],[1.56695,48.81578],[1.56641,48.81596],[1.56566,48.81595],[1.5651,48.81613],[1.56441,48.81671],[1.56332,48.81648],[1.56291,48.81652],[1.5625,48.81665],[1.56229,48.81701],[1.56234,48.81818],[1.56231,48.8202],[1.56244,48.82061],[1.56244,48.82079],[1.5621,48.82101],[1.56189,48.82101],[1.55998,48.82122],[1.55752,48.82219],[1.55643,48.82259],[1.55594,48.82294],[1.55573,48.8233],[1.55551,48.82438],[1.55557,48.82528],[1.5559,48.82582],[1.55617,48.82605],[1.55637,48.82609],[1.55637,48.82618],[1.5567,48.82664],[1.55818,48.82831],[1.55931,48.82972],[1.55992,48.83017],[1.56039,48.83071],[1.56099,48.83126],[1.56106,48.83148],[1.56099,48.83148],[1.56065,48.83161],[1.55983,48.83183],[1.55709,48.83199],[1.55518,48.83198],[1.55444,48.83153],[1.5541,48.83153],[1.55328,48.83197],[1.5515,48.83263],[1.55115,48.83303],[1.55114,48.8333],[1.55162,48.83371],[1.55167,48.83447],[1.55174,48.83474],[1.552,48.83511],[1.552,48.83556],[1.55179,48.83596],[1.55177,48.83677],[1.55095,48.83717],[1.55047,48.8373],[1.54972,48.8372],[1.54911,48.83707],[1.54877,48.83711],[1.54809,48.83728],[1.54686,48.83782],[1.54583,48.83812],[1.54473,48.83861],[1.54466,48.8387],[1.54335,48.83914],[1.54307,48.83936],[1.54293,48.83963],[1.54292,48.84021],[1.54306,48.84044],[1.54298,48.84093],[1.5427,48.84138],[1.54201,48.84183],[1.54146,48.84263],[1.54125,48.84272],[1.5405,48.84299],[1.54002,48.84289],[1.53962,48.84276],[1.53928,48.8428],[1.53825,48.84301],[1.53688,48.84355],[1.53661,48.84368],[1.53661,48.84377],[1.53654,48.84377],[1.53558,48.84407],[1.53414,48.84501],[1.53386,48.8451],[1.53359,48.84514],[1.53332,48.84505],[1.53305,48.84505],[1.53284,48.84527],[1.53276,48.84568],[1.53249,48.84585],[1.53215,48.84598],[1.5314,48.84589],[1.53099,48.84593],[1.53051,48.84593],[1.5299,48.84565],[1.52882,48.84551],[1.52739,48.84537],[1.52678,48.845],[1.52679,48.84473],[1.52652,48.84446],[1.52474,48.84396],[1.52399,48.84395],[1.52358,48.84399],[1.52297,48.8444],[1.52255,48.84475],[1.52248,48.8452],[1.52268,48.84556],[1.5228,48.84633],[1.52287,48.84637],[1.52279,48.84696],[1.52326,48.84727],[1.52326,48.84763],[1.52305,48.84776],[1.52305,48.8479],[1.52359,48.84813],[1.52358,48.8484],[1.52338,48.84862],[1.5229,48.8488],[1.52249,48.84875],[1.52208,48.84852],[1.52134,48.84847],[1.52113,48.84833],[1.52107,48.84815],[1.52093,48.84807],[1.52032,48.84806],[1.51998,48.84792],[1.51958,48.8476],[1.5189,48.84747],[1.51829,48.84728],[1.51741,48.84683],[1.51673,48.84654],[1.51483,48.84621],[1.51286,48.84602],[1.51177,48.8461],[1.51164,48.84615],[1.51129,48.84646],[1.51101,48.84718],[1.51059,48.84749],[1.51045,48.84785],[1.51004,48.84816],[1.50929,48.84834],[1.50874,48.84864],[1.50853,48.84869],[1.50758,48.84837],[1.50634,48.84845],[1.50594,48.84831],[1.50532,48.84826],[1.50498,48.84835],[1.50464,48.84835],[1.50437,48.84826],[1.50349,48.84816],[1.50335,48.84811],[1.50315,48.84793],[1.50302,48.84748],[1.50282,48.84726],[1.50146,48.84702],[1.50113,48.84675],[1.50086,48.8463],[1.50052,48.84607],[1.50025,48.84598],[1.49979,48.84544],[1.49931,48.8453],[1.49741,48.84524],[1.49693,48.84515],[1.49584,48.84528],[1.49543,48.84527],[1.49495,48.84522],[1.49441,48.84531],[1.49421,48.84517],[1.49414,48.84486],[1.49394,48.84459],[1.49306,48.84431],[1.49273,48.84404],[1.49273,48.84368],[1.49281,48.84336],[1.49294,48.84331],[1.49295,48.84273],[1.49249,48.84196],[1.49243,48.84156],[1.49229,48.84142],[1.49195,48.84133],[1.49114,48.84132],[1.49026,48.841],[1.48958,48.841],[1.4893,48.84095],[1.48883,48.84095],[1.4878,48.84148],[1.48527,48.84218],[1.48479,48.84218],[1.48404,48.84213],[1.4837,48.84199],[1.48364,48.84185],[1.48385,48.84168],[1.48385,48.84159],[1.48371,48.8414],[1.48222,48.84139],[1.48195,48.8413],[1.48154,48.84107],[1.48134,48.8408],[1.48127,48.8408],[1.481,48.84067],[1.48094,48.84053],[1.48095,48.83968],[1.48082,48.83954],[1.48034,48.83936],[1.48021,48.83918],[1.47987,48.8389],[1.47757,48.8383],[1.47709,48.83826],[1.47682,48.8383],[1.47566,48.83874],[1.47497,48.83923],[1.47462,48.83959],[1.47421,48.8399],[1.47337,48.84021],[1.47323,48.84038],[1.47287,48.84173],[1.47252,48.84236],[1.47244,48.84272],[1.47251,48.84308],[1.4725,48.84371],[1.47229,48.84402],[1.47146,48.84451],[1.47118,48.84482],[1.47042,48.84594],[1.46979,48.84661],[1.46903,48.84709],[1.46849,48.84714],[1.4678,48.84749],[1.46705,48.84753],[1.4663,48.8478],[1.46643,48.84815],[1.46629,48.8482],[1.46554,48.84824],[1.465,48.84823],[1.46452,48.8481],[1.46378,48.84809],[1.46193,48.84821],[1.46139,48.84839],[1.46103,48.84857],[1.46035,48.84856],[1.4598,48.84878],[1.45939,48.84909],[1.45925,48.84914],[1.45843,48.84909],[1.45762,48.84917],[1.45713,48.84961],[1.45706,48.84975],[1.45672,48.85002],[1.45603,48.85028],[1.45596,48.85042],[1.45602,48.85082],[1.45601,48.85127],[1.45553,48.85167],[1.45512,48.8518],[1.45504,48.85216],[1.45483,48.85252],[1.45477,48.85256],[1.45462,48.85297],[1.45461,48.85342],[1.45495,48.85373],[1.45637,48.8546],[1.45663,48.85473],[1.45717,48.85528],[1.45737,48.85555],[1.4573,48.85582],[1.45716,48.85595],[1.45722,48.85613],[1.45756,48.85636],[1.45831,48.85628],[1.45858,48.85628],[1.45879,48.85641],[1.45885,48.85673],[1.45953,48.85673],[1.45966,48.85687],[1.4598,48.8571],[1.46013,48.85728],[1.46075,48.85728],[1.46116,48.85701],[1.46157,48.85706],[1.4617,48.85725],[1.4619,48.85733],[1.46265,48.85729],[1.46313,48.8573],[1.46367,48.85766],[1.46496,48.85808],[1.46502,48.85817],[1.46501,48.85867],[1.46569,48.85922],[1.46575,48.85935],[1.46582,48.85966],[1.46595,48.85985],[1.46594,48.86016],[1.46553,48.86061],[1.46532,48.86074],[1.46409,48.86105],[1.46388,48.86118],[1.46387,48.86181],[1.46469,48.86186],[1.46496,48.86191],[1.46489,48.86204],[1.46455,48.86217],[1.46461,48.8624],[1.46529,48.86272],[1.46522,48.86285],[1.46494,48.86294],[1.46494,48.8633],[1.46534,48.86357],[1.46553,48.86438],[1.46525,48.86469],[1.46525,48.86492],[1.46579,48.86528],[1.46585,48.86542],[1.46565,48.86559],[1.46585,48.86578],[1.46619,48.86596],[1.46617,48.86663],[1.4665,48.86767],[1.4675,48.86884],[1.4679,48.86943],[1.46882,48.87111],[1.46909,48.8717],[1.46955,48.87246],[1.46995,48.87283],[1.47042,48.87319],[1.47122,48.87418],[1.47169,48.87468],[1.4725,48.87527],[1.47331,48.87573],[1.47459,48.87695],[1.47539,48.87781],[1.4765,48.87876],[1.47782,48.88065],[1.47815,48.88173],[1.47819,48.88279],[1.47785,48.88331],[1.47732,48.88358],[1.47679,48.88369],[1.47393,48.884],[1.46858,48.88452],[1.46659,48.88552]]}},
{"type":"Feature","properties":{"code_eu_md":"FRHR261","name":"L'Eure du confluent de l'Iton (exclu) au confluent de la Seine (exclu)","longueur":29440.0,"statut":"MEN","ordre":0,"etateco":"2","qmoyaval":null,"distmer":null,"distsrce":null,"gid":8884,"annee":"2009"},"geometry":{"type":"LineString","coordinates":[[1.18591,49.17493],[1.18584,49.17516],[1.18527,49.17583],[1.18499,49.17605],[1.18429,49.17694],[1.18267,49.17858],[1.18177,49.17925],[1.18078,49.1801],[1.1793,49.18188],[1.17894,49.18255],[1.17817,49.18331],[1.17628,49.18487],[1.17482,49.18584],[1.17461,49.18593],[1.17191,49.18649],[1.17164,49.18662],[1.17039,49.18706],[1.16935,49.18772],[1.169,49.18816],[1.16821,49.18964],[1.16806,49.19036],[1.16802,49.19189],[1.16833,49.19324],[1.16866,49.19405],[1.16885,49.19477],[1.16905,49.19509],[1.16924,49.19558],[1.16964,49.19621],[1.16963,49.19639],[1.16977,49.19644],[1.16983,49.19667],[1.17083,49.19781],[1.17262,49.20021],[1.17295,49.2007],[1.1732,49.20192],[1.17353,49.20241],[1.17373,49.20251],[1.17454,49.20324],[1.17561,49.20433],[1.17634,49.20529],[1.17667,49.20587],[1.17673,49.20632],[1.1784,49.20836],[1.17913,49.20935],[1.17905,49.20989],[1.17908,49.21164],[1.17928,49.21201],[1.1796,49.21286],[1.17953,49.21314],[1.1787,49.21336],[1.17703,49.21437],[1.17682,49.21446],[1.17417,49.21596],[1.1734,49.21645],[1.17277,49.21703],[1.17235,49.21765],[1.17227,49.21801],[1.17294,49.21887],[1.17354,49.21955],[1.17381,49.21978],[1.17488,49.221],[1.17589,49.22169],[1.17609,49.22191],[1.17608,49.22236],[1.17628,49.22264],[1.17669,49.22291],[1.17735,49.22377],[1.17906,49.22699],[1.17931,49.22802],[1.17958,49.22861],[1.17983,49.22946],[1.18003,49.22978],[1.18002,49.23014],[1.18022,49.23064],[1.18061,49.23127],[1.18068,49.23145],[1.18094,49.23181],[1.18148,49.23241],[1.1831,49.23364],[1.18398,49.23409],[1.18506,49.23473],[1.18634,49.23582],[1.18681,49.2365],[1.18694,49.23677],[1.18767,49.23777],[1.18787,49.23817],[1.18811,49.23949],[1.18831,49.23989],[1.18878,49.24026],[1.18946,49.24063],[1.18994,49.24072],[1.19089,49.24136],[1.1957,49.24388],[1.19652,49.24406],[1.19727,49.24412],[1.19754,49.24438],[1.19774,49.24467],[1.19772,49.24583],[1.19785,49.24597],[1.19811,49.2466],[1.1981,49.24714],[1.19782,49.24759],[1.19781,49.24799],[1.19801,49.24826],[1.19875,49.2489],[1.19949,49.24944],[1.19997,49.24958],[1.20064,49.25009],[1.20159,49.25054],[1.20281,49.25132],[1.20369,49.25174],[1.20519,49.25252],[1.20612,49.2536],[1.20625,49.25392],[1.20659,49.25437],[1.20706,49.25483],[1.20835,49.25547],[1.2093,49.25584],[1.21108,49.25612],[1.21237,49.25676],[1.21407,49.25751],[1.21747,49.25884],[1.21843,49.25912],[1.22001,49.25963],[1.22041,49.2599],[1.22101,49.26094],[1.22133,49.26171],[1.2216,49.26211],[1.22349,49.26354],[1.22334,49.26681],[1.22319,49.26712],[1.22314,49.26946],[1.22285,49.27045],[1.22276,49.2713],[1.22248,49.27174],[1.22238,49.27292],[1.22216,49.27346],[1.22203,49.2735],[1.22202,49.27359],[1.22153,49.27431],[1.22104,49.27484],[1.22048,49.27537],[1.22048,49.27542],[1.22013,49.27573],[1.2199,49.27618],[1.21966,49.27748],[1.21929,49.27855],[1.21894,49.27895],[1.21845,49.2794],[1.21734,49.28015],[1.21656,49.28131],[1.21598,49.28243],[1.21513,49.28359],[1.21426,49.28502],[1.21384,49.28542],[1.21329,49.28574],[1.21115,49.28625],[1.21011,49.28669],[1.20989,49.287],[1.20954,49.28736],[1.20919,49.28786],[1.20918,49.28804],[1.20905,49.28808],[1.20868,49.28893],[1.20847,49.28915],[1.20847,49.28933],[1.20826,49.28951],[1.2079,49.29018],[1.20768,49.29072],[1.20747,49.29098],[1.20747,49.29116],[1.2074,49.29121],[1.20739,49.29134],[1.20725,49.29162],[1.20717,49.29224],[1.207,49.29287],[1.20697,49.29417],[1.20669,49.29475],[1.20612,49.29555],[1.20577,49.29591],[1.20507,49.2964],[1.20271,49.29755],[1.20167,49.29789],[1.1996,49.29846],[1.19791,49.29952],[1.19755,49.30033],[1.1972,49.30073],[1.19678,49.301],[1.19602,49.30121],[1.19451,49.30137],[1.19176,49.3014],[1.19127,49.30148],[1.19058,49.30183],[1.18885,49.30258],[1.18807,49.30275],[1.18759,49.30275],[1.18705,49.30265],[1.18548,49.3021],[1.18486,49.302],[1.1841,49.30209],[1.18293,49.30252],[1.18085,49.30317],[1.17988,49.30357],[1.1785,49.30396],[1.17644,49.3039],[1.17437,49.30352],[1.17348,49.30351],[1.16907,49.30404],[1.16362,49.30493],[1.1574,49.30604],[1.15657,49.30634],[1.15566,49.30692],[1.15545,49.30715],[1.15498,49.30682],[1.15456,49.30678],[1.15299,49.30645],[1.15127,49.30648],[1.14864,49.30672],[1.14679,49.3067],[1.14583,49.3066],[1.14377,49.30658],[1.14178,49.3065],[1.13937,49.30675],[1.13662,49.30686],[1.13412,49.30706],[1.13248,49.30704],[1.13008,49.30666],[1.12864,49.30664],[1.12678,49.30676],[1.12334,49.30681],[1.12017,49.30696],[1.11694,49.30688],[1.11295,49.30702],[1.11158,49.307],[1.10654,49.30727],[1.10222,49.30704],[1.10043,49.30716],[1.09864,49.30714],[1.09543,49.30647],[1.09083,49.30593],[1.08644,49.30556],[1.08418,49.30523],[1.08336,49.30504],[1.08247,49.30475],[1.07947,49.304],[1.07749,49.30344],[1.07619,49.3032],[1.07535,49.30315],[1.07453,49.30314],[1.07411,49.30336],[1.07383,49.30367],[1.073,49.30407],[1.07223,49.30433],[1.07141,49.30437],[1.07038,49.30418],[1.06794,49.30303],[1.06685,49.30237],[1.06617,49.3021],[1.06522,49.30191],[1.06254,49.30184],[1.06124,49.30164],[1.06056,49.30146],[1.06008,49.30114],[1.05955,49.30041],[1.05876,49.29915],[1.05869,49.2991],[1.05823,49.29842],[1.05728,49.29786],[1.05585,49.29731],[1.05263,49.2966],[1.04702,49.29564],[1.04415,49.29512],[1.04257,49.295],[1.04126,49.29499],[1.04054,49.29507]]}},
{"type":"Feature","properties":{"code_eu_md":"FRHR355","name":"La Vesgre de sa source au confluent de l'Opton (inclus)","longueur":21348.0,"statut":"MEN","ordre":2,"etateco":"4","qmoyaval":null,"distmer":null,"distsrce":null,"gid":9309,"annee":"2009"},"geometry":{"type":"LineString","coordinates":[[1.77766,48.70838],[1.77975,48.7096],[1.77996,48.70983],[1.77995,48.71005],[1.77981,48.7105],[1.77927,48.71072],[1.77859,48.7105],[1.77839,48.7105],[1.77736,48.71112],[1.77708,48.71166],[1.77606,48.71215],[1.77579,48.71233],[1.77572,48.7126],[1.77544,48.71304],[1.77482,48.71371],[1.77461,48.71416],[1.77447,48.7143],[1.7744,48.71466],[1.77452,48.71488],[1.77438,48.71528],[1.77437,48.71596],[1.77443,48.71659],[1.7745,48.71677],[1.77463,48.71758],[1.77429,48.71785],[1.77421,48.7183],[1.77407,48.71861],[1.77413,48.71938],[1.77372,48.71969],[1.77345,48.71973],[1.77325,48.71964],[1.77298,48.71964],[1.77222,48.72008],[1.77147,48.72067],[1.7714,48.72102],[1.77119,48.72116],[1.77065,48.72134],[1.76881,48.72146],[1.76758,48.72213],[1.76635,48.72302],[1.76581,48.72315],[1.76472,48.7232],[1.76058,48.7225],[1.75712,48.72208],[1.75509,48.72189],[1.75366,48.72166],[1.75312,48.72147],[1.75272,48.72143],[1.75087,48.72164],[1.75025,48.72187],[1.74984,48.72209],[1.7495,48.72222],[1.74834,48.7224],[1.74834,48.72257],[1.748,48.72275],[1.74685,48.72279],[1.74644,48.72288],[1.74589,48.72288],[1.74548,48.7231],[1.74474,48.72309],[1.7444,48.72296],[1.74413,48.72291],[1.74406,48.72296],[1.74399,48.72314],[1.74365,48.72318],[1.74351,48.72332],[1.7433,48.72376],[1.74208,48.72344],[1.74202,48.72326],[1.74127,48.72289],[1.73944,48.72279],[1.73822,48.72247],[1.73681,48.72165],[1.73586,48.72134],[1.73396,48.72106],[1.73382,48.72096],[1.73383,48.72074],[1.73336,48.72033],[1.73281,48.72015],[1.73227,48.72015],[1.73063,48.72077],[1.73036,48.72081],[1.72975,48.72067],[1.72935,48.72049],[1.72867,48.71986],[1.7282,48.71959],[1.7259,48.71913],[1.72549,48.71895],[1.72454,48.7193],[1.72406,48.71961],[1.72385,48.72002],[1.72377,48.72105],[1.72382,48.7215],[1.72375,48.72181],[1.72354,48.72204],[1.72293,48.72217],[1.72205,48.72216],[1.71837,48.7225],[1.71796,48.72272],[1.71687,48.72295],[1.7166,48.72303],[1.71626,48.72335],[1.71619,48.7237],[1.71612,48.72379],[1.7153,48.7241],[1.71441,48.72423],[1.7138,48.7241],[1.71346,48.72405],[1.71326,48.72423],[1.71318,48.72472],[1.71277,48.72557],[1.71249,48.72602],[1.71228,48.72634],[1.71173,48.72678],[1.71071,48.72723],[1.70894,48.72776],[1.70825,48.72793],[1.70757,48.72793],[1.70683,48.7277],[1.70636,48.72716],[1.70589,48.72684],[1.70555,48.72671],[1.70413,48.72656],[1.70379,48.72643],[1.70278,48.72588],[1.70163,48.72552],[1.70143,48.72524],[1.70136,48.72497],[1.70109,48.72462],[1.70062,48.72461],[1.69966,48.72501],[1.69917,48.72514],[1.69687,48.72458],[1.69524,48.72435],[1.69368,48.72403],[1.69266,48.72406],[1.69205,48.72429],[1.69164,48.72464],[1.69095,48.72504],[1.68904,48.72575],[1.68843,48.72611],[1.68781,48.72656],[1.68699,48.72691],[1.68638,48.72709],[1.68597,48.72709],[1.68488,48.72717],[1.68372,48.72739],[1.68161,48.72805],[1.68072,48.72836],[1.68024,48.72863],[1.67984,48.72862],[1.67746,48.7283],[1.67658,48.72829],[1.67597,48.72802],[1.67536,48.72802],[1.67487,48.72824],[1.67014,48.73094],[1.66679,48.73291],[1.66619,48.73319],[1.66587,48.73465],[1.66594,48.73587],[1.6658,48.73637],[1.6651,48.73735],[1.66333,48.73824],[1.66278,48.73859],[1.66264,48.73882],[1.66256,48.73923],[1.66229,48.73972],[1.66221,48.74039],[1.66214,48.74044],[1.66221,48.74084],[1.662,48.74124],[1.6619,48.74238],[1.66155,48.74282],[1.66154,48.74354],[1.66127,48.74372],[1.66113,48.74435],[1.66085,48.74444],[1.6603,48.74484],[1.65982,48.74538],[1.65926,48.74654],[1.65926,48.74703],[1.65938,48.7478],[1.65965,48.74834],[1.65983,48.74987],[1.65996,48.75],[1.66023,48.75046],[1.66023,48.75077],[1.66009,48.75091],[1.65988,48.75131],[1.65994,48.75158],[1.65993,48.75234],[1.66007,48.75248],[1.65986,48.75311],[1.66005,48.75409],[1.65991,48.7545],[1.66004,48.75477],[1.66044,48.75526],[1.66044,48.75535],[1.66037,48.7554],[1.66037,48.75576],[1.66069,48.7568],[1.66068,48.75738],[1.66054,48.75796],[1.65999,48.75859],[1.65964,48.75949],[1.65956,48.75998],[1.6597,48.7603],[1.65983,48.76039],[1.65968,48.76138],[1.65825,48.76142],[1.65791,48.76195],[1.65754,48.76263],[1.65734,48.76285],[1.65713,48.76321],[1.65637,48.7642],[1.65568,48.76487],[1.65436,48.76688],[1.65395,48.76737],[1.65311,48.76871],[1.65277,48.76912],[1.65256,48.76957],[1.65262,48.76979],[1.65296,48.77011],[1.6524,48.77132],[1.64912,48.77238],[1.64823,48.77255],[1.64626,48.77272],[1.64558,48.77285],[1.64476,48.77312],[1.64379,48.77374],[1.6433,48.77432],[1.64295,48.77495],[1.64274,48.77553],[1.64273,48.77612],[1.64231,48.77724],[1.64216,48.77831],[1.64195,48.77885],[1.64133,48.7797],[1.64077,48.78037],[1.64029,48.7806],[1.63838,48.78135],[1.63797,48.7813],[1.63736,48.78112],[1.63689,48.78111],[1.63593,48.78178],[1.63538,48.78192],[1.63524,48.782],[1.63524,48.78214],[1.63517,48.78223],[1.63524,48.78245],[1.6351,48.78254],[1.63483,48.78258],[1.63393,48.7833],[1.63372,48.78366],[1.63365,48.78402],[1.63338,48.78429],[1.63221,48.78477],[1.62906,48.78565],[1.6279,48.78587],[1.6268,48.78649],[1.62612,48.78662],[1.62524,48.78671],[1.62584,48.78739],[1.6261,48.78784],[1.62603,48.78806],[1.62542,48.78837],[1.6246,48.78837],[1.62371,48.78859],[1.62297,48.78858],[1.62276,48.78872],[1.62255,48.78903],[1.62173,48.78952],[1.62125,48.7897],[1.61764,48.79003],[1.61669,48.79025],[1.61641,48.79052],[1.61586,48.79079],[1.6145,48.79105],[1.61409,48.79109],[1.61182,48.79166],[1.60834,48.79281],[1.60574,48.79351],[1.6054,48.79356],[1.60445,48.79355],[1.60145,48.79371],[1.60016,48.79402],[1.59961,48.79424],[1.59674,48.79485]]}},
{"type":"Feature","properties":{"code_eu_md":"FRHR355-H4271050","name":"cours d'eau de la Chesnaie","longueur":5852.0,"statut":"MEN","ordre":2,"etateco":"4","qmoyaval":null,"distmer":null,"distsrce":null,"gid":9310,"annee":"2009"},"geometry":{"type":"LineString","coordinates":[[1.7152,48.71025],[1.71419,48.71025],[1.71207,48.71042],[1.71111,48.71064],[1.71057,48.71086],[1.70988,48.71126],[1.7094,48.71175],[1.70919,48.71202],[1.70919,48.7126],[1.70905,48.71283],[1.70781,48.71394],[1.7057,48.71443],[1.7055,48.71461],[1.70502,48.71488],[1.7046,48.71541],[1.70293,48.71868],[1.70203,48.72011],[1.70011,48.72208],[1.69963,48.72244],[1.69894,48.72271],[1.69736,48.72297],[1.69682,48.72292],[1.69458,48.72331],[1.69403,48.72336],[1.69288,48.72312],[1.69247,48.72308],[1.69138,48.72325],[1.68878,48.72494],[1.68762,48.72548],[1.68673,48.72574],[1.68388,48.72609],[1.68272,48.72639],[1.68162,48.72679],[1.67931,48.727],[1.67836,48.72695],[1.67667,48.72667],[1.67599,48.72667],[1.67524,48.72676],[1.67449,48.72698],[1.67428,48.72715],[1.67406,48.72751],[1.67303,48.72836],[1.67254,48.72926],[1.67234,48.72948],[1.67111,48.7302],[1.67015,48.73064],[1.66899,48.73077],[1.66695,48.73134],[1.66661,48.73161],[1.66625,48.73241],[1.66577,48.73309],[1.66568,48.73497],[1.6656,48.73542],[1.66519,48.73582],[1.66367,48.73707],[1.6623,48.7385],[1.66189,48.73899],[1.66187,48.74007],[1.66201,48.74039],[1.66214,48.74044]]}},
{"type":"Feature","properties":{"code_eu_md":"FRHR355-H4274500","name":"le Grapelin","longueur":14133.0,"statut":"MEN","ordre":2,"etateco":"3","qmoyaval":null,"distmer":null,"distsrce":null,"gid":9311,"annee":"2009"},"geometry":{"type":"LineString","coordinates":[[1.79392,48.73123],[1.79242,48.73165],[1.79134,48.73191],[1.79091,48.73223],[1.79084,48.73231],[1.78989,48.73258],[1.78866,48.73307],[1.78825,48.73329],[1.78791,48.73329],[1.78764,48.7332],[1.78744,48.7332],[1.78545,48.73431],[1.78498,48.73445],[1.78463,48.73489],[1.78382,48.73489],[1.78293,48.73542],[1.78231,48.73565],[1.78177,48.73596],[1.78088,48.73622],[1.78006,48.73681],[1.7789,48.73698],[1.77883,48.73729],[1.77815,48.73751],[1.77767,48.73742],[1.77713,48.73742],[1.77672,48.7376],[1.77535,48.73849],[1.77488,48.73871],[1.77392,48.73893],[1.77324,48.73902],[1.77303,48.73938],[1.77255,48.73978],[1.77221,48.74018],[1.77049,48.74125],[1.76993,48.74183],[1.76966,48.74197],[1.76925,48.7421],[1.76884,48.74241],[1.76802,48.74263],[1.76755,48.7429],[1.767,48.74304],[1.76666,48.74299],[1.76517,48.74258],[1.76463,48.74235],[1.76388,48.74235],[1.76279,48.74315],[1.76258,48.74337],[1.76251,48.74373],[1.76257,48.74414],[1.76257,48.74454],[1.76229,48.74467],[1.76202,48.74467],[1.76127,48.74543],[1.76079,48.74552],[1.76072,48.74588],[1.76051,48.74619],[1.7603,48.74637],[1.7603,48.74651],[1.7605,48.74673],[1.76037,48.747],[1.75975,48.74736],[1.7592,48.74758],[1.75893,48.74754],[1.7588,48.7474],[1.75724,48.7473],[1.75608,48.74747],[1.75587,48.74766],[1.75553,48.74765],[1.75471,48.74787],[1.75444,48.74805],[1.75349,48.74778],[1.75322,48.7476],[1.75268,48.74755],[1.75234,48.74728],[1.75194,48.74714],[1.75153,48.74714],[1.74981,48.74753],[1.7494,48.74771],[1.74892,48.74807],[1.74858,48.74816],[1.74824,48.74811],[1.74736,48.74838],[1.74695,48.74846],[1.74667,48.74846],[1.74626,48.74873],[1.74579,48.74873],[1.74538,48.74908],[1.74333,48.74966],[1.74299,48.75002],[1.74244,48.75024],[1.74183,48.75037],[1.74149,48.75069],[1.74148,48.75073],[1.74128,48.75077],[1.74101,48.75073],[1.74087,48.75063],[1.74067,48.75077],[1.73965,48.75045],[1.73931,48.75049],[1.73924,48.75063],[1.73863,48.75116],[1.73828,48.75174],[1.73827,48.75255],[1.73799,48.75283],[1.73798,48.75377],[1.73784,48.75417],[1.73791,48.75453],[1.7379,48.75498],[1.73756,48.75552],[1.73721,48.75574],[1.73639,48.75601],[1.73598,48.75628],[1.73591,48.75641],[1.7359,48.75722],[1.73563,48.75789],[1.73459,48.75883],[1.73459,48.75887],[1.73397,48.75919],[1.73328,48.7594],[1.73253,48.7594],[1.73206,48.75954],[1.73089,48.7602],[1.73021,48.76051],[1.72966,48.76092],[1.72932,48.76105],[1.72911,48.76141],[1.72863,48.76172],[1.72775,48.76208],[1.72658,48.76265],[1.72624,48.76265],[1.72508,48.76301],[1.71964,48.76333],[1.71678,48.76382],[1.71548,48.76421],[1.71445,48.76488],[1.71252,48.7664],[1.71218,48.7668],[1.71175,48.76792],[1.71134,48.76824],[1.71052,48.76868],[1.70827,48.76934],[1.70711,48.76997],[1.70499,48.77081],[1.70478,48.77094],[1.70471,48.77157],[1.70368,48.77256],[1.70333,48.77269],[1.70333,48.77305],[1.7025,48.77381],[1.70196,48.77403],[1.69977,48.77456],[1.69855,48.775],[1.69793,48.77531],[1.69532,48.77619],[1.69471,48.77646],[1.69402,48.77655],[1.6881,48.77697],[1.68701,48.77718],[1.6864,48.77741],[1.68256,48.7799],[1.68208,48.78008],[1.68016,48.78124],[1.67619,48.78211],[1.6747,48.78228],[1.67388,48.78246],[1.67374,48.78255],[1.67407,48.78322],[1.67407,48.78367],[1.67339,48.78363],[1.67156,48.78303],[1.66729,48.78202],[1.666,48.78161],[1.66539,48.78129],[1.66438,48.78061],[1.66425,48.78047],[1.66385,48.77948],[1.66216,48.77898],[1.66168,48.77875],[1.66155,48.77848],[1.66074,48.77793],[1.66061,48.77753],[1.66041,48.77749],[1.65738,48.77539],[1.65576,48.77462],[1.65495,48.77389],[1.65468,48.77371],[1.65292,48.7733],[1.65231,48.77311],[1.65231,48.77244],[1.65246,48.77195],[1.6524,48.77132]]}},
{"type":"Feature","properties":{"code_eu_md":"FRHR355-H4275050","name":"le Moque-Souris","longueur":4550.0,"statut":"MEN","ordre":2,"etateco":"4","qmoyaval":null,"distmer":null,"distsrce":null,"gid":9312,"annee":"2009"},"geometry":{"type":"LineString","coordinates":[[1.67364,48.79572],[1.67235,48.79549],[1.67181,48.79549],[1.67133,48.79558],[1.67031,48.79548],[1.66459,48.7946],[1.66398,48.79441],[1.66378,48.79419],[1.66351,48.79418],[1.66337,48.79427],[1.6633,48.79495],[1.66315,48.79548],[1.66227,48.79548],[1.66119,48.79507],[1.65983,48.79462],[1.65881,48.79437],[1.65834,48.79437],[1.65827,48.79446],[1.65812,48.79527],[1.6577,48.79653],[1.65763,48.79662],[1.65708,48.79662],[1.6545,48.79633],[1.65403,48.79619],[1.65403,48.79579],[1.6539,48.79561],[1.65377,48.79497],[1.65311,48.79398],[1.6527,48.79384],[1.64659,48.79322],[1.64557,48.79304],[1.64448,48.79267],[1.64402,48.79177],[1.64362,48.7915],[1.64131,48.79077],[1.63962,48.79017],[1.63881,48.78963],[1.63861,48.78963],[1.6384,48.78972],[1.6382,48.78972],[1.63651,48.78863],[1.63403,48.78645],[1.63375,48.7864],[1.63341,48.78649],[1.63301,48.78635],[1.63253,48.78635],[1.63156,48.78643],[1.63075,48.78616],[1.63055,48.78616],[1.62959,48.78651],[1.62877,48.78677],[1.62816,48.78704],[1.62774,48.7874],[1.62686,48.78757],[1.62665,48.78748],[1.62612,48.78662]]}},
{"type":"Feature","properties":{"code_eu_md":"FRHR355-H4275500","name":"le Sausseron","longueur":4170.0,"statut":"MEN","ordre":2,"etateco":"5","qmoyaval":null,"distmer":null,"distsrce":null,"gid":9313,"annee":"2009"},"geometry":{"type":"LineString","coordinates":[[1.63419,48.81729],[1.63386,48.81707],[1.63386,48.8168],[1.63312,48.81648],[1.63285,48.8163],[1.63271,48.81634],[1.6325,48.81647],[1.63203,48.81638],[1.63156,48.81602],[1.63115,48.81584],[1.63054,48.81548],[1.62946,48.81515],[1.62932,48.81502],[1.62933,48.8148],[1.62947,48.81466],[1.6294,48.81435],[1.62886,48.81398],[1.6288,48.81353],[1.6284,48.81326],[1.62806,48.81312],[1.62779,48.8129],[1.6278,48.8124],[1.62801,48.81191],[1.62828,48.81164],[1.62862,48.81142],[1.6287,48.81102],[1.62884,48.81075],[1.62877,48.81039],[1.62878,48.80989],[1.62899,48.80962],[1.6294,48.8094],[1.63029,48.80909],[1.63072,48.80856],[1.6325,48.80749],[1.63332,48.80722],[1.63422,48.80655],[1.63456,48.80602],[1.6345,48.80556],[1.63437,48.80538],[1.63424,48.80479],[1.63397,48.80452],[1.6333,48.80402],[1.63296,48.80362],[1.63215,48.80316],[1.63121,48.80253],[1.63101,48.8023],[1.6304,48.80185],[1.62986,48.80153],[1.62925,48.80139],[1.62871,48.80094],[1.62846,48.7995],[1.6282,48.79914],[1.62752,48.79869],[1.62671,48.79841],[1.62597,48.79787],[1.62373,48.79718],[1.62279,48.79668],[1.62177,48.79604],[1.62123,48.79577],[1.62097,48.7954],[1.62043,48.79504],[1.61921,48.79444],[1.6184,48.79431],[1.61826,48.79413],[1.61821,48.79327],[1.61794,48.79309],[1.61678,48.79309],[1.61658,48.79299],[1.61639,48.79223],[1.61618,48.79209],[1.61489,48.79199],[1.61469,48.79168],[1.6145,48.79105]]}},
{"type":"Feature","properties":{"code_eu_md":"FRHR355-H4279000","name":"l'Opton","longueur":16440.0,"statut":"MEN","ordre":2,"etateco":"4","qmoyaval":null,"distmer":null,"distsrce":null,"gid":9314,"annee":"2009"},"geometry":{"type":"LineString","coordinates":[[1.64133,48.69756],[1.64092,48.69733],[1.64011,48.69714],[1.63991,48.69674],[1.63944,48.69637],[1.63863,48.69614],[1.63789,48.69582],[1.63687,48.69559],[1.63469,48.69535],[1.63266,48.69507],[1.63157,48.69506],[1.63116,48.69511],[1.62913,48.69478],[1.62709,48.69477],[1.62655,48.69472],[1.62573,48.69498],[1.62464,48.69511],[1.62389,48.69529],[1.62301,48.69573],[1.62226,48.69595],[1.62151,48.69599],[1.62002,48.69589],[1.61879,48.6962],[1.61777,48.69655],[1.61701,48.69695],[1.6166,48.69758],[1.61632,48.69789],[1.61563,48.69892],[1.61522,48.69919],[1.61467,48.69941],[1.612,48.70016],[1.60941,48.70059],[1.6088,48.70077],[1.60723,48.70166],[1.60503,48.70299],[1.60435,48.70326],[1.60408,48.70344],[1.60407,48.70384],[1.604,48.70393],[1.60277,48.70478],[1.60161,48.70535],[1.60072,48.70557],[1.5999,48.70561],[1.59902,48.70542],[1.59841,48.70538],[1.59773,48.70551],[1.5965,48.7059],[1.59603,48.70617],[1.59602,48.70631],[1.59616,48.7064],[1.59588,48.7068],[1.59588,48.7072],[1.59552,48.70797],[1.59545,48.7085],[1.59524,48.70895],[1.59515,48.70954],[1.59627,48.71166],[1.59626,48.71278],[1.59612,48.71314],[1.59603,48.71422],[1.59602,48.71498],[1.59643,48.71521],[1.59656,48.71543],[1.59662,48.7158],[1.59512,48.71623],[1.59491,48.71641],[1.59471,48.71646],[1.59444,48.71668],[1.59429,48.71758],[1.59298,48.71869],[1.59175,48.71936],[1.59045,48.71998],[1.58943,48.72024],[1.58875,48.72033],[1.5863,48.72018],[1.58419,48.72075],[1.5833,48.7211],[1.58302,48.72137],[1.58295,48.72159],[1.58298,48.72366],[1.58484,48.72642],[1.58504,48.72683],[1.5851,48.72746],[1.5857,48.72818],[1.58676,48.72985],[1.58628,48.73003],[1.58526,48.73025],[1.58458,48.73033],[1.58369,48.73096],[1.58279,48.73181],[1.58244,48.73239],[1.58225,48.73621],[1.58223,48.73764],[1.58229,48.738],[1.58303,48.73891],[1.58356,48.7395],[1.58444,48.74022],[1.5849,48.74076],[1.58543,48.7418],[1.5876,48.74226],[1.5899,48.74314],[1.59064,48.74355],[1.59185,48.74437],[1.59225,48.74473],[1.59286,48.74514],[1.59428,48.74573],[1.59779,48.74706],[1.59894,48.74773],[1.60136,48.74977],[1.60183,48.74991],[1.60359,48.75028],[1.60427,48.75073],[1.60527,48.75173],[1.6054,48.75255],[1.60538,48.75354],[1.60551,48.7539],[1.6067,48.75611],[1.6069,48.75669],[1.60696,48.75705],[1.60694,48.75858],[1.60673,48.75903],[1.60652,48.75934],[1.60542,48.76028],[1.60493,48.76136],[1.60492,48.7619],[1.60477,48.76225],[1.6049,48.76275],[1.60576,48.76455],[1.60622,48.76572],[1.60621,48.76653],[1.60613,48.76711],[1.60626,48.76761],[1.60637,48.76915],[1.60717,48.77045],[1.60791,48.77118],[1.60844,48.77208],[1.60903,48.7737],[1.60915,48.7746],[1.60914,48.77519],[1.60934,48.77564],[1.60961,48.776],[1.61021,48.77645],[1.61082,48.77664],[1.61143,48.77709],[1.61197,48.77759],[1.6123,48.77817],[1.61236,48.77849],[1.61235,48.77938],[1.61227,48.78019],[1.61239,48.78114],[1.61225,48.78127],[1.61164,48.78164],[1.61129,48.78203],[1.61109,48.78216],[1.61019,48.7831],[1.60978,48.78346],[1.60881,48.78404],[1.60744,48.78475],[1.60697,48.78484],[1.60561,48.78496],[1.60443,48.78527],[1.60184,48.78548],[1.60123,48.7857],[1.59924,48.78708],[1.59848,48.78775],[1.59793,48.78811],[1.59779,48.78815],[1.59779,48.78824],[1.59704,48.78878],[1.59689,48.78931],[1.59648,48.78971],[1.59647,48.79012],[1.5968,48.7908],[1.59734,48.79162],[1.59718,48.79279],[1.59751,48.79337],[1.59751,48.79377],[1.5973,48.79409],[1.59675,48.79471],[1.59674,48.79485]]}},
{"type":"Feature","properties":{"code_eu_md":"FRHR508","name":"canal de Chelles","longueur":9154.0,"statut":"MEA","ordre":2,"etateco":"U","qmoyaval":null,"distmer":null,"distsrce":null,"gid":9405,"annee":"2009"},"geometry":{"type":"LineString","coordinates":[[2.65217,48.86915],[2.65183,48.86907],[2.6508,48.86858],[2.64464,48.86598],[2.64171,48.86541],[2.6398,48.86514],[2.63878,48.86514],[2.60724,48.86784],[2.6067,48.86784],[2.60656,48.86788],[2.60248,48.86825],[2.59476,48.86795],[2.57651,48.86709],[2.57254,48.86634],[2.5709,48.86598],[2.56736,48.86496],[2.56551,48.86419],[2.55335,48.85779],[2.55055,48.85636],[2.54885,48.85564],[2.5468,48.85524],[2.53937,48.85427],[2.53645,48.85391],[2.53522,48.8536],[2.53522,48.85351]]}},
{"type":"Feature","properties":{"code_eu_md":"FRHR509","name":"canal de Meaux à Chalifert","longueur":15965.0,"statut":"MEA","ordre":2,"etateco":"U","qmoyaval":null,"distmer":null,"distsrce":null,"gid":9406,"annee":"2009"},"geometry":{"type":"MultiLineString","coordinates":[[[2.85385,48.88503],[2.85183,48.88534],[2.84973,48.88584],[2.84571,48.88662],[2.84401,48.88713],[2.84082,48.888],[2.84001,48.88827],[2.83491,48.88969],[2.8332,48.89028],[2.82628,48.89346],[2.81399,48.89935],[2.814,48.89944],[2.79549,48.89673],[2.79501,48.89669],[2.78819,48.89573],[2.78757,48.89573],[2.78635,48.89587],[2.78538,48.89614],[2.78443,48.89659],[2.77724,48.90058],[2.77656,48.90072],[2.77144,48.89975],[2.77001,48.89939],[2.76966,48.89908],[2.76945,48.89805],[2.76931,48.89765],[2.76869,48.89684],[2.76848,48.8968]],[[2.88236,48.95116],[2.87922,48.95099],[2.87847,48.95086],[2.87817,48.95042],[2.87769,48.94948],[2.87685,48.94764],[2.8765,48.9471],[2.87416,48.94477],[2.8725,48.94307],[2.87161,48.94222],[2.86663,48.93726],[2.86201,48.9325],[2.85864,48.92892],[2.85629,48.92655],[2.85567,48.9257],[2.85533,48.92512],[2.85391,48.92113],[2.85349,48.92005],[2.85342,48.91996],[2.85335,48.91956],[2.85293,48.9186],[2.85286,48.91824],[2.85167,48.9151],[2.85132,48.91439],[2.84985,48.9103],[2.84901,48.90829],[2.84901,48.90802],[2.84865,48.90712],[2.84803,48.90618],[2.84679,48.90457],[2.84532,48.90254],[2.84381,48.90111],[2.84244,48.90017],[2.84169,48.89977],[2.83991,48.89915],[2.83847,48.8988],[2.83697,48.89858],[2.83615,48.89858],[2.83397,48.89877],[2.83166,48.89915],[2.83003,48.89969],[2.82806,48.90051],[2.82669,48.90083],[2.82594,48.90092],[2.82389,48.90084],[2.81918,48.90019],[2.81898,48.90019],[2.814,48.89944]]]}},
{"type":"Feature","properties":{"code_eu_md":"FRHR510","name":"canal de la Ville de Paris","longueur":107751.0,"statut":"MEA","ordre":2,"etateco":"2","qmoyaval":null,"distmer":null,"distsrce":null,"gid":9413,"annee":"2009"},"geometry":{"type":"MultiLineString","coordinates":[[[2.38664,48.89198],[2.38611,48.89265],[2.38582,48.8931],[2.38412,48.89593],[2.38371,48.89647],[2.3833,48.89724],[2.37718,48.907],[2.37568,48.90952],[2.37548,48.9097],[2.37139,48.91631],[2.36715,48.92301],[2.36702,48.92323],[2.36702,48.92332],[2.36661,48.924],[2.36647,48.92413],[2.36606,48.9248],[2.36531,48.92579],[2.3645,48.9266],[2.36382,48.92701],[2.36252,48.92741],[2.36095,48.92764],[2.35604,48.92759],[2.35515,48.92768],[2.35413,48.928],[2.35311,48.92845],[2.35243,48.9289],[2.35188,48.9294],[2.35181,48.92954],[2.35004,48.93174],[2.34854,48.93353],[2.34662,48.93596],[2.34607,48.93659],[2.34525,48.93731],[2.34075,48.9409],[2.34028,48.94108],[2.33932,48.94109]],[[3.08068,49.13742],[3.07992,49.13688],[3.07957,49.13653],[3.07943,49.1359],[3.07936,49.13225],[3.07949,49.1314],[3.07962,49.13104],[3.08009,49.13045],[3.08124,49.12982],[3.0824,49.12949],[3.08399,49.12912],[3.08542,49.12871],[3.08596,49.12844],[3.08616,49.12799],[3.08622,49.12749],[3.08615,49.12722],[3.0858,49.12677],[3.08539,49.1266],[3.08304,49.12612],[3.08084,49.12578],[3.07879,49.12579],[3.07427,49.12591],[3.07331,49.12582],[3.072,49.12529],[3.07152,49.12493],[3.06719,49.11974],[3.06553,49.11793],[3.06427,49.11648],[3.06284,49.11492],[3.05821,49.11005],[3.05716,49.10888],[3.05654,49.10844],[3.05606,49.10821],[3.05544,49.10804],[3.05243,49.10756],[3.0503,49.10731],[3.04934,49.10704],[3.04879,49.10678],[3.04802,49.10619],[3.04697,49.10512],[3.04621,49.10414],[3.046,49.10373],[3.04599,49.1032],[3.04638,49.10206],[3.04664,49.10103],[3.04697,49.10017],[3.04744,49.09849],[3.04763,49.09806],[3.04844,49.09706],[3.04965,49.09593],[3.05127,49.09408],[3.05289,49.09244],[3.05343,49.09195],[3.05417,49.09149],[3.05553,49.09081],[3.05607,49.09036],[3.05804,49.08904],[3.05939,49.08805],[3.06007,49.08746],[3.06143,49.08664],[3.0632,49.08622],[3.0643,49.08586],[3.06491,49.08549],[3.06525,49.08513],[3.06545,49.0845],[3.06537,49.08427],[3.06473,49.08338],[3.06425,49.08284],[3.06342,49.08244],[3.0617,49.08191],[3.05902,49.08125],[3.05793,49.08104],[3.05718,49.08104],[3.05526,49.08141],[3.05472,49.08146],[3.05369,49.08111],[3.05259,49.08089],[3.0504,49.08086],[3.048,49.08106],[3.04663,49.08107],[3.04594,49.08098],[3.04519,49.08063],[3.0447,49.08018],[3.04365,49.07825],[3.04323,49.07735],[3.04245,49.07587],[3.04045,49.07229],[3.03971,49.07108],[3.03935,49.07028],[3.03921,49.06951],[3.03927,49.06884],[3.04,49.06722],[3.04081,49.06667],[3.04149,49.0663],[3.04244,49.06567],[3.04447,49.06444],[3.04612,49.06366],[3.04802,49.06298],[3.05013,49.0623],[3.05436,49.06133],[3.05524,49.06101],[3.05571,49.06064],[3.05618,49.06005],[3.05645,49.05951],[3.05638,49.05906],[3.05593,49.0578],[3.05574,49.0574],[3.05525,49.057],[3.05443,49.05655],[3.05312,49.05611],[3.0525,49.05558],[3.05138,49.05446],[3.05068,49.0537],[3.0502,49.05343],[3.04779,49.05246],[3.04546,49.05167],[3.04444,49.05136],[3.04326,49.05119],[3.04176,49.05079],[3.04024,49.05017],[3.03928,49.04964],[3.03857,49.0491],[3.03761,49.04821],[3.03629,49.04714],[3.0356,49.04647],[3.03532,49.04588],[3.0351,49.04494],[3.03496,49.04458],[3.03481,49.04404],[3.03488,49.04368],[3.03575,49.04224],[3.03635,49.04156],[3.03723,49.04074],[3.03811,49.04024],[3.03974,49.03947],[3.04158,49.03887],[3.04437,49.03809],[3.04587,49.03786],[3.04737,49.03749],[3.04915,49.0369],[3.04969,49.03654],[3.05023,49.03595],[3.05043,49.03559],[3.05036,49.03523],[3.04986,49.03451],[3.04937,49.03411],[3.04855,49.03362],[3.04752,49.03322],[3.04621,49.03296],[3.04265,49.03235],[3.04066,49.03155],[3.03853,49.03094],[3.03682,49.03054],[3.03551,49.03006],[3.03433,49.0297],[3.03139,49.029],[3.03015,49.02852],[3.02719,49.02714],[3.0263,49.0267],[3.0254,49.02616],[3.02458,49.0259],[3.0239,49.0259],[3.0226,49.02604],[3.01843,49.02669],[3.01775,49.02683],[3.01495,49.02717],[3.01379,49.02713],[3.01324,49.027],[3.01242,49.02669],[3.01235,49.0266],[3.01138,49.02611],[3.01076,49.02562],[3.01028,49.02508],[3.01006,49.0245],[3.00999,49.02405],[3.00998,49.02337],[3.01024,49.0227],[3.01045,49.02247],[3.01137,49.01994],[3.01237,49.01782],[3.0131,49.01647],[3.01323,49.01584],[3.01309,49.01535],[3.0126,49.01477],[3.01191,49.01414],[3.0115,49.01388],[3.01044,49.01253],[3.00995,49.01182],[3.00892,49.01097],[3.00892,49.01088],[3.00788,49.01003],[3.00636,49.00892],[3.00451,49.00789],[3.00265,49.00723],[3.00217,49.00692],[3.00148,49.00629],[3.00099,49.00562],[3.00037,49.00504],[2.99941,49.0046],[2.997,49.0038],[2.99596,49.00327],[2.99438,49.00237],[2.9937,49.0021],[2.99274,49.00188],[2.98966,49.00164],[2.98775,49.00156],[2.98693,49.00157],[2.98638,49.00175],[2.98618,49.00189],[2.98598,49.0022],[2.98599,49.00296],[2.98634,49.00372],[2.98635,49.00417],[2.98568,49.00521],[2.9842,49.00715],[2.98305,49.00851],[2.98218,49.00968],[2.98137,49.01063],[2.9809,49.01104],[2.98036,49.01122],[2.9796,49.01127],[2.97878,49.01096],[2.97747,49.01007],[2.97686,49.0099],[2.97624,49.0099],[2.97488,49.01013],[2.97234,49.01077],[2.97098,49.01101],[2.96941,49.01133],[2.96669,49.01175],[2.96321,49.01262],[2.96002,49.01358],[2.95655,49.01485],[2.95532,49.01504],[2.95341,49.01524],[2.95223,49.01525],[2.95141,49.01516],[2.95032,49.01481],[2.94839,49.01388],[2.94736,49.01325],[2.94667,49.01262],[2.94612,49.01199],[2.9459,49.01136],[2.94576,49.01042],[2.94574,49.00889],[2.94594,49.00826],[2.94586,49.0079],[2.94551,49.00727],[2.94536,49.00561],[2.94515,49.00508],[2.94466,49.00454],[2.94363,49.00387],[2.94308,49.00369],[2.94205,49.00352],[2.94067,49.00348],[2.93945,49.00358],[2.9374,49.00385],[2.93686,49.00408],[2.93591,49.00472],[2.9355,49.00512],[2.93537,49.00544],[2.93476,49.00625],[2.93402,49.00711],[2.93267,49.00806],[2.93219,49.00828],[2.93042,49.00893],[2.92845,49.00953],[2.92654,49.00985],[2.92381,49.01004],[2.92285,49.01],[2.91998,49.00903],[2.91908,49.00854],[2.91775,49.00711],[2.91747,49.00648],[2.91753,49.005],[2.91791,49.00305],[2.9179,49.00198],[2.91783,49.00139],[2.91782,49.00058],[2.91808,49.00009],[2.91889,48.99909],[2.91889,48.9986],[2.9186,48.99743],[2.91846,48.99716],[2.91831,48.99568],[2.9181,48.99492],[2.9178,48.99267],[2.91778,48.99159],[2.91832,48.99051],[2.91858,48.98956],[2.91885,48.98893],[2.91918,48.98848],[2.91959,48.98821],[2.92074,48.98717],[2.92616,48.98368],[2.92779,48.98237],[2.92914,48.98114],[2.93102,48.97898],[2.93183,48.97812],[2.93318,48.97649],[2.93378,48.97564],[2.93425,48.97473],[2.93424,48.97411],[2.93417,48.97375],[2.93376,48.97326],[2.93293,48.97258],[2.93244,48.97205],[2.9325,48.97093],[2.93256,48.97057],[2.93249,48.96993],[2.93214,48.96917],[2.93123,48.96773],[2.93096,48.96746],[2.93041,48.96706],[2.92959,48.96684],[2.928,48.96685],[2.92773,48.96676],[2.92725,48.96645],[2.92731,48.96613],[2.92812,48.96487],[2.92838,48.96393],[2.92865,48.96352],[2.92865,48.9633],[2.92904,48.96235],[2.92911,48.96199],[2.92916,48.96064],[2.92895,48.95995],[2.92791,48.95908],[2.92777,48.95876],[2.92763,48.95787],[2.92762,48.9571],[2.92815,48.95538],[2.92813,48.95426],[2.92771,48.95291],[2.92736,48.95197],[2.92673,48.95103],[2.92618,48.9504],[2.92563,48.95],[2.92501,48.94965],[2.92446,48.94938],[2.92055,48.9489],[2.92021,48.94877],[2.91918,48.94814],[2.91829,48.94779],[2.91733,48.94753],[2.91665,48.94744],[2.91405,48.94741],[2.91255,48.94724],[2.90982,48.94666],[2.90907,48.94658],[2.90791,48.94663],[2.90191,48.94702],[2.90087,48.94721],[2.89992,48.94762],[2.89952,48.94785],[2.89904,48.94821],[2.89884,48.94857],[2.89858,48.94924],[2.89858,48.95005],[2.89902,48.95158],[2.89923,48.95198],[2.89993,48.95364],[2.90042,48.9544],[2.90097,48.95485],[2.90186,48.95538],[2.90351,48.95601],[2.90385,48.95632],[2.90406,48.95672],[2.90407,48.95731],[2.90387,48.95766],[2.90298,48.95821],[2.90224,48.95862],[2.9017,48.95898],[2.90136,48.95938],[2.90115,48.95994],[2.90083,48.96128],[2.90078,48.96236],[2.90051,48.96317],[2.90045,48.96393],[2.90025,48.96425],[2.89998,48.96457],[2.89958,48.96479],[2.89801,48.96525],[2.89774,48.96557],[2.89761,48.96584],[2.89762,48.96696],[2.89695,48.96849],[2.89642,48.96948],[2.89615,48.97025],[2.89522,48.97191],[2.89475,48.97251],[2.89428,48.97355],[2.89408,48.9744],[2.89355,48.97534],[2.89294,48.97625],[2.89186,48.97742],[2.89098,48.97801],[2.88901,48.97883],[2.88786,48.97919],[2.88711,48.97929],[2.88506,48.9792],[2.88389,48.97903],[2.8828,48.97872],[2.88109,48.9781],[2.87909,48.97743],[2.87497,48.97511],[2.87297,48.97378],[2.87228,48.9732],[2.87221,48.97302],[2.87201,48.97279],[2.87187,48.97244],[2.87179,48.97203],[2.87137,48.9705],[2.87115,48.9692],[2.8708,48.9683],[2.87059,48.96745],[2.87049,48.96466],[2.87028,48.96408],[2.87032,48.96273],[2.87051,48.96115],[2.87071,48.96058],[2.8708,48.96],[2.8711,48.95908],[2.87117,48.95877],[2.87115,48.95751],[2.87073,48.95607],[2.87065,48.95549],[2.87023,48.95419],[2.86952,48.95135],[2.86904,48.95091],[2.86746,48.94997],[2.86698,48.94952],[2.86628,48.94845],[2.86593,48.94773],[2.86442,48.94594],[2.86318,48.94518],[2.85994,48.94358],[2.85803,48.94273],[2.85734,48.94229],[2.85706,48.94202],[2.85692,48.94148],[2.85712,48.94112],[2.85786,48.94021],[2.85786,48.93976],[2.85717,48.93873],[2.85613,48.93735],[2.85592,48.93721],[2.85558,48.93672],[2.85481,48.93533],[2.85447,48.93497],[2.85399,48.93462],[2.85365,48.93448],[2.85248,48.93422],[2.85105,48.93414],[2.85037,48.93396],[2.84995,48.93373],[2.84975,48.93346],[2.84947,48.93302],[2.84947,48.93252],[2.84974,48.93224],[2.85069,48.93188],[2.85109,48.93165],[2.8513,48.93134],[2.85149,48.93053],[2.85182,48.92958],[2.85216,48.92895],[2.85215,48.92855],[2.85208,48.92828],[2.85172,48.92765],[2.85103,48.92685],[2.85021,48.92627],[2.84973,48.92582],[2.84952,48.92555],[2.84882,48.92385],[2.84834,48.92322],[2.84758,48.92259],[2.84627,48.92125],[2.84483,48.92036],[2.8436,48.91969],[2.84202,48.91902],[2.84059,48.91871],[2.83956,48.91858],[2.8384,48.91854],[2.83635,48.91878],[2.83485,48.91905],[2.83268,48.91973],[2.83186,48.9201],[2.83078,48.92077],[2.83044,48.92123],[2.82997,48.92199],[2.82964,48.92285],[2.82924,48.92415],[2.82897,48.92465],[2.82843,48.92496],[2.82754,48.92524],[2.82537,48.92561],[2.82421,48.92584],[2.82271,48.92648],[2.82089,48.92779],[2.81974,48.92878],[2.81879,48.92978],[2.81791,48.9309],[2.81711,48.93243],[2.81691,48.9327],[2.81631,48.93414],[2.81624,48.93473],[2.81598,48.93527],[2.81537,48.93635],[2.81463,48.93717],[2.81382,48.93776],[2.81334,48.93803],[2.81246,48.93835],[2.81089,48.93863],[2.81007,48.93885],[2.80967,48.93912],[2.80886,48.94007],[2.80832,48.94097],[2.80833,48.94214],[2.8082,48.94259],[2.8078,48.94304],[2.80684,48.9434],[2.80603,48.94386],[2.80555,48.94426],[2.80522,48.94494],[2.80482,48.94543],[2.80414,48.94593],[2.79945,48.94852],[2.79769,48.94924],[2.79583,48.94966],[2.79467,48.94984],[2.79215,48.94998],[2.79113,48.9499],[2.78826,48.94977],[2.78492,48.94992],[2.78451,48.95015],[2.78431,48.95073],[2.78397,48.95105],[2.78357,48.95114],[2.78309,48.95114],[2.78261,48.9511],[2.7822,48.95083],[2.78213,48.95047],[2.78212,48.95002],[2.78192,48.94971],[2.78137,48.94935],[2.78048,48.94918],[2.77986,48.94886],[2.77972,48.94868],[2.77951,48.94783],[2.7793,48.94747],[2.77868,48.94675],[2.77832,48.94604],[2.77825,48.94568],[2.77756,48.94447],[2.77742,48.94433],[2.77701,48.94366],[2.77692,48.94204],[2.77672,48.94168],[2.77624,48.94133],[2.77473,48.94079],[2.77411,48.94035],[2.7737,48.93989],[2.77341,48.93814],[2.77321,48.93778],[2.77293,48.93751],[2.77231,48.93711],[2.76547,48.93435],[2.76272,48.93346],[2.76101,48.93301],[2.76033,48.93288],[2.75903,48.93293],[2.75828,48.93311],[2.75706,48.93357],[2.75638,48.93402],[2.75591,48.93456],[2.75577,48.93483],[2.75585,48.93555],[2.75613,48.93641],[2.75675,48.93735],[2.75696,48.93784],[2.75696,48.93838],[2.75676,48.9387],[2.756,48.93912],[2.75499,48.93951],[2.75452,48.93965],[2.7537,48.93961],[2.75151,48.93912],[2.75083,48.93913],[2.7479,48.93958],[2.74586,48.94],[2.74259,48.94059],[2.74034,48.94109],[2.73801,48.94146],[2.73658,48.9416],[2.73481,48.94156],[2.73194,48.94126],[2.73119,48.94126],[2.72962,48.9414],[2.72792,48.94172],[2.72676,48.94213],[2.72595,48.94267],[2.7252,48.94354],[2.72459,48.94407],[2.72391,48.94448],[2.72283,48.94489],[2.72187,48.94507],[2.7203,48.94508],[2.71094,48.94452],[2.71012,48.94453],[2.70903,48.94471],[2.70842,48.94502],[2.70822,48.94529],[2.70808,48.9457],[2.70802,48.94705],[2.70775,48.94741],[2.70707,48.94791],[2.70653,48.94809],[2.70571,48.94818],[2.70387,48.94805],[2.70107,48.94761],[2.70059,48.94748],[2.69997,48.94707],[2.69743,48.94488],[2.69701,48.94474],[2.69565,48.94475],[2.69169,48.9453],[2.69019,48.94571],[2.68904,48.94612],[2.68856,48.94644],[2.68836,48.94684],[2.68836,48.94715],[2.68864,48.94747],[2.69104,48.94894],[2.69138,48.9493],[2.69145,48.94957],[2.69138,48.95008],[2.69105,48.95048],[2.69003,48.95116],[2.68935,48.95147],[2.68853,48.9517],[2.68567,48.95216],[2.68151,48.95248],[2.67905,48.95249],[2.67844,48.95258],[2.6781,48.95268],[2.67728,48.95326],[2.67667,48.95389],[2.6762,48.95448],[2.67613,48.95466],[2.67614,48.95533],[2.67669,48.95609],[2.67696,48.95636],[2.67703,48.95676],[2.6767,48.95753],[2.67629,48.95816],[2.67595,48.95852],[2.67548,48.95879],[2.67452,48.95906],[2.67411,48.95911],[2.67309,48.95911],[2.67166,48.95903],[2.67055,48.95881],[2.67,48.95854],[2.669,48.95794],[2.66836,48.9576],[2.66802,48.95746],[2.66802,48.95737],[2.66726,48.95697],[2.66672,48.9568],[2.66515,48.95662],[2.62129,48.95283],[2.61938,48.95252],[2.61774,48.95217],[2.6148,48.95096],[2.61405,48.95078],[2.61247,48.95065],[2.61131,48.95074],[2.60599,48.95188],[2.60388,48.9522],[2.60299,48.95224],[2.60251,48.95216],[2.52345,48.93217],[2.52119,48.93141],[2.52065,48.93118],[2.51955,48.93033],[2.51846,48.9293],[2.51654,48.92768],[2.5155,48.92661],[2.51448,48.92566],[2.51386,48.92517],[2.5127,48.9241],[2.51174,48.92328],[2.50777,48.91969],[2.50128,48.9139],[2.49957,48.91246],[2.49827,48.91157],[2.4971,48.91094],[2.49546,48.91036],[2.49341,48.90982],[2.43022,48.89716],[2.42715,48.89663],[2.41407,48.89511],[2.41283,48.89502],[2.41146,48.89502],[2.40008,48.8961],[2.39892,48.89615],[2.39674,48.89611],[2.39518,48.89584],[2.39313,48.89516],[2.38725,48.89232],[2.38664,48.89198],[2.38558,48.89143],[2.37191,48.88447],[2.37144,48.88411],[2.36676,48.87888],[2.36339,48.87495],[2.36321,48.87466],[2.36317,48.87418],[2.36327,48.87394],[2.3693,48.86617],[2.37204,48.86258],[2.37244,48.86172],[2.37251,48.86114],[2.37244,48.86051],[2.37122,48.85795],[2.37018,48.85556],[2.36847,48.85189],[2.36636,48.84715],[2.36439,48.84639]]]}},
{"type":"Feature","properties":{"code_eu_md":"FRHR73B","name":"la Seine du confluent de l'Essonne (exclu) au confluent de la Marne (exclu)","longueur":28932.0,"statut":"MEFM","ordre":0,"etateco":"2","qmoyaval":null,"distmer":null,"distsrce":null,"gid":9577,"annee":"2009"},"geometry":{"type":"LineString","coordinates":[[2.48198,48.61487],[2.48042,48.61586],[2.47907,48.61695],[2.47758,48.61847],[2.47677,48.61937],[2.47582,48.6205],[2.47501,48.62158],[2.47373,48.62275],[2.47244,48.6241],[2.47116,48.62509],[2.46791,48.62713],[2.46662,48.62766],[2.46595,48.62802],[2.46385,48.62893],[2.46182,48.63028],[2.45985,48.63185],[2.45749,48.635],[2.45674,48.63567],[2.45458,48.63698],[2.4539,48.6373],[2.45233,48.63784],[2.45178,48.63797],[2.45111,48.6382],[2.45077,48.63838],[2.45009,48.6386],[2.44928,48.63901],[2.4486,48.63946],[2.44725,48.64067],[2.44691,48.64117],[2.44664,48.64144],[2.4463,48.64189],[2.44576,48.64238],[2.44522,48.64275],[2.44481,48.6431],[2.4444,48.64329],[2.44291,48.64423],[2.44183,48.64523],[2.44149,48.64577],[2.44075,48.64653],[2.43932,48.64761],[2.43743,48.64878],[2.43709,48.64892],[2.43458,48.65058],[2.43126,48.65247],[2.42631,48.65513],[2.42442,48.65625],[2.42327,48.65706],[2.4211,48.65832],[2.41974,48.65886],[2.41866,48.6594],[2.41485,48.66188],[2.41383,48.66264],[2.41288,48.66376],[2.41112,48.66535],[2.4101,48.66607],[2.40868,48.66692],[2.40624,48.66796],[2.40488,48.66841],[2.40285,48.66926],[2.40163,48.66985],[2.40047,48.67057],[2.39905,48.6716],[2.39769,48.67286],[2.39614,48.67403],[2.3941,48.67516],[2.39363,48.67552],[2.39213,48.67642],[2.39023,48.67722],[2.38867,48.67794],[2.38806,48.67831],[2.38732,48.67921],[2.38684,48.67992],[2.3865,48.68065],[2.3861,48.68186],[2.3859,48.68325],[2.3859,48.68389],[2.38597,48.68456],[2.38624,48.68564],[2.38692,48.68739],[2.3874,48.68834],[2.38794,48.68914],[2.38821,48.68964],[2.38896,48.69072],[2.38916,48.6909],[2.38971,48.69171],[2.38984,48.69211],[2.39059,48.69297],[2.391,48.69332],[2.39141,48.6936],[2.39256,48.69454],[2.39338,48.69535],[2.39365,48.6957],[2.39514,48.69701],[2.39684,48.6984],[2.39861,48.70015],[2.39983,48.7015],[2.40031,48.70195],[2.40085,48.70271],[2.40201,48.70474],[2.40208,48.70506],[2.40283,48.70667],[2.40365,48.70888],[2.40378,48.70942],[2.40439,48.71077],[2.40487,48.71157],[2.40589,48.71283],[2.40664,48.71364],[2.40786,48.71449],[2.40944,48.71539],[2.41155,48.71647],[2.41651,48.71916],[2.41923,48.7206],[2.42025,48.721],[2.42059,48.72118],[2.42358,48.7223],[2.42466,48.72266],[2.42562,48.72293],[2.4263,48.72311],[2.42813,48.72351],[2.43248,48.724],[2.43623,48.72458],[2.44051,48.72557],[2.44126,48.7258],[2.4418,48.72603],[2.44296,48.72688],[2.44337,48.72746],[2.44371,48.72778],[2.44419,48.72859],[2.44453,48.72966],[2.4446,48.73119],[2.4448,48.73182],[2.44474,48.73313],[2.44488,48.73438],[2.44461,48.73568],[2.44393,48.73749],[2.44353,48.73807],[2.44305,48.73838],[2.43946,48.74153],[2.43763,48.7442],[2.43668,48.74532],[2.43532,48.74662],[2.4343,48.74743],[2.4322,48.74879],[2.43008,48.74986],[2.42818,48.75076],[2.42689,48.75144],[2.42458,48.75279],[2.42424,48.75306],[2.42316,48.75405],[2.42275,48.75437],[2.42227,48.75486],[2.4218,48.75549],[2.42098,48.7567],[2.42051,48.75751],[2.4201,48.75832],[2.41976,48.75927],[2.41949,48.75976],[2.41882,48.76076],[2.41821,48.76143],[2.41739,48.7622],[2.41637,48.76301],[2.41542,48.76363],[2.41495,48.76409],[2.41413,48.76458],[2.41386,48.76485],[2.41352,48.76503],[2.41304,48.76544],[2.41271,48.76584],[2.41257,48.76606],[2.41182,48.76777],[2.41169,48.76894],[2.41169,48.76966],[2.41156,48.77051],[2.41156,48.77249],[2.4117,48.77316],[2.41211,48.7742],[2.41238,48.77474],[2.4139,48.7766],[2.41535,48.77802],[2.41701,48.78014],[2.4181,48.78193],[2.42008,48.7849],[2.42083,48.78611],[2.42158,48.78759],[2.42247,48.78953],[2.42267,48.79051],[2.42267,48.79218],[2.4224,48.79303],[2.42186,48.79402],[2.42125,48.79501],[2.4205,48.79583],[2.41799,48.79808],[2.41677,48.79911],[2.41534,48.80024],[2.41391,48.80163],[2.4116,48.80338],[2.40977,48.80505],[2.40916,48.80586],[2.40868,48.8068],[2.40862,48.80747],[2.40869,48.80846],[2.40889,48.80909],[2.40917,48.81031],[2.41005,48.81373],[2.41006,48.81517],[2.40999,48.81544],[2.40965,48.81598],[2.40904,48.81665],[2.40822,48.81719]]}},
{"type":"Feature","properties":{"code_eu_md":"FRHR99A","name":"L'Yvette de sa source au confluent de la Mérantaise (inclus)","longueur":19971.0,"statut":"MEN","ordre":1,"etateco":"4","qmoyaval":null,"distmer":null,"distsrce":null,"gid":9679,"annee":"2009"},"geometry":{"type":"LineString","coordinates":[[1.9007,48.73018],[1.90093,48.72969],[1.90113,48.72951],[1.90222,48.72928],[1.90358,48.7292],[1.90406,48.72902],[1.9044,48.72876],[1.90468,48.72813],[1.90502,48.7279],[1.9059,48.72768],[1.90767,48.72746],[1.90828,48.72728],[1.90965,48.72635],[1.91006,48.72617],[1.91115,48.72586],[1.91183,48.72572],[1.91271,48.72537],[1.91299,48.72519],[1.91435,48.7247],[1.91523,48.72457],[1.91619,48.72435],[1.91666,48.72408],[1.91721,48.72332],[1.91722,48.72318],[1.91824,48.72301],[1.91953,48.72256],[1.92103,48.72234],[1.92225,48.72176],[1.9237,48.72145],[1.92404,48.72145],[1.92424,48.7215],[1.92437,48.72163],[1.92485,48.72164],[1.92526,48.72159],[1.92553,48.72146],[1.92553,48.72132],[1.92567,48.72101],[1.92587,48.72088],[1.9273,48.72043],[1.92785,48.72012],[1.92935,48.71963],[1.93057,48.7195],[1.93159,48.71919],[1.93309,48.71888],[1.9335,48.71888],[1.93431,48.71902],[1.93547,48.71902],[1.93642,48.71898],[1.93683,48.71889],[1.9373,48.71889],[1.93778,48.71903],[1.93791,48.71912],[1.93818,48.71917],[1.93906,48.71908],[1.93968,48.71895],[1.94049,48.71899],[1.94083,48.71931],[1.94095,48.71955],[1.94171,48.71954],[1.94327,48.71923],[1.94375,48.71959],[1.94422,48.71959],[1.94504,48.71973],[1.94666,48.72014],[1.9487,48.72087],[1.94965,48.72095],[1.95073,48.72146],[1.95258,48.72156],[1.95265,48.72138],[1.95285,48.72129],[1.95421,48.72121],[1.95571,48.72085],[1.95584,48.72076],[1.95585,48.7204],[1.95571,48.72018],[1.95612,48.71977],[1.95714,48.71977],[1.95796,48.71973],[1.95891,48.71942],[1.96013,48.71929],[1.96041,48.7192],[1.96095,48.71894],[1.96156,48.71885],[1.96197,48.71862],[1.96238,48.71849],[1.96286,48.71845],[1.96333,48.71854],[1.96544,48.71832],[1.96673,48.71792],[1.96836,48.71774],[1.96876,48.71772],[1.96894,48.71779],[1.96992,48.71784],[1.97013,48.71748],[1.97068,48.71721],[1.97074,48.71703],[1.97142,48.71699],[1.97299,48.71641],[1.97347,48.71637],[1.97428,48.71601],[1.97551,48.71476],[1.97648,48.71435],[1.97689,48.71395],[1.9771,48.71386],[1.97852,48.71418],[1.97879,48.71409],[1.97927,48.71409],[1.97954,48.71396],[1.97988,48.71364],[1.98002,48.71337],[1.98023,48.71329],[1.98056,48.71329],[1.98117,48.71351],[1.98151,48.71333],[1.98179,48.71329],[1.98199,48.71338],[1.98219,48.71338],[1.9824,48.71334],[1.9826,48.71311],[1.9826,48.71293],[1.98294,48.71276],[1.98315,48.71275],[1.9839,48.71249],[1.98498,48.71236],[1.98553,48.71218],[1.98594,48.71186],[1.98648,48.71164],[1.9873,48.71151],[1.98968,48.71071],[1.98975,48.71062],[1.99165,48.71026],[1.99295,48.70937],[1.99312,48.7092],[1.99363,48.70855],[1.99385,48.70698],[1.99453,48.70622],[1.99535,48.70564],[1.99576,48.70546],[1.99671,48.70519],[1.99814,48.70501],[1.99911,48.70479],[2.00013,48.70412],[2.0004,48.70381],[2.00095,48.70291],[2.00102,48.7026],[2.00429,48.70184],[2.00653,48.70145],[2.00691,48.70161],[2.00795,48.7014],[2.00884,48.70141],[2.01033,48.70114],[2.01176,48.7011],[2.01278,48.70124],[2.01339,48.70142],[2.01406,48.70164],[2.0144,48.70187],[2.01501,48.70214],[2.01589,48.70205],[2.01685,48.7017],[2.018,48.70147],[2.01834,48.70125],[2.01882,48.70121],[2.01902,48.70107],[2.02058,48.70135],[2.0212,48.70135],[2.02154,48.70126],[2.02228,48.70086],[2.02283,48.70073],[2.02317,48.70072],[2.02364,48.70082],[2.02418,48.70109],[2.02452,48.70113],[2.02581,48.70106],[2.02644,48.7011],[2.02657,48.70119],[2.02698,48.70187],[2.02718,48.70196],[2.02847,48.702],[2.02888,48.70214],[2.02962,48.70255],[2.02996,48.70282],[2.03043,48.70341],[2.03104,48.70386],[2.03151,48.70394],[2.03301,48.7039],[2.03355,48.70395],[2.03396,48.70409],[2.03423,48.70431],[2.03491,48.70463],[2.03518,48.70472],[2.03626,48.7049],[2.03742,48.70495],[2.03809,48.70513],[2.03823,48.70527],[2.03945,48.70558],[2.04033,48.70559],[2.04128,48.70554],[2.04162,48.70559],[2.04291,48.70595],[2.04311,48.70604],[2.04413,48.70622],[2.04535,48.70623],[2.04835,48.70529],[2.04916,48.70493],[2.04937,48.70489],[2.04991,48.70484],[2.05093,48.70516],[2.05093,48.70521],[2.05154,48.7053],[2.05222,48.7053],[2.05242,48.70517],[2.05276,48.70508],[2.05344,48.70499],[2.05453,48.70441],[2.05507,48.70423],[2.05664,48.7041],[2.05855,48.7041],[2.0612,48.70474],[2.06289,48.70501],[2.06343,48.70524],[2.06411,48.70569],[2.06533,48.70605],[2.06594,48.70632],[2.06628,48.70632],[2.06655,48.70596],[2.0675,48.70579],[2.06853,48.70538],[2.06886,48.70543],[2.07022,48.70539],[2.07084,48.70485],[2.07152,48.70463],[2.07328,48.70463],[2.07355,48.70472],[2.07403,48.70504],[2.07484,48.70522],[2.07552,48.70567],[2.07592,48.70585],[2.07667,48.70603],[2.07789,48.70608],[2.07891,48.70604],[2.07986,48.70613],[2.08421,48.7056],[2.08639,48.70538],[2.0883,48.70471],[2.09014,48.7044],[2.09082,48.70449],[2.09136,48.70467],[2.09251,48.70445],[2.09353,48.70441],[2.09421,48.70427],[2.09448,48.70418],[2.09544,48.7036],[2.09619,48.70293],[2.09727,48.70266],[2.09863,48.70253],[2.09979,48.70253],[2.10047,48.7028],[2.10094,48.70289],[2.10162,48.70271],[2.10189,48.70253],[2.1025,48.70235],[2.10312,48.70204],[2.10346,48.70195],[2.1038,48.70195],[2.104,48.70209],[2.10447,48.70286],[2.10468,48.70281],[2.10522,48.70245],[2.10542,48.7024],[2.10556,48.7024],[2.1059,48.70268],[2.1063,48.70272],[2.10651,48.70268],[2.10834,48.70255],[2.10957,48.70214],[2.11106,48.70183],[2.11147,48.7017],[2.11256,48.70161],[2.11371,48.70125],[2.11466,48.70103],[2.11617,48.70085],[2.11672,48.70068],[2.1176,48.70045],[2.11848,48.70045],[2.11957,48.70072],[2.12045,48.70082],[2.12099,48.70105],[2.12133,48.70105],[2.12194,48.70096],[2.12262,48.70074],[2.12324,48.70042],[2.12507,48.69979],[2.12527,48.69979],[2.12609,48.70011],[2.1269,48.70052],[2.12744,48.70084],[2.12765,48.70084],[2.12853,48.7003],[2.12847,48.69961],[2.12854,48.69944],[2.12874,48.6993],[2.12888,48.6993],[2.12928,48.69903],[2.12949,48.69867],[2.12976,48.6985],[2.13031,48.69823],[2.13085,48.69805],[2.13153,48.69809],[2.132,48.69823],[2.13221,48.69836],[2.13268,48.6985],[2.13288,48.6985]]}},
{"type":"Feature","properties":{"code_eu_md":"FRHR99A-F4651000","name":"le Pommeret","longueur":4720.0,"statut":"MEN","ordre":2,"etateco":"5","qmoyaval":null,"distmer":null,"distsrce":null,"gid":9680,"annee":"2009"},"geometry":{"type":"LineString","coordinates":[[1.92555,48.74681],[1.92683,48.7461],[1.92791,48.74583],[1.92838,48.74603],[1.92885,48.74612],[1.93083,48.74608],[1.93253,48.74586],[1.93348,48.74559],[1.93396,48.74537],[1.93539,48.74425],[1.93519,48.7438],[1.93445,48.74271],[1.93256,48.74158],[1.93236,48.7414],[1.93222,48.741],[1.93216,48.74046],[1.9323,48.74005],[1.93257,48.73974],[1.93326,48.73929],[1.93408,48.73889],[1.93449,48.73844],[1.93471,48.7379],[1.93525,48.73754],[1.93587,48.73737],[1.93668,48.73728],[1.93723,48.73715],[1.93757,48.73711],[1.93811,48.73715],[1.93845,48.73711],[1.93886,48.73688],[1.93941,48.7367],[1.94022,48.73662],[1.94056,48.73653],[1.94097,48.73626],[1.94152,48.73541],[1.94186,48.73514],[1.94261,48.73488],[1.94309,48.73461],[1.94336,48.73425],[1.94357,48.73371],[1.94385,48.73344],[1.94439,48.73308],[1.94487,48.73295],[1.9467,48.73282],[1.94867,48.73292],[1.95003,48.73279],[1.95065,48.73261],[1.95133,48.73225],[1.95188,48.73185],[1.95215,48.7314],[1.95243,48.73064],[1.9527,48.73023],[1.95285,48.72835],[1.95299,48.72799],[1.95313,48.72776],[1.95334,48.72669],[1.95341,48.72651],[1.95362,48.72615],[1.95431,48.72556],[1.95452,48.7253],[1.95459,48.72498],[1.95514,48.72435],[1.95562,48.72395],[1.95589,48.72364],[1.95698,48.72279],[1.95726,48.72229],[1.95726,48.72189],[1.95706,48.72148],[1.95706,48.72112],[1.95686,48.72068],[1.95673,48.72063],[1.957,48.7204],[1.95694,48.71996],[1.95714,48.71977]]}},
{"type":"Feature","properties":{"code_eu_md":"FRHR99A-F4656000","name":"ruisseau le rhodon","longueur":9667.0,"statut":"MEN","ordre":2,"etateco":"4","qmoyaval":null,"distmer":null,"distsrce":null,"gid":9684,"annee":"2009"},"geometry":{"type":"LineString","coordinates":[[1.98318,48.74553],[1.98474,48.74607],[1.9859,48.74617],[1.99078,48.74736],[1.99187,48.7479],[1.99309,48.74817],[1.99377,48.74822],[1.99492,48.74813],[1.99547,48.748],[1.99609,48.74773],[1.99657,48.7476],[1.99725,48.7476],[1.99786,48.74783],[1.9982,48.74792],[1.99888,48.74792],[1.99963,48.74779],[2.00051,48.74752],[2.00113,48.7473],[2.00181,48.74698],[2.00249,48.74681],[2.0029,48.74681],[2.0033,48.7469],[2.00371,48.74713],[2.00452,48.74735],[2.00554,48.74735],[2.00602,48.74722],[2.00636,48.74704],[2.00697,48.74651],[2.00725,48.74619],[2.00779,48.74597],[2.00813,48.74592],[2.01044,48.74598],[2.01113,48.7458],[2.01181,48.74548],[2.01215,48.74522],[2.01228,48.74503],[2.01229,48.74467],[2.01242,48.74445],[2.01304,48.7441],[2.01413,48.74369],[2.01447,48.74365],[2.01528,48.74365],[2.01576,48.74352],[2.01651,48.74312],[2.01672,48.74293],[2.01706,48.7428],[2.0176,48.74271],[2.01808,48.74254],[2.01842,48.74213],[2.01869,48.74155],[2.01946,48.74101],[2.01953,48.74087],[2.02007,48.74043],[2.02103,48.73989],[2.02123,48.73961],[2.02165,48.73876],[2.02192,48.73791],[2.02193,48.73746],[2.0216,48.73588],[2.02194,48.73525],[2.02201,48.73445],[2.02283,48.7335],[2.02284,48.73319],[2.02311,48.73274],[2.02359,48.73239],[2.02434,48.73198],[2.02529,48.73113],[2.02591,48.7301],[2.02659,48.72969],[2.0285,48.72916],[2.0302,48.7289],[2.03231,48.72845],[2.03428,48.72841],[2.03543,48.72828],[2.03693,48.72792],[2.03734,48.72788],[2.03958,48.72784],[2.04136,48.72739],[2.04218,48.72699],[2.04307,48.72636],[2.0445,48.72561],[2.04484,48.72556],[2.04558,48.72557],[2.04647,48.72538],[2.04701,48.72534],[2.04749,48.72539],[2.04789,48.72548],[2.0517,48.72562],[2.05251,48.72531],[2.05285,48.72522],[2.05381,48.72522],[2.05503,48.725],[2.05544,48.72509],[2.05578,48.72509],[2.05639,48.72496],[2.05727,48.72456],[2.05789,48.72411],[2.05796,48.72398],[2.05816,48.72384],[2.0585,48.72375],[2.05925,48.72389],[2.05972,48.7242],[2.0604,48.72407],[2.06088,48.72385],[2.0619,48.72309],[2.06272,48.72192],[2.06313,48.72156],[2.06354,48.72138],[2.06429,48.7212],[2.0647,48.72098],[2.06519,48.72058],[2.0654,48.71918],[2.0656,48.71887],[2.0669,48.7177],[2.06731,48.71712],[2.06752,48.71654],[2.06833,48.71627],[2.06854,48.716],[2.06848,48.71353],[2.06863,48.71236],[2.06904,48.71178],[2.06904,48.71164],[2.0687,48.71101],[2.0687,48.71078],[2.06884,48.71019],[2.06905,48.7097],[2.06912,48.70898],[2.06932,48.70867],[2.07001,48.70822],[2.07008,48.70777],[2.07021,48.70754],[2.07048,48.70741],[2.07089,48.70732],[2.07096,48.70687],[2.07056,48.70638],[2.07042,48.70575],[2.07022,48.70539]]}},
{"type":"Feature","properties":{"code_eu_md":"FRHR99A-F4659000","name":"la merantaise","longueur":14317.0,"statut":"MEN","ordre":2,"etateco":"3","qmoyaval":null,"distmer":null,"distsrce":null,"gid":9685,"annee":"2009"},"geometry":{"type":"LineString","coordinates":[[2.003,48.76568],[2.00346,48.76505],[2.00417,48.76475],[2.00458,48.76429],[2.0055,48.76413],[2.00687,48.7635],[2.00994,48.76286],[2.01085,48.76258],[2.01002,48.76179],[2.01084,48.76134],[2.01308,48.76051],[2.01589,48.75993],[2.01732,48.7596],[2.01967,48.75931],[2.02069,48.75895],[2.02131,48.75851],[2.02165,48.75801],[2.02193,48.75742],[2.02241,48.75697],[2.02322,48.75643],[2.02391,48.75617],[2.02493,48.75594],[2.02601,48.75586],[2.02718,48.7559],[2.02895,48.75614],[2.0297,48.75615],[2.03038,48.75606],[2.03113,48.75588],[2.0316,48.7557],[2.0329,48.75498],[2.03331,48.75484],[2.03433,48.75462],[2.0365,48.75431],[2.03766,48.75382],[2.03794,48.7535],[2.03944,48.75248],[2.03958,48.75225],[2.03971,48.75172],[2.04013,48.75099],[2.04033,48.75037],[2.04102,48.74929],[2.04109,48.74888],[2.0413,48.74862],[2.04157,48.74848],[2.04218,48.74848],[2.04306,48.74876],[2.0434,48.74893],[2.04428,48.74921],[2.04489,48.74921],[2.04557,48.74903],[2.04598,48.74876],[2.04626,48.74836],[2.04667,48.74814],[2.04755,48.74814],[2.04836,48.74827],[2.0487,48.7485],[2.04938,48.74841],[2.04965,48.7485],[2.04999,48.74877],[2.05053,48.74909],[2.05102,48.74918],[2.05164,48.74918],[2.05225,48.74909],[2.0532,48.74882],[2.05361,48.74878],[2.05599,48.74879],[2.05708,48.74852],[2.05803,48.74807],[2.05912,48.74776],[2.06075,48.74704],[2.06164,48.74687],[2.06211,48.74674],[2.06273,48.74651],[2.06436,48.74647],[2.0647,48.74638],[2.06511,48.74611],[2.06572,48.74535],[2.06661,48.74468],[2.06702,48.74454],[2.06749,48.7445],[2.06899,48.74455],[2.06953,48.74459],[2.07082,48.7446],[2.07137,48.74464],[2.07205,48.74482],[2.07266,48.74483],[2.07293,48.74474],[2.07334,48.74438],[2.07341,48.74415],[2.07389,48.74375],[2.07484,48.74344],[2.07621,48.74277],[2.0769,48.74259],[2.07758,48.74218],[2.07785,48.74183],[2.07826,48.74156],[2.07928,48.7412],[2.07955,48.74115],[2.07989,48.74098],[2.08037,48.74084],[2.08071,48.74066],[2.08159,48.7404],[2.08173,48.7404],[2.08214,48.74017],[2.08303,48.73847],[2.08351,48.73806],[2.08392,48.73748],[2.08433,48.7373],[2.0844,48.73717],[2.08419,48.7369],[2.0842,48.73654],[2.0844,48.73618],[2.08454,48.73609],[2.08508,48.73627],[2.08542,48.73623],[2.08638,48.73501],[2.08679,48.73465],[2.08733,48.73443],[2.08754,48.73443],[2.08794,48.73416],[2.08815,48.73358],[2.08849,48.73335],[2.08958,48.73295],[2.09067,48.73219],[2.09067,48.73179],[2.09183,48.73179],[2.09305,48.73161],[2.09468,48.73152],[2.0955,48.7313],[2.09584,48.73112],[2.09706,48.7309],[2.09747,48.7309],[2.0981,48.73086],[2.09898,48.73064],[2.09959,48.73037],[2.10027,48.72992],[2.10048,48.72956],[2.10055,48.72924],[2.1013,48.72848],[2.10198,48.72804],[2.10287,48.72781],[2.10416,48.72777],[2.10477,48.72813],[2.10544,48.72813],[2.10572,48.72822],[2.10592,48.72813],[2.10599,48.72795],[2.10687,48.72773],[2.10742,48.72737],[2.10776,48.72683],[2.10824,48.72661],[2.10831,48.72616],[2.10906,48.72526],[2.10927,48.72436],[2.10974,48.72419],[2.11008,48.72391],[2.11036,48.72342],[2.11063,48.72315],[2.1109,48.72302],[2.11104,48.72302],[2.11145,48.72275],[2.11165,48.72253],[2.11172,48.72239],[2.11226,48.72203],[2.11267,48.72163],[2.11479,48.72032],[2.11499,48.72028],[2.11512,48.72041],[2.1154,48.7205],[2.11587,48.72041],[2.11628,48.72019],[2.11689,48.71965],[2.11751,48.7197],[2.11818,48.71961],[2.11948,48.71902],[2.11982,48.71876],[2.12009,48.71835],[2.12091,48.71768],[2.12113,48.71701],[2.12133,48.71665],[2.12147,48.71606],[2.12148,48.71418],[2.12121,48.71345],[2.12121,48.71314],[2.12135,48.71292],[2.12183,48.71265],[2.1223,48.71265],[2.12237,48.71238],[2.12244,48.71238],[2.12258,48.71207],[2.12292,48.71184],[2.12319,48.71153],[2.12333,48.71121],[2.12326,48.71058],[2.12347,48.71009],[2.12381,48.70969],[2.12483,48.70906],[2.12503,48.70874],[2.12504,48.70856],[2.12531,48.70825],[2.12443,48.7078],[2.12422,48.70739],[2.12457,48.70717],[2.12545,48.70681],[2.12776,48.70623],[2.12912,48.70561],[2.13048,48.70529],[2.13068,48.70516],[2.13116,48.70453],[2.13171,48.70413],[2.13178,48.70377],[2.13137,48.70323],[2.13158,48.70269],[2.13151,48.70237],[2.13117,48.70215],[2.13097,48.70188],[2.1309,48.70156],[2.13118,48.70084],[2.13111,48.70057],[2.13132,48.69945],[2.13213,48.69914],[2.13261,48.69881],[2.13288,48.6985]]}}
]
}
