{
"type": "FeatureCollection",
"name": "L_ZAS_S_95",
"crs": { "type": "name", "properties": { "name": "urn:ogc:def:crs:OGC:1.3:CRS84" } },
"xy_coordinate_resolution": 1e-05,
"features": [
{"type":"Feature","properties":{"Id":"11_95_001","MnZAS":null,"TypeZAS":"SUP","CoucheSour":"BD Topo","CdAltZAS":"11_95_001","ComGenealo":null,"LbZAS":"Bassin du Vexin"},"geometry":{"type":"Polygon","coordinates":[[[2.00728,49.00836],[2.00618,49.00936],[2.00486,49.01009],[2.0047,49.01015],[2.00457,49.01013],[1.99621,49.01739],[1.99415,49.01922],[1.99219,49.02104],[1.99168,49.021],[1.98966,49.02064],[1.98815,49.0203],[1.9863,49.01985],[1.98534,49.01967],[1.98268,49.01924],[1.97994,49.01896],[1.97942,49.01894],[1.97883,49.01897],[1.97413,49.01948],[1.97352,49.01982],[1.97252,49.02057],[1.96921,49.02159],[1.96905,49.02169],[1.96812,49.02212],[1.96732,49.02237],[1.96685,49.02258],[1.96671,49.02274],[1.96669,49.02287],[1.96569,49.0239],[1.96558,49.02394],[1.96539,49.02409],[1.96531,49.02421],[1.96457,49.02492],[1.96428,49.02525],[1.96406,49.02542],[1.96372,49.02496],[1.96335,49.02458],[1.96317,49.02447],[1.96204,49.02393],[1.96176,49.02365],[1.96156,49.02326],[1.96135,49.02314],[1.9602,49.02308],[1.9599,49.02294],[1.95931,49.02252],[1.9587,49.02227],[1.95673,49.02182],[1.9562,49.02217],[1.95595,49.02237],[1.95542,49.02289],[1.95499,49.0242],[1.9549,49.02472],[1.95476,49.02473],[1.9544,49.02467],[1.95237,49.02451],[1.95121,49.02447],[1.94952,49.02429],[1.94941,49.02516],[1.94919,49.02587],[1.94869,49.02582],[1.9486,49.02615],[1.94845,49.02643],[1.94847,49.0265],[1.94852,49.02653],[1.9472,49.02659],[1.94644,49.02648],[1.94574,49.026],[1.94539,49.0257],[1.94446,49.02379],[1.94396,49.02394],[1.94262,49.02399],[1.94229,49.02393],[1.94194,49.02373],[1.94111,49.02347],[1.94058,49.02318],[1.93968,49.02253],[1.93924,49.0223],[1.93814,49.02192],[1.93797,49.02189],[1.93782,49.02191],[1.93745,49.02222],[1.9366,49.02306],[1.93532,49.02442],[1.93488,49.02483],[1.93427,49.02562],[1.93445,49.02572],[1.93337,49.02676],[1.93311,49.02669],[1.93227,49.02781],[1.93148,49.02845],[1.93123,49.02837],[1.93054,49.02902],[1.92669,49.03221],[1.92513,49.03325],[1.9235,49.03504],[1.92298,49.03482],[1.92253,49.03521],[1.92233,49.03505],[1.918,49.03744],[1.91837,49.03796],[1.91649,49.03961],[1.9158,49.03989],[1.91232,49.04147],[1.9129,49.0428],[1.9132,49.04388],[1.91413,49.04578],[1.91352,49.0459],[1.91258,49.04619],[1.9119,49.04644],[1.9088,49.0479],[1.90862,49.04801],[1.90846,49.04818],[1.90572,49.04716],[1.90621,49.04652],[1.90659,49.04611],[1.90357,49.04485],[1.90296,49.04454],[1.90082,49.04335],[1.90176,49.04221],[1.89576,49.0405],[1.89129,49.03937],[1.89114,49.03931],[1.89417,49.03729],[1.89077,49.03628],[1.88817,49.03577],[1.88744,49.03558],[1.88646,49.03518],[1.88328,49.03371],[1.88456,49.03131],[1.88439,49.03113],[1.88457,49.03105],[1.88227,49.02823],[1.88215,49.02778],[1.88165,49.02564],[1.8817,49.0248],[1.88174,49.01973],[1.88047,49.01993],[1.87986,49.01999],[1.87953,49.01995],[1.87941,49.01991],[1.87891,49.01988],[1.87856,49.01982],[1.87797,49.01958],[1.87755,49.01937],[1.87613,49.01795],[1.87564,49.01742],[1.87555,49.01725],[1.87555,49.01716],[1.87374,49.01784],[1.87161,49.01903],[1.87053,49.01954],[1.86992,49.01906],[1.86969,49.01878],[1.8684,49.0175],[1.86789,49.01669],[1.86763,49.01685],[1.86684,49.01632],[1.86327,49.01466],[1.86138,49.01401],[1.85928,49.01384],[1.85927,49.01403],[1.85969,49.01446],[1.86034,49.01499],[1.86047,49.01517],[1.86052,49.01532],[1.86036,49.016],[1.86028,49.01679],[1.86016,49.01724],[1.86045,49.01809],[1.86052,49.01814],[1.86111,49.01834],[1.86134,49.01832],[1.86143,49.0184],[1.86156,49.01905],[1.86175,49.01948],[1.86193,49.01967],[1.86217,49.02003],[1.86237,49.02017],[1.86267,49.02027],[1.86289,49.02044],[1.86292,49.02054],[1.86289,49.02071],[1.86327,49.02089],[1.8638,49.02125],[1.86398,49.02134],[1.86496,49.02163],[1.86517,49.02172],[1.86514,49.02179],[1.86493,49.02201],[1.8646,49.02223],[1.86335,49.02283],[1.86279,49.02306],[1.86199,49.02326],[1.86187,49.02324],[1.86176,49.02331],[1.86159,49.02335],[1.86003,49.02365],[1.85927,49.02383],[1.85959,49.025],[1.85944,49.02502],[1.8595,49.02552],[1.85969,49.02553],[1.85973,49.0258],[1.85976,49.02643],[1.85973,49.0265],[1.85982,49.02743],[1.85972,49.02798],[1.85939,49.02931],[1.85932,49.02992],[1.85912,49.03046],[1.85885,49.03139],[1.85879,49.03195],[1.8588,49.0324],[1.8583,49.03242],[1.85666,49.03237],[1.85592,49.03242],[1.855,49.03254],[1.85248,49.03316],[1.85216,49.0332],[1.85156,49.03321],[1.85107,49.03329],[1.85154,49.03443],[1.85186,49.03537],[1.85206,49.03534],[1.85259,49.03531],[1.8532,49.03518],[1.85379,49.0351],[1.85478,49.03506],[1.8553,49.03507],[1.85534,49.03563],[1.85516,49.03565],[1.85515,49.03663],[1.85554,49.03653],[1.85562,49.03654],[1.85576,49.03764],[1.85589,49.03764],[1.85652,49.03825],[1.85786,49.04047],[1.85909,49.04157],[1.86122,49.04915],[1.86152,49.04968],[1.86506,49.05749],[1.86454,49.05763],[1.86416,49.05779],[1.86348,49.05839],[1.86338,49.05852],[1.86241,49.05922],[1.86225,49.05923],[1.86193,49.05907],[1.86178,49.05908],[1.86089,49.05929],[1.85878,49.0599],[1.85825,49.06009],[1.85773,49.06033],[1.85679,49.06087],[1.85541,49.06113],[1.85573,49.06144],[1.85537,49.06163],[1.85508,49.06185],[1.85444,49.06211],[1.85332,49.06242],[1.85155,49.06284],[1.85045,49.06216],[1.84896,49.06247],[1.8489,49.06188],[1.84736,49.06203],[1.84636,49.06124],[1.84492,49.06218],[1.84457,49.06261],[1.84427,49.06324],[1.84326,49.06357],[1.84286,49.06367],[1.84191,49.06427],[1.84167,49.06439],[1.84092,49.0646],[1.84135,49.0653],[1.84117,49.06602],[1.84057,49.06934],[1.83994,49.06962],[1.83961,49.06972],[1.83915,49.06975],[1.83895,49.06986],[1.83875,49.07002],[1.8386,49.07022],[1.83832,49.07045],[1.83752,49.07093],[1.83714,49.07133],[1.83669,49.07171],[1.83629,49.07194],[1.83621,49.07195],[1.83604,49.07205],[1.83564,49.07232],[1.83545,49.07253],[1.83516,49.07311],[1.83507,49.07322],[1.83439,49.07351],[1.8328,49.074],[1.83217,49.07424],[1.83176,49.07453],[1.83169,49.07462],[1.83156,49.07465],[1.83149,49.0747],[1.83122,49.07494],[1.83104,49.07515],[1.83091,49.07519],[1.83018,49.07529],[1.8298,49.07562],[1.82908,49.07605],[1.82864,49.07626],[1.82566,49.07631],[1.82273,49.07629],[1.81882,49.07639],[1.81751,49.07646],[1.81521,49.07642],[1.81519,49.07632],[1.81479,49.07569],[1.81446,49.07535],[1.81283,49.07442],[1.81188,49.07382],[1.81091,49.07315],[1.81068,49.07305],[1.81035,49.07304],[1.80906,49.07319],[1.8081,49.07328],[1.80681,49.07315],[1.80607,49.0732],[1.80549,49.07332],[1.80466,49.0736],[1.80418,49.07382],[1.80409,49.07376],[1.80167,49.07329],[1.79986,49.07289],[1.79682,49.07207],[1.79745,49.07036],[1.79776,49.06924],[1.79773,49.06927],[1.79856,49.06669],[1.79961,49.06669],[1.79996,49.06433],[1.7965,49.06373],[1.79507,49.06337],[1.79543,49.0633],[1.79563,49.0632],[1.79651,49.06291],[1.79672,49.0628],[1.79702,49.06276],[1.79709,49.06272],[1.79727,49.06242],[1.79263,49.06067],[1.79435,49.05856],[1.79093,49.05779],[1.78872,49.05793],[1.78575,49.05768],[1.78585,49.05737],[1.78371,49.05722],[1.78364,49.05673],[1.78174,49.05674],[1.78071,49.05665],[1.77991,49.05663],[1.77946,49.05663],[1.77776,49.05711],[1.77592,49.05747],[1.77517,49.05766],[1.77504,49.05765],[1.77466,49.05754],[1.77324,49.05703],[1.77161,49.05746],[1.77073,49.05765],[1.77032,49.05769],[1.76991,49.05767],[1.76903,49.0575],[1.76845,49.05807],[1.76741,49.05789],[1.76671,49.05928],[1.76542,49.06001],[1.76488,49.05967],[1.76443,49.05929],[1.76166,49.06188],[1.76148,49.06274],[1.76108,49.06242],[1.75991,49.06351],[1.75692,49.06166],[1.75611,49.06139],[1.75349,49.06009],[1.75424,49.0597],[1.75482,49.05955],[1.75672,49.05851],[1.7572,49.05832],[1.75749,49.05799],[1.75386,49.05654],[1.75314,49.05603],[1.75273,49.0562],[1.74956,49.05355],[1.75056,49.05087],[1.75119,49.04797],[1.74923,49.04806],[1.74927,49.04814],[1.748,49.04844],[1.74779,49.04792],[1.74618,49.04817],[1.74579,49.04753],[1.73934,49.04824],[1.73549,49.04874],[1.73347,49.0496],[1.73186,49.05051],[1.7313,49.05117],[1.73078,49.05157],[1.73065,49.05181],[1.73053,49.05221],[1.73039,49.05244],[1.7303,49.0525],[1.728,49.05331],[1.7277,49.05354],[1.72698,49.05385],[1.7255,49.0539],[1.7252,49.05394],[1.72501,49.05459],[1.72389,49.05491],[1.72357,49.05454],[1.72306,49.05413],[1.723,49.05394],[1.72233,49.05294],[1.72165,49.05214],[1.719,49.05346],[1.7174,49.05451],[1.71662,49.05418],[1.71733,49.05336],[1.71614,49.05305],[1.7155,49.05361],[1.71217,49.05308],[1.71204,49.05317],[1.71189,49.05334],[1.71164,49.05378],[1.71144,49.05421],[1.71135,49.05465],[1.71129,49.05558],[1.71107,49.05628],[1.71105,49.05726],[1.7111,49.05762],[1.71111,49.05814],[1.7122,49.05822],[1.71218,49.05864],[1.71141,49.05893],[1.71095,49.05922],[1.71283,49.05947],[1.71413,49.0603],[1.71465,49.06019],[1.7147,49.06032],[1.71483,49.06043],[1.71498,49.06064],[1.71511,49.06132],[1.71509,49.06147],[1.71501,49.06159],[1.71482,49.06175],[1.71477,49.06186],[1.71525,49.06204],[1.71537,49.06222],[1.7151,49.06303],[1.71438,49.06297],[1.71397,49.06411],[1.71389,49.06409],[1.71345,49.06459],[1.71309,49.06475],[1.71282,49.06498],[1.7126,49.06507],[1.71267,49.0652],[1.71159,49.068],[1.71137,49.06827],[1.71063,49.06899],[1.71147,49.06967],[1.71162,49.06985],[1.70975,49.07013],[1.70996,49.0704],[1.71043,49.07072],[1.71076,49.07109],[1.71141,49.07234],[1.71167,49.07275],[1.71011,49.07342],[1.71003,49.07361],[1.71004,49.07392],[1.7099,49.07433],[1.7098,49.07447],[1.70931,49.07494],[1.70817,49.07578],[1.70773,49.07605],[1.70722,49.07629],[1.70671,49.07665],[1.70652,49.07686],[1.70608,49.07754],[1.70602,49.07838],[1.7049,49.07853],[1.70386,49.0789],[1.70327,49.07905],[1.70293,49.07902],[1.70261,49.07896],[1.70169,49.07843],[1.70142,49.07824],[1.70004,49.07708],[1.69957,49.07711],[1.6991,49.07671],[1.69944,49.07652],[1.69775,49.07556],[1.69725,49.07544],[1.69635,49.07674],[1.69597,49.07691],[1.69398,49.07503],[1.69359,49.07473],[1.69295,49.07432],[1.69285,49.07448],[1.69268,49.07463],[1.69213,49.07507],[1.69114,49.07569],[1.69048,49.07605],[1.68996,49.07626],[1.68954,49.0765],[1.68802,49.07726],[1.68706,49.07765],[1.68635,49.07785],[1.68464,49.07857],[1.68234,49.07938],[1.68133,49.07968],[1.68084,49.07989],[1.67909,49.08066],[1.67702,49.08189],[1.67647,49.08191],[1.67562,49.08209],[1.67462,49.08236],[1.67311,49.08288],[1.67231,49.0831],[1.67197,49.08324],[1.67057,49.08358],[1.67028,49.08369],[1.66965,49.08414],[1.66923,49.08439],[1.66885,49.08441],[1.66835,49.08462],[1.66794,49.08467],[1.66752,49.0848],[1.66681,49.08514],[1.66631,49.08545],[1.66583,49.08564],[1.66469,49.08589],[1.6641,49.08598],[1.66312,49.08602],[1.66265,49.08597],[1.66199,49.08595],[1.66031,49.08636],[1.65993,49.08638],[1.65933,49.08633],[1.6591,49.08643],[1.65822,49.08663],[1.65798,49.08666],[1.65776,49.08664],[1.6572,49.08681],[1.65645,49.08693],[1.6564,49.08697],[1.65645,49.0872],[1.65345,49.08715],[1.65293,49.08708],[1.65208,49.0868],[1.6516,49.08731],[1.65082,49.08799],[1.64848,49.09035],[1.64994,49.09112],[1.65072,49.09147],[1.65151,49.09201],[1.65226,49.09245],[1.65266,49.0926],[1.65304,49.09267],[1.65295,49.0956],[1.65514,49.09473],[1.65806,49.09345],[1.65859,49.09488],[1.65871,49.096],[1.6572,49.09645],[1.65687,49.09663],[1.65657,49.09692],[1.65631,49.09733],[1.65624,49.09757],[1.65576,49.0984],[1.65558,49.09862],[1.65537,49.09878],[1.65413,49.10012],[1.65374,49.10102],[1.65273,49.10255],[1.65245,49.10286],[1.65246,49.10296],[1.6523,49.1032],[1.65106,49.10429],[1.65331,49.1052],[1.65459,49.1052],[1.65665,49.10516],[1.65649,49.10526],[1.65483,49.10601],[1.65454,49.10616],[1.65411,49.10646],[1.65359,49.10694],[1.65296,49.10794],[1.65236,49.10843],[1.65196,49.1087],[1.65146,49.10865],[1.65007,49.10834],[1.64849,49.10783],[1.64797,49.1075],[1.64745,49.10726],[1.64671,49.10706],[1.64523,49.10674],[1.64379,49.10627],[1.64274,49.10573],[1.64254,49.1056],[1.64249,49.10552],[1.64253,49.1053],[1.6432,49.10496],[1.64355,49.10473],[1.64392,49.10438],[1.64441,49.10353],[1.64386,49.10339],[1.64406,49.10303],[1.643,49.10271],[1.64333,49.10233],[1.64362,49.10208],[1.64387,49.1019],[1.64426,49.10177],[1.64605,49.10154],[1.64731,49.10118],[1.64803,49.10109],[1.64822,49.10104],[1.64876,49.10077],[1.64911,49.10049],[1.64896,49.10036],[1.64895,49.10027],[1.64869,49.1001],[1.64849,49.10002],[1.64716,49.09899],[1.64685,49.09886],[1.64575,49.09811],[1.64561,49.09794],[1.64549,49.09756],[1.64011,49.09809],[1.64031,49.09905],[1.63655,49.09994],[1.63504,49.10033],[1.63501,49.10028],[1.63345,49.10068],[1.63304,49.1004],[1.6329,49.10023],[1.6318,49.09939],[1.63156,49.09902],[1.63149,49.09898],[1.6314,49.09878],[1.6314,49.09864],[1.63154,49.09847],[1.63219,49.09836],[1.63119,49.09674],[1.63222,49.09642],[1.63207,49.09588],[1.63198,49.09574],[1.63084,49.09451],[1.63013,49.09393],[1.63011,49.09388],[1.6302,49.09363],[1.63049,49.09329],[1.63066,49.09317],[1.63086,49.09296],[1.63109,49.09284],[1.6318,49.09229],[1.63289,49.09126],[1.63353,49.09058],[1.63168,49.08983],[1.63046,49.08889],[1.63033,49.08882],[1.63025,49.08881],[1.63014,49.08894],[1.62982,49.08877],[1.62952,49.08903],[1.62743,49.08768],[1.62659,49.08789],[1.62624,49.08772],[1.62593,49.08749],[1.62568,49.08718],[1.62546,49.08679],[1.6245,49.08693],[1.62451,49.08681],[1.62447,49.08675],[1.62341,49.086],[1.61972,49.08757],[1.61891,49.08746],[1.61881,49.08751],[1.61922,49.08771],[1.61862,49.08826],[1.61838,49.08859],[1.61975,49.08875],[1.61993,49.08906],[1.62032,49.08934],[1.62095,49.08961],[1.62139,49.08972],[1.62175,49.08988],[1.62222,49.09024],[1.6227,49.09053],[1.62317,49.09075],[1.62323,49.09097],[1.62285,49.09104],[1.62322,49.09243],[1.62304,49.09257],[1.62299,49.09265],[1.62251,49.09277],[1.6228,49.09314],[1.62313,49.09339],[1.62342,49.09353],[1.62319,49.09353],[1.62263,49.0934],[1.62249,49.0934],[1.62194,49.09352],[1.62056,49.09366],[1.6203,49.09366],[1.62023,49.09367],[1.62002,49.09383],[1.6199,49.09386],[1.61974,49.09371],[1.61961,49.09368],[1.61945,49.09392],[1.6194,49.09394],[1.61906,49.09386],[1.61881,49.09376],[1.61846,49.09398],[1.61805,49.09393],[1.61758,49.09402],[1.61745,49.0939],[1.61724,49.09386],[1.61713,49.09387],[1.61728,49.09406],[1.61736,49.09427],[1.61749,49.09522],[1.61758,49.09534],[1.6177,49.09545],[1.61785,49.09551],[1.61844,49.09567],[1.61859,49.09579],[1.61856,49.09602],[1.6183,49.09644],[1.61829,49.09658],[1.61843,49.09688],[1.61868,49.09711],[1.61908,49.09726],[1.61953,49.0973],[1.62009,49.09727],[1.62036,49.09729],[1.6206,49.09735],[1.62076,49.09748],[1.62125,49.09807],[1.62134,49.09831],[1.62131,49.09848],[1.62117,49.09879],[1.621,49.09904],[1.62096,49.09917],[1.62099,49.09924],[1.62141,49.09969],[1.62155,49.09993],[1.62159,49.10037],[1.6214,49.10055],[1.62138,49.10072],[1.62184,49.10088],[1.62292,49.10113],[1.6237,49.10137],[1.6239,49.10151],[1.62406,49.10169],[1.62428,49.10187],[1.6245,49.10202],[1.62473,49.10211],[1.62505,49.1022],[1.62545,49.10225],[1.62668,49.10223],[1.62682,49.1023],[1.62712,49.10264],[1.62728,49.1029],[1.62729,49.10299],[1.62727,49.1031],[1.62685,49.10352],[1.62674,49.1038],[1.62658,49.10427],[1.62658,49.1045],[1.62667,49.10476],[1.62715,49.10534],[1.62756,49.1057],[1.62805,49.1064],[1.62889,49.10699],[1.62944,49.10729],[1.62954,49.1074],[1.62959,49.10756],[1.62958,49.10782],[1.62942,49.10852],[1.62954,49.10916],[1.62947,49.10962],[1.62958,49.10999],[1.6297,49.11016],[1.63,49.11034],[1.63043,49.11046],[1.63135,49.11045],[1.6319,49.11057],[1.6322,49.1107],[1.63242,49.11076],[1.63298,49.1108],[1.63308,49.11097],[1.63304,49.11116],[1.63254,49.11131],[1.63233,49.11141],[1.6322,49.11154],[1.63216,49.11168],[1.63219,49.11184],[1.63229,49.11203],[1.63248,49.11218],[1.63279,49.11229],[1.6337,49.11249],[1.63421,49.11272],[1.63437,49.1129],[1.63453,49.11358],[1.63472,49.11398],[1.63492,49.11411],[1.6352,49.11421],[1.63536,49.11425],[1.63557,49.11425],[1.63579,49.1143],[1.63607,49.11446],[1.63644,49.11476],[1.63667,49.1149],[1.63749,49.11528],[1.63795,49.11557],[1.63888,49.11607],[1.63906,49.11611],[1.63947,49.1164],[1.63985,49.11681],[1.64003,49.11683],[1.64013,49.11679],[1.64019,49.1167],[1.64028,49.11627],[1.6404,49.11619],[1.64068,49.11616],[1.64144,49.11623],[1.64181,49.11631],[1.64218,49.11644],[1.64241,49.1166],[1.64273,49.11702],[1.64281,49.11732],[1.64299,49.11747],[1.6434,49.11777],[1.6438,49.11801],[1.64422,49.11821],[1.64451,49.11872],[1.64454,49.11898],[1.64508,49.11969],[1.64517,49.11986],[1.64513,49.12042],[1.6452,49.12058],[1.64549,49.12076],[1.64617,49.12111],[1.64651,49.12131],[1.64661,49.12141],[1.64669,49.12183],[1.64668,49.12223],[1.64663,49.12247],[1.64643,49.12286],[1.64634,49.12334],[1.64642,49.12374],[1.64679,49.12426],[1.64718,49.12459],[1.64736,49.12466],[1.64819,49.12478],[1.64946,49.12491],[1.64963,49.12496],[1.64981,49.12507],[1.64993,49.12519],[1.65006,49.12632],[1.65018,49.12687],[1.65028,49.12706],[1.65044,49.1272],[1.65063,49.1273],[1.65123,49.12739],[1.65199,49.12743],[1.65225,49.12747],[1.65255,49.12762],[1.65279,49.12806],[1.65265,49.12873],[1.65271,49.12935],[1.65305,49.12951],[1.6549,49.1299],[1.65549,49.12992],[1.65567,49.12996],[1.65576,49.1302],[1.65563,49.1309],[1.65566,49.13108],[1.65573,49.13116],[1.65599,49.13132],[1.65627,49.13142],[1.65709,49.13158],[1.65742,49.1316],[1.65772,49.13177],[1.65785,49.13194],[1.65786,49.1331],[1.65703,49.13364],[1.65679,49.13395],[1.65725,49.13463],[1.65784,49.13456],[1.65805,49.13458],[1.65821,49.13466],[1.65833,49.13482],[1.65836,49.13509],[1.65832,49.13519],[1.6582,49.13531],[1.65748,49.13566],[1.65739,49.13585],[1.6574,49.13638],[1.65734,49.13663],[1.65722,49.13687],[1.65667,49.13757],[1.65501,49.13744],[1.65474,49.13732],[1.65469,49.13723],[1.6546,49.1367],[1.65408,49.13664],[1.65398,49.13622],[1.65378,49.13566],[1.65343,49.13493],[1.65265,49.135],[1.65315,49.13693],[1.653,49.13742],[1.65302,49.13772],[1.65283,49.1377],[1.65296,49.13822],[1.65148,49.13808],[1.65142,49.13875],[1.65293,49.13952],[1.65241,49.1407],[1.65227,49.14113],[1.65241,49.14113],[1.65258,49.14149],[1.65266,49.14148],[1.65307,49.14224],[1.65322,49.14274],[1.65322,49.14294],[1.65301,49.1436],[1.65297,49.14468],[1.65306,49.14487],[1.65313,49.14493],[1.65402,49.14509],[1.65443,49.14533],[1.65454,49.1457],[1.65446,49.14633],[1.6546,49.14656],[1.65492,49.14689],[1.65514,49.14701],[1.65544,49.1471],[1.65579,49.14726],[1.656,49.14746],[1.65607,49.14762],[1.65601,49.14795],[1.65584,49.14818],[1.65583,49.14847],[1.65602,49.14862],[1.65619,49.14865],[1.65711,49.14864],[1.65751,49.14866],[1.65777,49.1487],[1.65813,49.14883],[1.65834,49.14894],[1.6585,49.14909],[1.65879,49.14981],[1.65924,49.15117],[1.65947,49.15149],[1.66017,49.15175],[1.66098,49.15222],[1.66115,49.15229],[1.66271,49.15253],[1.6641,49.15317],[1.66446,49.15343],[1.66444,49.15361],[1.66378,49.15451],[1.66344,49.15509],[1.66284,49.15556],[1.66258,49.15583],[1.66216,49.15607],[1.66159,49.1565],[1.66071,49.15703],[1.66058,49.15722],[1.66062,49.15743],[1.6607,49.15759],[1.6613,49.15811],[1.66164,49.15855],[1.66192,49.15874],[1.66219,49.15882],[1.66268,49.15905],[1.66295,49.15926],[1.663,49.15937],[1.66307,49.15998],[1.66305,49.16081],[1.66323,49.16129],[1.66357,49.1617],[1.66405,49.16243],[1.66424,49.16292],[1.66427,49.16392],[1.66423,49.1651],[1.66457,49.16552],[1.66476,49.16604],[1.66497,49.16615],[1.66557,49.16628],[1.66612,49.16645],[1.66656,49.1671],[1.66671,49.16719],[1.66718,49.16732],[1.66725,49.16736],[1.66761,49.16786],[1.66773,49.16797],[1.66805,49.16808],[1.66838,49.16814],[1.66864,49.16825],[1.66878,49.16879],[1.66909,49.16896],[1.67015,49.16944],[1.67024,49.16953],[1.67027,49.16981],[1.67017,49.17014],[1.66976,49.1705],[1.66916,49.17089],[1.66879,49.17135],[1.66874,49.17147],[1.66871,49.17215],[1.66867,49.17227],[1.66848,49.17249],[1.66837,49.17317],[1.66831,49.17326],[1.66784,49.17369],[1.66713,49.17458],[1.66678,49.17477],[1.66659,49.17497],[1.66634,49.17548],[1.6663,49.17571],[1.6664,49.17618],[1.66624,49.17631],[1.66609,49.1768],[1.66616,49.1769],[1.66668,49.17724],[1.66727,49.17743],[1.66738,49.17749],[1.66754,49.17773],[1.66745,49.17813],[1.6673,49.17838],[1.66705,49.17861],[1.66695,49.17876],[1.66694,49.17891],[1.66708,49.17932],[1.66719,49.17948],[1.66744,49.17967],[1.66769,49.17974],[1.66806,49.17979],[1.66896,49.17979],[1.66904,49.17987],[1.66912,49.18031],[1.66933,49.18046],[1.66969,49.18051],[1.66995,49.18063],[1.6702,49.18062],[1.6708,49.18048],[1.67113,49.18025],[1.67124,49.18021],[1.67137,49.18021],[1.67147,49.18025],[1.6716,49.1804],[1.67166,49.18062],[1.6716,49.18082],[1.67162,49.18095],[1.67171,49.18112],[1.67168,49.18124],[1.67132,49.18182],[1.67094,49.18217],[1.67084,49.18236],[1.67078,49.18305],[1.67066,49.18339],[1.67068,49.18361],[1.67084,49.18419],[1.67081,49.18447],[1.67046,49.18481],[1.67014,49.18492],[1.66966,49.18498],[1.6695,49.18514],[1.66941,49.18548],[1.66927,49.18574],[1.66905,49.18667],[1.66903,49.18709],[1.66926,49.18759],[1.66942,49.18779],[1.66973,49.18807],[1.66975,49.18829],[1.66988,49.18872],[1.67054,49.18991],[1.67106,49.19049],[1.6715,49.19136],[1.67144,49.19162],[1.67115,49.19209],[1.67112,49.19271],[1.67063,49.19309],[1.67053,49.19328],[1.67054,49.19337],[1.67091,49.19381],[1.67182,49.19451],[1.67265,49.19512],[1.6738,49.19581],[1.67406,49.19602],[1.6748,49.19685],[1.67519,49.19764],[1.67525,49.19798],[1.67519,49.19847],[1.67522,49.19863],[1.67565,49.1993],[1.67621,49.20006],[1.67631,49.20028],[1.6764,49.20057],[1.67648,49.2012],[1.6765,49.20202],[1.67679,49.20238],[1.67691,49.2026],[1.67675,49.20303],[1.67662,49.20359],[1.67648,49.20383],[1.67506,49.20404],[1.67484,49.20412],[1.67445,49.20443],[1.67402,49.20469],[1.67374,49.20511],[1.6733,49.20523],[1.67321,49.20533],[1.67315,49.20546],[1.6732,49.2057],[1.67316,49.20593],[1.67321,49.20618],[1.67314,49.20629],[1.673,49.20633],[1.67228,49.20631],[1.67216,49.2064],[1.67225,49.20661],[1.67277,49.20713],[1.67292,49.20762],[1.67309,49.2079],[1.67345,49.20825],[1.67419,49.20883],[1.67417,49.20896],[1.67412,49.20904],[1.67382,49.20927],[1.67376,49.2094],[1.67388,49.20971],[1.6745,49.21049],[1.67451,49.21064],[1.67445,49.21079],[1.67409,49.21121],[1.67397,49.2119],[1.67403,49.21196],[1.67419,49.21192],[1.67448,49.21169],[1.67469,49.21166],[1.67507,49.21171],[1.67577,49.21189],[1.6759,49.2119],[1.67661,49.21177],[1.67681,49.21179],[1.67697,49.21184],[1.67702,49.21194],[1.67698,49.21208],[1.6764,49.21252],[1.67638,49.21264],[1.67642,49.2127],[1.67663,49.21281],[1.67696,49.21284],[1.67741,49.21282],[1.67751,49.21286],[1.67756,49.21298],[1.67736,49.2133],[1.67734,49.21341],[1.67735,49.21355],[1.6774,49.21358],[1.67876,49.21395],[1.67983,49.21433],[1.6804,49.21468],[1.68079,49.21485],[1.68112,49.21505],[1.68178,49.21568],[1.68246,49.2162],[1.68274,49.21633],[1.68301,49.2164],[1.68374,49.21652],[1.6843,49.21652],[1.68467,49.21658],[1.68479,49.21664],[1.68493,49.21681],[1.68549,49.21769],[1.68565,49.21785],[1.68619,49.2182],[1.68682,49.21835],[1.68771,49.21843],[1.68837,49.21844],[1.68851,49.21847],[1.68858,49.21855],[1.68868,49.219],[1.68895,49.2195],[1.68951,49.22001],[1.68994,49.2206],[1.69008,49.2207],[1.69085,49.221],[1.69107,49.22113],[1.69114,49.22123],[1.6911,49.22141],[1.69092,49.22162],[1.69088,49.22172],[1.6908,49.22261],[1.69087,49.22298],[1.69092,49.2231],[1.69127,49.2234],[1.69165,49.22359],[1.69254,49.22389],[1.69295,49.22395],[1.69382,49.224],[1.69595,49.22434],[1.6964,49.22444],[1.6969,49.22437],[1.69715,49.22428],[1.69767,49.22404],[1.69793,49.22404],[1.69818,49.22417],[1.69848,49.22451],[1.69868,49.22487],[1.69871,49.22536],[1.69867,49.22586],[1.69869,49.22606],[1.69876,49.22619],[1.69889,49.22629],[1.69978,49.22667],[1.70089,49.22753],[1.70182,49.22782],[1.70225,49.22802],[1.70278,49.2285],[1.70302,49.22866],[1.70325,49.22875],[1.70386,49.22885],[1.70399,49.22904],[1.70402,49.22918],[1.70393,49.22943],[1.70382,49.22954],[1.70309,49.22974],[1.70298,49.2298],[1.70284,49.22994],[1.70285,49.23001],[1.70291,49.23006],[1.70372,49.23035],[1.70381,49.23044],[1.70383,49.23057],[1.7038,49.23062],[1.70361,49.23072],[1.70283,49.23091],[1.7026,49.23101],[1.70251,49.23116],[1.70259,49.23137],[1.70282,49.23149],[1.7034,49.23171],[1.70362,49.23185],[1.70402,49.23196],[1.70431,49.23207],[1.70446,49.23218],[1.70445,49.23231],[1.70435,49.23243],[1.70474,49.23292],[1.705,49.23297],[1.70518,49.23353],[1.70517,49.23376],[1.70512,49.2338],[1.70488,49.23386],[1.70488,49.23399],[1.70525,49.23417],[1.70528,49.23425],[1.70525,49.23438],[1.70636,49.23423],[1.70667,49.23473],[1.70692,49.23564],[1.70705,49.23581],[1.70825,49.23584],[1.70835,49.23592],[1.7087,49.23712],[1.70933,49.23803],[1.70962,49.2386],[1.70968,49.23887],[1.70974,49.24026],[1.70933,49.24146],[1.70939,49.24149],[1.71259,49.24125],[1.71267,49.24043],[1.71237,49.23902],[1.71323,49.23693],[1.71304,49.23586],[1.71317,49.23539],[1.71319,49.23506],[1.71316,49.23479],[1.71289,49.23436],[1.71269,49.23441],[1.71235,49.23379],[1.71217,49.2333],[1.71211,49.23302],[1.71225,49.233],[1.71326,49.23302],[1.71326,49.23282],[1.7136,49.23279],[1.71377,49.23268],[1.71389,49.23266],[1.71434,49.23262],[1.7153,49.23339],[1.72367,49.23045],[1.72368,49.23046],[1.72549,49.23013],[1.72534,49.22983],[1.72966,49.2292],[1.73038,49.22893],[1.73215,49.22812],[1.7332,49.22671],[1.73328,49.22654],[1.73483,49.22644],[1.73481,49.22629],[1.73621,49.22628],[1.7362,49.22536],[1.73798,49.22539],[1.73797,49.22496],[1.73837,49.22406],[1.74044,49.22428],[1.74046,49.22367],[1.73591,49.22229],[1.73516,49.2219],[1.73411,49.22128],[1.73568,49.21609],[1.73226,49.21563],[1.73368,49.21096],[1.72989,49.21028],[1.73014,49.20966],[1.72937,49.20967],[1.72935,49.20975],[1.72297,49.20966],[1.72198,49.21001],[1.72022,49.20681],[1.71981,49.20694],[1.71487,49.20744],[1.71599,49.20433],[1.71583,49.20359],[1.71583,49.20318],[1.71579,49.20301],[1.71569,49.20283],[1.71553,49.20266],[1.71674,49.20274],[1.71841,49.20278],[1.71887,49.20219],[1.71989,49.20154],[1.72029,49.20199],[1.72046,49.20213],[1.72091,49.20238],[1.72112,49.20245],[1.7215,49.20252],[1.72179,49.20253],[1.72208,49.2025],[1.7222,49.20196],[1.72235,49.2015],[1.72279,49.20143],[1.72253,49.20097],[1.72433,49.2007],[1.72505,49.20078],[1.72524,49.1999],[1.72481,49.19987],[1.72571,49.19611],[1.72581,49.19546],[1.72581,49.19463],[1.72584,49.19462],[1.72588,49.19417],[1.72688,49.19413],[1.72682,49.19496],[1.72781,49.19507],[1.7278,49.19504],[1.72786,49.19504],[1.72913,49.19522],[1.72989,49.19475],[1.73005,49.1947],[1.73064,49.19477],[1.73108,49.19495],[1.73157,49.19508],[1.73211,49.19519],[1.73255,49.1952],[1.73438,49.19504],[1.73535,49.19505],[1.7359,49.19501],[1.73681,49.19489],[1.73727,49.19479],[1.73727,49.19413],[1.73716,49.19379],[1.73697,49.19344],[1.73644,49.19283],[1.73989,49.19208],[1.73959,49.19122],[1.73944,49.19062],[1.74046,49.19055],[1.74058,49.1894],[1.74025,49.18833],[1.74109,49.18837],[1.74103,49.1876],[1.741,49.18567],[1.74429,49.18331],[1.7401,49.18081],[1.75093,49.17624],[1.75184,49.17581],[1.75236,49.17547],[1.75318,49.17532],[1.75486,49.17459],[1.76695,49.18003],[1.76717,49.18009],[1.77686,49.18415],[1.77639,49.18488],[1.77696,49.185],[1.77752,49.18403],[1.77923,49.18423],[1.77915,49.18434],[1.7809,49.18454],[1.78093,49.18432],[1.78298,49.18504],[1.78415,49.18551],[1.7848,49.18582],[1.7867,49.18416],[1.78637,49.18308],[1.7877,49.18226],[1.78863,49.18149],[1.7897,49.18179],[1.79094,49.17997],[1.79394,49.1803],[1.7935,49.18265],[1.79399,49.18273],[1.79499,49.18482],[1.79528,49.18492],[1.79547,49.18526],[1.80308,49.18511],[1.80305,49.18371],[1.80309,49.1837],[1.80304,49.18307],[1.80331,49.18185],[1.80121,49.18177],[1.80102,49.18229],[1.79997,49.1823],[1.80026,49.18041],[1.80228,49.18079],[1.80355,49.18095],[1.80355,49.17996],[1.80628,49.18013],[1.80738,49.17995],[1.80831,49.17959],[1.8116,49.17878],[1.81308,49.17834],[1.81408,49.17638],[1.81448,49.17613],[1.8113,49.17493],[1.81178,49.17397],[1.81338,49.1744],[1.8139,49.17363],[1.81596,49.17387],[1.81565,49.17495],[1.8172,49.1752],[1.81724,49.17519],[1.81734,49.17528],[1.81732,49.17558],[1.81921,49.17588],[1.81952,49.17695],[1.82205,49.17801],[1.82352,49.17872],[1.82649,49.17952],[1.82682,49.17965],[1.82811,49.17835],[1.82924,49.1777],[1.83076,49.17726],[1.83192,49.17735],[1.83253,49.17601],[1.83423,49.17591],[1.83492,49.17689],[1.83585,49.17641],[1.83482,49.17544],[1.83472,49.17446],[1.83551,49.17411],[1.83542,49.17396],[1.83582,49.17378],[1.83612,49.17359],[1.8363,49.17356],[1.8367,49.1734],[1.83727,49.17311],[1.83745,49.1728],[1.83741,49.17173],[1.83738,49.1716],[1.83685,49.17099],[1.83622,49.17043],[1.83596,49.17014],[1.83588,49.16998],[1.83574,49.16943],[1.83568,49.16855],[1.83538,49.16802],[1.83512,49.16734],[1.83508,49.16707],[1.83518,49.16675],[1.83523,49.16632],[1.83518,49.16605],[1.83501,49.16577],[1.83431,49.16517],[1.83642,49.1645],[1.83873,49.16684],[1.83882,49.16681],[1.84468,49.17066],[1.84519,49.16996],[1.84807,49.17046],[1.85035,49.17081],[1.85042,49.17084],[1.85103,49.17053],[1.8551,49.17194],[1.85518,49.17227],[1.85532,49.17235],[1.85619,49.17313],[1.8568,49.17336],[1.85788,49.17223],[1.85654,49.172],[1.85822,49.16996],[1.85912,49.1701],[1.85907,49.17024],[1.86172,49.17075],[1.86313,49.17105],[1.86628,49.17176],[1.86731,49.17205],[1.86782,49.17183],[1.8727,49.17368],[1.87346,49.17408],[1.87614,49.17505],[1.87643,49.17292],[1.8767,49.17142],[1.8796,49.1685],[1.88086,49.1673],[1.8823,49.16795],[1.88353,49.16614],[1.88366,49.16609],[1.88295,49.16318],[1.88295,49.16258],[1.88744,49.16302],[1.88687,49.16416],[1.88834,49.1645],[1.88831,49.16471],[1.88975,49.16502],[1.89012,49.16411],[1.89155,49.16456],[1.89253,49.16476],[1.89404,49.16494],[1.89511,49.16503],[1.89471,49.16609],[1.90693,49.16864],[1.90697,49.16861],[1.91234,49.1701],[1.91498,49.17093],[1.91506,49.17089],[1.9164,49.17125],[1.91899,49.17173],[1.92084,49.17226],[1.92146,49.17238],[1.92383,49.17244],[1.92437,49.1736],[1.92481,49.17354],[1.92481,49.17349],[1.92497,49.17347],[1.92575,49.17347],[1.92587,49.17345],[1.92583,49.17339],[1.92639,49.17331],[1.92645,49.17342],[1.92996,49.17407],[1.93117,49.17426],[1.93192,49.17421],[1.93182,49.17463],[1.93173,49.17479],[1.93145,49.17503],[1.93154,49.17504],[1.93215,49.175],[1.93251,49.17501],[1.93266,49.1747],[1.93289,49.17452],[1.93307,49.17428],[1.93311,49.17427],[1.93308,49.17419],[1.93331,49.17366],[1.93372,49.17361],[1.934,49.17347],[1.93437,49.17354],[1.9344,49.17329],[1.9343,49.17312],[1.9343,49.17302],[1.93441,49.17285],[1.93471,49.17258],[1.93474,49.17249],[1.93464,49.17243],[1.93463,49.17235],[1.9347,49.17219],[1.93492,49.17208],[1.93498,49.17189],[1.93495,49.17178],[1.93476,49.17173],[1.93472,49.17169],[1.93482,49.1712],[1.9347,49.17094],[1.93474,49.17067],[1.93465,49.17054],[1.93478,49.17038],[1.93483,49.17025],[1.93485,49.16996],[1.93519,49.16981],[1.9354,49.16959],[1.93551,49.16965],[1.93558,49.16996],[1.93592,49.1699],[1.93619,49.16991],[1.93886,49.17061],[1.93941,49.17068],[1.94036,49.17065],[1.94037,49.17068],[1.94122,49.17057],[1.94199,49.17032],[1.94233,49.17],[1.94407,49.17116],[1.9446,49.17132],[1.94508,49.17133],[1.94535,49.17152],[1.94806,49.17077],[1.94974,49.17048],[1.95246,49.17141],[1.95255,49.17147],[1.95591,49.17223],[1.95739,49.17265],[1.96002,49.17349],[1.96035,49.17371],[1.96097,49.17398],[1.96196,49.17432],[1.96213,49.17442],[1.96369,49.17572],[1.96428,49.17636],[1.96473,49.17693],[1.96499,49.17717],[1.9654,49.17746],[1.96618,49.17788],[1.96817,49.17912],[1.96952,49.18001],[1.97104,49.18095],[1.97166,49.18138],[1.97268,49.18263],[1.97307,49.18293],[1.97331,49.18305],[1.97358,49.18386],[1.97445,49.18359],[1.97513,49.18366],[1.97544,49.18359],[1.97644,49.1833],[1.97705,49.18302],[1.97758,49.18285],[1.97759,49.18273],[1.97894,49.18249],[1.97932,49.18229],[1.97989,49.18206],[1.98131,49.18165],[1.98235,49.18158],[1.98254,49.18134],[1.9832,49.18014],[1.98349,49.17993],[1.98393,49.17977],[1.98424,49.17971],[1.98573,49.17956],[1.98659,49.17936],[1.987,49.1793],[1.98794,49.17902],[1.9889,49.17846],[1.98864,49.17786],[1.98914,49.17757],[1.98932,49.1774],[1.98998,49.17701],[1.99086,49.17661],[1.99209,49.1764],[1.99218,49.1762],[1.99368,49.17694],[1.99537,49.177],[1.9962,49.17681],[1.99716,49.17608],[1.99935,49.17587],[1.9993,49.17569],[1.99912,49.17541],[1.99968,49.17565],[2.0,49.17576],[2.00154,49.17579],[2.00268,49.17602],[2.00474,49.17719],[2.00626,49.17834],[2.00675,49.17861],[2.01077,49.18132],[2.01498,49.18424],[2.02107,49.18836],[2.02178,49.18881],[2.02566,49.18883],[2.02842,49.18796],[2.03135,49.1885],[2.03217,49.18871],[2.03264,49.18889],[2.03301,49.18862],[2.03357,49.1881],[2.03421,49.18862],[2.0345,49.18902],[2.03463,49.18961],[2.035,49.19001],[2.03567,49.19048],[2.03542,49.1906],[2.03595,49.19111],[2.03624,49.19099],[2.0367,49.19133],[2.03789,49.19208],[2.03824,49.19238],[2.03863,49.19253],[2.03853,49.19264],[2.03944,49.19344],[2.03966,49.19316],[2.04116,49.19372],[2.04281,49.19439],[2.04241,49.19487],[2.043,49.19476],[2.04349,49.19484],[2.04623,49.19642],[2.04691,49.19594],[2.047,49.1959],[2.04732,49.19869],[2.05579,49.19894],[2.06684,49.20286],[2.07251,49.20418],[2.07214,49.20434],[2.07263,49.20618],[2.07354,49.20743],[2.07481,49.20884],[2.0771,49.20874],[2.07726,49.20991],[2.08074,49.21072],[2.08069,49.2098],[2.08047,49.20885],[2.07924,49.20657],[2.07897,49.20592],[2.08033,49.20582],[2.08069,49.20694],[2.08267,49.20685],[2.08236,49.20566],[2.08343,49.20556],[2.0847,49.20587],[2.0871,49.20773],[2.08792,49.20913],[2.09093,49.20864],[2.09036,49.20606],[2.09137,49.20499],[2.09045,49.20169],[2.09218,49.2012],[2.09127,49.19988],[2.09033,49.19823],[2.09253,49.19747],[2.09185,49.19666],[2.09272,49.19625],[2.09265,49.19532],[2.09093,49.19561],[2.0889,49.19615],[2.08905,49.19378],[2.09081,49.19381],[2.09228,49.19418],[2.09248,49.19363],[2.09247,49.19341],[2.09583,49.19164],[2.09532,49.19011],[2.09575,49.19007],[2.09677,49.18979],[2.09772,49.18917],[2.10206,49.19044],[2.10302,49.18908],[2.10362,49.18891],[2.10549,49.18958],[2.10671,49.19005],[2.10765,49.19023],[2.10835,49.19045],[2.10888,49.19071],[2.10901,49.19081],[2.10908,49.19093],[2.10951,49.19076],[2.1095,49.19059],[2.10956,49.19056],[2.10941,49.1901],[2.10937,49.19007],[2.10998,49.18957],[2.10996,49.18938],[2.10984,49.18918],[2.10953,49.18888],[2.1097,49.18879],[2.11052,49.18747],[2.11063,49.18743],[2.11104,49.18698],[2.11182,49.18729],[2.11282,49.1875],[2.11334,49.18654],[2.11391,49.18667],[2.11422,49.18669],[2.11632,49.18696],[2.11636,49.18691],[2.11763,49.18724],[2.11783,49.18732],[2.11794,49.18721],[2.11851,49.18744],[2.11856,49.1874],[2.12232,49.18896],[2.12305,49.18947],[2.12387,49.18991],[2.125,49.19058],[2.12526,49.19126],[2.1255,49.19164],[2.12559,49.19174],[2.12584,49.19178],[2.12589,49.19167],[2.12599,49.19171],[2.12549,49.19285],[2.12739,49.19322],[2.12797,49.1934],[2.12798,49.19359],[2.12959,49.19292],[2.13065,49.19253],[2.13,49.19156],[2.13184,49.19066],[2.13522,49.19118],[2.13519,49.19072],[2.13524,49.19049],[2.13515,49.1883],[2.13627,49.18338],[2.13684,49.18135],[2.13692,49.1808],[2.13682,49.17999],[2.13648,49.179],[2.14076,49.17892],[2.14087,49.18153],[2.14111,49.18151],[2.14108,49.18231],[2.14118,49.18304],[2.14131,49.18357],[2.14124,49.18589],[2.14178,49.18603],[2.14381,49.18691],[2.1462,49.18781],[2.14681,49.18802],[2.14728,49.18805],[2.14805,49.18503],[2.15209,49.18356],[2.15238,49.18382],[2.15576,49.18275],[2.15601,49.18285],[2.15614,49.18312],[2.15916,49.18152],[2.15909,49.1814],[2.15907,49.18124],[2.16005,49.18063],[2.16108,49.17991],[2.1617,49.17959],[2.16181,49.17968],[2.16242,49.17955],[2.16405,49.17977],[2.16451,49.17955],[2.16464,49.17944],[2.16502,49.17892],[2.16323,49.1773],[2.1615,49.176],[2.16087,49.17478],[2.16084,49.17465],[2.16067,49.17437],[2.16039,49.17414],[2.1593,49.1734],[2.15803,49.17263],[2.15812,49.17253],[2.15877,49.17215],[2.15913,49.17167],[2.15965,49.17087],[2.16044,49.16996],[2.1613,49.16923],[2.16203,49.16868],[2.16291,49.1674],[2.16247,49.16715],[2.16257,49.16706],[2.16383,49.1663],[2.16493,49.16596],[2.16806,49.16484],[2.16789,49.16464],[2.16879,49.16395],[2.16922,49.16402],[2.16936,49.16392],[2.16982,49.16407],[2.1702,49.16425],[2.17055,49.16436],[2.1709,49.16462],[2.17105,49.16478],[2.17114,49.16497],[2.17107,49.16516],[2.17105,49.16569],[2.17084,49.16588],[2.17055,49.16626],[2.17043,49.16636],[2.17089,49.1667],[2.17113,49.16696],[2.17116,49.1671],[2.1711,49.16719],[2.17124,49.16768],[2.17146,49.16786],[2.17224,49.1681],[2.17364,49.16863],[2.17427,49.16896],[2.1751,49.16947],[2.17532,49.16954],[2.1766,49.1697],[2.17682,49.16975],[2.17789,49.17021],[2.17873,49.17052],[2.17928,49.17082],[2.17973,49.17082],[2.1809,49.17056],[2.18225,49.17038],[2.18188,49.17097],[2.18109,49.17159],[2.18087,49.172],[2.18019,49.17249],[2.17972,49.17271],[2.17987,49.173],[2.17983,49.17321],[2.17937,49.17356],[2.17801,49.17428],[2.17725,49.17423],[2.1762,49.17464],[2.17495,49.175],[2.17609,49.17603],[2.18195,49.17368],[2.18244,49.17441],[2.18332,49.17414],[2.18342,49.17419],[2.18562,49.17363],[2.18569,49.17366],[2.18611,49.17351],[2.18889,49.17313],[2.18945,49.17317],[2.19014,49.17332],[2.19066,49.17338],[2.19165,49.17362],[2.19211,49.17365],[2.19264,49.17359],[2.19294,49.17353],[2.19353,49.17339],[2.19433,49.17314],[2.19485,49.17309],[2.19531,49.17312],[2.19563,49.17322],[2.19601,49.17342],[2.19696,49.17423],[2.19824,49.17483],[2.19905,49.1753],[2.19971,49.17481],[2.20079,49.17429],[2.20125,49.17415],[2.20203,49.17423],[2.20226,49.17437],[2.20235,49.17432],[2.20244,49.17408],[2.20295,49.17406],[2.20356,49.17412],[2.20395,49.17421],[2.20632,49.17459],[2.20691,49.17484],[2.20746,49.175],[2.20773,49.17505],[2.20926,49.17546],[2.20967,49.17553],[2.21036,49.17549],[2.21071,49.17551],[2.21317,49.17588],[2.21203,49.17656],[2.21396,49.17722],[2.21369,49.17753],[2.21557,49.17824],[2.21541,49.17842],[2.21749,49.17973],[2.21865,49.18069],[2.2198,49.17962],[2.21985,49.17949],[2.22005,49.17919],[2.22082,49.17819],[2.22155,49.17715],[2.22251,49.17596],[2.22377,49.17399],[2.22448,49.17371],[2.22488,49.17351],[2.22574,49.17281],[2.226,49.17264],[2.22626,49.17254],[2.22777,49.1721],[2.22929,49.17158],[2.23008,49.17122],[2.23151,49.17049],[2.23177,49.17029],[2.23209,49.16992],[2.23246,49.16936],[2.23327,49.16861],[2.23368,49.16832],[2.23399,49.16804],[2.23448,49.16757],[2.23475,49.16726],[2.23539,49.16699],[2.23382,49.16652],[2.23433,49.16603],[2.23291,49.16547],[2.233,49.16538],[2.23147,49.16473],[2.23144,49.16468],[2.23001,49.16426],[2.23045,49.16377],[2.22922,49.1638],[2.22867,49.16371],[2.22799,49.16353],[2.22632,49.1629],[2.22501,49.16253],[2.22425,49.16238],[2.22307,49.1597],[2.21685,49.15413],[2.21667,49.15422],[2.21573,49.15449],[2.21496,49.15487],[2.21423,49.1551],[2.21308,49.15553],[2.21141,49.15625],[2.21089,49.15657],[2.20835,49.15731],[2.20668,49.15818],[2.20655,49.15847],[2.20566,49.15945],[2.20225,49.16215],[2.20038,49.16337],[2.19909,49.16495],[2.19844,49.16646],[2.19705,49.16645],[2.1969,49.16706],[2.1967,49.16693],[2.19507,49.16621],[2.19404,49.16563],[2.1923,49.16497],[2.19388,49.16152],[2.19846,49.15665],[2.19809,49.15661],[2.19233,49.15574],[2.19483,49.14997],[2.19572,49.14803],[2.19707,49.14477],[2.19765,49.14355],[2.19469,49.14298],[2.1927,49.14265],[2.19052,49.14225],[2.18993,49.14189],[2.19015,49.14171],[2.18979,49.13973],[2.18961,49.13937],[2.18971,49.13876],[2.19005,49.13789],[2.19002,49.13785],[2.18983,49.13782],[2.18976,49.13777],[2.19007,49.13674],[2.19059,49.13599],[2.19079,49.1358],[2.19114,49.13556],[2.1908,49.13542],[2.19307,49.13469],[2.19143,49.13292],[2.19409,49.13128],[2.19339,49.13075],[2.19332,49.13061],[2.19348,49.13049],[2.19287,49.13016],[2.1925,49.12992],[2.1931,49.1295],[2.19318,49.12947],[2.19317,49.12894],[2.19366,49.12854],[2.19306,49.12797],[2.19219,49.12726],[2.19252,49.12713],[2.1926,49.12721],[2.19349,49.12682],[2.1934,49.12674],[2.19459,49.1262],[2.19575,49.12572],[2.19418,49.1243],[2.19507,49.12384],[2.1952,49.12395],[2.19611,49.12347],[2.19757,49.12191],[2.19637,49.12123],[2.19779,49.11986],[2.19708,49.1195],[2.19943,49.11819],[2.19923,49.11794],[2.19592,49.11526],[2.19517,49.11572],[2.19493,49.11556],[2.19462,49.11572],[2.19326,49.11473],[2.19294,49.11493],[2.18941,49.11337],[2.18916,49.1133],[2.18843,49.11324],[2.18828,49.11319],[2.18627,49.11244],[2.18545,49.1121],[2.18567,49.11198],[2.18548,49.11173],[2.18528,49.11138],[2.18475,49.11097],[2.18513,49.11068],[2.1843,49.11038],[2.18374,49.11035],[2.18418,49.11018],[2.1835,49.10977],[2.18335,49.10964],[2.18385,49.10948],[2.18245,49.10904],[2.18218,49.10916],[2.1809,49.1086],[2.17995,49.10977],[2.17903,49.10945],[2.1789,49.10961],[2.17876,49.10956],[2.17852,49.10953],[2.17839,49.10974],[2.17784,49.10954],[2.17675,49.1092],[2.17663,49.10932],[2.17626,49.10921],[2.17616,49.10926],[2.1752,49.10889],[2.17469,49.1097],[2.17434,49.10963],[2.17424,49.10985],[2.17271,49.10954],[2.17228,49.10966],[2.17249,49.10903],[2.16518,49.10845],[2.16517,49.10755],[2.16051,49.10743],[2.1604,49.10742],[2.15904,49.10691],[2.15937,49.10497],[2.15979,49.10364],[2.15456,49.10543],[2.1509,49.10383],[2.14981,49.10427],[2.14975,49.10405],[2.14851,49.10297],[2.14822,49.10261],[2.14806,49.10236],[2.14767,49.10148],[2.14713,49.10143],[2.14711,49.10059],[2.14661,49.0999],[2.14549,49.09934],[2.14495,49.09902],[2.14367,49.09803],[2.14239,49.09695],[2.14489,49.09548],[2.14629,49.09488],[2.1465,49.09472],[2.14874,49.09259],[2.14779,49.09217],[2.14787,49.09208],[2.14582,49.09139],[2.14535,49.09206],[2.14386,49.0917],[2.14396,49.09155],[2.14333,49.09135],[2.1426,49.09213],[2.13821,49.09056],[2.13777,49.0907],[2.13363,49.08828],[2.13378,49.08823],[2.13296,49.08764],[2.13332,49.08756],[2.13089,49.08578],[2.12907,49.08678],[2.12852,49.08629],[2.12656,49.08696],[2.12646,49.08683],[2.11835,49.09057],[2.11989,49.09232],[2.11903,49.09284],[2.11714,49.09373],[2.11292,49.09266],[2.10065,49.08942],[2.09251,49.08457],[2.08663,49.08656],[2.08619,49.08555],[2.08622,49.08433],[2.0862,49.0842],[2.0861,49.08398],[2.08605,49.08394],[2.08581,49.08401],[2.08429,49.08421],[2.08424,49.08366],[2.08549,49.08219],[2.08565,49.08221],[2.08617,49.08236],[2.0867,49.08169],[2.08665,49.08154],[2.08666,49.08106],[2.08656,49.08046],[2.08638,49.08003],[2.0861,49.07906],[2.08608,49.07871],[2.08615,49.0784],[2.0863,49.0781],[2.08662,49.07788],[2.08686,49.07766],[2.08712,49.07753],[2.08747,49.07716],[2.08732,49.0771],[2.0872,49.07659],[2.08721,49.07595],[2.08714,49.07572],[2.08719,49.07537],[2.08711,49.07486],[2.08715,49.07471],[2.0873,49.0745],[2.0877,49.07355],[2.08775,49.07346],[2.08833,49.07358],[2.08975,49.07279],[2.09109,49.07226],[2.09174,49.07179],[2.09227,49.07151],[2.09255,49.07139],[2.09339,49.07116],[2.09572,49.07007],[2.09393,49.06843],[2.09156,49.06648],[2.08901,49.06395],[2.08902,49.06383],[2.08554,49.06061],[2.0846,49.06001],[2.08288,49.05819],[2.08263,49.05779],[2.08215,49.05786],[2.08184,49.05741],[2.08145,49.05635],[2.0809,49.05602],[2.07947,49.05564],[2.07874,49.05536],[2.07813,49.05491],[2.07788,49.05488],[2.07775,49.0549],[2.07691,49.0551],[2.07681,49.05507],[2.07673,49.05494],[2.07679,49.05448],[2.0767,49.05418],[2.07642,49.0537],[2.07653,49.05337],[2.07688,49.05299],[2.07707,49.0529],[2.07736,49.05284],[2.0781,49.05252],[2.07853,49.0521],[2.07706,49.05079],[2.07608,49.04948],[2.07595,49.04912],[2.07606,49.04906],[2.07599,49.04887],[2.0748,49.04758],[2.07333,49.04811],[2.07288,49.04764],[2.07228,49.04725],[2.07011,49.04886],[2.06851,49.04997],[2.06667,49.05106],[2.06554,49.05164],[2.06434,49.05202],[2.06335,49.05228],[2.06306,49.05244],[2.06247,49.05266],[2.06136,49.05302],[2.05852,49.05382],[2.05846,49.05397],[2.05758,49.05427],[2.05553,49.05465],[2.04682,49.05613],[2.04669,49.05547],[2.0466,49.05402],[2.04424,49.05407],[2.04359,49.05413],[2.04294,49.05421],[2.04237,49.05433],[2.03945,49.05515],[2.03855,49.05533],[2.03796,49.0554],[2.03322,49.0556],[2.03262,49.05559],[2.03118,49.0557],[2.03069,49.0557],[2.02929,49.05577],[2.02869,49.05592],[2.02821,49.05616],[2.02791,49.05647],[2.02595,49.0556],[2.02538,49.05524],[2.02494,49.05482],[2.02453,49.05417],[2.01966,49.05465],[2.01944,49.05442],[2.01763,49.05472],[2.0174,49.05487],[2.01513,49.05511],[2.0142,49.05528],[2.01323,49.05551],[2.01072,49.05621],[2.01001,49.05557],[2.00839,49.05519],[2.0067,49.05489],[2.00416,49.05418],[2.00324,49.05379],[2.00228,49.05327],[1.99998,49.05178],[2.00477,49.05028],[2.00445,49.04969],[2.00695,49.0492],[2.00669,49.04863],[2.00832,49.04831],[2.00812,49.0477],[2.00789,49.04731],[2.00837,49.04721],[2.00847,49.04683],[2.00902,49.04674],[2.0082,49.04609],[2.00755,49.04543],[2.00704,49.04457],[2.01043,49.04387],[2.01103,49.04347],[2.0136,49.04162],[2.01612,49.04016],[2.01593,49.03971],[2.01604,49.03966],[2.0145,49.03925],[2.01077,49.03737],[2.01121,49.03502],[2.01129,49.03431],[2.01142,49.03401],[2.01154,49.03355],[2.01175,49.032],[2.01284,49.02721],[2.01253,49.02712],[2.01201,49.02704],[2.01007,49.02688],[2.01102,49.01918],[2.01159,49.01757],[2.01229,49.01743],[2.0137,49.0175],[2.01383,49.01736],[2.01374,49.01557],[2.01498,49.01442],[2.01512,49.0142],[2.01468,49.01401],[2.01343,49.01357],[2.01118,49.01259],[2.00927,49.01169],[2.0087,49.01148],[2.0094,49.0108],[2.01039,49.00949],[2.01022,49.00947],[2.00996,49.00936],[2.00895,49.0087],[2.00842,49.00843],[2.00822,49.00837],[2.00728,49.00836]]]}},
{"type":"Feature","properties":{"Id":"11_95_002","MnZAS":null,"TypeZAS":"SUP","CoucheSour":"BD Topo","CdAltZAS":"11_95_002","ComGenealo":null,"LbZAS":"Bassin de l'Oise"},"geometry":{"type":"MultiPolygon","coordinates":[[[[2.36574,48.97403],[2.36529,48.97309],[2.36265,48.97366],[2.36267,48.97372],[2.36227,48.9738],[2.36172,48.97397],[2.36163,48.97402],[2.36129,48.9735],[2.36081,48.97299],[2.3605,48.97269],[2.36009,48.97248],[2.35898,48.97287],[2.35751,48.97083],[2.35642,48.9691],[2.35655,48.96897],[2.35693,48.96878],[2.35536,48.96744],[2.3548,48.9669],[2.35392,48.96576],[2.35365,48.96583],[2.35347,48.96562],[2.35257,48.96573],[2.35232,48.96578],[2.35201,48.96591],[2.35177,48.96606],[2.35164,48.96619],[2.35158,48.96662],[2.35052,48.96702],[2.3485,48.9675],[2.34729,48.9677],[2.34722,48.96771],[2.34708,48.96766],[2.34508,48.96819],[2.34466,48.96818],[2.34387,48.96842],[2.33987,48.96255],[2.33939,48.96271],[2.33893,48.96292],[2.33746,48.96091],[2.33764,48.96072],[2.33808,48.96007],[2.3369,48.95858],[2.33651,48.95805],[2.33636,48.95774],[2.33622,48.95765],[2.33564,48.95712],[2.33551,48.95714],[2.33535,48.95703],[2.33511,48.95679],[2.33506,48.95681],[2.33427,48.95605],[2.33402,48.95617],[2.33336,48.95532],[2.3308,48.95737],[2.33025,48.95779],[2.32922,48.95847],[2.32792,48.95952],[2.32574,48.95841],[2.32562,48.95839],[2.32543,48.95829],[2.32269,48.95753],[2.32062,48.95813],[2.31977,48.95847],[2.31909,48.95894],[2.31892,48.95904],[2.31884,48.95905],[2.31795,48.95953],[2.3134,48.96212],[2.31306,48.96233],[2.313,48.96241],[2.31098,48.96216],[2.31089,48.962],[2.31079,48.96193],[2.31037,48.96175],[2.30935,48.9627],[2.30894,48.96351],[2.30752,48.96293],[2.30714,48.96274],[2.30677,48.963],[2.30508,48.96222],[2.30354,48.96367],[2.3031,48.96404],[2.30132,48.96539],[2.3005,48.96573],[2.30046,48.9657],[2.29922,48.96615],[2.29888,48.96631],[2.29209,48.96273],[2.29033,48.96171],[2.28893,48.95943],[2.28833,48.95838],[2.28972,48.95586],[2.29228,48.95139],[2.29183,48.95127],[2.29097,48.95097],[2.28792,48.95071],[2.28505,48.95037],[2.28149,48.94975],[2.279,48.94904],[2.27508,48.948],[2.27247,48.9474],[2.27067,48.94706],[2.26909,48.94669],[2.26861,48.94653],[2.26715,48.94593],[2.26518,48.94498],[2.26316,48.9442],[2.26178,48.94376],[2.26092,48.94344],[2.25982,48.94295],[2.25863,48.94235],[2.25791,48.94192],[2.25708,48.94137],[2.25558,48.94019],[2.25289,48.93911],[2.25034,48.93803],[2.24756,48.93674],[2.24621,48.93603],[2.24587,48.93583],[2.24264,48.93342],[2.24177,48.93285],[2.23888,48.93156],[2.23768,48.93108],[2.23609,48.9304],[2.23301,48.92877],[2.23114,48.92773],[2.2246,48.92329],[2.2191,48.91979],[2.2142,48.91656],[2.21316,48.9157],[2.21214,48.91469],[2.2112,48.91398],[2.20829,48.91206],[2.20767,48.91169],[2.20598,48.91084],[2.20357,48.9099],[2.2022,48.90933],[2.20121,48.90896],[2.20047,48.90862],[2.19821,48.91204],[2.19942,48.91262],[2.20023,48.91296],[2.20064,48.91325],[2.20113,48.91341],[2.20386,48.91454],[2.20082,48.91801],[2.1998,48.91873],[2.19919,48.91897],[2.20234,48.92095],[2.20472,48.92183],[2.20517,48.92203],[2.20501,48.92225],[2.20511,48.92225],[2.20479,48.92271],[2.20492,48.92275],[2.20438,48.92362],[2.20462,48.92368],[2.20407,48.92455],[2.20432,48.92451],[2.20398,48.92507],[2.20462,48.92522],[2.20367,48.92659],[2.20363,48.92657],[2.20307,48.92741],[2.20317,48.92741],[2.20378,48.9276],[2.20256,48.92924],[2.20284,48.92932],[2.20221,48.93022],[2.20251,48.93032],[2.20175,48.93129],[2.20193,48.93135],[2.20133,48.93209],[2.20009,48.93391],[2.19928,48.93527],[2.20102,48.93609],[2.20169,48.93587],[2.20208,48.93565],[2.20212,48.93579],[2.2021,48.93591],[2.20164,48.93772],[2.20158,48.93779],[2.20208,48.93762],[2.20215,48.9377],[2.20298,48.93775],[2.20294,48.93829],[2.20301,48.9383],[2.20292,48.93846],[2.20278,48.93996],[2.20523,48.94009],[2.20544,48.94014],[2.20567,48.94026],[2.20609,48.94065],[2.20576,48.94135],[2.20528,48.9414],[2.20536,48.9421],[2.20563,48.94298],[2.20601,48.94463],[2.20608,48.94613],[2.20627,48.94612],[2.20595,48.94952],[2.20587,48.94986],[2.20549,48.9499],[2.20477,48.9499],[2.20111,48.95034],[2.20059,48.95036],[2.20036,48.94969],[2.19904,48.94979],[2.19437,48.95039],[2.19384,48.95051],[2.19381,48.95053],[2.19382,48.95058],[2.19271,48.95055],[2.19114,48.95036],[2.19081,48.95035],[2.18971,48.95043],[2.1902,48.95177],[2.18401,48.95332],[2.18383,48.95312],[2.1817,48.95357],[2.17795,48.95456],[2.17585,48.95219],[2.17574,48.95213],[2.17515,48.95238],[2.17519,48.95243],[2.17333,48.95348],[2.17447,48.95429],[2.1759,48.95579],[2.1775,48.95783],[2.17813,48.95902],[2.17825,48.9598],[2.1783,48.96067],[2.17805,48.96327],[2.1782,48.96388],[2.17882,48.96573],[2.17905,48.96609],[2.178,48.96646],[2.17781,48.9666],[2.17755,48.96687],[2.17717,48.9675],[2.17713,48.96776],[2.17717,48.96799],[2.17712,48.96848],[2.17685,48.96904],[2.1764,48.9695],[2.1761,48.96998],[2.17563,48.97128],[2.1755,48.97174],[2.17549,48.97199],[2.17558,48.97292],[2.17527,48.97358],[2.17472,48.9741],[2.17382,48.97505],[2.1726,48.97609],[2.17219,48.9765],[2.17163,48.97707],[2.17064,48.97822],[2.17055,48.97839],[2.16995,48.97859],[2.16894,48.9791],[2.16669,48.98046],[2.16627,48.98081],[2.1659,48.9813],[2.16562,48.9816],[2.16468,48.98215],[2.16412,48.98238],[2.1627,48.98266],[2.16237,48.98277],[2.16157,48.98297],[2.16049,48.98346],[2.15922,48.98397],[2.1583,48.98421],[2.15634,48.9849],[2.15618,48.98498],[2.15609,48.98508],[2.1557,48.98559],[2.15047,48.98645],[2.1498,48.98639],[2.14831,48.9865],[2.14768,48.98661],[2.14346,48.98776],[2.14265,48.98794],[2.14163,48.98812],[2.14015,48.98828],[2.13693,48.9883],[2.13326,48.98869],[2.13214,48.98869],[2.13015,48.98878],[2.12881,48.98888],[2.12816,48.98896],[2.12763,48.98906],[2.127,48.98924],[2.12626,48.98954],[2.12556,48.99006],[2.12496,48.99066],[2.12454,48.99102],[2.12393,48.99148],[2.12364,48.99166],[2.12401,48.99359],[2.12333,48.99357],[2.12071,48.9933],[2.12105,48.99548],[2.12356,49.00369],[2.12563,49.00706],[2.12712,49.00967],[2.12685,49.01108],[2.1267,49.0122],[2.12125,49.01833],[2.12071,49.01789],[2.12041,49.01758],[2.11997,49.01722],[2.11871,49.01631],[2.1164,49.01454],[2.11545,49.01386],[2.11351,49.01235],[2.1132,49.01212],[2.11181,49.01124],[2.11059,49.01035],[2.11055,49.00957],[2.11023,49.00874],[2.10545,49.00956],[2.10201,49.01046],[2.0987,49.01104],[2.09722,49.0114],[2.09628,49.01172],[2.09571,49.01188],[2.09273,49.01255],[2.0924,49.01266],[2.08982,49.01334],[2.08951,49.01344],[2.08787,49.01386],[2.08486,49.01455],[2.08393,49.01225],[2.08266,49.00945],[2.08253,49.00946],[2.082,49.00913],[2.07986,49.00808],[2.0784,49.00746],[2.0772,49.00712],[2.07659,49.00701],[2.07643,49.00701],[2.0756,49.00676],[2.07517,49.00667],[2.07476,49.00668],[2.07482,49.00656],[2.07538,49.00319],[2.07529,49.0021],[2.07354,49.00173],[2.07275,49.00178],[2.07171,49.0014],[2.07116,49.00243],[2.0705,49.00338],[2.07009,49.00386],[2.06869,49.00525],[2.06805,49.00584],[2.06754,49.00622],[2.06657,49.0068],[2.06516,49.00772],[2.06413,49.00846],[2.06369,49.00814],[2.06164,49.00721],[2.05939,49.00626],[2.05745,49.00575],[2.05752,49.00565],[2.05731,49.00552],[2.05696,49.00538],[2.0563,49.00526],[2.05502,49.00521],[2.05463,49.00514],[2.05391,49.00489],[2.0532,49.00446],[2.05293,49.00434],[2.05245,49.00426],[2.05114,49.00386],[2.04992,49.00304],[2.04975,49.00296],[2.04988,49.00262],[2.04914,49.00253],[2.04811,49.00232],[2.04738,49.00214],[2.04498,49.00133],[2.04356,49.00078],[2.04279,49.00059],[2.04263,49.00073],[2.04198,49.00114],[2.04166,49.00132],[2.04146,49.00138],[2.04064,49.00136],[2.03927,49.00139],[2.03662,49.00169],[2.03064,49.00167],[2.02994,49.00174],[2.02933,49.00175],[2.02862,49.00166],[2.02828,49.00156],[2.02762,49.0013],[2.02759,49.00131],[2.02685,49.00097],[2.02589,49.00041],[2.02605,48.99984],[2.02507,48.99903],[2.02365,48.99795],[2.02357,48.99801],[2.02196,48.99875],[2.02072,48.9992],[2.01878,48.99979],[2.01713,49.00027],[2.0145,49.0011],[2.01415,49.00117],[2.0133,49.00127],[2.01266,49.00205],[2.01187,49.00359],[2.01198,49.0046],[2.00954,49.00637],[2.00728,49.00836],[2.00822,49.00837],[2.00842,49.00843],[2.00895,49.0087],[2.00996,49.00936],[2.01022,49.00947],[2.01039,49.00949],[2.0094,49.0108],[2.0087,49.01148],[2.00927,49.01169],[2.01118,49.01259],[2.01343,49.01357],[2.01468,49.01401],[2.01512,49.0142],[2.01498,49.01442],[2.01374,49.01557],[2.01383,49.01736],[2.0137,49.0175],[2.01229,49.01743],[2.01159,49.01757],[2.01102,49.01918],[2.01007,49.02688],[2.01201,49.02704],[2.01253,49.02712],[2.01284,49.02721],[2.01175,49.032],[2.01154,49.03355],[2.01142,49.03401],[2.01129,49.03431],[2.01121,49.03502],[2.01077,49.03737],[2.0145,49.03925],[2.01604,49.03966],[2.01593,49.03971],[2.01612,49.04016],[2.0136,49.04162],[2.01103,49.04347],[2.01043,49.04387],[2.00704,49.04457],[2.00755,49.04543],[2.0082,49.04609],[2.00902,49.04674],[2.00847,49.04683],[2.00837,49.04721],[2.00789,49.04731],[2.00812,49.0477],[2.00832,49.04831],[2.00669,49.04863],[2.00695,49.0492],[2.00445,49.04969],[2.00477,49.05028],[1.99998,49.05178],[2.00228,49.05327],[2.00324,49.05379],[2.00416,49.05418],[2.0067,49.05489],[2.00839,49.05519],[2.01001,49.05557],[2.01072,49.05621],[2.01323,49.05551],[2.0142,49.05528],[2.01513,49.05511],[2.0174,49.05487],[2.01763,49.05472],[2.01944,49.05442],[2.01966,49.05465],[2.02453,49.05417],[2.02494,49.05482],[2.02538,49.05524],[2.02595,49.0556],[2.02791,49.05647],[2.02821,49.05616],[2.02869,49.05592],[2.02929,49.05577],[2.03069,49.0557],[2.03118,49.0557],[2.03262,49.05559],[2.03322,49.0556],[2.03796,49.0554],[2.03855,49.05533],[2.03945,49.05515],[2.04237,49.05433],[2.04294,49.05421],[2.04359,49.05413],[2.04424,49.05407],[2.0466,49.05402],[2.04669,49.05547],[2.04682,49.05613],[2.05553,49.05465],[2.05758,49.05427],[2.05846,49.05397],[2.05852,49.05382],[2.06136,49.05302],[2.06247,49.05266],[2.06306,49.05244],[2.06335,49.05228],[2.06434,49.05202],[2.06554,49.05164],[2.06667,49.05106],[2.06851,49.04997],[2.07011,49.04886],[2.07228,49.04725],[2.07288,49.04764],[2.07333,49.04811],[2.0748,49.04758],[2.07599,49.04887],[2.07606,49.04906],[2.07595,49.04912],[2.07608,49.04948],[2.07706,49.05079],[2.07853,49.0521],[2.0781,49.05252],[2.07736,49.05284],[2.07707,49.0529],[2.07688,49.05299],[2.07653,49.05337],[2.07642,49.0537],[2.0767,49.05418],[2.07679,49.05448],[2.07673,49.05494],[2.07681,49.05507],[2.07691,49.0551],[2.07775,49.0549],[2.07788,49.05488],[2.07813,49.05491],[2.07874,49.05536],[2.07947,49.05564],[2.0809,49.05602],[2.08145,49.05635],[2.08184,49.05741],[2.08215,49.05786],[2.08263,49.05779],[2.08288,49.05819],[2.0846,49.06001],[2.08554,49.06061],[2.08902,49.06383],[2.08901,49.06395],[2.09156,49.06648],[2.09393,49.06843],[2.09572,49.07007],[2.09339,49.07116],[2.09255,49.07139],[2.09227,49.07151],[2.09174,49.07179],[2.09109,49.07226],[2.08975,49.07279],[2.08833,49.07358],[2.08775,49.07346],[2.0877,49.07355],[2.0873,49.0745],[2.08715,49.07471],[2.08711,49.07486],[2.08719,49.07537],[2.08714,49.07572],[2.08721,49.07595],[2.0872,49.07659],[2.08732,49.0771],[2.08747,49.07716],[2.08712,49.07753],[2.08686,49.07766],[2.08662,49.07788],[2.0863,49.0781],[2.08615,49.0784],[2.08608,49.07871],[2.0861,49.07906],[2.08638,49.08003],[2.08656,49.08046],[2.08666,49.08106],[2.08665,49.08154],[2.0867,49.08169],[2.08617,49.08236],[2.08565,49.08221],[2.08549,49.08219],[2.08424,49.08366],[2.08429,49.08421],[2.08581,49.08401],[2.08605,49.08394],[2.0861,49.08398],[2.0862,49.0842],[2.08622,49.08433],[2.08619,49.08555],[2.08663,49.08656],[2.09251,49.08457],[2.10065,49.08942],[2.11292,49.09266],[2.11714,49.09373],[2.11903,49.09284],[2.11989,49.09232],[2.11835,49.09057],[2.12646,49.08683],[2.12656,49.08696],[2.12852,49.08629],[2.12907,49.08678],[2.13089,49.08578],[2.13332,49.08756],[2.13296,49.08764],[2.13378,49.08823],[2.13363,49.08828],[2.13777,49.0907],[2.13821,49.09056],[2.1426,49.09213],[2.14333,49.09135],[2.14396,49.09155],[2.14386,49.0917],[2.14535,49.09206],[2.14582,49.09139],[2.14787,49.09208],[2.14779,49.09217],[2.14874,49.09259],[2.1465,49.09472],[2.14629,49.09488],[2.14489,49.09548],[2.14239,49.09695],[2.14367,49.09803],[2.14495,49.09902],[2.14549,49.09934],[2.14661,49.0999],[2.14711,49.10059],[2.14713,49.10143],[2.14767,49.10148],[2.14806,49.10236],[2.14822,49.10261],[2.14851,49.10297],[2.14975,49.10405],[2.14981,49.10427],[2.1509,49.10383],[2.15456,49.10543],[2.15979,49.10364],[2.15937,49.10497],[2.15904,49.10691],[2.1604,49.10742],[2.16051,49.10743],[2.16517,49.10755],[2.16518,49.10845],[2.17249,49.10903],[2.17228,49.10966],[2.17271,49.10954],[2.17424,49.10985],[2.17434,49.10963],[2.17469,49.1097],[2.1752,49.10889],[2.17616,49.10926],[2.17626,49.10921],[2.17663,49.10932],[2.17675,49.1092],[2.17784,49.10954],[2.17839,49.10974],[2.17852,49.10953],[2.17876,49.10956],[2.1789,49.10961],[2.17903,49.10945],[2.17995,49.10977],[2.1809,49.1086],[2.18218,49.10916],[2.18245,49.10904],[2.18385,49.10948],[2.18335,49.10964],[2.1835,49.10977],[2.18418,49.11018],[2.18374,49.11035],[2.1843,49.11038],[2.18513,49.11068],[2.18475,49.11097],[2.18528,49.11138],[2.18548,49.11173],[2.18567,49.11198],[2.18545,49.1121],[2.18627,49.11244],[2.18828,49.11319],[2.18843,49.11324],[2.18916,49.1133],[2.18941,49.11337],[2.19294,49.11493],[2.19326,49.11473],[2.19462,49.11572],[2.19493,49.11556],[2.19517,49.11572],[2.19592,49.11526],[2.19923,49.11794],[2.19943,49.11819],[2.19708,49.1195],[2.19779,49.11986],[2.19637,49.12123],[2.19757,49.12191],[2.19611,49.12347],[2.1952,49.12395],[2.19507,49.12384],[2.19418,49.1243],[2.19575,49.12572],[2.19459,49.1262],[2.1934,49.12674],[2.19349,49.12682],[2.1926,49.12721],[2.19252,49.12713],[2.19219,49.12726],[2.19306,49.12797],[2.19366,49.12854],[2.19317,49.12894],[2.19318,49.12947],[2.1931,49.1295],[2.1925,49.12992],[2.19287,49.13016],[2.19348,49.13049],[2.19332,49.13061],[2.19339,49.13075],[2.19409,49.13128],[2.19143,49.13292],[2.19307,49.13469],[2.1908,49.13542],[2.19114,49.13556],[2.19079,49.1358],[2.19059,49.13599],[2.19007,49.13674],[2.18976,49.1377],[2.1898,49.13781],[2.18998,49.13784],[2.19005,49.13789],[2.18971,49.13876],[2.18961,49.13937],[2.18979,49.13973],[2.19015,49.14171],[2.18993,49.14189],[2.19052,49.14225],[2.1927,49.14265],[2.19469,49.14298],[2.19765,49.14355],[2.19707,49.14477],[2.19572,49.14803],[2.19483,49.14997],[2.19233,49.15574],[2.19809,49.15661],[2.19846,49.15665],[2.19388,49.16152],[2.1923,49.16497],[2.19404,49.16563],[2.19507,49.16621],[2.1967,49.16693],[2.1969,49.16706],[2.19705,49.16645],[2.19844,49.16646],[2.19909,49.16495],[2.20038,49.16337],[2.20225,49.16215],[2.20566,49.15945],[2.20655,49.15847],[2.20668,49.15818],[2.20835,49.15731],[2.21089,49.15657],[2.21141,49.15625],[2.21308,49.15553],[2.21423,49.1551],[2.21496,49.15487],[2.21573,49.15449],[2.21667,49.15422],[2.21685,49.15413],[2.21684,49.15389],[2.21741,49.15377],[2.21739,49.15373],[2.21805,49.15356],[2.2223,49.15226],[2.22329,49.1521],[2.2293,49.15153],[2.23211,49.15143],[2.23213,49.15162],[2.23179,49.15243],[2.23314,49.15254],[2.23356,49.15266],[2.23355,49.15155],[2.23695,49.15188],[2.23859,49.15181],[2.23881,49.15198],[2.24132,49.15159],[2.24167,49.15241],[2.24187,49.15341],[2.24553,49.15339],[2.24652,49.15345],[2.24773,49.15344],[2.24899,49.1535],[2.25036,49.15349],[2.25145,49.15324],[2.25378,49.15263],[2.25876,49.15578],[2.25971,49.15514],[2.26008,49.15533],[2.25992,49.15537],[2.25986,49.15544],[2.25981,49.15572],[2.2599,49.15605],[2.25986,49.15615],[2.25946,49.15661],[2.26079,49.1573],[2.26215,49.15838],[2.26364,49.1577],[2.26459,49.15728],[2.26567,49.15686],[2.2677,49.15593],[2.26817,49.15575],[2.2687,49.15583],[2.26925,49.156],[2.26935,49.156],[2.26976,49.15652],[2.27012,49.15686],[2.2704,49.15703],[2.27097,49.15725],[2.27125,49.1574],[2.27401,49.15813],[2.27454,49.15838],[2.27542,49.1587],[2.27568,49.15877],[2.27671,49.15898],[2.27865,49.15889],[2.27872,49.15876],[2.28119,49.15885],[2.28248,49.15915],[2.28296,49.15967],[2.28648,49.15987],[2.28623,49.16021],[2.28572,49.16109],[2.28548,49.16159],[2.28536,49.16203],[2.2853,49.16251],[2.28527,49.16344],[2.2852,49.16345],[2.28501,49.16481],[2.28509,49.16571],[2.28649,49.16566],[2.28642,49.16582],[2.28756,49.16588],[2.28697,49.16718],[2.28813,49.16737],[2.28787,49.16795],[2.28949,49.16804],[2.28927,49.16914],[2.28881,49.17071],[2.29026,49.17074],[2.29018,49.17154],[2.29246,49.17166],[2.29245,49.17185],[2.29415,49.17171],[2.29437,49.17242],[2.29454,49.17236],[2.29482,49.17341],[2.29568,49.17333],[2.29663,49.17621],[2.29952,49.17596],[2.29958,49.17656],[2.29954,49.17822],[2.29964,49.17882],[2.30003,49.18],[2.30008,49.1803],[2.3001,49.18124],[2.30077,49.18323],[2.30127,49.18404],[2.30445,49.18394],[2.30433,49.18365],[2.30479,49.18361],[2.30575,49.18343],[2.30621,49.18482],[2.30823,49.18461],[2.30846,49.18541],[2.31041,49.18496],[2.31076,49.18594],[2.3108,49.18675],[2.31328,49.18634],[2.31321,49.18584],[2.3174,49.18539],[2.31929,49.18507],[2.3216,49.18437],[2.32055,49.18352],[2.31955,49.18242],[2.32125,49.18189],[2.32063,49.18129],[2.32187,49.18092],[2.32173,49.18073],[2.32371,49.17994],[2.3232,49.1795],[2.3243,49.179],[2.32455,49.17893],[2.32582,49.17873],[2.32558,49.17817],[2.32604,49.17766],[2.32636,49.17759],[2.32762,49.17708],[2.3273,49.17648],[2.32768,49.17627],[2.32777,49.17634],[2.33145,49.17383],[2.33136,49.17376],[2.33147,49.17367],[2.33554,49.17066],[2.33842,49.16777],[2.33874,49.16747],[2.33883,49.16743],[2.34047,49.16586],[2.34035,49.16578],[2.3413,49.16489],[2.34595,49.16235],[2.34849,49.15963],[2.34857,49.15954],[2.34853,49.15951],[2.35051,49.15722],[2.35267,49.15521],[2.3536,49.15449],[2.35423,49.15426],[2.35377,49.15394],[2.35535,49.15328],[2.35517,49.15282],[2.35488,49.15175],[2.35342,49.15116],[2.35379,49.15085],[2.35487,49.1495],[2.35509,49.14926],[2.35598,49.14869],[2.35636,49.14895],[2.35747,49.14834],[2.35757,49.14833],[2.35765,49.14845],[2.35834,49.14826],[2.35799,49.14806],[2.35934,49.14733],[2.35979,49.14767],[2.36037,49.14825],[2.36106,49.14912],[2.36177,49.15019],[2.36209,49.15087],[2.36225,49.15148],[2.36226,49.15217],[2.36221,49.15254],[2.36308,49.15251],[2.36339,49.1524],[2.36351,49.15239],[2.36384,49.15248],[2.36401,49.15245],[2.36402,49.15248],[2.36436,49.15233],[2.36487,49.15229],[2.36504,49.15235],[2.36493,49.15245],[2.36502,49.15286],[2.365,49.15297],[2.36488,49.15314],[2.365,49.15333],[2.36487,49.15358],[2.36512,49.15372],[2.36519,49.15403],[2.3653,49.1541],[2.36565,49.15402],[2.36591,49.15401],[2.3663,49.1539],[2.36645,49.15392],[2.36653,49.15397],[2.36654,49.15421],[2.36664,49.15443],[2.36662,49.15449],[2.36651,49.15452],[2.36634,49.15447],[2.36619,49.15451],[2.36605,49.1548],[2.36606,49.15485],[2.36613,49.15495],[2.36621,49.15495],[2.36649,49.15485],[2.36661,49.15528],[2.36693,49.15537],[2.36704,49.15546],[2.36711,49.15583],[2.36716,49.15587],[2.36724,49.15586],[2.36742,49.15575],[2.36756,49.1557],[2.36762,49.15576],[2.36769,49.15598],[2.36777,49.15605],[2.36793,49.15608],[2.36827,49.15593],[2.36836,49.15593],[2.36841,49.15608],[2.3688,49.15631],[2.36888,49.15632],[2.36928,49.15616],[2.3695,49.15619],[2.36966,49.15628],[2.36981,49.15643],[2.36982,49.15652],[2.3697,49.15679],[2.36971,49.15689],[2.36976,49.15692],[2.36985,49.15691],[2.37012,49.1568],[2.37027,49.15685],[2.3703,49.15693],[2.3702,49.15717],[2.37044,49.15747],[2.3705,49.15766],[2.37041,49.15785],[2.37016,49.15807],[2.37019,49.15836],[2.37005,49.15853],[2.37001,49.15871],[2.3701,49.1588],[2.37023,49.1588],[2.37046,49.15865],[2.37077,49.15868],[2.3709,49.1588],[2.37093,49.1592],[2.37109,49.15926],[2.37229,49.15937],[2.37291,49.15947],[2.37307,49.15945],[2.37381,49.15921],[2.37403,49.15916],[2.37435,49.15917],[2.37503,49.15924],[2.37636,49.15904],[2.37799,49.15853],[2.37872,49.15826],[2.37898,49.1582],[2.37998,49.15815],[2.38046,49.15804],[2.38068,49.15795],[2.38102,49.15772],[2.38215,49.15668],[2.3835,49.15556],[2.3835,49.15551],[2.3912,49.14931],[2.39989,49.15078],[2.40002,49.15075],[2.40033,49.15078],[2.40176,49.15126],[2.4025,49.15147],[2.40428,49.1519],[2.40548,49.15204],[2.41312,49.15242],[2.41561,49.15178],[2.41554,49.14989],[2.41582,49.14988],[2.417,49.1497],[2.41718,49.1497],[2.4175,49.14981],[2.41793,49.14964],[2.41812,49.1496],[2.41907,49.14958],[2.41954,49.14945],[2.41984,49.14947],[2.4204,49.14958],[2.42087,49.14954],[2.42122,49.14959],[2.42171,49.1495],[2.42207,49.14938],[2.42223,49.14941],[2.42253,49.14957],[2.42272,49.1496],[2.42303,49.14959],[2.42388,49.14948],[2.4247,49.14955],[2.42567,49.14944],[2.42622,49.14935],[2.42669,49.14921],[2.42706,49.14916],[2.42766,49.14913],[2.42851,49.14895],[2.4291,49.14885],[2.4302,49.14856],[2.43121,49.14843],[2.43159,49.14831],[2.43198,49.14833],[2.43247,49.14816],[2.43272,49.1482],[2.43343,49.1481],[2.43384,49.14799],[2.43411,49.14777],[2.43526,49.14769],[2.43554,49.14738],[2.43573,49.14726],[2.4362,49.14708],[2.43669,49.14698],[2.43683,49.14692],[2.43711,49.14667],[2.43722,49.14661],[2.43759,49.14651],[2.43834,49.14637],[2.43968,49.14637],[2.4403,49.14614],[2.44078,49.14591],[2.44039,49.14481],[2.4389,49.14164],[2.43862,49.14167],[2.43764,49.14169],[2.4283,49.14187],[2.42628,49.13998],[2.42188,49.13557],[2.42074,49.13433],[2.41941,49.13473],[2.41812,49.13507],[2.41766,49.13514],[2.41687,49.13523],[2.41389,49.1353],[2.41275,49.13577],[2.41197,49.13601],[2.41173,49.13543],[2.41127,49.13409],[2.40811,49.13518],[2.40794,49.1353],[2.40755,49.13535],[2.40717,49.13548],[2.40687,49.13551],[2.40661,49.1356],[2.40582,49.13575],[2.4055,49.13593],[2.40525,49.13597],[2.40496,49.13607],[2.40458,49.13609],[2.40435,49.13614],[2.40402,49.13613],[2.40378,49.13618],[2.40347,49.13619],[2.40277,49.13617],[2.40226,49.13633],[2.40193,49.13636],[2.40154,49.1365],[2.40074,49.13662],[2.3995,49.13695],[2.39911,49.13702],[2.39899,49.13666],[2.39879,49.13668],[2.39856,49.13629],[2.39833,49.13613],[2.39812,49.1361],[2.39757,49.13612],[2.39696,49.13628],[2.39646,49.13627],[2.39646,49.13633],[2.39573,49.1364],[2.39534,49.13647],[2.39378,49.13666],[2.39344,49.13676],[2.39266,49.1369],[2.39204,49.13708],[2.39172,49.1371],[2.39155,49.13714],[2.39132,49.13713],[2.39123,49.13721],[2.39101,49.1373],[2.39094,49.13734],[2.39086,49.13753],[2.39058,49.1379],[2.39032,49.13811],[2.38983,49.13838],[2.38955,49.13867],[2.38918,49.13926],[2.38921,49.13939],[2.38854,49.13925],[2.38748,49.13894],[2.38685,49.1387],[2.38672,49.13861],[2.38564,49.13814],[2.38409,49.13719],[2.38386,49.13708],[2.38311,49.13655],[2.38239,49.13593],[2.38213,49.13554],[2.37943,49.13681],[2.37822,49.13734],[2.37705,49.13772],[2.37714,49.13781],[2.37575,49.13868],[2.37392,49.13845],[2.37349,49.13836],[2.37324,49.13756],[2.37269,49.13611],[2.36959,49.13517],[2.36954,49.13524],[2.36835,49.13477],[2.36837,49.13472],[2.3649,49.13282],[2.36428,49.13251],[2.36414,49.1324],[2.36398,49.13236],[2.36316,49.13184],[2.36205,49.13046],[2.35967,49.12735],[2.35826,49.12535],[2.35645,49.12325],[2.35574,49.1225],[2.35525,49.12201],[2.35489,49.1218],[2.35399,49.12116],[2.35239,49.12029],[2.35229,49.12013],[2.3518,49.11988],[2.35077,49.11919],[2.35055,49.11901],[2.35043,49.11866],[2.35012,49.11842],[2.34989,49.11829],[2.34963,49.11819],[2.34939,49.11801],[2.34915,49.11794],[2.34898,49.11782],[2.34894,49.1177],[2.34901,49.11743],[2.34885,49.11708],[2.34883,49.11678],[2.34688,49.11701],[2.34453,49.11724],[2.34134,49.11766],[2.34054,49.11848],[2.33906,49.11988],[2.33842,49.12081],[2.33729,49.12259],[2.33679,49.12331],[2.33557,49.1228],[2.33438,49.12227],[2.33406,49.12209],[2.33316,49.12225],[2.32006,49.12486],[2.31344,49.12274],[2.30946,49.12662],[2.30862,49.12753],[2.30689,49.12917],[2.30396,49.1321],[2.30585,49.1325],[2.30537,49.13305],[2.30387,49.13442],[2.30357,49.1345],[2.30265,49.13528],[2.30025,49.13719],[2.29874,49.13854],[2.29853,49.13841],[2.29781,49.13744],[2.29703,49.13662],[2.29587,49.1363],[2.29675,49.13604],[2.29563,49.13447],[2.29402,49.13496],[2.29314,49.13519],[2.29301,49.1352],[2.29232,49.13616],[2.29158,49.13592],[2.29053,49.13575],[2.29014,49.13565],[2.28928,49.13531],[2.2891,49.13557],[2.28895,49.13588],[2.28881,49.13625],[2.28873,49.1367],[2.28734,49.13645],[2.2872,49.13666],[2.28702,49.1366],[2.28296,49.13587],[2.2829,49.13566],[2.28242,49.13569],[2.28091,49.13679],[2.27824,49.13526],[2.27755,49.13379],[2.27746,49.13371],[2.27701,49.13279],[2.27691,49.13235],[2.27693,49.13096],[2.27718,49.12933],[2.2772,49.12876],[2.27798,49.12729],[2.27792,49.12722],[2.27703,49.12699],[2.27749,49.12676],[2.27759,49.12665],[2.27782,49.12652],[2.2779,49.12635],[2.27826,49.12603],[2.2785,49.12595],[2.27856,49.12585],[2.27882,49.12578],[2.27893,49.12572],[2.27931,49.12574],[2.27943,49.12516],[2.27851,49.12473],[2.27772,49.12531],[2.27609,49.12515],[2.27527,49.1248],[2.27103,49.12433],[2.2709,49.12445],[2.26891,49.12433],[2.26788,49.12458],[2.26786,49.12456],[2.26755,49.12458],[2.2645,49.1249],[2.26235,49.12416],[2.26203,49.12341],[2.26178,49.12299],[2.26247,49.12232],[2.26374,49.12077],[2.26401,49.12035],[2.26314,49.12016],[2.26231,49.11902],[2.26178,49.11869],[2.26112,49.11783],[2.26105,49.1177],[2.26001,49.11671],[2.26089,49.11424],[2.25836,49.11378],[2.25838,49.11357],[2.25712,49.11346],[2.25581,49.11279],[2.25526,49.11125],[2.25522,49.11089],[2.25548,49.11033],[2.25594,49.10998],[2.25621,49.10927],[2.25631,49.1084],[2.25639,49.1081],[2.25648,49.10799],[2.2572,49.10749],[2.25737,49.10726],[2.25821,49.10641],[2.25849,49.1064],[2.25947,49.10622],[2.26086,49.10611],[2.26133,49.10587],[2.26217,49.10533],[2.26272,49.1047],[2.26301,49.10416],[2.26316,49.10369],[2.26313,49.10332],[2.26294,49.10302],[2.26043,49.10077],[2.26006,49.09895],[2.25862,49.09698],[2.25644,49.09518],[2.2558,49.09518],[2.2526,49.09247],[2.25063,49.09087],[2.25781,49.09126],[2.2579,49.09129],[2.25765,49.08563],[2.25749,49.0839],[2.25791,49.08369],[2.26157,49.08205],[2.26586,49.08015],[2.26772,49.07937],[2.2692,49.07867],[2.27391,49.07659],[2.27362,49.07655],[2.27337,49.07644],[2.27316,49.07616],[2.27291,49.07601],[2.272,49.07583],[2.27148,49.0756],[2.2708,49.07541],[2.27003,49.07508],[2.26985,49.07474],[2.26971,49.07433],[2.26939,49.07301],[2.26985,49.07093],[2.27025,49.07044],[2.27096,49.06983],[2.27179,49.06925],[2.27443,49.06873],[2.27396,49.06799],[2.27352,49.06701],[2.2734,49.06666],[2.27339,49.06636],[2.27345,49.06616],[2.27167,49.06569],[2.2714,49.0642],[2.27187,49.06404],[2.27203,49.06401],[2.27245,49.06401],[2.27312,49.06418],[2.27375,49.06429],[2.27562,49.06456],[2.27665,49.06486],[2.27748,49.06522],[2.27813,49.0654],[2.27857,49.06548],[2.2795,49.06554],[2.27989,49.0657],[2.28044,49.06583],[2.28118,49.06581],[2.28113,49.06543],[2.28117,49.06534],[2.28058,49.06435],[2.28091,49.06432],[2.28011,49.06275],[2.2797,49.06226],[2.27951,49.06192],[2.27947,49.06167],[2.27891,49.06036],[2.27883,49.05955],[2.27908,49.05878],[2.27918,49.05781],[2.2791,49.05555],[2.27904,49.05519],[2.27913,49.05505],[2.27891,49.05435],[2.279,49.05299],[2.27916,49.05275],[2.27986,49.05113],[2.27995,49.051],[2.28027,49.0507],[2.28035,49.05056],[2.2807,49.04942],[2.28072,49.04923],[2.28094,49.04927],[2.28152,49.04926],[2.28174,49.04942],[2.28218,49.04963],[2.28225,49.0498],[2.28302,49.04984],[2.28356,49.04976],[2.2838,49.04968],[2.28482,49.04901],[2.28455,49.04871],[2.28446,49.04844],[2.28449,49.0475],[2.28462,49.04655],[2.28427,49.04617],[2.28397,49.04596],[2.28371,49.04566],[2.28354,49.04553],[2.28305,49.04525],[2.28193,49.04437],[2.28164,49.04413],[2.2812,49.0437],[2.28011,49.04316],[2.27939,49.04293],[2.27805,49.04219],[2.27746,49.042],[2.27671,49.04185],[2.2752,49.03985],[2.27497,49.03829],[2.27462,49.03634],[2.27575,49.036],[2.27647,49.03582],[2.2766,49.03582],[2.27685,49.03574],[2.27728,49.03554],[2.27842,49.03517],[2.28291,49.03377],[2.28318,49.03363],[2.28326,49.03354],[2.28343,49.03312],[2.28543,49.03309],[2.28663,49.03261],[2.28791,49.0322],[2.29008,49.03158],[2.29369,49.03041],[2.29416,49.03085],[2.29501,49.0315],[2.29514,49.03168],[2.29556,49.032],[2.29577,49.03209],[2.29731,49.0324],[2.29821,49.03311],[2.29837,49.03411],[2.2992,49.03511],[2.30097,49.03404],[2.30113,49.03426],[2.30115,49.03474],[2.30128,49.03515],[2.30153,49.03647],[2.30151,49.03684],[2.30571,49.03725],[2.30612,49.0382],[2.30692,49.03878],[2.30725,49.0385],[2.30761,49.03829],[2.30836,49.03859],[2.31027,49.03998],[2.31107,49.03882],[2.31226,49.03743],[2.31253,49.03764],[2.31703,49.04048],[2.31768,49.04077],[2.31898,49.04121],[2.31939,49.04147],[2.32107,49.04287],[2.32134,49.04303],[2.32179,49.04354],[2.32277,49.04399],[2.3244,49.04459],[2.32482,49.04413],[2.32748,49.04501],[2.32772,49.04466],[2.32911,49.04528],[2.33041,49.04647],[2.33083,49.04672],[2.33143,49.04716],[2.33489,49.04524],[2.33423,49.04477],[2.33487,49.04438],[2.33546,49.04478],[2.33578,49.04494],[2.33724,49.0458],[2.33722,49.04549],[2.33728,49.04514],[2.33747,49.04486],[2.33932,49.04076],[2.34203,49.03394],[2.3426,49.03403],[2.34326,49.03407],[2.34474,49.03369],[2.34515,49.03372],[2.34594,49.03387],[2.34565,49.03288],[2.34644,49.0326],[2.34666,49.03334],[2.3482,49.03265],[2.34923,49.03215],[2.35166,49.03061],[2.35275,49.02969],[2.35306,49.0294],[2.35372,49.02819],[2.35489,49.02678],[2.35541,49.02676],[2.35598,49.02664],[2.35647,49.02624],[2.35695,49.02595],[2.35726,49.02583],[2.35771,49.02571],[2.35808,49.02566],[2.35846,49.02555],[2.35874,49.02541],[2.35881,49.02537],[2.35791,49.02506],[2.35883,49.02489],[2.35897,49.02479],[2.35905,49.02465],[2.35919,49.02427],[2.35925,49.02421],[2.35951,49.02408],[2.35965,49.02389],[2.36022,49.02376],[2.36074,49.0235],[2.36203,49.02276],[2.36249,49.02245],[2.36395,49.02188],[2.36379,49.02237],[2.36395,49.02287],[2.36431,49.02308],[2.36494,49.0242],[2.36633,49.02564],[2.36641,49.02582],[2.36671,49.02617],[2.36866,49.02828],[2.36904,49.02858],[2.37051,49.02962],[2.37079,49.02988],[2.37107,49.03038],[2.37112,49.03063],[2.37111,49.03083],[2.37092,49.0312],[2.37092,49.03147],[2.37179,49.03383],[2.37177,49.0342],[2.37315,49.03558],[2.37395,49.03755],[2.37467,49.03765],[2.37528,49.03778],[2.37692,49.03844],[2.37839,49.03924],[2.38275,49.04198],[2.39482,49.04051],[2.39471,49.03992],[2.39477,49.03911],[2.39465,49.03891],[2.3975,49.03985],[2.39918,49.0397],[2.39911,49.03946],[2.39912,49.03933],[2.39933,49.03899],[2.3997,49.0386],[2.40063,49.03785],[2.40086,49.03748],[2.40093,49.03717],[2.40094,49.03686],[2.4006,49.03603],[2.40046,49.03581],[2.40052,49.03517],[2.40074,49.03429],[2.40092,49.03378],[2.40132,49.03301],[2.40291,49.03096],[2.40313,49.03074],[2.40455,49.02956],[2.40562,49.02833],[2.40586,49.02766],[2.40607,49.02735],[2.40653,49.02691],[2.40668,49.02662],[2.40693,49.02637],[2.40702,49.02618],[2.40747,49.02567],[2.40833,49.02505],[2.40864,49.0249],[2.40901,49.02466],[2.40904,49.02467],[2.41002,49.02415],[2.41076,49.02412],[2.41054,49.02393],[2.41223,49.0231],[2.41216,49.02282],[2.41262,49.02273],[2.41316,49.02257],[2.41318,49.02251],[2.41307,49.02233],[2.41575,49.02104],[2.41593,49.02117],[2.41592,49.02074],[2.41605,49.02076],[2.4163,49.02072],[2.41782,49.02025],[2.41793,49.0202],[2.41829,49.01971],[2.42018,49.01934],[2.42294,49.01888],[2.4218,49.01687],[2.42136,49.01591],[2.42349,49.01504],[2.42316,49.01448],[2.42491,49.01409],[2.42413,49.013],[2.42825,49.01212],[2.42394,49.00929],[2.42073,49.00562],[2.42041,49.00532],[2.42048,49.00292],[2.41895,49.00302],[2.41884,49.00172],[2.4193,49.00158],[2.4191,48.99941],[2.41724,48.99971],[2.4166,48.99976],[2.41642,48.99816],[2.41448,48.99804],[2.41505,48.99649],[2.41558,48.99523],[2.41403,48.99516],[2.4138,48.99377],[2.41195,48.99381],[2.41187,48.99359],[2.41105,48.99367],[2.41005,48.99384],[2.40987,48.99354],[2.40931,48.99366],[2.40821,48.99193],[2.40629,48.98953],[2.40572,48.98981],[2.40481,48.98891],[2.4046,48.98902],[2.40353,48.98796],[2.40334,48.98803],[2.4023,48.98664],[2.40115,48.98478],[2.40176,48.98475],[2.40138,48.98272],[2.39821,48.98245],[2.39662,48.98113],[2.38883,48.97577],[2.38874,48.97583],[2.38826,48.97549],[2.38836,48.97543],[2.38756,48.97488],[2.38554,48.97336],[2.38244,48.97123],[2.37573,48.97207],[2.37254,48.97237],[2.36888,48.97303],[2.36597,48.97401],[2.36574,48.97403]]],[[[1.73186,49.05051],[1.72995,49.04932],[1.72625,49.04688],[1.72408,49.0455],[1.72293,49.04473],[1.71673,49.04908],[1.71576,49.04852],[1.71405,49.04746],[1.70968,49.05066],[1.70768,49.05222],[1.70705,49.05172],[1.70673,49.05242],[1.70642,49.05199],[1.70605,49.05213],[1.70621,49.05228],[1.70481,49.05274],[1.70522,49.05324],[1.70381,49.05319],[1.70374,49.053],[1.70283,49.05338],[1.70274,49.05329],[1.70095,49.0538],[1.69882,49.05467],[1.69852,49.05471],[1.69858,49.0548],[1.69713,49.05537],[1.69464,49.05606],[1.69503,49.05637],[1.69356,49.05681],[1.6939,49.05738],[1.69426,49.05786],[1.69515,49.05891],[1.69589,49.06001],[1.69618,49.06066],[1.69622,49.06088],[1.69617,49.0615],[1.6961,49.06181],[1.69603,49.06283],[1.6961,49.06315],[1.69624,49.06342],[1.69669,49.06398],[1.69693,49.06411],[1.69712,49.06438],[1.69729,49.06483],[1.69732,49.06518],[1.6973,49.06552],[1.69723,49.06567],[1.69698,49.06595],[1.69596,49.06673],[1.69557,49.06692],[1.69525,49.06759],[1.69304,49.06919],[1.69234,49.06962],[1.69013,49.07083],[1.68927,49.07121],[1.68845,49.07154],[1.68766,49.07181],[1.68662,49.0721],[1.68611,49.07227],[1.68546,49.07256],[1.68394,49.07332],[1.6822,49.07436],[1.68122,49.0748],[1.67966,49.07566],[1.67911,49.07587],[1.6774,49.0763],[1.67549,49.07705],[1.6747,49.07742],[1.67305,49.07831],[1.67238,49.07854],[1.66927,49.07909],[1.66862,49.0791],[1.66816,49.07905],[1.66782,49.07896],[1.66705,49.07892],[1.66593,49.07914],[1.66397,49.07942],[1.66267,49.07976],[1.66187,49.08002],[1.66132,49.08029],[1.6605,49.08081],[1.66014,49.081],[1.65985,49.08111],[1.65952,49.08119],[1.65882,49.08129],[1.6574,49.08126],[1.65654,49.08128],[1.65507,49.08146],[1.65354,49.08178],[1.65269,49.08191],[1.65184,49.08194],[1.65143,49.08192],[1.65091,49.08186],[1.65009,49.08172],[1.64947,49.08157],[1.64915,49.08142],[1.64861,49.08124],[1.64726,49.08137],[1.64676,49.08139],[1.64661,49.08148],[1.64603,49.08142],[1.64564,49.08148],[1.64489,49.08151],[1.64445,49.08156],[1.64404,49.08155],[1.6434,49.08134],[1.64267,49.08119],[1.64127,49.08067],[1.64019,49.08036],[1.64009,49.08025],[1.64007,49.08016],[1.64042,49.07933],[1.64033,49.07904],[1.63376,49.07919],[1.63238,49.07897],[1.6295,49.07827],[1.62861,49.07799],[1.62714,49.07733],[1.62481,49.07615],[1.62013,49.07383],[1.61695,49.07235],[1.61543,49.0717],[1.61442,49.07119],[1.61358,49.07186],[1.61229,49.07275],[1.6128,49.07308],[1.61085,49.07407],[1.60984,49.07472],[1.61036,49.07505],[1.61083,49.07542],[1.61019,49.07615],[1.60967,49.07663],[1.60875,49.07771],[1.61009,49.07804],[1.61006,49.07832],[1.61009,49.07849],[1.61016,49.07863],[1.61029,49.07877],[1.61152,49.07955],[1.61228,49.08011],[1.61262,49.08029],[1.61306,49.08047],[1.61315,49.08027],[1.61329,49.08031],[1.61361,49.08057],[1.61399,49.08043],[1.61537,49.08176],[1.61515,49.08197],[1.61571,49.08234],[1.61694,49.08292],[1.61829,49.08362],[1.62152,49.08515],[1.622,49.0851],[1.62341,49.086],[1.62447,49.08675],[1.62451,49.08681],[1.6245,49.08693],[1.62546,49.08679],[1.62568,49.08718],[1.62593,49.08749],[1.62624,49.08772],[1.62659,49.08789],[1.62743,49.08768],[1.62952,49.08903],[1.62982,49.08877],[1.63014,49.08894],[1.63025,49.08881],[1.63033,49.08882],[1.63046,49.08889],[1.63168,49.08983],[1.63353,49.09058],[1.63289,49.09126],[1.6318,49.09229],[1.63109,49.09284],[1.63086,49.09296],[1.63066,49.09317],[1.63049,49.09329],[1.6302,49.09363],[1.63011,49.09388],[1.63013,49.09393],[1.63084,49.09451],[1.63198,49.09574],[1.63207,49.09588],[1.63222,49.09642],[1.63119,49.09674],[1.63219,49.09836],[1.63154,49.09847],[1.6314,49.09864],[1.6314,49.09878],[1.63149,49.09898],[1.63156,49.09902],[1.6318,49.09939],[1.6329,49.10023],[1.63304,49.1004],[1.63345,49.10068],[1.63501,49.10028],[1.63504,49.10033],[1.63655,49.09994],[1.64031,49.09905],[1.64011,49.09809],[1.64549,49.09756],[1.64561,49.09794],[1.64575,49.09811],[1.64685,49.09886],[1.64716,49.09899],[1.64849,49.10002],[1.64869,49.1001],[1.64895,49.10027],[1.64896,49.10036],[1.64911,49.10049],[1.64876,49.10077],[1.64822,49.10104],[1.64803,49.10109],[1.64731,49.10118],[1.64605,49.10154],[1.64426,49.10177],[1.64387,49.1019],[1.64362,49.10208],[1.64333,49.10233],[1.643,49.10271],[1.64406,49.10303],[1.64386,49.10339],[1.64441,49.10353],[1.64392,49.10438],[1.64355,49.10473],[1.6432,49.10496],[1.64253,49.1053],[1.64249,49.10552],[1.64254,49.1056],[1.64274,49.10573],[1.64379,49.10627],[1.64523,49.10674],[1.64671,49.10706],[1.64745,49.10726],[1.64797,49.1075],[1.64849,49.10783],[1.65007,49.10834],[1.65146,49.10865],[1.65196,49.1087],[1.65236,49.10843],[1.65296,49.10794],[1.65359,49.10694],[1.65411,49.10646],[1.65454,49.10616],[1.65483,49.10601],[1.65649,49.10526],[1.65665,49.10516],[1.65459,49.1052],[1.65331,49.1052],[1.65106,49.10429],[1.6523,49.1032],[1.65246,49.10296],[1.65245,49.10286],[1.65273,49.10255],[1.65374,49.10102],[1.65413,49.10012],[1.65537,49.09878],[1.65558,49.09862],[1.65576,49.0984],[1.65624,49.09757],[1.65631,49.09733],[1.65657,49.09692],[1.65687,49.09663],[1.6572,49.09645],[1.65871,49.096],[1.65859,49.09488],[1.65806,49.09345],[1.65514,49.09473],[1.65295,49.0956],[1.65304,49.09267],[1.65266,49.0926],[1.65226,49.09245],[1.65151,49.09201],[1.65072,49.09147],[1.64994,49.09112],[1.64848,49.09035],[1.65082,49.08799],[1.6516,49.08731],[1.65208,49.0868],[1.65293,49.08708],[1.65345,49.08715],[1.65645,49.0872],[1.6564,49.08697],[1.65645,49.08693],[1.6572,49.08681],[1.65776,49.08664],[1.65798,49.08666],[1.65822,49.08663],[1.6591,49.08643],[1.65933,49.08633],[1.65993,49.08638],[1.66031,49.08636],[1.66199,49.08595],[1.66265,49.08597],[1.66312,49.08602],[1.6641,49.08598],[1.66469,49.08589],[1.66583,49.08564],[1.66631,49.08545],[1.66681,49.08514],[1.66752,49.0848],[1.66794,49.08467],[1.66835,49.08462],[1.66885,49.08441],[1.66923,49.08439],[1.66965,49.08414],[1.67028,49.08369],[1.67057,49.08358],[1.67197,49.08324],[1.67231,49.0831],[1.67311,49.08288],[1.67462,49.08236],[1.67562,49.08209],[1.67647,49.08191],[1.67702,49.08189],[1.67909,49.08066],[1.68084,49.07989],[1.68133,49.07968],[1.68234,49.07938],[1.68464,49.07857],[1.68635,49.07785],[1.68706,49.07765],[1.68802,49.07726],[1.68954,49.0765],[1.68996,49.07626],[1.69048,49.07605],[1.69114,49.07569],[1.69213,49.07507],[1.69268,49.07463],[1.69285,49.07448],[1.69295,49.07432],[1.69359,49.07473],[1.69398,49.07503],[1.69597,49.07691],[1.69635,49.07674],[1.69725,49.07544],[1.69775,49.07556],[1.69944,49.07652],[1.6991,49.07671],[1.69957,49.07711],[1.70004,49.07708],[1.70142,49.07824],[1.70169,49.07843],[1.70261,49.07896],[1.70293,49.07902],[1.70327,49.07905],[1.70386,49.0789],[1.7049,49.07853],[1.70602,49.07838],[1.70608,49.07754],[1.70652,49.07686],[1.70671,49.07665],[1.70722,49.07629],[1.70773,49.07605],[1.70817,49.07578],[1.70931,49.07494],[1.7098,49.07447],[1.7099,49.07433],[1.71004,49.07392],[1.71003,49.07361],[1.71011,49.07342],[1.71167,49.07275],[1.71141,49.07234],[1.71076,49.07109],[1.71043,49.07072],[1.70996,49.0704],[1.70975,49.07013],[1.71162,49.06985],[1.71147,49.06967],[1.71063,49.06899],[1.71137,49.06827],[1.71159,49.068],[1.71267,49.0652],[1.7126,49.06507],[1.71282,49.06498],[1.71309,49.06475],[1.71345,49.06459],[1.71389,49.06409],[1.71397,49.06411],[1.71438,49.06297],[1.7151,49.06303],[1.71537,49.06222],[1.71525,49.06204],[1.71477,49.06186],[1.71482,49.06175],[1.71501,49.06159],[1.71509,49.06147],[1.71511,49.06132],[1.71498,49.06064],[1.71483,49.06043],[1.7147,49.06032],[1.71465,49.06019],[1.71413,49.0603],[1.71283,49.05947],[1.71095,49.05922],[1.71141,49.05893],[1.71218,49.05864],[1.7122,49.05822],[1.71111,49.05814],[1.7111,49.05762],[1.71105,49.05726],[1.71107,49.05628],[1.71129,49.05558],[1.71135,49.05465],[1.71144,49.05421],[1.71164,49.05378],[1.71189,49.05334],[1.71204,49.05317],[1.71217,49.05308],[1.7155,49.05361],[1.71614,49.05305],[1.71733,49.05336],[1.71662,49.05418],[1.7174,49.05451],[1.719,49.05346],[1.72165,49.05214],[1.72233,49.05294],[1.723,49.05394],[1.72306,49.05413],[1.72357,49.05454],[1.72389,49.05491],[1.72501,49.05459],[1.7252,49.05394],[1.7255,49.0539],[1.72698,49.05385],[1.7277,49.05354],[1.728,49.05331],[1.7303,49.0525],[1.73039,49.05244],[1.73053,49.05221],[1.73065,49.05181],[1.73078,49.05157],[1.7313,49.05117],[1.73186,49.05051]]]]}},
{"type":"Feature","properties":{"Id":"11_95_003","MnZAS":null,"TypeZAS":"SUP","CoucheSour":"BD Topo","CdAltZAS":"11_95_003","ComGenealo":null,"LbZAS":"Bassin de la Plaine de France et du Parisis"},"geometry":{"type":"Polygon","coordinates":[[[2.45588,48.95567],[2.45418,48.95566],[2.45384,48.95562],[2.45319,48.95547],[2.4529,48.95534],[2.45263,48.95529],[2.45147,48.95515],[2.45105,48.95505],[2.45031,48.95494],[2.44923,48.95511],[2.44891,48.95525],[2.44857,48.95547],[2.44801,48.95594],[2.44749,48.95578],[2.44518,48.95674],[2.44502,48.95673],[2.44479,48.95657],[2.44457,48.95672],[2.44446,48.95664],[2.44403,48.95672],[2.44392,48.9567],[2.44384,48.95653],[2.44375,48.95651],[2.44349,48.95661],[2.44333,48.9565],[2.44277,48.95655],[2.44227,48.95652],[2.44185,48.95656],[2.44165,48.95642],[2.44116,48.95639],[2.44081,48.95625],[2.43913,48.95586],[2.43807,48.95578],[2.43709,48.95575],[2.43648,48.95544],[2.43616,48.95539],[2.43593,48.95512],[2.43577,48.95507],[2.43568,48.95511],[2.43564,48.95519],[2.43564,48.95543],[2.43538,48.95546],[2.43531,48.95563],[2.43502,48.95566],[2.43435,48.9559],[2.4341,48.95594],[2.43393,48.95641],[2.43381,48.9565],[2.43376,48.95659],[2.43339,48.95676],[2.43318,48.95678],[2.43303,48.95716],[2.43285,48.9572],[2.43283,48.95742],[2.43264,48.9574],[2.43263,48.95756],[2.43178,48.95773],[2.43137,48.95794],[2.43041,48.95825],[2.43002,48.95833],[2.42988,48.95856],[2.42931,48.95866],[2.42902,48.95891],[2.42884,48.959],[2.4285,48.95903],[2.42823,48.95925],[2.42804,48.95923],[2.42735,48.95933],[2.42702,48.95941],[2.42653,48.95938],[2.42584,48.9594],[2.42565,48.95934],[2.42542,48.95915],[2.42532,48.95911],[2.42489,48.95913],[2.42444,48.95904],[2.4227,48.9589],[2.4224,48.95882],[2.4216,48.95853],[2.41839,48.95759],[2.41841,48.95793],[2.4183,48.95825],[2.41779,48.95942],[2.41744,48.95952],[2.41578,48.95874],[2.41494,48.95826],[2.41366,48.958],[2.41369,48.95774],[2.41249,48.95772],[2.41091,48.95797],[2.40967,48.95787],[2.40985,48.95704],[2.40958,48.95693],[2.40834,48.95729],[2.40736,48.95609],[2.40482,48.95743],[2.40329,48.95809],[2.40254,48.95796],[2.3989,48.95961],[2.39667,48.96112],[2.39654,48.96109],[2.39612,48.96142],[2.39541,48.96183],[2.39432,48.96254],[2.39456,48.96271],[2.39397,48.9631],[2.39333,48.96359],[2.3933,48.96365],[2.39285,48.96403],[2.39249,48.96437],[2.39224,48.96455],[2.39178,48.96474],[2.39113,48.9651],[2.39099,48.96503],[2.38803,48.96725],[2.38786,48.96735],[2.38459,48.97016],[2.38416,48.97113],[2.38244,48.97123],[2.38554,48.97336],[2.38756,48.97488],[2.38836,48.97543],[2.38826,48.97549],[2.38874,48.97583],[2.38883,48.97577],[2.39662,48.98113],[2.39821,48.98245],[2.40138,48.98272],[2.40176,48.98475],[2.40115,48.98478],[2.4023,48.98664],[2.40334,48.98803],[2.40353,48.98796],[2.4046,48.98902],[2.40481,48.98891],[2.40572,48.98981],[2.40629,48.98953],[2.40821,48.99193],[2.40931,48.99366],[2.40987,48.99354],[2.41005,48.99384],[2.41105,48.99367],[2.41187,48.99359],[2.41195,48.99381],[2.4138,48.99377],[2.41403,48.99516],[2.41558,48.99523],[2.41505,48.99649],[2.41448,48.99804],[2.41642,48.99816],[2.4166,48.99976],[2.41724,48.99971],[2.4191,48.99941],[2.4193,49.00158],[2.41884,49.00172],[2.41895,49.00302],[2.42048,49.00292],[2.42041,49.00532],[2.42073,49.00562],[2.42394,49.00929],[2.42825,49.01212],[2.42413,49.013],[2.42491,49.01409],[2.42316,49.01448],[2.42349,49.01504],[2.42136,49.01591],[2.4218,49.01687],[2.42294,49.01888],[2.42018,49.01934],[2.41829,49.01971],[2.41793,49.0202],[2.41782,49.02025],[2.4163,49.02072],[2.41605,49.02076],[2.41592,49.02074],[2.41593,49.02117],[2.41575,49.02104],[2.41307,49.02233],[2.41318,49.02251],[2.41316,49.02257],[2.41262,49.02273],[2.41216,49.02282],[2.41223,49.0231],[2.41054,49.02393],[2.41076,49.02412],[2.41002,49.02415],[2.40904,49.02467],[2.40901,49.02466],[2.40864,49.0249],[2.40833,49.02505],[2.40747,49.02567],[2.40702,49.02618],[2.40693,49.02637],[2.40668,49.02662],[2.40653,49.02691],[2.40607,49.02735],[2.40586,49.02766],[2.40562,49.02833],[2.40455,49.02956],[2.40313,49.03074],[2.40291,49.03096],[2.40132,49.03301],[2.40092,49.03378],[2.40074,49.03429],[2.40052,49.03517],[2.40046,49.03581],[2.4006,49.03603],[2.40094,49.03686],[2.40093,49.03717],[2.40086,49.03748],[2.40063,49.03785],[2.3997,49.0386],[2.39933,49.03899],[2.39912,49.03933],[2.39911,49.03946],[2.39918,49.0397],[2.3975,49.03985],[2.39465,49.03891],[2.39477,49.03911],[2.39471,49.03992],[2.39482,49.04051],[2.38275,49.04198],[2.37839,49.03924],[2.37692,49.03844],[2.37528,49.03778],[2.37467,49.03765],[2.37395,49.03755],[2.37315,49.03558],[2.37177,49.0342],[2.37179,49.03383],[2.37092,49.03147],[2.37092,49.0312],[2.37111,49.03083],[2.37112,49.03063],[2.37107,49.03038],[2.37079,49.02988],[2.37051,49.02962],[2.36904,49.02858],[2.36866,49.02828],[2.36671,49.02617],[2.36641,49.02582],[2.36633,49.02564],[2.36494,49.0242],[2.36431,49.02308],[2.36395,49.02287],[2.36379,49.02237],[2.36395,49.02188],[2.36249,49.02245],[2.36203,49.02276],[2.36074,49.0235],[2.36022,49.02376],[2.35965,49.02389],[2.35951,49.02408],[2.35925,49.02421],[2.35919,49.02427],[2.35905,49.02465],[2.35897,49.02479],[2.35883,49.02489],[2.35791,49.02506],[2.35881,49.02537],[2.35874,49.02541],[2.35846,49.02555],[2.35808,49.02566],[2.35771,49.02571],[2.35726,49.02583],[2.35695,49.02595],[2.35647,49.02624],[2.35598,49.02664],[2.35541,49.02676],[2.35489,49.02678],[2.35372,49.02819],[2.35306,49.0294],[2.35275,49.02969],[2.35166,49.03061],[2.34923,49.03215],[2.3482,49.03265],[2.34666,49.03334],[2.34644,49.0326],[2.34565,49.03288],[2.34594,49.03387],[2.34515,49.03372],[2.34474,49.03369],[2.34326,49.03407],[2.3426,49.03403],[2.34203,49.03394],[2.33932,49.04076],[2.33747,49.04486],[2.33728,49.04514],[2.33722,49.04549],[2.33724,49.0458],[2.33578,49.04494],[2.33546,49.04478],[2.33487,49.04438],[2.33423,49.04477],[2.33489,49.04524],[2.33143,49.04716],[2.33083,49.04672],[2.33041,49.04647],[2.32911,49.04528],[2.32772,49.04466],[2.32748,49.04501],[2.32482,49.04413],[2.3244,49.04459],[2.32277,49.04399],[2.32179,49.04354],[2.32134,49.04303],[2.32107,49.04287],[2.31939,49.04147],[2.31898,49.04121],[2.31768,49.04077],[2.31703,49.04048],[2.31253,49.03764],[2.31226,49.03743],[2.31107,49.03882],[2.31027,49.03998],[2.30836,49.03859],[2.30761,49.03829],[2.30725,49.0385],[2.30692,49.03878],[2.30612,49.0382],[2.30571,49.03725],[2.30151,49.03684],[2.30153,49.03647],[2.30128,49.03515],[2.30115,49.03474],[2.30113,49.03426],[2.30097,49.03404],[2.2992,49.03511],[2.29837,49.03411],[2.29821,49.03311],[2.29731,49.0324],[2.29577,49.03209],[2.29556,49.032],[2.29514,49.03168],[2.29501,49.0315],[2.29416,49.03085],[2.29369,49.03041],[2.29008,49.03158],[2.28791,49.0322],[2.28663,49.03261],[2.28543,49.03309],[2.28343,49.03312],[2.28326,49.03354],[2.28318,49.03363],[2.28291,49.03377],[2.27842,49.03517],[2.27728,49.03554],[2.27685,49.03574],[2.2766,49.03582],[2.27647,49.03582],[2.27575,49.036],[2.27462,49.03634],[2.27497,49.03829],[2.2752,49.03985],[2.27671,49.04185],[2.27746,49.042],[2.27805,49.04219],[2.27939,49.04293],[2.28011,49.04316],[2.2812,49.0437],[2.28164,49.04413],[2.28193,49.04437],[2.28305,49.04525],[2.28354,49.04553],[2.28371,49.04566],[2.28397,49.04596],[2.28427,49.04617],[2.28462,49.04655],[2.28449,49.0475],[2.28446,49.04844],[2.28455,49.04871],[2.28482,49.04901],[2.2838,49.04968],[2.28356,49.04976],[2.28302,49.04984],[2.28225,49.0498],[2.28218,49.04963],[2.28174,49.04942],[2.28152,49.04926],[2.28094,49.04927],[2.28072,49.04923],[2.2807,49.04942],[2.28035,49.05056],[2.28027,49.0507],[2.27995,49.051],[2.27986,49.05113],[2.27916,49.05275],[2.279,49.05299],[2.27891,49.05435],[2.27913,49.05505],[2.27904,49.05519],[2.2791,49.05555],[2.27918,49.05781],[2.27908,49.05878],[2.27883,49.05955],[2.27891,49.06036],[2.27947,49.06167],[2.27951,49.06192],[2.2797,49.06226],[2.28011,49.06275],[2.28091,49.06432],[2.28058,49.06435],[2.28117,49.06534],[2.28113,49.06543],[2.28118,49.06581],[2.28044,49.06583],[2.27989,49.0657],[2.2795,49.06554],[2.27857,49.06548],[2.27813,49.0654],[2.27748,49.06522],[2.27665,49.06486],[2.27562,49.06456],[2.27375,49.06429],[2.27312,49.06418],[2.27245,49.06401],[2.27203,49.06401],[2.27187,49.06404],[2.2714,49.0642],[2.27167,49.06569],[2.27345,49.06616],[2.27339,49.06636],[2.2734,49.06666],[2.27352,49.06701],[2.27396,49.06799],[2.27443,49.06873],[2.27179,49.06925],[2.27096,49.06983],[2.27025,49.07044],[2.26985,49.07093],[2.26939,49.07301],[2.26971,49.07433],[2.26985,49.07474],[2.27003,49.07508],[2.2708,49.07541],[2.27148,49.0756],[2.272,49.07583],[2.27291,49.07601],[2.27316,49.07616],[2.27337,49.07644],[2.27362,49.07655],[2.27391,49.07659],[2.2692,49.07867],[2.26772,49.07937],[2.26586,49.08015],[2.26157,49.08205],[2.25791,49.08369],[2.25749,49.0839],[2.25765,49.08563],[2.2579,49.09129],[2.25781,49.09126],[2.25063,49.09087],[2.2526,49.09247],[2.2558,49.09518],[2.25644,49.09518],[2.25862,49.09698],[2.26006,49.09895],[2.26043,49.10077],[2.26294,49.10302],[2.26313,49.10332],[2.26316,49.10369],[2.26301,49.10416],[2.26272,49.1047],[2.26217,49.10533],[2.26133,49.10587],[2.26086,49.10611],[2.25947,49.10622],[2.25849,49.1064],[2.25821,49.10641],[2.25737,49.10726],[2.2572,49.10749],[2.25648,49.10799],[2.25639,49.1081],[2.25631,49.1084],[2.25621,49.10927],[2.25594,49.10998],[2.25548,49.11033],[2.25522,49.11089],[2.25526,49.11125],[2.25581,49.11279],[2.25712,49.11346],[2.25838,49.11357],[2.25836,49.11378],[2.26089,49.11424],[2.26001,49.11671],[2.26105,49.1177],[2.26112,49.11783],[2.26178,49.11869],[2.26231,49.11902],[2.26314,49.12016],[2.26401,49.12035],[2.26374,49.12077],[2.26247,49.12232],[2.26178,49.12299],[2.26203,49.12341],[2.26235,49.12416],[2.2645,49.1249],[2.26755,49.12458],[2.26786,49.12456],[2.26788,49.12458],[2.26891,49.12433],[2.2709,49.12445],[2.27103,49.12433],[2.27527,49.1248],[2.27609,49.12515],[2.27772,49.12531],[2.27851,49.12473],[2.27943,49.12516],[2.27931,49.12574],[2.27893,49.12572],[2.27882,49.12578],[2.27856,49.12585],[2.2785,49.12595],[2.27826,49.12603],[2.2779,49.12635],[2.27782,49.12652],[2.27759,49.12665],[2.27749,49.12676],[2.27703,49.12699],[2.27792,49.12722],[2.27798,49.12729],[2.2772,49.12876],[2.27718,49.12933],[2.27693,49.13096],[2.27691,49.13235],[2.27701,49.13279],[2.27746,49.13371],[2.27755,49.13379],[2.27824,49.13526],[2.28091,49.13679],[2.28242,49.13569],[2.2829,49.13566],[2.28296,49.13587],[2.28702,49.1366],[2.2872,49.13666],[2.28734,49.13645],[2.28873,49.1367],[2.28881,49.13625],[2.28895,49.13588],[2.2891,49.13557],[2.28928,49.13531],[2.29014,49.13565],[2.29053,49.13575],[2.29158,49.13592],[2.29232,49.13616],[2.29301,49.1352],[2.29314,49.13519],[2.29402,49.13496],[2.29563,49.13447],[2.29675,49.13604],[2.29587,49.1363],[2.29703,49.13662],[2.29781,49.13744],[2.29853,49.13841],[2.29874,49.13854],[2.30025,49.13719],[2.30265,49.13528],[2.30357,49.1345],[2.30387,49.13442],[2.30537,49.13305],[2.30585,49.1325],[2.30396,49.1321],[2.30689,49.12917],[2.30862,49.12753],[2.30946,49.12662],[2.31344,49.12274],[2.32006,49.12486],[2.33316,49.12225],[2.33406,49.12209],[2.33438,49.12227],[2.33557,49.1228],[2.33679,49.12331],[2.33729,49.12259],[2.33842,49.12081],[2.33906,49.11988],[2.34054,49.11848],[2.34134,49.11766],[2.34453,49.11724],[2.34688,49.11701],[2.34883,49.11678],[2.34885,49.11708],[2.34901,49.11743],[2.34894,49.1177],[2.34898,49.11782],[2.34915,49.11794],[2.34939,49.11801],[2.34963,49.11819],[2.34989,49.11829],[2.35012,49.11842],[2.35043,49.11866],[2.35055,49.11901],[2.35077,49.11919],[2.3518,49.11988],[2.35229,49.12013],[2.35239,49.12029],[2.35399,49.12116],[2.35489,49.1218],[2.35525,49.12201],[2.35574,49.1225],[2.35645,49.12325],[2.35826,49.12535],[2.35967,49.12735],[2.36205,49.13046],[2.36316,49.13184],[2.36398,49.13236],[2.36414,49.1324],[2.36428,49.13251],[2.3649,49.13282],[2.36837,49.13472],[2.36835,49.13477],[2.36954,49.13524],[2.36959,49.13517],[2.37269,49.13611],[2.37324,49.13756],[2.37349,49.13836],[2.37392,49.13845],[2.37575,49.13868],[2.37714,49.13781],[2.37705,49.13772],[2.37822,49.13734],[2.37943,49.13681],[2.38213,49.13554],[2.38239,49.13593],[2.38311,49.13655],[2.38386,49.13708],[2.38409,49.13719],[2.38564,49.13814],[2.38672,49.13861],[2.38685,49.1387],[2.38748,49.13894],[2.38854,49.13925],[2.38921,49.13939],[2.38918,49.13926],[2.38955,49.13867],[2.38983,49.13838],[2.39032,49.13811],[2.39058,49.1379],[2.39086,49.13753],[2.39094,49.13734],[2.39101,49.1373],[2.39123,49.13721],[2.39132,49.13713],[2.39155,49.13714],[2.39172,49.1371],[2.39204,49.13708],[2.39266,49.1369],[2.39344,49.13676],[2.39378,49.13666],[2.39534,49.13647],[2.39573,49.1364],[2.39646,49.13633],[2.39646,49.13627],[2.39696,49.13628],[2.39757,49.13612],[2.39812,49.1361],[2.39833,49.13613],[2.39856,49.13629],[2.39879,49.13668],[2.39899,49.13666],[2.39911,49.13702],[2.3995,49.13695],[2.40074,49.13662],[2.40154,49.1365],[2.40193,49.13636],[2.40226,49.13633],[2.40277,49.13617],[2.40347,49.13619],[2.40378,49.13618],[2.40402,49.13613],[2.40435,49.13614],[2.40458,49.13609],[2.40496,49.13607],[2.40525,49.13597],[2.4055,49.13593],[2.40582,49.13575],[2.40661,49.1356],[2.40687,49.13551],[2.40717,49.13548],[2.40755,49.13535],[2.40794,49.1353],[2.40811,49.13518],[2.41127,49.13409],[2.41173,49.13543],[2.41197,49.13601],[2.41275,49.13577],[2.41389,49.1353],[2.41687,49.13523],[2.41766,49.13514],[2.41812,49.13507],[2.41941,49.13473],[2.42074,49.13433],[2.42188,49.13557],[2.42628,49.13998],[2.4283,49.14187],[2.43862,49.14167],[2.4389,49.14164],[2.43756,49.13861],[2.43673,49.13663],[2.43548,49.13405],[2.43657,49.13427],[2.43755,49.13441],[2.43842,49.13428],[2.43895,49.13428],[2.44,49.13416],[2.4403,49.13418],[2.44202,49.1349],[2.44313,49.13514],[2.44599,49.13562],[2.4477,49.13601],[2.44858,49.13638],[2.45023,49.13721],[2.45195,49.13781],[2.45374,49.13861],[2.45358,49.13881],[2.45386,49.13901],[2.45435,49.1393],[2.45528,49.13974],[2.45592,49.14],[2.45696,49.14054],[2.45752,49.14064],[2.45785,49.14081],[2.45854,49.14081],[2.45858,49.14078],[2.45887,49.1409],[2.45893,49.14085],[2.46246,49.13926],[2.46114,49.13674],[2.46119,49.13676],[2.46129,49.13614],[2.46484,49.13625],[2.4648,49.13611],[2.46759,49.1361],[2.46763,49.13605],[2.46756,49.13501],[2.46884,49.13491],[2.46883,49.13473],[2.4695,49.13468],[2.46971,49.13529],[2.47063,49.13504],[2.47081,49.1353],[2.47119,49.13526],[2.47154,49.1354],[2.47174,49.13508],[2.4753,49.13098],[2.47751,49.13098],[2.47531,49.12846],[2.47535,49.12845],[2.48731,49.12565],[2.49908,49.12224],[2.50297,49.11777],[2.50301,49.11767],[2.49122,49.11142],[2.49142,49.11108],[2.49137,49.11042],[2.49077,49.10822],[2.49007,49.10625],[2.49101,49.10614],[2.49165,49.10603],[2.49384,49.10552],[2.49558,49.10538],[2.49665,49.1052],[2.49807,49.10507],[2.4987,49.10497],[2.49899,49.10491],[2.49906,49.10484],[2.49908,49.10448],[2.50007,49.10448],[2.5039,49.1039],[2.50505,49.10375],[2.50613,49.10373],[2.50707,49.10384],[2.50782,49.10363],[2.50809,49.10358],[2.50879,49.10354],[2.5098,49.10359],[2.50993,49.10363],[2.51005,49.10372],[2.51039,49.10429],[2.51163,49.10405],[2.51483,49.10335],[2.51583,49.10309],[2.51636,49.1029],[2.52014,49.102],[2.52133,49.10175],[2.52483,49.10108],[2.52512,49.10102],[2.5254,49.10092],[2.52678,49.10088],[2.52707,49.10083],[2.52821,49.1004],[2.53126,49.09946],[2.53251,49.11356],[2.53296,49.11951],[2.53427,49.11954],[2.5346,49.11959],[2.53474,49.11966],[2.53486,49.11964],[2.5362,49.11995],[2.53675,49.12011],[2.53791,49.12133],[2.53852,49.12176],[2.53858,49.12174],[2.53904,49.12184],[2.54207,49.12225],[2.54406,49.12127],[2.54398,49.1201],[2.54241,49.1193],[2.5412,49.11928],[2.53911,49.11934],[2.53773,49.1178],[2.53773,49.11768],[2.5393,49.11756],[2.53956,49.11644],[2.54161,49.11664],[2.54391,49.11646],[2.54536,49.11638],[2.54713,49.11638],[2.54711,49.11702],[2.54744,49.11785],[2.54769,49.1188],[2.54768,49.12035],[2.54877,49.12147],[2.54991,49.12255],[2.55155,49.1233],[2.55332,49.12456],[2.55635,49.12396],[2.55694,49.12373],[2.557,49.12343],[2.557,49.12185],[2.55622,49.11904],[2.55602,49.11856],[2.55545,49.11781],[2.55594,49.11765],[2.55501,49.11673],[2.55295,49.11398],[2.5524,49.11408],[2.55175,49.11243],[2.55232,49.11194],[2.55292,49.11107],[2.55343,49.11053],[2.55547,49.10905],[2.55595,49.10938],[2.55693,49.10688],[2.55678,49.10686],[2.55719,49.1059],[2.55753,49.1054],[2.55793,49.10428],[2.55794,49.10285],[2.55767,49.10226],[2.55909,49.102],[2.55878,49.10155],[2.55882,49.10148],[2.5576,49.10097],[2.5581,49.10035],[2.55753,49.10023],[2.55788,49.09975],[2.5585,49.09915],[2.55793,49.09872],[2.55959,49.09754],[2.55991,49.09777],[2.56038,49.09741],[2.56034,49.09736],[2.56089,49.09699],[2.56235,49.09778],[2.56342,49.09714],[2.56426,49.0963],[2.56522,49.09486],[2.56702,49.09409],[2.5679,49.09476],[2.56897,49.09432],[2.56925,49.09465],[2.56959,49.09494],[2.57044,49.09457],[2.57102,49.09513],[2.57272,49.09443],[2.57293,49.09428],[2.57214,49.09338],[2.57383,49.09346],[2.57456,49.0934],[2.57507,49.09317],[2.57625,49.09277],[2.57654,49.09264],[2.57709,49.0926],[2.57808,49.09214],[2.57858,49.09198],[2.57872,49.09174],[2.57893,49.09159],[2.57911,49.09156],[2.57897,49.09141],[2.57883,49.09118],[2.57917,49.09081],[2.57906,49.09075],[2.58014,49.08984],[2.57774,49.08782],[2.57981,49.08679],[2.58018,49.08677],[2.58043,49.0867],[2.58008,49.08632],[2.5793,49.08569],[2.57922,49.08494],[2.5789,49.0844],[2.57903,49.08436],[2.5789,49.08425],[2.58022,49.08383],[2.58047,49.08372],[2.58066,49.08352],[2.58174,49.08309],[2.58269,49.08245],[2.58298,49.08066],[2.58336,49.08075],[2.58356,49.07983],[2.5847,49.07994],[2.58467,49.08037],[2.58641,49.08055],[2.58661,49.07983],[2.59036,49.08003],[2.5903,49.0799],[2.58989,49.07941],[2.58971,49.07906],[2.59015,49.07789],[2.58999,49.0778],[2.58965,49.0777],[2.58917,49.07751],[2.58836,49.07674],[2.58765,49.07636],[2.58763,49.07637],[2.58714,49.07601],[2.58711,49.07578],[2.58657,49.075],[2.58643,49.07468],[2.58597,49.07407],[2.58579,49.07364],[2.58553,49.07329],[2.58533,49.07285],[2.58481,49.07193],[2.58411,49.07127],[2.58364,49.07063],[2.58298,49.06984],[2.58235,49.06929],[2.58172,49.06886],[2.58044,49.06803],[2.57946,49.06743],[2.57834,49.06678],[2.57814,49.0667],[2.57753,49.06619],[2.5766,49.06577],[2.57662,49.06574],[2.5755,49.06498],[2.57531,49.06467],[2.57506,49.06436],[2.5745,49.06389],[2.57305,49.06238],[2.57256,49.06191],[2.57095,49.06058],[2.57172,49.05902],[2.57304,49.05676],[2.57408,49.05431],[2.57618,49.05481],[2.57725,49.05514],[2.57903,49.0558],[2.58077,49.05622],[2.58421,49.05742],[2.58571,49.05805],[2.58647,49.05692],[2.5859,49.05662],[2.58672,49.05585],[2.58572,49.05536],[2.58456,49.05334],[2.58476,49.05293],[2.58451,49.05283],[2.58654,49.05104],[2.58806,49.04989],[2.59335,49.0482],[2.595,49.04775],[2.59454,49.04724],[2.59416,49.04714],[2.59311,49.04716],[2.59168,49.04714],[2.58899,49.0472],[2.58879,49.0472],[2.5887,49.04717],[2.58853,49.04702],[2.58662,49.04698],[2.58385,49.04708],[2.58207,49.04696],[2.58025,49.04672],[2.57821,49.04663],[2.57714,49.04668],[2.577,49.04643],[2.57631,49.04582],[2.5753,49.04477],[2.57446,49.044],[2.57378,49.0435],[2.57318,49.04296],[2.57075,49.04067],[2.56933,49.03958],[2.56944,49.03952],[2.56793,49.03908],[2.56869,49.03727],[2.56884,49.03728],[2.56969,49.03536],[2.56879,49.03524],[2.56864,49.03382],[2.56873,49.03281],[2.56702,49.03246],[2.56705,49.03211],[2.56625,49.0321],[2.56629,49.03021],[2.56585,49.03014],[2.56601,49.02859],[2.56403,49.02845],[2.56466,49.02797],[2.56316,49.02779],[2.56238,49.0274],[2.56216,49.02738],[2.5617,49.02718],[2.56077,49.02686],[2.5595,49.02648],[2.55851,49.02581],[2.55711,49.02581],[2.55711,49.02569],[2.55263,49.02534],[2.55247,49.02523],[2.55176,49.02496],[2.54641,49.02309],[2.54597,49.02296],[2.54529,49.0229],[2.54526,49.02238],[2.5412,49.02238],[2.54119,49.02322],[2.537,49.02358],[2.53494,49.02384],[2.53466,49.02171],[2.5354,49.02165],[2.53535,49.02068],[2.53476,49.01985],[2.53445,49.01986],[2.53428,49.01851],[2.53633,49.01844],[2.53737,49.01846],[2.5379,49.01644],[2.53832,49.01516],[2.5381,49.01509],[2.53881,49.01264],[2.54027,49.01167],[2.54074,49.01141],[2.54226,49.01166],[2.54485,49.01197],[2.54474,49.01369],[2.54522,49.01368],[2.54506,49.01469],[2.54908,49.01495],[2.54936,49.01339],[2.55009,49.01198],[2.55337,49.01191],[2.55349,49.01088],[2.55349,49.01055],[2.55308,49.00678],[2.54882,49.0067],[2.54926,49.00316],[2.54808,49.00309],[2.54782,49.00505],[2.54694,49.00502],[2.54695,49.00492],[2.54408,49.00475],[2.54404,49.00564],[2.54115,49.00566],[2.5412,49.00629],[2.53839,49.00622],[2.53837,49.00532],[2.53573,49.00525],[2.53548,49.00659],[2.53443,49.00625],[2.53219,49.00524],[2.53107,49.00311],[2.5302,49.0023],[2.53048,49.00198],[2.53044,49.00191],[2.52964,49.002],[2.52915,49.00043],[2.52787,49.00045],[2.52441,48.99625],[2.52323,48.99425],[2.52278,48.99214],[2.52045,48.99228],[2.52015,48.9911],[2.51892,48.99095],[2.5192,48.98784],[2.51692,48.98761],[2.51701,48.98611],[2.51656,48.98613],[2.51621,48.9861],[2.51226,48.98605],[2.51426,48.98294],[2.51449,48.98265],[2.51472,48.98223],[2.51053,48.98062],[2.51074,48.98038],[2.50923,48.97982],[2.50882,48.98059],[2.50634,48.98031],[2.50672,48.97988],[2.50486,48.97879],[2.50376,48.97947],[2.50188,48.97853],[2.50037,48.97771],[2.50211,48.97657],[2.50024,48.97561],[2.50049,48.97543],[2.49835,48.97521],[2.49724,48.97506],[2.49579,48.97505],[2.49796,48.97386],[2.49618,48.9726],[2.49249,48.97459],[2.48832,48.9713],[2.49026,48.97007],[2.48677,48.96726],[2.48383,48.96832],[2.48151,48.96958],[2.48077,48.96981],[2.47928,48.96811],[2.47882,48.9675],[2.47853,48.96761],[2.4778,48.9667],[2.47503,48.96767],[2.4731,48.96587],[2.47059,48.96394],[2.4695,48.96302],[2.46735,48.96431],[2.46425,48.96124],[2.46295,48.95975],[2.46114,48.95854],[2.46083,48.95847],[2.46072,48.9584],[2.46057,48.95818],[2.46034,48.95731],[2.46018,48.95699],[2.4602,48.9568],[2.4603,48.95656],[2.46014,48.95615],[2.45959,48.95527],[2.45949,48.95505],[2.45901,48.95513],[2.45766,48.95553],[2.45675,48.95573],[2.45588,48.95567]]]}}
]
}
