{
"type": "FeatureCollection",
"name": "L_SI_EAU_POTABLE_S_095",
"crs": { "type": "name", "properties": { "name": "urn:ogc:def:crs:OGC:1.3:CRS84" } },
"xy_coordinate_resolution": 1e-05,
"features": [
{"type":"Feature","properties":{"ID":"COMMUNE_0000000009733987","INSEE_COM":"95504","INSEE_ARR":"3","INSEE_COL":"95D","INSEE_DEP":"95","INSEE_REG":"11","NOM":"Presles","CL_DEPART":"Non","CL_REGION":"Non","SIREN_EPCI":"249500455","SIREN_SI":259500080,"NOM_SI":"S.I. DES EAUX DE MOURS - NOINTEL ET PRESLES"},"geometry":{"type":"Polygon","coordinates":[[[2.26043,49.10077],[2.26294,49.10302],[2.26313,49.10332],[2.26316,49.10369],[2.26301,49.10416],[2.26272,49.1047],[2.26217,49.10533],[2.26133,49.10587],[2.26086,49.10611],[2.25947,49.10622],[2.25849,49.1064],[2.25821,49.10641],[2.25737,49.10726],[2.2572,49.10749],[2.25648,49.10799],[2.25639,49.1081],[2.25631,49.1084],[2.25621,49.10927],[2.25594,49.10998],[2.25548,49.11033],[2.25522,49.11089],[2.25526,49.11125],[2.25581,49.11279],[2.25712,49.11346],[2.25838,49.11357],[2.25836,49.11378],[2.26089,49.11424],[2.26001,49.11671],[2.26105,49.1177],[2.26112,49.11783],[2.26178,49.11869],[2.26231,49.11902],[2.26314,49.12016],[2.26401,49.12035],[2.26374,49.12077],[2.26247,49.12232],[2.26178,49.12299],[2.26203,49.12341],[2.26235,49.12416],[2.2645,49.1249],[2.26755,49.12458],[2.26786,49.12456],[2.26788,49.12458],[2.26891,49.12433],[2.2709,49.12445],[2.27103,49.12433],[2.27527,49.1248],[2.27609,49.12515],[2.27772,49.12531],[2.27851,49.12473],[2.27943,49.12516],[2.27931,49.12574],[2.27953,49.12576],[2.27971,49.12575],[2.27994,49.12564],[2.28006,49.12551],[2.28189,49.12647],[2.28243,49.12672],[2.28261,49.12619],[2.28266,49.12581],[2.2822,49.12413],[2.28507,49.12529],[2.28654,49.12441],[2.28708,49.12414],[2.28815,49.12368],[2.28831,49.12356],[2.28919,49.12309],[2.28934,49.12261],[2.28967,49.1226],[2.29095,49.12238],[2.29193,49.12208],[2.29176,49.12245],[2.29322,49.12211],[2.29341,49.12272],[2.30559,49.12027],[2.30784,49.12096],[2.32006,49.12486],[2.31972,49.12269],[2.31959,49.1222],[2.31885,49.11825],[2.31876,49.11759],[2.3105,49.11373],[2.31112,49.11332],[2.31148,49.11304],[2.31226,49.11259],[2.31347,49.11175],[2.31395,49.11129],[2.31548,49.10954],[2.31449,49.10923],[2.31329,49.10896],[2.31321,49.10889],[2.31245,49.10863],[2.31202,49.10839],[2.3119,49.10821],[2.31185,49.10792],[2.31163,49.10742],[2.31064,49.10655],[2.3105,49.10631],[2.31024,49.1061],[2.30991,49.10576],[2.30922,49.10484],[2.30845,49.10416],[2.30895,49.10363],[2.30878,49.10242],[2.30898,49.10232],[2.30937,49.10201],[2.30969,49.10152],[2.30977,49.10131],[2.31012,49.10091],[2.31027,49.10064],[2.3085,49.0998],[2.30883,49.09962],[2.30949,49.09934],[2.30961,49.09932],[2.30983,49.09917],[2.31,49.0991],[2.31092,49.09893],[2.31099,49.09881],[2.31176,49.09833],[2.31196,49.09811],[2.31222,49.09795],[2.31241,49.09789],[2.31205,49.09735],[2.30805,49.09856],[2.30777,49.09899],[2.30753,49.09926],[2.30737,49.09957],[2.30731,49.10002],[2.30737,49.10016],[2.30611,49.10038],[2.30591,49.10076],[2.30574,49.1009],[2.3054,49.10056],[2.30395,49.09867],[2.30327,49.09841],[2.30289,49.09815],[2.30271,49.09802],[2.30173,49.09713],[2.30142,49.09619],[2.30116,49.09587],[2.30155,49.09521],[2.30217,49.09449],[2.30236,49.09455],[2.30269,49.09383],[2.3029,49.09218],[2.30108,49.09409],[2.30045,49.09463],[2.30036,49.09482],[2.30007,49.09609],[2.29987,49.09651],[2.29952,49.0969],[2.29863,49.09753],[2.29816,49.09781],[2.29511,49.09949],[2.29413,49.1002],[2.29309,49.10105],[2.28888,49.09879],[2.29015,49.10161],[2.28993,49.10182],[2.2898,49.10225],[2.28967,49.10238],[2.28948,49.10249],[2.28922,49.10254],[2.28895,49.10257],[2.28869,49.10255],[2.28807,49.10242],[2.2875,49.10223],[2.28659,49.10186],[2.28602,49.10157],[2.28516,49.10098],[2.28463,49.10076],[2.28318,49.09973],[2.28219,49.09993],[2.28113,49.10019],[2.28099,49.10179],[2.27824,49.10154],[2.27702,49.10148],[2.27529,49.10134],[2.27452,49.10123],[2.26791,49.10066],[2.26619,49.10048],[2.26311,49.10024],[2.26257,49.10017],[2.26043,49.10077]]]}},
{"type":"Feature","properties":{"ID":"COMMUNE_0000000009733027","INSEE_COM":"60517","INSEE_ARR":"4","INSEE_COL":"60D","INSEE_DEP":"60","INSEE_REG":"32","NOM":"Puiseux-le-Hauberger","CL_DEPART":"Non","CL_REGION":"Non","SIREN_EPCI":"200067973","SIREN_SI":256000340,"NOM_SI":"S.I. DES EAUX DU PLATEAU DE LA THELLE (S.I.E.) (60)"},"geometry":{"type":"Polygon","coordinates":[[[2.24877,49.21428],[2.24633,49.21386],[2.2463,49.21384],[2.24575,49.21374],[2.24379,49.20967],[2.24334,49.20864],[2.24178,49.20873],[2.24165,49.2082],[2.24182,49.20791],[2.24209,49.20763],[2.23979,49.20665],[2.2392,49.20646],[2.2393,49.20621],[2.23755,49.20583],[2.23377,49.20543],[2.23152,49.20515],[2.23082,49.20517],[2.23064,49.20521],[2.23068,49.2053],[2.22894,49.20642],[2.22737,49.20778],[2.22697,49.20758],[2.22557,49.20661],[2.2249,49.20608],[2.22367,49.20533],[2.22166,49.20736],[2.22031,49.2072],[2.21989,49.20761],[2.21999,49.20765],[2.21862,49.20946],[2.21774,49.20932],[2.21742,49.21061],[2.21772,49.21266],[2.21721,49.21273],[2.21725,49.21283],[2.21625,49.21295],[2.21626,49.21297],[2.21497,49.21344],[2.21486,49.21351],[2.21461,49.21326],[2.21419,49.21344],[2.21564,49.21648],[2.21508,49.21756],[2.21441,49.22019],[2.21437,49.2206],[2.21565,49.22193],[2.216,49.22266],[2.21616,49.22272],[2.21764,49.22285],[2.21916,49.22305],[2.21933,49.22299],[2.2202,49.22295],[2.22158,49.22275],[2.22235,49.22268],[2.22274,49.22268],[2.2232,49.22277],[2.22367,49.22279],[2.22429,49.2227],[2.22462,49.22268],[2.22459,49.22279],[2.22441,49.22308],[2.22379,49.22332],[2.22325,49.22376],[2.22289,49.22394],[2.22181,49.22428],[2.22106,49.22432],[2.22055,49.22423],[2.21962,49.22528],[2.22207,49.22635],[2.22564,49.22823],[2.22346,49.23013],[2.22382,49.23014],[2.22464,49.23006],[2.22137,49.23325],[2.2268,49.23421],[2.2281,49.23428],[2.22956,49.23429],[2.23054,49.23435],[2.23408,49.23488],[2.23416,49.23481],[2.23454,49.23413],[2.2356,49.23182],[2.23572,49.23141],[2.23563,49.23069],[2.23572,49.23004],[2.23579,49.22868],[2.23606,49.22853],[2.23621,49.22838],[2.23628,49.22829],[2.23634,49.22801],[2.23613,49.22583],[2.23781,49.22543],[2.23776,49.22535],[2.23779,49.22534],[2.23899,49.22506],[2.23883,49.22434],[2.24086,49.22454],[2.24053,49.22334],[2.2421,49.22292],[2.24309,49.22501],[2.2439,49.2248],[2.24381,49.2247],[2.24384,49.22468],[2.2468,49.22377],[2.24966,49.22234],[2.24954,49.22144],[2.2496,49.22141],[2.24966,49.21998],[2.24877,49.21428]]]}},
{"type":"Feature","properties":{"ID":"COMMUNE_0000000009733488","INSEE_COM":"60505","INSEE_ARR":"4","INSEE_COL":"60D","INSEE_DEP":"60","INSEE_REG":"32","NOM":"Pontarmé","CL_DEPART":"Non","CL_REGION":"Non","SIREN_EPCI":"200066975","SIREN_SI":259500577,"NOM_SI":"S.I. D'EXPLOITATION DES CHAMPS CAPTANTS D'ASNIERES-SUR-OISE (S.I.E.C.C.A.O.)"},"geometry":{"type":"Polygon","coordinates":[[[2.52476,49.15933],[2.52424,49.16065],[2.52427,49.16081],[2.52437,49.16092],[2.5245,49.16099],[2.52705,49.16536],[2.52702,49.16549],[2.52716,49.16556],[2.52708,49.16568],[2.52715,49.16577],[2.52714,49.16629],[2.52643,49.17091],[2.52613,49.17257],[2.52634,49.17269],[2.52747,49.17243],[2.53831,49.1697],[2.5384,49.16967],[2.53906,49.169],[2.55295,49.17459],[2.55517,49.18124],[2.55669,49.18603],[2.56029,49.18852],[2.56188,49.18765],[2.56239,49.18788],[2.56291,49.18802],[2.56573,49.18855],[2.56593,49.18852],[2.56819,49.18781],[2.57134,49.18773],[2.57174,49.18765],[2.57319,49.1876],[2.57392,49.18751],[2.57419,49.18743],[2.57453,49.18726],[2.57507,49.18709],[2.57532,49.18684],[2.57503,49.18639],[2.57443,49.1865],[2.57435,49.18639],[2.57425,49.18606],[2.57576,49.18578],[2.577,49.18578],[2.57727,49.18573],[2.57715,49.18551],[2.5826,49.18449],[2.58237,49.18422],[2.5802,49.18109],[2.57973,49.18033],[2.5797,49.18018],[2.57952,49.18003],[2.57983,49.17956],[2.58361,49.17461],[2.58458,49.17342],[2.5848,49.17325],[2.58484,49.17311],[2.60418,49.17814],[2.60458,49.17811],[2.60537,49.17852],[2.60524,49.17771],[2.60256,49.17633],[2.60159,49.17689],[2.60105,49.17591],[2.60086,49.17499],[2.60064,49.17427],[2.60038,49.17292],[2.60027,49.17248],[2.60015,49.17228],[2.5999,49.17118],[2.59962,49.16838],[2.59995,49.16692],[2.60005,49.16595],[2.59975,49.16601],[2.58612,49.16684],[2.58487,49.16694],[2.57403,49.16755],[2.57112,49.1677],[2.57092,49.16758],[2.56981,49.16602],[2.56792,49.16321],[2.5635,49.15695],[2.56343,49.15691],[2.56311,49.15697],[2.56313,49.15676],[2.56257,49.15473],[2.56255,49.15468],[2.56232,49.15467],[2.56243,49.15465],[2.5627,49.15385],[2.56256,49.15322],[2.56168,49.15324],[2.56169,49.15316],[2.56268,49.15301],[2.56286,49.15258],[2.56279,49.15234],[2.56288,49.15234],[2.5626,49.15175],[2.56169,49.15076],[2.56141,49.15037],[2.56099,49.1497],[2.56127,49.14961],[2.56112,49.14918],[2.55988,49.14953],[2.55863,49.14765],[2.55973,49.14724],[2.55892,49.14558],[2.55906,49.14502],[2.56049,49.1443],[2.56218,49.14435],[2.56208,49.14035],[2.56205,49.14029],[2.55949,49.14039],[2.55904,49.14059],[2.55798,49.14121],[2.55498,49.14284],[2.55371,49.14073],[2.55363,49.14074],[2.55352,49.14056],[2.55322,49.1406],[2.55264,49.13995],[2.55238,49.13975],[2.55241,49.13972],[2.55228,49.13948],[2.55129,49.13966],[2.55124,49.1397],[2.55114,49.13968],[2.55073,49.13977],[2.55058,49.13977],[2.55044,49.13981],[2.5504,49.13986],[2.54996,49.13992],[2.54983,49.13998],[2.5499,49.14019],[2.54983,49.1402],[2.54959,49.14033],[2.54937,49.14024],[2.54928,49.14035],[2.54902,49.14046],[2.54898,49.14054],[2.5486,49.14072],[2.54821,49.14106],[2.54806,49.14124],[2.54795,49.14129],[2.54794,49.14136],[2.54783,49.14142],[2.54779,49.1415],[2.54759,49.14169],[2.54751,49.14171],[2.54707,49.14203],[2.54563,49.1432],[2.54533,49.14334],[2.54386,49.14422],[2.54328,49.1445],[2.54289,49.145],[2.54258,49.14577],[2.54238,49.14584],[2.54199,49.14525],[2.54185,49.14532],[2.53647,49.14851],[2.53506,49.14947],[2.53446,49.1497],[2.53257,49.14643],[2.53237,49.14646],[2.53325,49.14868],[2.53358,49.14929],[2.53269,49.14942],[2.53306,49.15046],[2.53253,49.15058],[2.53287,49.15166],[2.53307,49.15212],[2.53317,49.15213],[2.53355,49.15277],[2.53374,49.1534],[2.53277,49.15381],[2.53191,49.15438],[2.53161,49.15453],[2.53095,49.15475],[2.52991,49.15499],[2.52912,49.155],[2.52573,49.15478],[2.5252,49.15468],[2.52478,49.15454],[2.52411,49.15425],[2.52397,49.15424],[2.52372,49.15429],[2.52367,49.15425],[2.52365,49.15429],[2.52427,49.15514],[2.52591,49.1568],[2.52476,49.15933]]]}},
{"type":"Feature","properties":{"ID":"COMMUNE_0000000009735510","INSEE_COM":"95427","INSEE_ARR":"2","INSEE_COL":"95D","INSEE_DEP":"95","INSEE_REG":"11","NOM":"Montmagny","CL_DEPART":"Non","CL_REGION":"Non","SIREN_EPCI":"200056380","SIREN_SI":257500017,"NOM_SI":"S.E.D.I.F."},"geometry":{"type":"Polygon","coordinates":[[[2.34421,48.97806],[2.34432,48.97787],[2.34505,48.97742],[2.34506,48.97729],[2.34488,48.97692],[2.34623,48.97656],[2.34674,48.97758],[2.34754,48.97894],[2.34776,48.97925],[2.34802,48.97986],[2.34802,48.97995],[2.34842,48.97936],[2.34895,48.97891],[2.34982,48.97826],[2.35074,48.97883],[2.35121,48.97916],[2.35178,48.97928],[2.35255,48.97953],[2.35289,48.97961],[2.35441,48.97981],[2.3551,48.97893],[2.35641,48.97737],[2.35693,48.97751],[2.35927,48.97786],[2.36006,48.97803],[2.36012,48.97796],[2.36027,48.97793],[2.36195,48.97788],[2.36228,48.97789],[2.36234,48.97794],[2.36263,48.97855],[2.36278,48.97865],[2.3631,48.97875],[2.36336,48.9788],[2.3641,48.97889],[2.36573,48.97479],[2.36588,48.97433],[2.36529,48.97309],[2.36265,48.97366],[2.36267,48.97372],[2.36227,48.9738],[2.36172,48.97397],[2.36163,48.97402],[2.36129,48.9735],[2.36081,48.97299],[2.3605,48.97269],[2.36009,48.97248],[2.35898,48.97287],[2.35751,48.97083],[2.35642,48.9691],[2.35655,48.96897],[2.35693,48.96878],[2.35536,48.96744],[2.3548,48.9669],[2.35392,48.96576],[2.35365,48.96583],[2.35347,48.96562],[2.35257,48.96573],[2.35232,48.96578],[2.35201,48.96591],[2.35177,48.96606],[2.35164,48.96619],[2.35158,48.96662],[2.35052,48.96702],[2.3485,48.9675],[2.34729,48.9677],[2.34722,48.96771],[2.34708,48.96766],[2.34508,48.96819],[2.34466,48.96818],[2.34387,48.96842],[2.33987,48.96255],[2.33939,48.96271],[2.33893,48.96292],[2.33746,48.96091],[2.33764,48.96072],[2.33808,48.96007],[2.3369,48.95858],[2.33651,48.95805],[2.33636,48.95774],[2.33622,48.95765],[2.33564,48.95712],[2.33551,48.95714],[2.33535,48.95703],[2.33511,48.95679],[2.33506,48.95681],[2.33427,48.95605],[2.33402,48.95617],[2.33336,48.95532],[2.3308,48.95737],[2.33025,48.95779],[2.32922,48.95847],[2.32792,48.95952],[2.32898,48.95983],[2.32953,48.96002],[2.33013,48.96029],[2.33146,48.961],[2.33033,48.96163],[2.33051,48.96179],[2.32955,48.9623],[2.33062,48.96339],[2.33024,48.96355],[2.3302,48.96357],[2.33021,48.96364],[2.33024,48.96373],[2.33102,48.96454],[2.33104,48.96465],[2.33102,48.96475],[2.33093,48.96484],[2.33054,48.96499],[2.33174,48.96633],[2.33336,48.96581],[2.33428,48.96548],[2.33446,48.96564],[2.3347,48.96597],[2.33363,48.96633],[2.33386,48.96671],[2.33355,48.96715],[2.33326,48.96744],[2.3332,48.96757],[2.33352,48.96817],[2.33184,48.96902],[2.33099,48.96995],[2.33077,48.97027],[2.33243,48.97057],[2.33359,48.97085],[2.33433,48.9711],[2.33525,48.9715],[2.33579,48.97177],[2.33626,48.97196],[2.33643,48.97243],[2.33642,48.97259],[2.3359,48.97393],[2.33567,48.9753],[2.33688,48.97523],[2.34148,48.97476],[2.34274,48.97492],[2.34293,48.9755],[2.34375,48.97693],[2.34421,48.97806]]]}},
{"type":"Feature","properties":{"ID":"COMMUNE_0000000009734008","INSEE_COM":"95584","INSEE_ARR":"3","INSEE_COL":"95D","INSEE_DEP":"95","INSEE_REG":"11","NOM":"Santeuil","CL_DEPART":"Non","CL_REGION":"Non","SIREN_EPCI":"200035970","SIREN_SI":259502649,"NOM_SI":"S.I. DES EAUX DU VAL DE VIOSNE"},"geometry":{"type":"Polygon","coordinates":[[[1.97537,49.12481],[1.97427,49.12414],[1.97309,49.12388],[1.97278,49.12352],[1.97279,49.12334],[1.97268,49.12321],[1.97237,49.12303],[1.97191,49.12286],[1.97195,49.12283],[1.97182,49.12272],[1.97155,49.12262],[1.97104,49.12252],[1.97068,49.12239],[1.97032,49.12218],[1.96992,49.12186],[1.96937,49.12162],[1.969,49.12152],[1.96794,49.12133],[1.96758,49.12123],[1.96635,49.12071],[1.96621,49.12046],[1.96612,49.1204],[1.9653,49.12012],[1.96514,49.12002],[1.96431,49.11975],[1.96283,49.11938],[1.96174,49.11928],[1.96103,49.11926],[1.95905,49.11899],[1.95878,49.11889],[1.95874,49.1189],[1.95832,49.11881],[1.9574,49.11837],[1.95687,49.11793],[1.9562,49.11717],[1.95601,49.1173],[1.95577,49.1174],[1.95539,49.11785],[1.95524,49.11794],[1.95358,49.1182],[1.95337,49.11832],[1.95298,49.11861],[1.95237,49.11896],[1.95217,49.11912],[1.95208,49.11923],[1.95218,49.1194],[1.95216,49.11944],[1.95178,49.1198],[1.95043,49.11929],[1.95025,49.11949],[1.94994,49.11957],[1.94978,49.11937],[1.94566,49.1203],[1.94524,49.12025],[1.94427,49.12025],[1.94413,49.12036],[1.94337,49.12067],[1.94279,49.12102],[1.94206,49.12133],[1.94171,49.12143],[1.94153,49.12117],[1.94128,49.12122],[1.94003,49.12136],[1.93978,49.12211],[1.93934,49.12204],[1.93911,49.12269],[1.93987,49.12284],[1.93986,49.12292],[1.94026,49.12298],[1.94022,49.12309],[1.94006,49.12325],[1.93977,49.12337],[1.93877,49.12358],[1.93849,49.12366],[1.93828,49.12378],[1.93816,49.1239],[1.93807,49.12434],[1.93799,49.1245],[1.93749,49.12481],[1.93743,49.12488],[1.93773,49.12511],[1.93701,49.12517],[1.93662,49.12547],[1.93598,49.12604],[1.9351,49.12713],[1.93378,49.12808],[1.93315,49.12858],[1.93248,49.12928],[1.9324,49.12958],[1.93222,49.12968],[1.932,49.1297],[1.93153,49.12969],[1.93099,49.12957],[1.93045,49.13032],[1.93206,49.1314],[1.93222,49.1313],[1.93258,49.13114],[1.93381,49.13212],[1.93542,49.1333],[1.93756,49.13473],[1.94029,49.13293],[1.94054,49.13274],[1.9407,49.13259],[1.94085,49.13236],[1.94058,49.13222],[1.94209,49.13096],[1.9427,49.13036],[1.94385,49.1297],[1.94397,49.12973],[1.94499,49.13034],[1.94473,49.13051],[1.94461,49.13063],[1.94487,49.13073],[1.94506,49.13058],[1.94679,49.13128],[1.94713,49.13079],[1.94725,49.13071],[1.94829,49.13109],[1.9488,49.13123],[1.94964,49.13158],[1.94962,49.13159],[1.95041,49.13228],[1.95086,49.1325],[1.95134,49.13277],[1.9517,49.13341],[1.95213,49.13319],[1.95525,49.13658],[1.9554,49.13655],[1.95618,49.13748],[1.95632,49.1376],[1.95718,49.13909],[1.95759,49.14022],[1.95813,49.14121],[1.95916,49.14258],[1.961,49.14481],[1.96117,49.14489],[1.96151,49.14498],[1.96241,49.1451],[1.96378,49.14523],[1.96442,49.14452],[1.96538,49.14318],[1.96659,49.14208],[1.966,49.14156],[1.96577,49.14145],[1.96446,49.14059],[1.9645,49.14046],[1.9639,49.14022],[1.96446,49.13993],[1.96462,49.13978],[1.96507,49.1402],[1.9657,49.13993],[1.96634,49.13952],[1.96684,49.13993],[1.96688,49.14009],[1.96806,49.14074],[1.96894,49.13993],[1.96987,49.13898],[1.97079,49.13791],[1.97162,49.13734],[1.97199,49.13695],[1.97216,49.13666],[1.97264,49.13553],[1.97231,49.13517],[1.97412,49.13448],[1.97374,49.13407],[1.9738,49.134],[1.97478,49.13347],[1.97538,49.13309],[1.97596,49.13278],[1.97769,49.13227],[1.97797,49.13214],[1.97866,49.13175],[1.97995,49.13117],[1.98016,49.13112],[1.98036,49.13112],[1.98054,49.13117],[1.98141,49.13153],[1.98205,49.13184],[1.98219,49.13078],[1.9809,49.12993],[1.98031,49.13014],[1.97943,49.12898],[1.97753,49.12626],[1.97682,49.1261],[1.97632,49.1259],[1.97595,49.12568],[1.97573,49.12552],[1.97547,49.12524],[1.97538,49.12501],[1.97537,49.12481]]]}},
{"type":"Feature","properties":{"ID":"COMMUNE_0000000009735021","INSEE_COM":"95585","INSEE_ARR":"2","INSEE_COL":"95D","INSEE_DEP":"95","INSEE_REG":"11","NOM":"Sarcelles","CL_DEPART":"Non","CL_REGION":"Non","SIREN_EPCI":"200055655","SIREN_SI":257500017,"NOM_SI":"S.E.D.I.F."},"geometry":{"type":"Polygon","coordinates":[[[2.38244,48.97123],[2.37573,48.97207],[2.37254,48.97237],[2.36888,48.97303],[2.36597,48.97401],[2.36574,48.97403],[2.36588,48.97433],[2.36573,48.97479],[2.36407,48.97896],[2.36423,48.97904],[2.36522,48.98006],[2.36583,48.98083],[2.36612,48.98144],[2.36714,48.98296],[2.36722,48.98315],[2.36742,48.98339],[2.36765,48.98382],[2.36789,48.98442],[2.36775,48.98455],[2.36762,48.98491],[2.36747,48.98617],[2.36754,48.98641],[2.3679,48.9871],[2.36812,48.98789],[2.36653,48.98852],[2.366,48.98878],[2.36668,48.98947],[2.36607,48.9897],[2.36663,48.99024],[2.36521,48.99087],[2.36652,48.99208],[2.36524,48.99313],[2.36885,48.99454],[2.3689,48.99452],[2.36973,48.99487],[2.3699,48.99495],[2.36994,48.99528],[2.36987,48.99558],[2.36953,48.99625],[2.36853,48.99725],[2.3683,48.99774],[2.36829,48.9983],[2.36854,48.99908],[2.36854,48.99921],[2.36818,49.00005],[2.36724,49.00116],[2.36706,49.00147],[2.36696,49.00178],[2.36695,49.00199],[2.36711,49.00293],[2.3671,49.00335],[2.36633,49.00525],[2.36588,49.00596],[2.36573,49.00612],[2.36527,49.00646],[2.36512,49.00665],[2.36502,49.00683],[2.36459,49.00798],[2.36397,49.00918],[2.36372,49.00945],[2.36337,49.00956],[2.36409,49.01043],[2.36511,49.01137],[2.36529,49.01144],[2.36581,49.01154],[2.36605,49.01162],[2.36736,49.01241],[2.36775,49.01258],[2.36779,49.01259],[2.36788,49.01251],[2.36802,49.01226],[2.36915,49.01222],[2.36926,49.01219],[2.36961,49.01198],[2.36978,49.01192],[2.37011,49.01189],[2.37045,49.01196],[2.37135,49.01225],[2.37175,49.01217],[2.37252,49.01217],[2.37272,49.01223],[2.37328,49.01254],[2.3734,49.01258],[2.37395,49.01263],[2.37428,49.01261],[2.37459,49.01272],[2.37653,49.01264],[2.37704,49.01268],[2.37781,49.01303],[2.37812,49.01323],[2.37855,49.01344],[2.37973,49.01367],[2.37986,49.01373],[2.37985,49.01336],[2.37958,49.01297],[2.37937,49.01186],[2.37944,49.01174],[2.3794,49.01108],[2.37946,49.01067],[2.37941,49.01009],[2.37984,49.00997],[2.37929,49.00918],[2.37906,49.00873],[2.37902,49.00845],[2.37904,49.0079],[2.37888,49.0074],[2.37891,49.00731],[2.37885,49.00687],[2.38078,49.00587],[2.38062,49.00576],[2.38122,49.00547],[2.38047,49.00472],[2.38086,49.00465],[2.38057,49.00435],[2.3814,49.00404],[2.38191,49.00387],[2.38193,49.00391],[2.38207,49.00387],[2.38259,49.00367],[2.38253,49.00354],[2.38183,49.00262],[2.38187,49.0026],[2.38172,49.00241],[2.38308,49.00189],[2.38304,49.00184],[2.38437,49.00138],[2.38647,49.00051],[2.38633,49.00038],[2.38825,48.99959],[2.38821,48.99949],[2.38977,48.99913],[2.38976,48.99911],[2.39166,48.99866],[2.39162,48.99854],[2.39311,48.99819],[2.3942,48.99798],[2.39414,48.99787],[2.39399,48.99776],[2.39364,48.99728],[2.39397,48.99713],[2.39706,48.996],[2.39679,48.99568],[2.39788,48.99529],[2.39887,48.995],[2.40235,48.99372],[2.40269,48.99431],[2.40464,48.99345],[2.40604,48.99279],[2.40615,48.9929],[2.40818,48.99189],[2.40629,48.98953],[2.40572,48.98981],[2.40481,48.98891],[2.4046,48.98902],[2.40353,48.98796],[2.40334,48.98803],[2.4023,48.98664],[2.40115,48.98478],[2.40176,48.98475],[2.40138,48.98272],[2.39821,48.98245],[2.39662,48.98113],[2.38883,48.97577],[2.38874,48.97583],[2.38826,48.97549],[2.38836,48.97543],[2.38756,48.97488],[2.38554,48.97336],[2.38244,48.97123]]]}},
{"type":"Feature","properties":{"ID":"COMMUNE_0000000009735013","INSEE_COM":"95612","INSEE_ARR":"2","INSEE_COL":"95D","INSEE_DEP":"95","INSEE_REG":"11","NOM":"Le Thillay","CL_DEPART":"Non","CL_REGION":"Non","SIREN_EPCI":"200055655","SIREN_SI":200091940,"NOM_SI":"SMAEP DAMONA"},"geometry":{"type":"Polygon","coordinates":[[[2.44338,49.01131],[2.44403,49.01205],[2.44463,49.01246],[2.44593,49.0121],[2.44925,49.01098],[2.44992,49.01083],[2.45201,49.01056],[2.45347,49.01026],[2.45511,49.00999],[2.45646,49.00972],[2.4585,49.00951],[2.45953,49.00955],[2.46106,49.00968],[2.46111,49.01042],[2.46119,49.01044],[2.4638,49.00968],[2.46443,49.00955],[2.46494,49.0094],[2.46606,49.00899],[2.4662,49.00891],[2.46651,49.0095],[2.46732,49.0095],[2.46754,49.00945],[2.46757,49.00959],[2.46871,49.00957],[2.46983,49.00932],[2.46959,49.009],[2.46947,49.00875],[2.4697,49.00835],[2.47256,49.00982],[2.47245,49.01033],[2.47304,49.01043],[2.47535,49.01007],[2.47538,49.0101],[2.47575,49.01004],[2.47726,49.00991],[2.47747,49.01078],[2.47851,49.01064],[2.47879,49.01154],[2.47925,49.01147],[2.48131,49.0113],[2.4837,49.01118],[2.48424,49.01113],[2.48814,49.0107],[2.48879,49.01061],[2.49041,49.0103],[2.4912,49.01025],[2.48935,49.00545],[2.489,49.00477],[2.48904,49.00464],[2.48901,49.0045],[2.48804,49.00199],[2.48763,49.00202],[2.48756,49.00188],[2.48738,49.00193],[2.48729,49.00175],[2.48668,49.00187],[2.48643,49.00124],[2.48422,49.00118],[2.48359,49.00112],[2.48362,49.00093],[2.48358,49.0003],[2.48351,49.00001],[2.48357,48.99978],[2.4835,48.99925],[2.47875,48.99397],[2.47707,48.99362],[2.47618,48.9936],[2.47534,48.99364],[2.47477,48.99371],[2.47427,48.99385],[2.4735,48.99417],[2.47199,48.9945],[2.47147,48.99468],[2.47093,48.99494],[2.46946,48.99556],[2.46894,48.9957],[2.46791,48.99604],[2.4674,48.99616],[2.46724,48.99627],[2.46724,48.99582],[2.46728,48.99565],[2.46724,48.99538],[2.46728,48.99523],[2.46715,48.99508],[2.46706,48.99503],[2.46703,48.99496],[2.46701,48.99484],[2.46707,48.99463],[2.46707,48.99439],[2.46672,48.99429],[2.46658,48.99421],[2.46627,48.99421],[2.46526,48.99557],[2.46451,48.99648],[2.46385,48.99737],[2.46378,48.99754],[2.46369,48.99764],[2.46338,48.99739],[2.46241,48.99678],[2.46133,48.99723],[2.46193,48.99785],[2.46295,48.99759],[2.46301,48.99762],[2.46413,48.99898],[2.46487,49.00037],[2.46528,49.00131],[2.46458,49.00134],[2.46457,49.00141],[2.46433,49.0014],[2.4638,49.00152],[2.46302,49.00163],[2.46212,49.00168],[2.46029,49.00171],[2.45749,49.00196],[2.45608,49.00218],[2.45499,49.00245],[2.45243,49.00329],[2.45174,49.00349],[2.44402,49.00553],[2.44673,49.01018],[2.44661,49.01022],[2.44649,49.01029],[2.4458,49.01043],[2.4454,49.01055],[2.44348,49.01102],[2.44338,49.01131]]]}},
{"type":"Feature","properties":{"ID":"COMMUNE_0000000009734029","INSEE_COM":"95101","INSEE_ARR":"3","INSEE_COL":"95D","INSEE_DEP":"95","INSEE_REG":"11","NOM":"Bray-et-Lû","CL_DEPART":"Non","CL_REGION":"Non","SIREN_EPCI":"249500513","SIREN_SI":259500684,"NOM_SI":"S.I. ET INTERDEPARTEMENTAL DES EAUX DE BRAY-ET-LU"},"geometry":{"type":"Polygon","coordinates":[[[1.67121,49.12743],[1.67076,49.12754],[1.67075,49.12759],[1.67002,49.12782],[1.67,49.12786],[1.6673,49.12856],[1.66539,49.12897],[1.66403,49.12937],[1.66316,49.12959],[1.66279,49.12973],[1.66215,49.12989],[1.66179,49.13003],[1.6614,49.13013],[1.66124,49.13021],[1.65969,49.13028],[1.65956,49.13023],[1.65862,49.13028],[1.65721,49.13044],[1.65565,49.13076],[1.65566,49.13108],[1.65599,49.13132],[1.65627,49.13142],[1.65662,49.1315],[1.65709,49.13158],[1.65742,49.1316],[1.65772,49.13177],[1.65785,49.13194],[1.65786,49.1331],[1.65703,49.13364],[1.65679,49.13395],[1.65725,49.13463],[1.65784,49.13456],[1.65805,49.13458],[1.65821,49.13466],[1.65833,49.13482],[1.65836,49.13495],[1.65832,49.13519],[1.6582,49.13531],[1.65748,49.13566],[1.65739,49.13585],[1.6574,49.13638],[1.65734,49.13663],[1.65722,49.13687],[1.65667,49.13757],[1.65501,49.13744],[1.65474,49.13732],[1.65469,49.13723],[1.6546,49.1367],[1.65408,49.13664],[1.65398,49.13622],[1.65378,49.13566],[1.65343,49.13493],[1.65265,49.135],[1.65315,49.13693],[1.653,49.13742],[1.65302,49.13772],[1.65283,49.1377],[1.65296,49.13822],[1.65148,49.13808],[1.65142,49.13875],[1.65293,49.13952],[1.65241,49.1407],[1.65227,49.14113],[1.65241,49.14113],[1.65258,49.14149],[1.65266,49.14148],[1.65307,49.14224],[1.65322,49.14274],[1.65322,49.14294],[1.65301,49.1436],[1.65297,49.14468],[1.65302,49.1448],[1.65313,49.14493],[1.65402,49.14509],[1.65443,49.14533],[1.65454,49.1457],[1.65446,49.14633],[1.6546,49.14656],[1.65492,49.14689],[1.65514,49.14701],[1.65544,49.1471],[1.65579,49.14726],[1.656,49.14746],[1.65607,49.14762],[1.65601,49.14795],[1.65584,49.14818],[1.65583,49.14847],[1.65593,49.14857],[1.65619,49.14865],[1.65751,49.14866],[1.65794,49.14875],[1.65834,49.14894],[1.6585,49.14909],[1.65879,49.14981],[1.65924,49.15117],[1.65947,49.15149],[1.66017,49.15175],[1.66098,49.15222],[1.66115,49.15229],[1.66271,49.15253],[1.6641,49.15317],[1.66441,49.15338],[1.66446,49.15347],[1.66444,49.15361],[1.66407,49.15414],[1.66454,49.15406],[1.66753,49.15383],[1.66764,49.15403],[1.66781,49.15467],[1.66793,49.15496],[1.66849,49.15566],[1.66865,49.1562],[1.66897,49.1567],[1.6697,49.1575],[1.67021,49.15815],[1.6705,49.15838],[1.67116,49.15811],[1.67138,49.15839],[1.6717,49.15831],[1.67185,49.15821],[1.67236,49.15803],[1.67284,49.1579],[1.67342,49.15765],[1.67414,49.15745],[1.67402,49.15722],[1.67493,49.15702],[1.67517,49.15728],[1.67549,49.15715],[1.67605,49.15701],[1.67592,49.15681],[1.67651,49.15671],[1.67712,49.15646],[1.67757,49.15637],[1.67766,49.15637],[1.67773,49.15642],[1.67853,49.15633],[1.67873,49.15634],[1.67861,49.15617],[1.67617,49.15386],[1.67463,49.15231],[1.67445,49.15208],[1.67399,49.15131],[1.67346,49.15069],[1.67276,49.14974],[1.67291,49.14966],[1.67312,49.14928],[1.67327,49.14917],[1.67456,49.14885],[1.67501,49.14878],[1.67517,49.14868],[1.67645,49.14652],[1.67665,49.14655],[1.67698,49.14598],[1.67683,49.14593],[1.67689,49.14584],[1.67559,49.14559],[1.67475,49.14521],[1.67471,49.14511],[1.67432,49.14502],[1.67164,49.14499],[1.67152,49.14488],[1.67148,49.14478],[1.67164,49.14446],[1.67118,49.14466],[1.67032,49.14301],[1.67003,49.14262],[1.66979,49.14246],[1.6696,49.14225],[1.66968,49.14208],[1.67008,49.14232],[1.67037,49.14238],[1.67172,49.14225],[1.67226,49.14213],[1.6726,49.14198],[1.67514,49.14056],[1.6754,49.14044],[1.67545,49.14022],[1.67543,49.14013],[1.67447,49.13966],[1.67444,49.13955],[1.67448,49.13932],[1.67346,49.13938],[1.67073,49.13916],[1.67001,49.1388],[1.6701,49.13862],[1.67027,49.13847],[1.67086,49.13761],[1.6715,49.13659],[1.67185,49.13615],[1.67208,49.13602],[1.67261,49.13579],[1.67483,49.13492],[1.6743,49.13434],[1.67577,49.13378],[1.67407,49.13208],[1.67326,49.13145],[1.67227,49.13083],[1.6725,49.13047],[1.67251,49.13037],[1.67229,49.13028],[1.67207,49.13023],[1.67193,49.13012],[1.67154,49.12906],[1.67121,49.12743]]]}},
{"type":"Feature","properties":{"ID":"COMMUNE_0000000009733024","INSEE_COM":"60450","INSEE_ARR":"4","INSEE_COL":"60D","INSEE_DEP":"60","INSEE_REG":"32","NOM":"Neuilly-en-Thelle","CL_DEPART":"Non","CL_REGION":"Non","SIREN_EPCI":"200067973","SIREN_SI":256000339,"NOM_SI":"S.I. DES EAUX DU PLATEAU DE LA THELLE (S.I.E.) (60)"},"geometry":{"type":"Polygon","coordinates":[[[2.30241,49.20788],[2.30226,49.20771],[2.30193,49.20692],[2.29954,49.20709],[2.29926,49.20617],[2.29446,49.20677],[2.29419,49.2053],[2.29453,49.2047],[2.29488,49.20389],[2.29075,49.205],[2.28656,49.2069],[2.2866,49.20633],[2.28655,49.20594],[2.28636,49.20556],[2.28629,49.20531],[2.28574,49.20431],[2.2858,49.20425],[2.28577,49.20412],[2.28603,49.20384],[2.28582,49.20318],[2.28575,49.20154],[2.28451,49.19909],[2.28283,49.19946],[2.28184,49.19958],[2.28055,49.20485],[2.2804,49.20493],[2.27871,49.20378],[2.27841,49.20366],[2.27667,49.2031],[2.2753,49.2029],[2.27507,49.20353],[2.27607,49.20362],[2.27323,49.20661],[2.27435,49.20697],[2.27477,49.20723],[2.27475,49.20725],[2.27369,49.20802],[2.27253,49.20708],[2.27026,49.20952],[2.2702,49.20954],[2.26959,49.20938],[2.26956,49.20932],[2.26909,49.20916],[2.2674,49.20871],[2.26724,49.20883],[2.26643,49.20869],[2.26508,49.20861],[2.26243,49.20855],[2.26114,49.20843],[2.25705,49.20843],[2.25725,49.20934],[2.2573,49.21099],[2.25735,49.21109],[2.25739,49.21159],[2.25683,49.21163],[2.2569,49.21199],[2.25711,49.21225],[2.25714,49.21244],[2.25732,49.21276],[2.25644,49.21293],[2.25583,49.21201],[2.2498,49.21224],[2.24948,49.21276],[2.24927,49.21338],[2.24919,49.21391],[2.24921,49.21417],[2.24915,49.21435],[2.24877,49.21428],[2.24876,49.2143],[2.24966,49.21998],[2.2496,49.22141],[2.24954,49.22144],[2.25456,49.22235],[2.25456,49.22699],[2.25716,49.22667],[2.25789,49.22647],[2.25983,49.22577],[2.26378,49.23075],[2.2624,49.23132],[2.26209,49.23157],[2.2633,49.23184],[2.2641,49.23197],[2.26439,49.23237],[2.26483,49.23309],[2.26487,49.23331],[2.26504,49.2336],[2.26509,49.23406],[2.26729,49.23557],[2.26716,49.23568],[2.26791,49.236],[2.26765,49.23634],[2.26709,49.23679],[2.26706,49.23688],[2.26685,49.23708],[2.26681,49.23722],[2.26677,49.23784],[2.26677,49.23842],[2.26629,49.23841],[2.26593,49.23845],[2.26585,49.23863],[2.26572,49.23991],[2.26546,49.24088],[2.2654,49.24183],[2.26513,49.2425],[2.26464,49.24441],[2.26462,49.24477],[2.26479,49.24644],[2.26508,49.24826],[2.26526,49.24849],[2.26533,49.24867],[2.26558,49.24941],[2.26582,49.24975],[2.26603,49.24991],[2.26624,49.24998],[2.26622,49.25003],[2.26615,49.25003],[2.26553,49.25042],[2.26543,49.25051],[2.26507,49.25071],[2.26588,49.25123],[2.26804,49.25287],[2.26822,49.25253],[2.26828,49.25252],[2.27097,49.25457],[2.2714,49.25515],[2.27234,49.25592],[2.27241,49.25572],[2.27341,49.25602],[2.27341,49.25606],[2.27358,49.25601],[2.27645,49.25561],[2.28031,49.25488],[2.28142,49.25465],[2.28666,49.25432],[2.28955,49.2545],[2.28947,49.25439],[2.28954,49.25439],[2.28963,49.25439],[2.29022,49.2546],[2.29061,49.25462],[2.29146,49.25481],[2.29247,49.25486],[2.29344,49.25496],[2.2949,49.2549],[2.29498,49.25494],[2.29506,49.25504],[2.29524,49.25507],[2.29562,49.25505],[2.29587,49.25516],[2.29624,49.25521],[2.29679,49.25543],[2.29701,49.2553],[2.29714,49.2554],[2.29812,49.25592],[2.29849,49.25617],[2.2987,49.25625],[2.29949,49.25669],[2.3001,49.25694],[2.30042,49.25713],[2.30073,49.25676],[2.30042,49.2566],[2.3008,49.25629],[2.30177,49.2556],[2.30082,49.25484],[2.30148,49.25429],[2.3017,49.25442],[2.30249,49.25382],[2.30289,49.25402],[2.30301,49.25395],[2.30324,49.25406],[2.30344,49.25429],[2.30381,49.25454],[2.30402,49.25433],[2.30412,49.25437],[2.30502,49.25369],[2.30318,49.25263],[2.30336,49.25257],[2.30292,49.25236],[2.30281,49.25231],[2.3026,49.25251],[2.30134,49.2519],[2.30129,49.25194],[2.29926,49.25118],[2.29898,49.25101],[2.29883,49.25084],[2.30429,49.24461],[2.2986,49.24134],[2.29924,49.24058],[2.29928,49.24044],[2.29508,49.23806],[2.2963,49.23689],[2.29638,49.23666],[2.2922,49.23428],[2.29407,49.23273],[2.29491,49.23194],[2.2958,49.23049],[2.29629,49.22987],[2.29646,49.22957],[2.29692,49.22717],[2.29729,49.2227],[2.29737,49.22259],[2.30018,49.22203],[2.30136,49.22176],[2.30139,49.22104],[2.30147,49.2205],[2.30225,49.21929],[2.30237,49.2189],[2.30237,49.21812],[2.30254,49.21731],[2.30307,49.21571],[2.3032,49.21482],[2.30321,49.214],[2.30308,49.21353],[2.30313,49.21343],[2.30306,49.21218],[2.30304,49.21104],[2.30273,49.20909],[2.30238,49.20791],[2.30241,49.20788]]]}},
{"type":"Feature","properties":{"ID":"COMMUNE_0000000009734027","INSEE_COM":"95462","INSEE_ARR":"3","INSEE_COL":"95D","INSEE_DEP":"95","INSEE_REG":"11","NOM":"Omerville","CL_DEPART":"Non","CL_REGION":"Non","SIREN_EPCI":"249500513","SIREN_SI":259500981,"NOM_SI":"S.I. D'ALIMENTATION EN EAU POTABLE DU VEXIN OUEST"},"geometry":{"type":"Polygon","coordinates":[[[1.74171,49.1379],[1.7417,49.13777],[1.74105,49.13755],[1.74113,49.13709],[1.74063,49.13683],[1.74059,49.13651],[1.73946,49.1362],[1.74033,49.1344],[1.73951,49.1342],[1.73971,49.13346],[1.73448,49.12956],[1.73088,49.12851],[1.73092,49.12762],[1.73174,49.12681],[1.73146,49.12634],[1.73144,49.12626],[1.73148,49.12619],[1.73056,49.12575],[1.73066,49.12527],[1.72998,49.12484],[1.73009,49.12437],[1.73246,49.11941],[1.73297,49.11865],[1.73385,49.11784],[1.73487,49.11706],[1.73481,49.11702],[1.73564,49.1167],[1.73677,49.11633],[1.73767,49.11565],[1.73787,49.11543],[1.73804,49.11517],[1.7383,49.11456],[1.73671,49.11422],[1.73564,49.11459],[1.73543,49.11446],[1.73471,49.11487],[1.73413,49.11443],[1.73345,49.11368],[1.73308,49.11337],[1.72836,49.11711],[1.72706,49.11835],[1.72688,49.11825],[1.72022,49.12338],[1.71783,49.12358],[1.71623,49.1236],[1.71622,49.1237],[1.71543,49.12379],[1.7075,49.12504],[1.70719,49.12505],[1.70607,49.12523],[1.70533,49.12513],[1.7033,49.12546],[1.7028,49.12547],[1.70168,49.12562],[1.70136,49.12564],[1.70125,49.1257],[1.70114,49.12571],[1.69997,49.1258],[1.69871,49.12594],[1.69839,49.126],[1.69793,49.12615],[1.69669,49.12637],[1.69606,49.12651],[1.69604,49.12659],[1.6958,49.12676],[1.69486,49.12728],[1.69434,49.12752],[1.69239,49.12826],[1.69168,49.12863],[1.69298,49.12966],[1.69435,49.13035],[1.69386,49.13068],[1.69749,49.13289],[1.69936,49.1346],[1.70051,49.13406],[1.70192,49.13549],[1.70234,49.13553],[1.70354,49.13707],[1.7061,49.1413],[1.70619,49.14163],[1.70705,49.14332],[1.70722,49.144],[1.7066,49.14428],[1.7067,49.14545],[1.70484,49.14624],[1.70574,49.14801],[1.70576,49.14811],[1.70597,49.14837],[1.70614,49.14875],[1.70623,49.14884],[1.70636,49.14907],[1.70542,49.1492],[1.70574,49.15046],[1.70543,49.1505],[1.70559,49.15084],[1.7056,49.15117],[1.70613,49.15309],[1.70603,49.15329],[1.70598,49.15366],[1.70599,49.15419],[1.70643,49.15459],[1.70658,49.15478],[1.70701,49.15581],[1.7072,49.15691],[1.70824,49.15859],[1.7085,49.1589],[1.71042,49.15959],[1.71151,49.16023],[1.71184,49.16046],[1.71121,49.16093],[1.71111,49.16097],[1.71122,49.16108],[1.71205,49.16139],[1.71245,49.16145],[1.71295,49.1616],[1.71282,49.16199],[1.71562,49.16339],[1.71623,49.16366],[1.71695,49.16407],[1.7172,49.16427],[1.71726,49.1644],[1.71748,49.16438],[1.71908,49.16577],[1.72043,49.16531],[1.72108,49.16583],[1.72244,49.16479],[1.72357,49.16509],[1.72473,49.16545],[1.72562,49.16566],[1.72593,49.1657],[1.72618,49.16565],[1.72625,49.16571],[1.73014,49.16737],[1.73185,49.16643],[1.73254,49.16635],[1.73267,49.16665],[1.73402,49.16611],[1.735,49.16582],[1.73579,49.16548],[1.73706,49.16483],[1.73772,49.16537],[1.73797,49.16552],[1.73985,49.16491],[1.74275,49.16407],[1.74491,49.16322],[1.7442,49.16253],[1.74426,49.1625],[1.7432,49.16136],[1.74025,49.15866],[1.74109,49.15713],[1.74128,49.15647],[1.7414,49.15535],[1.7415,49.15525],[1.74173,49.15456],[1.74138,49.15452],[1.74173,49.15401],[1.74157,49.15353],[1.74128,49.153],[1.74103,49.15272],[1.74085,49.15257],[1.74001,49.15204],[1.73984,49.15186],[1.73945,49.1509],[1.73888,49.1483],[1.73861,49.1474],[1.74126,49.1472],[1.74203,49.14684],[1.74167,49.14584],[1.74187,49.1457],[1.74214,49.14564],[1.74228,49.14557],[1.7423,49.14548],[1.74253,49.14514],[1.7424,49.1451],[1.74191,49.14382],[1.74144,49.14061],[1.74084,49.13785],[1.74123,49.13789],[1.74171,49.1379]]]}},
{"type":"Feature","properties":{"ID":"COMMUNE_0000000009734523","INSEE_COM":"95353","INSEE_ARR":"2","INSEE_COL":"95D","INSEE_DEP":"95","INSEE_REG":"11","NOM":"Maffliers","CL_DEPART":"Non","CL_REGION":"Non","SIREN_EPCI":"200073013","SIREN_SI":259500494,"NOM_SI":"S.I. D'ALIMENTATION EN EAU POTABLE DE LA REGION DE MONTSOULT"},"geometry":{"type":"Polygon","coordinates":[[[2.3029,49.09218],[2.30269,49.09383],[2.30236,49.09455],[2.30217,49.09449],[2.30155,49.09521],[2.30116,49.09587],[2.30142,49.09619],[2.30173,49.09713],[2.30271,49.09802],[2.30289,49.09815],[2.30327,49.09841],[2.30395,49.09867],[2.3054,49.10056],[2.30574,49.1009],[2.30591,49.10076],[2.30611,49.10038],[2.30737,49.10016],[2.30731,49.10002],[2.30737,49.09957],[2.30753,49.09926],[2.30777,49.09899],[2.30805,49.09856],[2.31205,49.09735],[2.3122,49.09757],[2.31258,49.09744],[2.31381,49.09712],[2.31484,49.09669],[2.31543,49.0964],[2.31665,49.09599],[2.31701,49.09596],[2.31792,49.09557],[2.31827,49.09568],[2.31913,49.0956],[2.31942,49.09519],[2.3196,49.09456],[2.31996,49.09426],[2.32013,49.09418],[2.32086,49.09402],[2.32127,49.09398],[2.32236,49.09375],[2.32297,49.09358],[2.32339,49.09355],[2.32348,49.0935],[2.32364,49.09325],[2.32378,49.09311],[2.32417,49.09296],[2.32453,49.09273],[2.32474,49.09264],[2.3248,49.09252],[2.32473,49.09239],[2.3249,49.09229],[2.32788,49.09144],[2.32741,49.09076],[2.32681,49.09034],[2.32613,49.09038],[2.32558,49.08941],[2.32435,49.08773],[2.32423,49.08763],[2.3241,49.08769],[2.32417,49.08753],[2.32457,49.08702],[2.32616,49.08619],[2.32752,49.08712],[2.32866,49.08737],[2.32985,49.08753],[2.3297,49.08775],[2.33039,49.08781],[2.33077,49.08743],[2.33089,49.08768],[2.33099,49.08779],[2.3324,49.08885],[2.33436,49.08623],[2.33116,49.08618],[2.33116,49.08584],[2.3323,49.08587],[2.33241,49.08462],[2.33212,49.08467],[2.33116,49.08453],[2.33086,49.08366],[2.3306,49.08359],[2.33112,49.08265],[2.33108,49.08255],[2.33066,49.08225],[2.33067,49.08213],[2.33239,49.08226],[2.33264,49.08236],[2.33474,49.08288],[2.33501,49.08228],[2.33532,49.08204],[2.33519,49.08152],[2.33495,49.08123],[2.33636,49.08132],[2.33666,49.08068],[2.33887,49.07682],[2.33923,49.07691],[2.33944,49.07642],[2.33832,49.07662],[2.3378,49.07624],[2.33503,49.07561],[2.33266,49.07504],[2.3324,49.07492],[2.33168,49.07478],[2.33036,49.07442],[2.32961,49.07638],[2.32539,49.07551],[2.3254,49.07469],[2.32436,49.0745],[2.32508,49.07306],[2.32497,49.07301],[2.32491,49.07307],[2.3243,49.07278],[2.32407,49.07307],[2.32331,49.07296],[2.32326,49.073],[2.31927,49.07252],[2.31666,49.0723],[2.31537,49.07216],[2.3149,49.07342],[2.31404,49.07322],[2.31401,49.07341],[2.31205,49.07293],[2.31127,49.0735],[2.31108,49.07354],[2.30956,49.07352],[2.30966,49.07295],[2.31003,49.07248],[2.30918,49.07251],[2.30864,49.07214],[2.30804,49.07183],[2.30791,49.07192],[2.30792,49.07197],[2.30822,49.07212],[2.30827,49.07216],[2.30826,49.07224],[2.30783,49.07279],[2.305,49.07237],[2.30238,49.07358],[2.30101,49.07425],[2.30078,49.07502],[2.2989,49.07552],[2.29655,49.07906],[2.2964,49.07894],[2.29631,49.07879],[2.29649,49.07736],[2.29124,49.07961],[2.28972,49.0766],[2.2894,49.07672],[2.28874,49.07709],[2.28852,49.07704],[2.28846,49.07687],[2.28709,49.07692],[2.28643,49.07724],[2.28577,49.07704],[2.28506,49.07747],[2.28472,49.07854],[2.28427,49.0783],[2.28371,49.0786],[2.2873,49.08365],[2.2875,49.08358],[2.28808,49.08346],[2.28986,49.08354],[2.28958,49.08369],[2.29034,49.08458],[2.29008,49.08469],[2.29089,49.08522],[2.29059,49.08536],[2.29117,49.08586],[2.29161,49.08558],[2.29226,49.086],[2.29219,49.08622],[2.29164,49.08704],[2.29146,49.08747],[2.29145,49.08774],[2.29373,49.08796],[2.2934,49.08834],[2.29611,49.08953],[2.29785,49.08997],[2.2986,49.09007],[2.3007,49.09064],[2.30162,49.09126],[2.30118,49.0915],[2.3029,49.09218]]]}},
{"type":"Feature","properties":{"ID":"COMMUNE_0000000009735037","INSEE_COM":"95252","INSEE_ARR":"1","INSEE_COL":"95D","INSEE_DEP":"95","INSEE_REG":"11","NOM":"Franconville","CL_DEPART":"Non","CL_REGION":"Non","SIREN_EPCI":"200058485","SIREN_SI":257500017,"NOM_SI":"S.E.D.I.F."},"geometry":{"type":"Polygon","coordinates":[[[2.215,49.00353],[2.22577,49.00004],[2.22757,48.9993],[2.22872,48.99887],[2.23028,48.9984],[2.23437,48.99723],[2.23703,48.99643],[2.24369,48.99422],[2.24208,48.99244],[2.24298,48.9921],[2.24249,48.99151],[2.24355,48.99125],[2.24322,48.99055],[2.24356,48.99046],[2.24373,48.98874],[2.24409,48.98632],[2.2428,48.98357],[2.24049,48.98371],[2.24038,48.98374],[2.23913,48.98378],[2.23717,48.98416],[2.23615,48.98411],[2.23557,48.98228],[2.23549,48.98184],[2.23556,48.98124],[2.23555,48.98091],[2.23549,48.98064],[2.23533,48.98042],[2.235,48.98023],[2.23575,48.97994],[2.23592,48.97961],[2.23619,48.97932],[2.23725,48.979],[2.23703,48.97864],[2.23687,48.97822],[2.23663,48.97676],[2.23651,48.97574],[2.23648,48.97434],[2.23656,48.97381],[2.2361,48.97376],[2.23561,48.97375],[2.23515,48.97371],[2.23395,48.97354],[2.23288,48.97337],[2.23219,48.9733],[2.23176,48.97307],[2.23082,48.97276],[2.23006,48.97257],[2.2293,48.97229],[2.22893,48.97276],[2.22876,48.97288],[2.22866,48.973],[2.22831,48.97329],[2.22793,48.97339],[2.22784,48.9734],[2.22763,48.97335],[2.22753,48.97337],[2.22746,48.9734],[2.22739,48.97353],[2.22699,48.97373],[2.22666,48.97385],[2.22651,48.97388],[2.22561,48.97338],[2.22522,48.97359],[2.22463,48.97398],[2.22433,48.97409],[2.22392,48.97471],[2.22356,48.97498],[2.22371,48.97512],[2.22283,48.97549],[2.22271,48.9752],[2.22194,48.97559],[2.22087,48.97541],[2.22021,48.97552],[2.21889,48.9762],[2.2193,48.977],[2.2196,48.97694],[2.21982,48.97751],[2.21901,48.97766],[2.21891,48.97781],[2.21879,48.97788],[2.21849,48.97792],[2.21858,48.97873],[2.21893,48.97868],[2.21888,48.97885],[2.21942,48.97911],[2.21874,48.97945],[2.21781,48.98002],[2.21733,48.98015],[2.21691,48.9803],[2.21594,48.98086],[2.21505,48.98119],[2.21436,48.98139],[2.21424,48.9814],[2.21327,48.98171],[2.2123,48.98182],[2.21091,48.98209],[2.21131,48.98236],[2.21054,48.98262],[2.21074,48.98285],[2.20998,48.98321],[2.20952,48.98254],[2.2088,48.98289],[2.20759,48.98329],[2.20628,48.98365],[2.2046,48.98406],[2.20375,48.9842],[2.20331,48.98423],[2.20326,48.9843],[2.20323,48.98459],[2.20304,48.9849],[2.20292,48.98521],[2.203,48.98542],[2.20302,48.98563],[2.20319,48.98575],[2.20328,48.9859],[2.20337,48.98591],[2.20358,48.98605],[2.20372,48.9863],[2.20384,48.98641],[2.20393,48.9873],[2.20389,48.9875],[2.20406,48.98872],[2.20436,48.98928],[2.20448,48.98979],[2.20464,48.98998],[2.20482,48.99009],[2.20607,48.99111],[2.20676,48.99176],[2.20707,48.99217],[2.20743,48.99287],[2.20795,48.99365],[2.20825,48.99446],[2.20814,48.99454],[2.20812,48.99467],[2.20832,48.99517],[2.20851,48.99588],[2.20897,48.99693],[2.20923,48.99731],[2.20986,48.99806],[2.21343,49.00189],[2.21448,49.00293],[2.215,49.00353]]]}},
{"type":"Feature","properties":{"ID":"COMMUNE_0000000009734520","INSEE_COM":"95042","INSEE_ARR":"2","INSEE_COL":"95D","INSEE_DEP":"95","INSEE_REG":"11","NOM":"Baillet-en-France","CL_DEPART":"Non","CL_REGION":"Non","SIREN_EPCI":"200073013","SIREN_SI":259500494,"NOM_SI":"S.I. D'ALIMENTATION EN EAU POTABLE DE LA REGION DE MONTSOULT"},"geometry":{"type":"Polygon","coordinates":[[[2.28482,49.04901],[2.2838,49.04968],[2.28356,49.04976],[2.28302,49.04984],[2.28225,49.0498],[2.28218,49.04963],[2.28174,49.04942],[2.28152,49.04926],[2.28094,49.04927],[2.28072,49.04923],[2.2807,49.04942],[2.28035,49.05056],[2.28027,49.0507],[2.27995,49.051],[2.27986,49.05113],[2.27916,49.05275],[2.279,49.05299],[2.27891,49.05435],[2.27913,49.05505],[2.27904,49.05519],[2.2791,49.05555],[2.27918,49.05781],[2.27908,49.05878],[2.27883,49.05955],[2.27891,49.06036],[2.27947,49.06167],[2.27951,49.06192],[2.2797,49.06226],[2.28011,49.06275],[2.28091,49.06432],[2.28058,49.06435],[2.28117,49.06534],[2.28113,49.06543],[2.28118,49.06581],[2.28044,49.06583],[2.27989,49.0657],[2.2795,49.06554],[2.27857,49.06548],[2.27813,49.0654],[2.27748,49.06522],[2.27665,49.06486],[2.27562,49.06456],[2.27375,49.06429],[2.27312,49.06418],[2.27245,49.06401],[2.27203,49.06401],[2.27187,49.06404],[2.2714,49.0642],[2.27167,49.06569],[2.27345,49.06616],[2.27339,49.06636],[2.2734,49.06666],[2.27384,49.06778],[2.27412,49.06828],[2.27518,49.06991],[2.27601,49.072],[2.27611,49.07212],[2.27829,49.07169],[2.27929,49.07116],[2.27953,49.07084],[2.27987,49.07074],[2.28019,49.07071],[2.28041,49.07074],[2.28062,49.07081],[2.28138,49.07126],[2.28198,49.07153],[2.28232,49.07158],[2.28312,49.0715],[2.28332,49.07151],[2.28364,49.07159],[2.28386,49.07173],[2.28387,49.07179],[2.28422,49.07209],[2.28432,49.07226],[2.2847,49.07245],[2.28568,49.07239],[2.28679,49.07244],[2.28711,49.0724],[2.28775,49.07195],[2.28804,49.07169],[2.28815,49.07166],[2.2888,49.07065],[2.2891,49.07038],[2.29027,49.06978],[2.29096,49.07039],[2.2917,49.06985],[2.2985,49.06735],[2.29859,49.06683],[2.29862,49.06682],[2.29862,49.0665],[2.29961,49.06629],[2.29993,49.06618],[2.30003,49.06602],[2.3001,49.06546],[2.30021,49.06551],[2.30038,49.06553],[2.30242,49.06558],[2.30306,49.06557],[2.30937,49.06509],[2.30944,49.06527],[2.30954,49.06537],[2.31038,49.06561],[2.31096,49.06573],[2.31139,49.06588],[2.3129,49.06671],[2.31415,49.06724],[2.31463,49.06737],[2.31554,49.06754],[2.3173,49.06641],[2.31772,49.0662],[2.31815,49.06603],[2.31873,49.06586],[2.32018,49.06555],[2.3202,49.06543],[2.33008,49.06364],[2.33164,49.05956],[2.33177,49.05912],[2.33217,49.05857],[2.33413,49.05384],[2.33547,49.05036],[2.33454,49.05021],[2.33456,49.05016],[2.33436,49.05013],[2.33451,49.0497],[2.33461,49.04974],[2.33472,49.04969],[2.33428,49.04929],[2.33083,49.05072],[2.32939,49.05157],[2.32891,49.05171],[2.32805,49.05189],[2.32714,49.05199],[2.32671,49.05194],[2.32539,49.05172],[2.32502,49.05168],[2.32481,49.05168],[2.32408,49.05179],[2.32323,49.05203],[2.32318,49.05115],[2.32312,49.0511],[2.32048,49.05065],[2.31761,49.04992],[2.31747,49.04984],[2.31723,49.04964],[2.31712,49.04942],[2.31698,49.04939],[2.31596,49.04941],[2.31256,49.0494],[2.31135,49.04894],[2.30867,49.04782],[2.30823,49.04766],[2.30674,49.04721],[2.3068,49.04694],[2.30628,49.04698],[2.3043,49.04698],[2.30407,49.04713],[2.30369,49.04731],[2.30251,49.04771],[2.30148,49.0481],[2.3006,49.04848],[2.30071,49.04858],[2.30078,49.0487],[2.30076,49.0489],[2.2999,49.0503],[2.29852,49.0501],[2.29746,49.04981],[2.29651,49.04936],[2.29531,49.04866],[2.29511,49.04851],[2.29482,49.04869],[2.2937,49.048],[2.29027,49.04631],[2.28634,49.05002],[2.28619,49.05023],[2.28587,49.05002],[2.28579,49.04991],[2.28482,49.04901]]]}},
{"type":"Feature","properties":{"ID":"COMMUNE_0000000009734561","INSEE_COM":"95676","INSEE_ARR":"3","INSEE_COL":"95D","INSEE_DEP":"95","INSEE_REG":"11","NOM":"Villers-en-Arthies","CL_DEPART":"Non","CL_REGION":"Non","SIREN_EPCI":"249500513","SIREN_SI":259501955,"NOM_SI":"S.I. DES EAUX DE VILLERS-EN-ARTHIES, CHAUSSY, CHERENCE"},"geometry":{"type":"Polygon","coordinates":[[[1.74099,49.09916],[1.74272,49.09432],[1.75098,49.0911],[1.75139,49.09097],[1.75256,49.0905],[1.75265,49.09043],[1.75373,49.09002],[1.75699,49.09014],[1.75781,49.09023],[1.75986,49.09035],[1.76092,49.09046],[1.76057,49.08737],[1.76041,49.08742],[1.75825,49.08749],[1.75794,49.08763],[1.75694,49.08763],[1.75681,49.08766],[1.75507,49.0877],[1.75491,49.08768],[1.75495,49.08695],[1.75486,49.08663],[1.7549,49.08602],[1.75509,49.08467],[1.75507,49.0843],[1.75488,49.08368],[1.75494,49.08358],[1.75517,49.08179],[1.75395,49.08013],[1.75107,49.07923],[1.74784,49.07635],[1.74756,49.07662],[1.74706,49.07592],[1.74666,49.07477],[1.74644,49.0745],[1.74622,49.07398],[1.7461,49.07337],[1.74617,49.07312],[1.74633,49.07284],[1.74541,49.07286],[1.74554,49.07315],[1.74449,49.0732],[1.74398,49.07318],[1.74345,49.0732],[1.7421,49.07275],[1.74087,49.07267],[1.7405,49.0727],[1.74027,49.07356],[1.73904,49.07342],[1.73707,49.0733],[1.73642,49.07306],[1.73656,49.07288],[1.73281,49.0716],[1.7328,49.07192],[1.73273,49.07219],[1.73216,49.07347],[1.73201,49.07402],[1.73156,49.07403],[1.73054,49.07415],[1.72829,49.07465],[1.72528,49.07544],[1.72286,49.07595],[1.72225,49.076],[1.7217,49.07602],[1.72127,49.07597],[1.72108,49.07591],[1.72084,49.0757],[1.72076,49.07548],[1.72062,49.07536],[1.72021,49.07532],[1.71977,49.07543],[1.71948,49.07545],[1.71902,49.07557],[1.71855,49.07578],[1.71821,49.07581],[1.71798,49.07579],[1.71758,49.07596],[1.71697,49.07617],[1.71665,49.07647],[1.71642,49.07716],[1.7162,49.07729],[1.71606,49.07731],[1.71572,49.07726],[1.71571,49.07716],[1.71518,49.07687],[1.71486,49.07681],[1.71452,49.07684],[1.71437,49.07693],[1.71432,49.07707],[1.71376,49.07717],[1.71385,49.07735],[1.70786,49.07891],[1.70783,49.0788],[1.70742,49.07822],[1.70689,49.07755],[1.70644,49.07787],[1.70608,49.07778],[1.70602,49.07838],[1.7049,49.07853],[1.70386,49.0789],[1.70339,49.07902],[1.7051,49.08183],[1.70514,49.08211],[1.70538,49.08277],[1.70541,49.08303],[1.70542,49.08388],[1.70548,49.08428],[1.70597,49.08578],[1.70605,49.08621],[1.70596,49.08618],[1.70568,49.08659],[1.70555,49.08689],[1.70544,49.08747],[1.70501,49.08826],[1.7059,49.08827],[1.70594,49.08945],[1.7076,49.09375],[1.7093,49.09422],[1.71161,49.09509],[1.72085,49.09712],[1.73857,49.10117],[1.74094,49.09915],[1.74099,49.09916]]]}},
{"type":"Feature","properties":{"ID":"COMMUNE_0000000009733999","INSEE_COM":"95328","INSEE_ARR":"3","INSEE_COL":"95D","INSEE_DEP":"95","INSEE_REG":"11","NOM":"Labbeville","CL_DEPART":"Non","CL_REGION":"Non","SIREN_EPCI":"249500430","SIREN_SI":259500320,"NOM_SI":"S.I. D'ALIMENTATION EN EAU POTABLE DE L'EPINE DE BUC"},"geometry":{"type":"Polygon","coordinates":[[[2.112,49.14372],[2.11318,49.14364],[2.11423,49.14377],[2.11558,49.14414],[2.11538,49.14487],[2.11509,49.14541],[2.11425,49.14647],[2.11223,49.14885],[2.11227,49.14955],[2.11276,49.14943],[2.11304,49.14962],[2.1136,49.15014],[2.11426,49.15035],[2.11473,49.15007],[2.1148,49.14991],[2.11508,49.14967],[2.11543,49.14953],[2.11585,49.14947],[2.11667,49.14948],[2.11717,49.14945],[2.11866,49.14907],[2.1211,49.14872],[2.12164,49.15034],[2.12195,49.15237],[2.12218,49.15348],[2.12561,49.15356],[2.12702,49.15366],[2.12907,49.15387],[2.13175,49.14922],[2.13382,49.14977],[2.13533,49.14999],[2.13566,49.1494],[2.13618,49.14824],[2.138,49.14838],[2.13836,49.14765],[2.13865,49.14762],[2.13893,49.1462],[2.13986,49.14629],[2.13997,49.14557],[2.13999,49.14511],[2.13936,49.14509],[2.13936,49.14449],[2.14148,49.14438],[2.14326,49.1441],[2.14456,49.14373],[2.1451,49.14388],[2.14525,49.14348],[2.14669,49.14354],[2.14661,49.14378],[2.14808,49.14425],[2.14919,49.14455],[2.1504,49.14439],[2.15155,49.14371],[2.15256,49.14329],[2.15331,49.1431],[2.15384,49.14282],[2.15404,49.14267],[2.15439,49.14228],[2.15511,49.14244],[2.15569,49.14208],[2.1561,49.14169],[2.15651,49.14138],[2.15719,49.14102],[2.15788,49.14091],[2.15815,49.1408],[2.15945,49.13997],[2.15971,49.13973],[2.15929,49.13859],[2.15835,49.13886],[2.15825,49.13887],[2.15814,49.1388],[2.15771,49.13813],[2.15763,49.13813],[2.15696,49.13732],[2.15737,49.13727],[2.15779,49.13714],[2.15683,49.13605],[2.15659,49.13617],[2.15629,49.13627],[2.15574,49.13493],[2.15564,49.13487],[2.15461,49.13349],[2.15403,49.1323],[2.15386,49.13138],[2.15526,49.13136],[2.15326,49.12971],[2.15217,49.12898],[2.15169,49.12836],[2.15123,49.128],[2.15116,49.12798],[2.15093,49.1278],[2.14918,49.12744],[2.1486,49.12576],[2.14563,49.12264],[2.14618,49.12233],[2.14062,49.11588],[2.13607,49.11797],[2.1359,49.11754],[2.13536,49.11646],[2.12935,49.11791],[2.12894,49.11816],[2.12507,49.11878],[2.12388,49.11914],[2.12393,49.11899],[2.12267,49.1192],[2.11709,49.12051],[2.11336,49.12129],[2.11328,49.12134],[2.11329,49.12141],[2.11523,49.12424],[2.11769,49.12794],[2.11784,49.12799],[2.11881,49.12816],[2.12141,49.13315],[2.12056,49.13324],[2.12089,49.13422],[2.1207,49.13422],[2.12065,49.13426],[2.12122,49.13549],[2.12143,49.13546],[2.1217,49.13607],[2.12189,49.13621],[2.1235,49.13597],[2.12396,49.13556],[2.12455,49.13543],[2.12488,49.13556],[2.12536,49.13645],[2.12646,49.13721],[2.12778,49.1371],[2.12809,49.13876],[2.12921,49.13861],[2.12953,49.1386],[2.13012,49.13864],[2.13046,49.13998],[2.13086,49.14183],[2.1255,49.14231],[2.12607,49.14281],[2.123,49.14485],[2.1218,49.1441],[2.12197,49.14403],[2.12095,49.14315],[2.12085,49.14296],[2.12104,49.14269],[2.12048,49.14256],[2.12077,49.14202],[2.11964,49.14171],[2.11969,49.1415],[2.11813,49.14114],[2.11738,49.14106],[2.11609,49.14087],[2.11592,49.14092],[2.11582,49.14109],[2.11547,49.14247],[2.11516,49.14227],[2.11464,49.1421],[2.11351,49.14194],[2.11252,49.14227],[2.11156,49.14253],[2.11129,49.14274],[2.11269,49.14324],[2.112,49.14372]]]}},
{"type":"Feature","properties":{"ID":"COMMUNE_0000000009734013","INSEE_COM":"95690","INSEE_ARR":"3","INSEE_COL":"95D","INSEE_DEP":"95","INSEE_REG":"11","NOM":"Wy-dit-Joli-Village","CL_DEPART":"Non","CL_REGION":"Non","SIREN_EPCI":"249500513","SIREN_SI":259500718,"NOM_SI":"S.I. DES EAUX DE LA SOURCE DE SAINT ROMAIN"},"geometry":{"type":"Polygon","coordinates":[[[1.82343,49.0763],[1.81882,49.07639],[1.81751,49.07646],[1.81521,49.07642],[1.81505,49.07671],[1.81294,49.07947],[1.81238,49.07902],[1.81143,49.07836],[1.81119,49.07825],[1.81052,49.07866],[1.80979,49.07922],[1.80972,49.08004],[1.80862,49.08033],[1.80811,49.08052],[1.80676,49.08087],[1.80618,49.08105],[1.80309,49.08219],[1.80288,49.08237],[1.8027,49.08297],[1.80244,49.08334],[1.80193,49.08372],[1.80163,49.08448],[1.80141,49.08491],[1.80156,49.08536],[1.80117,49.08579],[1.8023,49.08621],[1.80317,49.08871],[1.80406,49.08965],[1.80425,49.09007],[1.80391,49.09048],[1.80402,49.09114],[1.80374,49.09157],[1.80606,49.09388],[1.80652,49.0943],[1.80584,49.09475],[1.80529,49.09528],[1.81017,49.09734],[1.80775,49.09981],[1.80913,49.09986],[1.80951,49.09992],[1.81386,49.10162],[1.81407,49.10167],[1.81516,49.10173],[1.81845,49.10442],[1.81363,49.1066],[1.81647,49.10879],[1.81622,49.10891],[1.82244,49.11264],[1.82527,49.11429],[1.82473,49.11504],[1.8245,49.11521],[1.8239,49.11556],[1.82533,49.11559],[1.82585,49.11569],[1.82611,49.11576],[1.82656,49.11595],[1.82761,49.11659],[1.82771,49.11656],[1.82782,49.11649],[1.82849,49.1163],[1.83087,49.11578],[1.83291,49.11549],[1.8335,49.11524],[1.83423,49.11507],[1.83471,49.11469],[1.83541,49.11435],[1.83538,49.11416],[1.83528,49.11405],[1.83454,49.11272],[1.83458,49.11267],[1.83512,49.1124],[1.83575,49.11216],[1.837,49.11145],[1.83844,49.1107],[1.83954,49.1102],[1.84014,49.10962],[1.84022,49.10947],[1.84091,49.10871],[1.84094,49.10873],[1.84107,49.10863],[1.84119,49.1085],[1.8412,49.10844],[1.84076,49.10814],[1.84074,49.10675],[1.84127,49.10671],[1.84123,49.10644],[1.84127,49.10565],[1.84196,49.10572],[1.84243,49.10583],[1.84268,49.10576],[1.84284,49.10578],[1.84291,49.10573],[1.84313,49.10571],[1.84372,49.10553],[1.84367,49.10504],[1.84373,49.10428],[1.84492,49.10427],[1.8442,49.10368],[1.84505,49.1034],[1.84599,49.10313],[1.84692,49.10274],[1.84748,49.10242],[1.84805,49.10201],[1.84856,49.10158],[1.84731,49.09983],[1.84619,49.1002],[1.84526,49.10037],[1.84413,49.09818],[1.84443,49.09807],[1.84469,49.09793],[1.84447,49.09695],[1.84491,49.09679],[1.84381,49.09549],[1.84454,49.09509],[1.84473,49.09493],[1.84279,49.09284],[1.84093,49.09095],[1.84078,49.09085],[1.84,49.09199],[1.83925,49.09105],[1.83921,49.09105],[1.83914,49.09092],[1.83749,49.08903],[1.83599,49.0878],[1.83393,49.08628],[1.83368,49.08595],[1.8331,49.08446],[1.83273,49.08367],[1.8316,49.08282],[1.82853,49.08232],[1.82247,49.08211],[1.82057,49.08187],[1.82054,49.08179],[1.82117,49.08049],[1.82173,49.0798],[1.82233,49.07866],[1.82343,49.0763]]]}},
{"type":"Feature","properties":{"ID":"COMMUNE_0000000009734007","INSEE_COM":"95625","INSEE_ARR":"3","INSEE_COL":"95D","INSEE_DEP":"95","INSEE_REG":"11","NOM":"Us","CL_DEPART":"Non","CL_REGION":"Non","SIREN_EPCI":"200035970","SIREN_SI":259501278,"NOM_SI":"SYNDICAT INTERCOMMUNAL DES EAUX DE LA VIOSNE, DE L’AUBETTE ET DE LA MONTCIENT (SIEVAM)"},"geometry":{"type":"Polygon","coordinates":[[[1.95043,49.11929],[1.95178,49.1198],[1.95216,49.11944],[1.95218,49.1194],[1.95208,49.11923],[1.95217,49.11912],[1.95237,49.11896],[1.95298,49.11861],[1.95337,49.11832],[1.95358,49.1182],[1.95524,49.11794],[1.95539,49.11785],[1.95577,49.1174],[1.95601,49.1173],[1.9562,49.11717],[1.95687,49.11793],[1.9574,49.11837],[1.95832,49.11881],[1.95874,49.1189],[1.95878,49.11889],[1.95905,49.11899],[1.96103,49.11926],[1.96174,49.11928],[1.96283,49.11938],[1.96431,49.11975],[1.96514,49.12002],[1.9653,49.12012],[1.96612,49.1204],[1.96621,49.12046],[1.96635,49.12071],[1.96758,49.12123],[1.96794,49.12133],[1.969,49.12152],[1.96937,49.12162],[1.96992,49.12186],[1.97032,49.12218],[1.97068,49.12239],[1.97104,49.12252],[1.97155,49.12262],[1.97182,49.12272],[1.97195,49.12283],[1.97191,49.12286],[1.97237,49.12303],[1.97268,49.12321],[1.97279,49.12334],[1.97278,49.12352],[1.97309,49.12388],[1.97427,49.12414],[1.97537,49.12481],[1.97598,49.12377],[1.97666,49.1235],[1.9771,49.12232],[1.97837,49.12161],[1.97906,49.12131],[1.97851,49.12047],[1.98173,49.11733],[1.98171,49.117],[1.98336,49.11571],[1.98613,49.11344],[1.99053,49.10993],[1.99006,49.10964],[1.98909,49.10935],[1.98891,49.10926],[1.98875,49.10907],[1.98721,49.10827],[1.98789,49.10762],[1.98799,49.10747],[1.98802,49.10731],[1.98794,49.10709],[1.98462,49.10412],[1.9844,49.10401],[1.97905,49.10191],[1.97881,49.10187],[1.97861,49.10154],[1.97857,49.10128],[1.97863,49.10099],[1.97921,49.09978],[1.97949,49.0986],[1.97912,49.09811],[1.97871,49.0978],[1.97825,49.09755],[1.97761,49.0973],[1.97721,49.09719],[1.97469,49.09699],[1.97467,49.09812],[1.97462,49.09846],[1.97419,49.09837],[1.97373,49.09677],[1.97377,49.09634],[1.9737,49.09619],[1.97364,49.09618],[1.97357,49.09622],[1.97333,49.09643],[1.97249,49.09591],[1.97217,49.09583],[1.97251,49.09516],[1.97253,49.09498],[1.97249,49.0946],[1.97222,49.09446],[1.97248,49.09425],[1.97016,49.09412],[1.96938,49.09432],[1.96926,49.09427],[1.96891,49.09425],[1.96775,49.09449],[1.9661,49.09425],[1.96631,49.09374],[1.96638,49.0934],[1.9618,49.09356],[1.96184,49.09332],[1.96111,49.09307],[1.96029,49.09268],[1.95912,49.09231],[1.95887,49.09247],[1.95757,49.09062],[1.95759,49.09054],[1.95746,49.09028],[1.95711,49.08981],[1.95678,49.08913],[1.9568,49.08862],[1.95653,49.08841],[1.95645,49.08807],[1.95605,49.08759],[1.9546,49.08655],[1.95385,49.08694],[1.9512,49.08577],[1.94875,49.08762],[1.94817,49.08706],[1.94695,49.08782],[1.94658,49.08794],[1.94651,49.08821],[1.94653,49.08826],[1.94623,49.08899],[1.94609,49.08904],[1.94577,49.0892],[1.94158,49.09149],[1.94142,49.0913],[1.93602,49.09178],[1.93519,49.09225],[1.92574,49.09448],[1.92185,49.09478],[1.92398,49.10128],[1.92518,49.10182],[1.92549,49.1021],[1.92605,49.10276],[1.92641,49.10259],[1.92701,49.10238],[1.93001,49.10109],[1.93167,49.10261],[1.93243,49.10294],[1.93329,49.10324],[1.93398,49.10399],[1.93595,49.10534],[1.93558,49.10565],[1.93628,49.10612],[1.93609,49.10625],[1.93671,49.10669],[1.9369,49.10666],[1.93866,49.10796],[1.93819,49.10818],[1.93914,49.10877],[1.93948,49.10905],[1.94002,49.10941],[1.94129,49.11005],[1.94177,49.11022],[1.94214,49.11042],[1.94305,49.11255],[1.94318,49.11272],[1.94314,49.11289],[1.9425,49.11363],[1.94237,49.1141],[1.9438,49.11446],[1.94516,49.11493],[1.94554,49.1152],[1.94605,49.11573],[1.94651,49.1163],[1.94755,49.11737],[1.94779,49.1177],[1.94829,49.11803],[1.94906,49.11859],[1.94952,49.11886],[1.95043,49.11929]]]}},
{"type":"Feature","properties":{"ID":"COMMUNE_0000000009734031","INSEE_COM":"95011","INSEE_ARR":"3","INSEE_COL":"95D","INSEE_DEP":"95","INSEE_REG":"11","NOM":"Ambleville","CL_DEPART":"Non","CL_REGION":"Non","SIREN_EPCI":"249500513","SIREN_SI":259500684,"NOM_SI":"S.I. ET INTERDEPARTEMENTAL DES EAUX DE BRAY-ET-LU"},"geometry":{"type":"Polygon","coordinates":[[[1.69168,49.12863],[1.69128,49.12885],[1.69046,49.12943],[1.68933,49.13015],[1.68833,49.13085],[1.68283,49.13552],[1.6829,49.13561],[1.68287,49.1357],[1.68256,49.13603],[1.68191,49.13632],[1.68099,49.13682],[1.68018,49.13715],[1.68014,49.13722],[1.67875,49.13808],[1.67894,49.13885],[1.67776,49.13892],[1.67566,49.13893],[1.67511,49.13907],[1.67473,49.13914],[1.67449,49.13928],[1.67444,49.13962],[1.67453,49.13971],[1.67543,49.14013],[1.67545,49.14022],[1.6754,49.14044],[1.67514,49.14056],[1.6726,49.14198],[1.67226,49.14213],[1.67172,49.14225],[1.67037,49.14238],[1.67008,49.14232],[1.66968,49.14208],[1.6696,49.14225],[1.66979,49.14246],[1.67003,49.14262],[1.67032,49.14301],[1.67118,49.14466],[1.67164,49.14446],[1.67148,49.14478],[1.67152,49.14488],[1.67164,49.14499],[1.67432,49.14502],[1.67471,49.14511],[1.67475,49.14521],[1.67559,49.14559],[1.67689,49.14584],[1.67683,49.14593],[1.67698,49.14598],[1.67665,49.14655],[1.67645,49.14652],[1.67517,49.14868],[1.67501,49.14878],[1.6739,49.149],[1.67317,49.14921],[1.67291,49.14966],[1.67276,49.14974],[1.67286,49.14992],[1.67399,49.15131],[1.67445,49.15208],[1.67463,49.15231],[1.67617,49.15386],[1.67861,49.15617],[1.67873,49.15634],[1.6833,49.15766],[1.68347,49.15758],[1.6841,49.1579],[1.68431,49.15809],[1.6871,49.15995],[1.69366,49.16372],[1.6935,49.16388],[1.69843,49.16714],[1.69872,49.16705],[1.69912,49.16688],[1.69975,49.16651],[1.70393,49.16528],[1.70627,49.16493],[1.70684,49.16526],[1.70773,49.16615],[1.70836,49.16611],[1.70887,49.16613],[1.70913,49.16898],[1.70941,49.1697],[1.709,49.1698],[1.70931,49.17186],[1.71091,49.17247],[1.71255,49.17238],[1.71254,49.17252],[1.71288,49.1726],[1.71424,49.17277],[1.71529,49.17273],[1.71628,49.1728],[1.71732,49.17302],[1.71825,49.17332],[1.71911,49.1731],[1.72034,49.1727],[1.72141,49.17226],[1.7222,49.172],[1.7214,49.17026],[1.72105,49.16997],[1.72083,49.1697],[1.72056,49.16918],[1.71909,49.16786],[1.71767,49.16629],[1.71908,49.16577],[1.71748,49.16438],[1.71726,49.1644],[1.7172,49.16427],[1.71695,49.16407],[1.71623,49.16366],[1.71562,49.16339],[1.71282,49.16199],[1.71295,49.1616],[1.71245,49.16145],[1.71205,49.16139],[1.71122,49.16108],[1.71111,49.16097],[1.71121,49.16093],[1.71184,49.16046],[1.71151,49.16023],[1.71042,49.15959],[1.7085,49.1589],[1.70824,49.15859],[1.7072,49.15691],[1.70701,49.15581],[1.70658,49.15478],[1.70643,49.15459],[1.70599,49.15419],[1.70598,49.15366],[1.70603,49.15329],[1.70613,49.15309],[1.7056,49.15117],[1.70559,49.15084],[1.70543,49.1505],[1.70574,49.15046],[1.70542,49.1492],[1.70636,49.14907],[1.70623,49.14884],[1.70614,49.14875],[1.70597,49.14837],[1.70576,49.14811],[1.70574,49.14801],[1.70484,49.14624],[1.7067,49.14545],[1.7066,49.14428],[1.70722,49.144],[1.70705,49.14332],[1.70619,49.14163],[1.7061,49.1413],[1.70354,49.13707],[1.70234,49.13553],[1.70192,49.13549],[1.70051,49.13406],[1.69936,49.1346],[1.69749,49.13289],[1.69386,49.13068],[1.69435,49.13035],[1.69298,49.12966],[1.69168,49.12863]]]}},
{"type":"Feature","properties":{"ID":"COMMUNE_0000000009734531","INSEE_COM":"95060","INSEE_ARR":"1","INSEE_COL":"95D","INSEE_DEP":"95","INSEE_REG":"11","NOM":"Bessancourt","CL_DEPART":"Non","CL_REGION":"Non","SIREN_EPCI":"200058485","SIREN_SI":257500017,"NOM_SI":"S.E.D.I.F."},"geometry":{"type":"Polygon","coordinates":[[[2.22354,49.04537],[2.22518,49.04487],[2.22656,49.04441],[2.22743,49.04419],[2.22784,49.04415],[2.22784,49.04397],[2.22987,49.04322],[2.23043,49.04297],[2.23069,49.04293],[2.23137,49.04292],[2.23138,49.04287],[2.23054,49.04281],[2.2302,49.04274],[2.22974,49.04259],[2.22946,49.04246],[2.22917,49.04218],[2.22847,49.0408],[2.22773,49.03946],[2.22749,49.03922],[2.22697,49.03889],[2.22673,49.03869],[2.22619,49.03788],[2.22609,49.03752],[2.22606,49.03675],[2.226,49.03657],[2.22511,49.03495],[2.22481,49.03424],[2.22236,49.03359],[2.22106,49.03315],[2.2212,49.03308],[2.22047,49.03271],[2.22055,49.03264],[2.2201,49.03241],[2.21885,49.03188],[2.21875,49.03199],[2.21741,49.03126],[2.21724,49.03123],[2.21431,49.03114],[2.21101,49.03096],[2.1991,49.03213],[2.19821,49.03225],[2.1971,49.03172],[2.19664,49.03156],[2.19573,49.03147],[2.19468,49.03147],[2.1938,49.03124],[2.19178,49.03077],[2.19089,49.03008],[2.18768,49.02872],[2.18667,49.02823],[2.18612,49.02775],[2.18277,49.02544],[2.18228,49.02578],[2.18197,49.02592],[2.18136,49.02625],[2.18074,49.0266],[2.18057,49.02674],[2.18033,49.02681],[2.18006,49.02698],[2.17951,49.02722],[2.17877,49.02751],[2.17766,49.02786],[2.17732,49.02801],[2.17606,49.02845],[2.17362,49.02946],[2.16819,49.03146],[2.16831,49.0317],[2.16867,49.03301],[2.1687,49.03369],[2.16886,49.03425],[2.1693,49.03492],[2.16983,49.03549],[2.17046,49.03605],[2.17057,49.03605],[2.17072,49.03612],[2.17097,49.03629],[2.17321,49.03829],[2.17413,49.03891],[2.17435,49.03914],[2.1782,49.04159],[2.17862,49.04194],[2.17919,49.04263],[2.17929,49.04282],[2.17979,49.04334],[2.18091,49.04422],[2.18113,49.04438],[2.18314,49.04546],[2.19004,49.04342],[2.18953,49.04268],[2.18896,49.04207],[2.19067,49.04151],[2.19142,49.04227],[2.19224,49.04285],[2.19434,49.04406],[2.19447,49.04407],[2.19457,49.04405],[2.19595,49.04333],[2.19679,49.04284],[2.19733,49.0433],[2.19749,49.04351],[2.19835,49.04416],[2.19901,49.04472],[2.1997,49.04523],[2.19971,49.04529],[2.20008,49.04516],[2.20021,49.04515],[2.20133,49.04593],[2.20176,49.04634],[2.20211,49.04675],[2.2022,49.04681],[2.20314,49.04559],[2.20393,49.04499],[2.20441,49.04519],[2.20523,49.04538],[2.20567,49.0455],[2.20596,49.04561],[2.20634,49.04596],[2.20847,49.04619],[2.2094,49.04624],[2.20936,49.04678],[2.21096,49.04677],[2.21098,49.0469],[2.2114,49.04715],[2.21217,49.0468],[2.21265,49.04727],[2.21336,49.04702],[2.21393,49.0474],[2.21469,49.0471],[2.2164,49.04686],[2.21658,49.0468],[2.21715,49.04646],[2.21758,49.04628],[2.21772,49.04625],[2.21806,49.04626],[2.21819,49.04629],[2.21998,49.04634],[2.22082,49.04629],[2.22145,49.04608],[2.22165,49.04608],[2.22179,49.04599],[2.22354,49.04537]]]}},
{"type":"Feature","properties":{"ID":"COMMUNE_0000000009734517","INSEE_COM":"95028","INSEE_ARR":"2","INSEE_COL":"95D","INSEE_DEP":"95","INSEE_REG":"11","NOM":"Attainville","CL_DEPART":"Non","CL_REGION":"Non","SIREN_EPCI":"200056380","SIREN_SI":259500494,"NOM_SI":"S.I. D'ALIMENTATION EN EAU POTABLE DE LA REGION DE MONTSOULT"},"geometry":{"type":"Polygon","coordinates":[[[2.37548,49.06345],[2.37385,49.06033],[2.37268,49.05706],[2.372,49.05627],[2.36966,49.05456],[2.36835,49.05445],[2.3677,49.05444],[2.36377,49.04967],[2.35168,49.04485],[2.34715,49.04709],[2.34466,49.04797],[2.34444,49.04766],[2.33978,49.0493],[2.33946,49.04887],[2.33787,49.04943],[2.33837,49.05003],[2.33879,49.05062],[2.33779,49.05101],[2.33682,49.05053],[2.33666,49.05047],[2.33575,49.05029],[2.33652,49.05131],[2.33585,49.05151],[2.33507,49.05141],[2.33413,49.05384],[2.33217,49.05857],[2.33177,49.05912],[2.33164,49.05956],[2.33063,49.06224],[2.32944,49.06519],[2.3288,49.06637],[2.33148,49.06661],[2.33113,49.06823],[2.33373,49.06745],[2.33441,49.06865],[2.33558,49.07141],[2.33411,49.07145],[2.33542,49.07204],[2.33496,49.07393],[2.33453,49.07549],[2.3378,49.07624],[2.33832,49.07662],[2.34143,49.07607],[2.3417,49.07493],[2.34178,49.07408],[2.34399,49.07448],[2.34415,49.07325],[2.34418,49.07261],[2.34605,49.0741],[2.35063,49.07177],[2.35231,49.07096],[2.35415,49.07],[2.35395,49.06978],[2.36467,49.0689],[2.36726,49.06833],[2.37078,49.06641],[2.37309,49.06502],[2.37548,49.06345]]]}},
{"type":"Feature","properties":{"ID":"COMMUNE_0000000009734544","INSEE_COM":"95348","INSEE_ARR":"3","INSEE_COL":"95D","INSEE_DEP":"95","INSEE_REG":"11","NOM":"Longuesse","CL_DEPART":"Non","CL_REGION":"Non","SIREN_EPCI":"200035970","SIREN_SI":259501278,"NOM_SI":"SYNDICAT INTERCOMMUNAL DES EAUX DE LA VIOSNE, DE L’AUBETTE ET DE LA MONTCIENT (SIEVAM)"},"geometry":{"type":"Polygon","coordinates":[[[1.91413,49.04578],[1.91352,49.0459],[1.91258,49.04619],[1.9119,49.04644],[1.9088,49.0479],[1.90851,49.04811],[1.90818,49.04857],[1.90653,49.05123],[1.90609,49.05114],[1.90384,49.05353],[1.90342,49.05453],[1.90315,49.05505],[1.90289,49.05544],[1.90223,49.0562],[1.902,49.05694],[1.902,49.05757],[1.90194,49.0578],[1.90185,49.05801],[1.90132,49.05877],[1.90061,49.05862],[1.89911,49.06013],[1.89772,49.06176],[1.89959,49.06226],[1.89937,49.06335],[1.89966,49.06408],[1.8997,49.06465],[1.8996,49.06488],[1.89915,49.06548],[1.89915,49.06572],[1.8993,49.06612],[1.89932,49.06638],[1.89918,49.06691],[1.89883,49.06761],[1.89886,49.06777],[1.89925,49.06811],[1.89952,49.06846],[1.89965,49.06894],[1.89978,49.06915],[1.89998,49.06936],[1.90031,49.06961],[1.90047,49.06964],[1.90055,49.06961],[1.90056,49.06969],[1.90077,49.06982],[1.90197,49.07143],[1.90424,49.07465],[1.90446,49.07458],[1.90679,49.0733],[1.90855,49.07239],[1.90888,49.07218],[1.91223,49.07052],[1.91274,49.07014],[1.91356,49.06928],[1.91558,49.068],[1.917,49.06895],[1.91784,49.06942],[1.91814,49.06937],[1.91816,49.0691],[1.91849,49.06918],[1.919,49.06924],[1.91974,49.06914],[1.92043,49.06916],[1.92093,49.06907],[1.92094,49.06884],[1.92104,49.06858],[1.92114,49.06842],[1.92148,49.06815],[1.9221,49.06781],[1.92245,49.0677],[1.92314,49.06756],[1.92355,49.06743],[1.93375,49.06978],[1.93465,49.06931],[1.93495,49.0692],[1.93588,49.06873],[1.93646,49.06841],[1.93864,49.06991],[1.9391,49.07015],[1.93952,49.07044],[1.9397,49.0705],[1.94055,49.0712],[1.94196,49.07078],[1.94539,49.07366],[1.94647,49.07501],[1.94706,49.07489],[1.94734,49.07534],[1.9471,49.07542],[1.94781,49.07598],[1.94882,49.07556],[1.95249,49.07861],[1.95647,49.07642],[1.95544,49.07564],[1.96104,49.07328],[1.9591,49.07169],[1.95999,49.07157],[1.9596,49.07111],[1.96026,49.07082],[1.95712,49.0676],[1.95677,49.06774],[1.95347,49.06436],[1.95195,49.06503],[1.95122,49.06416],[1.9508,49.06373],[1.95036,49.06317],[1.95013,49.06279],[1.95015,49.06272],[1.9504,49.06261],[1.94932,49.06099],[1.94832,49.06122],[1.94823,49.0611],[1.94843,49.06094],[1.94749,49.06079],[1.94731,49.06061],[1.94684,49.06045],[1.94581,49.05999],[1.94581,49.05995],[1.94507,49.05953],[1.94567,49.0593],[1.94202,49.05593],[1.94125,49.05631],[1.93972,49.05464],[1.94031,49.0544],[1.94106,49.05415],[1.94094,49.05389],[1.94035,49.05342],[1.93998,49.05283],[1.94035,49.05268],[1.94246,49.05238],[1.94293,49.05228],[1.9431,49.05217],[1.94342,49.05164],[1.9441,49.05123],[1.94424,49.05096],[1.94369,49.05046],[1.94321,49.0501],[1.94277,49.04987],[1.94175,49.04891],[1.94149,49.0487],[1.94127,49.0486],[1.94106,49.04859],[1.93899,49.04822],[1.93772,49.04827],[1.93655,49.04851],[1.93539,49.04869],[1.93504,49.04879],[1.93442,49.04912],[1.93397,49.04942],[1.93356,49.04964],[1.93341,49.04966],[1.93322,49.04975],[1.93269,49.04983],[1.93178,49.05018],[1.93172,49.05008],[1.93054,49.05031],[1.93066,49.05043],[1.92933,49.05043],[1.92941,49.05081],[1.92888,49.0508],[1.92851,49.05075],[1.92793,49.05056],[1.92734,49.05046],[1.92656,49.05044],[1.9263,49.05045],[1.9243,49.05096],[1.92329,49.05125],[1.92252,49.05138],[1.92245,49.05138],[1.92229,49.05106],[1.92118,49.05128],[1.92111,49.05116],[1.92123,49.051],[1.92022,49.05115],[1.91891,49.05145],[1.91811,49.05159],[1.91652,49.05211],[1.91569,49.04989],[1.91554,49.04942],[1.91541,49.0488],[1.9145,49.04657],[1.91413,49.04578]]]}},
{"type":"Feature","properties":{"ID":"COMMUNE_0000000009734509","INSEE_COM":"95229","INSEE_ARR":"2","INSEE_COL":"95D","INSEE_DEP":"95","INSEE_REG":"11","NOM":"Ézanville","CL_DEPART":"Non","CL_REGION":"Non","SIREN_EPCI":"200056380","SIREN_SI":200091940,"NOM_SI":"SMAEP DAMONA"},"geometry":{"type":"Polygon","coordinates":[[[2.34024,49.03842],[2.34359,49.03976],[2.34442,49.04015],[2.34707,49.042],[2.34803,49.04158],[2.34857,49.04127],[2.34973,49.04048],[2.35084,49.04116],[2.35269,49.04273],[2.35168,49.04485],[2.36377,49.04967],[2.3677,49.05444],[2.36835,49.05445],[2.36966,49.05456],[2.37287,49.05159],[2.37578,49.04878],[2.37988,49.04668],[2.37966,49.04654],[2.37949,49.04635],[2.37874,49.04477],[2.37869,49.04459],[2.37882,49.04413],[2.37881,49.04402],[2.37795,49.04209],[2.37812,49.04201],[2.37871,49.0419],[2.37949,49.04177],[2.38013,49.0417],[2.38029,49.0417],[2.38149,49.04188],[2.38307,49.04215],[2.3825,49.04184],[2.38182,49.04138],[2.37839,49.03924],[2.37692,49.03844],[2.37528,49.03778],[2.37467,49.03765],[2.37395,49.03755],[2.37315,49.03558],[2.37177,49.0342],[2.37179,49.03383],[2.37092,49.03147],[2.37092,49.0312],[2.37111,49.03083],[2.37112,49.03063],[2.37107,49.03038],[2.37079,49.02988],[2.37051,49.02962],[2.36904,49.02858],[2.36866,49.02828],[2.36671,49.02617],[2.36641,49.02582],[2.36633,49.02564],[2.36494,49.0242],[2.36431,49.02308],[2.36395,49.02287],[2.36379,49.02237],[2.36395,49.02188],[2.36249,49.02245],[2.36203,49.02276],[2.36074,49.0235],[2.36022,49.02376],[2.35965,49.02389],[2.35951,49.02408],[2.35925,49.02421],[2.35919,49.02427],[2.35905,49.02465],[2.35897,49.02479],[2.35883,49.02489],[2.35791,49.02506],[2.35881,49.02537],[2.35874,49.02541],[2.35846,49.02555],[2.35808,49.02566],[2.35771,49.02571],[2.35726,49.02583],[2.35695,49.02595],[2.35647,49.02624],[2.35598,49.02664],[2.35541,49.02676],[2.35489,49.02678],[2.35372,49.02819],[2.35306,49.0294],[2.35275,49.02969],[2.35166,49.03061],[2.34923,49.03215],[2.3482,49.03265],[2.34666,49.03334],[2.34644,49.0326],[2.34565,49.03288],[2.34594,49.03387],[2.34515,49.03372],[2.34474,49.03369],[2.34326,49.03407],[2.3426,49.03403],[2.34203,49.03394],[2.34024,49.03842]]]}},
{"type":"Feature","properties":{"ID":"COMMUNE_0000000009733508","INSEE_COM":"95304","INSEE_ARR":"3","INSEE_COL":"95D","INSEE_DEP":"95","INSEE_REG":"11","NOM":"Hédouville","CL_DEPART":"Non","CL_REGION":"Non","SIREN_EPCI":"249500430","SIREN_SI":259500320,"NOM_SI":"S.I. D'ALIMENTATION EN EAU POTABLE DE L'EPINE DE BUC"},"geometry":{"type":"Polygon","coordinates":[[[2.1969,49.16706],[2.1967,49.16693],[2.19507,49.16621],[2.19404,49.16563],[2.1923,49.16497],[2.19388,49.16152],[2.19846,49.15665],[2.19809,49.15661],[2.19233,49.15574],[2.19004,49.16101],[2.18985,49.16134],[2.18969,49.16181],[2.18963,49.16222],[2.18962,49.16402],[2.1892,49.16424],[2.18712,49.16321],[2.1863,49.16226],[2.18635,49.16212],[2.18632,49.16201],[2.18564,49.16107],[2.18492,49.16053],[2.18484,49.16041],[2.18485,49.16027],[2.18508,49.16004],[2.18524,49.15993],[2.18561,49.15977],[2.18581,49.15954],[2.18437,49.15873],[2.18471,49.15675],[2.18468,49.15654],[2.18459,49.15631],[2.18423,49.15559],[2.18406,49.15496],[2.18415,49.15426],[2.18441,49.1537],[2.18499,49.15403],[2.18574,49.153],[2.18665,49.15117],[2.18704,49.14878],[2.18587,49.14626],[2.18568,49.14645],[2.18556,49.14652],[2.18532,49.14679],[2.18421,49.14609],[2.18409,49.14619],[2.18393,49.14624],[2.18371,49.14638],[2.18309,49.14662],[2.18161,49.14694],[2.18045,49.14654],[2.17903,49.14602],[2.17654,49.14503],[2.17511,49.14404],[2.17407,49.14298],[2.17393,49.14309],[2.17348,49.1426],[2.17381,49.14225],[2.17306,49.14145],[2.17323,49.14122],[2.17233,49.14125],[2.17233,49.14121],[2.17229,49.14121],[2.17039,49.14128],[2.17042,49.14073],[2.16933,49.14069],[2.16871,49.1409],[2.16682,49.14184],[2.16696,49.14253],[2.16497,49.14269],[2.16527,49.14349],[2.16498,49.144],[2.16489,49.14433],[2.1647,49.14433],[2.16441,49.14577],[2.16405,49.14577],[2.16379,49.14622],[2.16351,49.1475],[2.16354,49.14817],[2.16307,49.14827],[2.16339,49.14902],[2.16397,49.14994],[2.16406,49.1502],[2.1642,49.15102],[2.1643,49.15137],[2.16483,49.15222],[2.16505,49.15275],[2.16498,49.15307],[2.16507,49.15355],[2.16488,49.15424],[2.16545,49.15431],[2.1654,49.15462],[2.16541,49.155],[2.16582,49.15568],[2.16579,49.15616],[2.16538,49.15731],[2.16498,49.15802],[2.16454,49.15833],[2.16356,49.15883],[2.16329,49.15904],[2.16318,49.15903],[2.16278,49.15888],[2.16236,49.1587],[2.16174,49.15803],[2.16149,49.15785],[2.16051,49.15757],[2.15991,49.15728],[2.15953,49.15889],[2.16103,49.16283],[2.16148,49.16335],[2.1617,49.16423],[2.16383,49.1663],[2.16493,49.16596],[2.16803,49.16485],[2.16806,49.16484],[2.16789,49.16464],[2.16879,49.16395],[2.16922,49.16402],[2.16936,49.16392],[2.16982,49.16407],[2.1702,49.16425],[2.17055,49.16436],[2.1709,49.16462],[2.17105,49.16478],[2.17114,49.16497],[2.17107,49.16516],[2.17105,49.16569],[2.17084,49.16588],[2.17055,49.16626],[2.17043,49.16636],[2.17089,49.1667],[2.17113,49.16696],[2.17116,49.1671],[2.1711,49.16719],[2.17124,49.16768],[2.1714,49.16783],[2.17224,49.1681],[2.17364,49.16863],[2.17427,49.16896],[2.1751,49.16947],[2.17532,49.16954],[2.1766,49.1697],[2.17682,49.16975],[2.17789,49.17021],[2.17873,49.17052],[2.17928,49.17082],[2.17973,49.17082],[2.1809,49.17056],[2.18225,49.17038],[2.18188,49.17097],[2.18109,49.17159],[2.18087,49.172],[2.18019,49.17249],[2.17972,49.17271],[2.17987,49.173],[2.17983,49.17321],[2.17937,49.17356],[2.17801,49.17428],[2.17725,49.17423],[2.1762,49.17464],[2.17495,49.175],[2.17609,49.17603],[2.18195,49.17368],[2.18244,49.17441],[2.18332,49.17414],[2.18342,49.17419],[2.18562,49.17363],[2.18569,49.17366],[2.18611,49.17351],[2.18683,49.17341],[2.18704,49.17319],[2.18785,49.17177],[2.18815,49.17119],[2.18851,49.17021],[2.18909,49.16938],[2.19062,49.16859],[2.19304,49.16842],[2.19487,49.16745],[2.19621,49.168],[2.19737,49.1687],[2.19794,49.16856],[2.19804,49.16852],[2.19809,49.16841],[2.19806,49.16799],[2.1969,49.16706]]]}},
{"type":"Feature","properties":{"ID":"COMMUNE_0000000009735042","INSEE_COM":"95218","INSEE_ARR":"3","INSEE_COL":"95D","INSEE_DEP":"95","INSEE_REG":"11","NOM":"Éragny","CL_DEPART":"Non","CL_REGION":"Non","SIREN_EPCI":"249500109","SIREN_SI":249500109,"NOM_SI":"COMMUNAUTE D'AGGLOMERATION DE CERGY-PONTOISE"},"geometry":{"type":"Polygon","coordinates":[[[2.11606,49.02316],[2.11702,49.02192],[2.11725,49.02208],[2.11727,49.0219],[2.1191,49.02148],[2.11923,49.02127],[2.12069,49.01963],[2.12078,49.01943],[2.12047,49.01867],[2.12099,49.0181],[2.12071,49.01789],[2.12041,49.01758],[2.11997,49.01722],[2.11871,49.01631],[2.1164,49.01454],[2.11545,49.01386],[2.11351,49.01235],[2.1132,49.01212],[2.11181,49.01124],[2.11059,49.01035],[2.11055,49.00957],[2.11023,49.00874],[2.10545,49.00956],[2.10201,49.01046],[2.10147,49.01057],[2.09931,49.01092],[2.09756,49.01131],[2.09571,49.01188],[2.09273,49.01255],[2.0924,49.01266],[2.08982,49.01334],[2.08951,49.01344],[2.08787,49.01386],[2.08486,49.01455],[2.08358,49.01491],[2.08201,49.01529],[2.08129,49.01551],[2.07943,49.01621],[2.07941,49.01625],[2.08038,49.01683],[2.08052,49.01695],[2.08066,49.01717],[2.08098,49.01801],[2.08088,49.01854],[2.08087,49.019],[2.08558,49.01985],[2.08644,49.02014],[2.08786,49.02079],[2.08859,49.02124],[2.08915,49.02181],[2.0903,49.02337],[2.09082,49.02428],[2.09191,49.02643],[2.09241,49.02822],[2.09307,49.0303],[2.09416,49.03345],[2.09434,49.03384],[2.09557,49.03603],[2.09608,49.03589],[2.09655,49.03583],[2.0977,49.03562],[2.10063,49.03443],[2.10372,49.03325],[2.10443,49.03174],[2.10723,49.03061],[2.10728,49.03039],[2.10714,49.03012],[2.10728,49.029],[2.10764,49.02884],[2.10836,49.02842],[2.10865,49.02845],[2.10887,49.02841],[2.10907,49.02831],[2.11033,49.02752],[2.11378,49.02547],[2.11606,49.02316]]]}},
{"type":"Feature","properties":{"ID":"COMMUNE_0000000009734024","INSEE_COM":"95141","INSEE_ARR":"3","INSEE_COL":"95D","INSEE_DEP":"95","INSEE_REG":"11","NOM":"Charmont","CL_DEPART":"Non","CL_REGION":"Non","SIREN_EPCI":"249500513","SIREN_SI":259500718,"NOM_SI":"S.I. DES EAUX DE LA SOURCE DE SAINT ROMAIN"},"geometry":{"type":"Polygon","coordinates":[[[1.76694,49.13231],[1.76794,49.13311],[1.76931,49.1341],[1.76964,49.13393],[1.7713,49.13552],[1.77133,49.13607],[1.77167,49.13637],[1.7732,49.13565],[1.77358,49.13592],[1.77466,49.13538],[1.77553,49.13609],[1.77495,49.13645],[1.77549,49.13719],[1.77622,49.13786],[1.77648,49.1378],[1.77673,49.13771],[1.7775,49.13831],[1.77757,49.13841],[1.77771,49.13851],[1.77793,49.13863],[1.77847,49.13902],[1.77937,49.13948],[1.77978,49.13959],[1.77999,49.13971],[1.77967,49.13993],[1.77809,49.14082],[1.77924,49.14132],[1.77797,49.14244],[1.77928,49.14339],[1.78061,49.14271],[1.78192,49.14352],[1.78227,49.14338],[1.78268,49.14366],[1.78194,49.14405],[1.78326,49.14493],[1.7837,49.14474],[1.78403,49.14498],[1.78405,49.14452],[1.78441,49.144],[1.78461,49.14338],[1.78434,49.14317],[1.7844,49.14197],[1.78542,49.14198],[1.78601,49.1421],[1.78759,49.14278],[1.78769,49.14019],[1.79172,49.14157],[1.79139,49.14173],[1.79113,49.1418],[1.79085,49.14202],[1.79064,49.14238],[1.79041,49.14249],[1.79015,49.14255],[1.78923,49.14382],[1.78904,49.14435],[1.78898,49.14467],[1.78898,49.14512],[1.78914,49.14547],[1.78999,49.14605],[1.78948,49.1464],[1.79015,49.1468],[1.79071,49.14727],[1.79127,49.14727],[1.79102,49.14791],[1.79095,49.14798],[1.79097,49.14829],[1.79385,49.14801],[1.79472,49.14789],[1.79557,49.14776],[1.7965,49.14751],[1.7979,49.14702],[1.79917,49.14653],[1.81321,49.14102],[1.81244,49.13998],[1.81216,49.13968],[1.81166,49.13993],[1.8109,49.1402],[1.80967,49.14094],[1.80798,49.13995],[1.80594,49.13903],[1.80452,49.13818],[1.80399,49.13854],[1.80274,49.13785],[1.802,49.1374],[1.80229,49.13722],[1.80259,49.13695],[1.80291,49.13673],[1.80371,49.13633],[1.80475,49.13586],[1.80606,49.13475],[1.80429,49.13353],[1.80493,49.13306],[1.80477,49.13293],[1.80509,49.13263],[1.80381,49.13168],[1.80477,49.13111],[1.80386,49.13021],[1.80272,49.1307],[1.80256,49.13069],[1.80205,49.13089],[1.80155,49.13146],[1.80086,49.13187],[1.7994,49.1323],[1.79863,49.1314],[1.7977,49.13176],[1.79565,49.13223],[1.79464,49.1325],[1.7942,49.13192],[1.79224,49.13245],[1.79182,49.13186],[1.78924,49.13242],[1.78729,49.13083],[1.78523,49.1298],[1.78494,49.13022],[1.78221,49.12996],[1.78028,49.13068],[1.77906,49.12963],[1.77849,49.12985],[1.77845,49.12939],[1.7746,49.13027],[1.77377,49.13062],[1.77369,49.13069],[1.77276,49.1297],[1.77227,49.12925],[1.7719,49.1294],[1.7707,49.1298],[1.77029,49.12999],[1.76955,49.12998],[1.77006,49.13049],[1.76976,49.13066],[1.76992,49.13081],[1.76694,49.13231]]]}},
{"type":"Feature","properties":{"ID":"COMMUNE_0000000009734552","INSEE_COM":"95253","INSEE_ARR":"3","INSEE_COL":"95D","INSEE_DEP":"95","INSEE_REG":"11","NOM":"Frémainville","CL_DEPART":"Non","CL_REGION":"Non","SIREN_EPCI":"200035970","SIREN_SI":257801084,"NOM_SI":"SYNDICAT INTERCOMMUNAL DES EAUX DE LA VIOSNE, DE L’AUBETTE ET DE LA MONTCIENT (SIEVAM)"},"geometry":{"type":"Polygon","coordinates":[[[1.89059,49.07187],[1.89106,49.07141],[1.89081,49.0712],[1.89387,49.06972],[1.89406,49.06995],[1.89648,49.06876],[1.89475,49.06709],[1.89625,49.0663],[1.89352,49.06416],[1.89394,49.06385],[1.8889,49.06154],[1.88806,49.06186],[1.88403,49.05895],[1.88397,49.05887],[1.88308,49.05949],[1.88183,49.06022],[1.88095,49.06049],[1.87801,49.05821],[1.87916,49.05776],[1.8763,49.05548],[1.87501,49.056],[1.87498,49.05575],[1.87271,49.05564],[1.87243,49.05611],[1.8693,49.05397],[1.86924,49.05404],[1.86917,49.0548],[1.86884,49.05481],[1.86811,49.05478],[1.86796,49.05478],[1.86797,49.05484],[1.86753,49.05483],[1.86753,49.05528],[1.86768,49.05609],[1.8677,49.05655],[1.86714,49.05668],[1.86723,49.05687],[1.86724,49.05705],[1.86705,49.05723],[1.86666,49.05736],[1.86644,49.05733],[1.86586,49.05737],[1.86506,49.05749],[1.86454,49.05763],[1.86416,49.05779],[1.86348,49.05839],[1.86338,49.05852],[1.86241,49.05922],[1.86225,49.05923],[1.86193,49.05907],[1.86178,49.05908],[1.86089,49.05929],[1.85878,49.0599],[1.85825,49.06009],[1.85773,49.06033],[1.85679,49.06087],[1.85541,49.06113],[1.85573,49.06144],[1.85537,49.06163],[1.85508,49.06185],[1.85444,49.06211],[1.85332,49.06242],[1.85155,49.06284],[1.85045,49.06216],[1.84896,49.06247],[1.8489,49.06188],[1.84736,49.06203],[1.84636,49.06124],[1.84492,49.06218],[1.84457,49.06261],[1.84427,49.06324],[1.84326,49.06357],[1.84286,49.06367],[1.84191,49.06427],[1.84167,49.06439],[1.84092,49.0646],[1.84135,49.0653],[1.84117,49.06602],[1.84057,49.06934],[1.84152,49.06906],[1.84177,49.06902],[1.84328,49.06908],[1.84373,49.06907],[1.84453,49.06926],[1.84942,49.06793],[1.85184,49.06831],[1.8519,49.06834],[1.85224,49.0689],[1.8527,49.06875],[1.85424,49.07166],[1.85499,49.07139],[1.85569,49.0712],[1.85609,49.07146],[1.85747,49.07217],[1.85751,49.07225],[1.85746,49.07235],[1.85753,49.07238],[1.85908,49.07266],[1.85952,49.07278],[1.86344,49.07342],[1.86367,49.07351],[1.86407,49.07359],[1.86337,49.07515],[1.8631,49.0755],[1.86276,49.07582],[1.86288,49.07592],[1.86483,49.07727],[1.86813,49.07655],[1.86847,49.07715],[1.86928,49.07782],[1.87072,49.07866],[1.87103,49.07843],[1.87112,49.07831],[1.87124,49.07802],[1.8713,49.07758],[1.87159,49.07709],[1.87232,49.07617],[1.87303,49.07608],[1.87537,49.07589],[1.87557,49.07474],[1.88164,49.07292],[1.88395,49.07486],[1.89016,49.07153],[1.89059,49.07187]]]}},
{"type":"Feature","properties":{"ID":"COMMUNE_0000000009735026","INSEE_COM":"95489","INSEE_ARR":"2","INSEE_COL":"95D","INSEE_DEP":"95","INSEE_REG":"11","NOM":"Piscop","CL_DEPART":"Non","CL_REGION":"Non","SIREN_EPCI":"200056380","SIREN_SI":257500017,"NOM_SI":"S.E.D.I.F."},"geometry":{"type":"Polygon","coordinates":[[[2.32201,49.01017],[2.32192,49.01064],[2.32212,49.0123],[2.32173,49.01289],[2.32135,49.01276],[2.32143,49.01326],[2.32135,49.0138],[2.32138,49.01398],[2.32074,49.01533],[2.32011,49.01629],[2.32139,49.01682],[2.32173,49.01703],[2.32187,49.01725],[2.3231,49.01838],[2.32385,49.02022],[2.32591,49.01908],[2.32622,49.01933],[2.32709,49.02022],[2.32766,49.02069],[2.3281,49.02091],[2.32891,49.02125],[2.32908,49.02134],[2.32938,49.02162],[2.33008,49.02144],[2.33163,49.02224],[2.33254,49.02177],[2.33387,49.02203],[2.33449,49.02249],[2.33493,49.02262],[2.3362,49.02262],[2.3364,49.02259],[2.33835,49.02263],[2.34017,49.02282],[2.34079,49.02295],[2.34204,49.02329],[2.34245,49.02337],[2.34393,49.02338],[2.34414,49.02334],[2.34443,49.02335],[2.34479,49.02347],[2.34528,49.02352],[2.34536,49.02372],[2.34589,49.02393],[2.34617,49.02399],[2.34602,49.02431],[2.3487,49.02498],[2.34983,49.0253],[2.35045,49.02542],[2.3507,49.02539],[2.35269,49.02593],[2.3547,49.0266],[2.35489,49.02678],[2.35541,49.02676],[2.35598,49.02664],[2.35647,49.02624],[2.35695,49.02595],[2.35726,49.02583],[2.35771,49.02571],[2.35808,49.02566],[2.35846,49.02555],[2.35874,49.02541],[2.35881,49.02537],[2.35791,49.02506],[2.35883,49.02489],[2.35897,49.02479],[2.35905,49.02465],[2.35919,49.02427],[2.35925,49.02421],[2.35951,49.02408],[2.35965,49.02389],[2.36022,49.02376],[2.36074,49.0235],[2.36203,49.02276],[2.36249,49.02245],[2.36395,49.02188],[2.36407,49.02135],[2.36401,49.02082],[2.36354,49.02006],[2.36288,49.01965],[2.36209,49.01931],[2.36093,49.01869],[2.36068,49.01851],[2.36043,49.01827],[2.35993,49.018],[2.35864,49.01693],[2.35815,49.01659],[2.35722,49.01609],[2.3571,49.01599],[2.35551,49.01528],[2.35408,49.01448],[2.35349,49.01408],[2.35168,49.01361],[2.35178,49.01336],[2.34973,49.01284],[2.3497,49.01272],[2.34942,49.0123],[2.34899,49.01186],[2.34729,49.01058],[2.34708,49.01004],[2.34625,49.00867],[2.34588,49.00738],[2.34583,49.00701],[2.34527,49.0057],[2.34396,49.00591],[2.34218,49.00613],[2.34139,49.00636],[2.3406,49.00657],[2.34038,49.0066],[2.33973,49.0068],[2.33914,49.00694],[2.33872,49.00695],[2.3385,49.00699],[2.33826,49.00711],[2.33779,49.00726],[2.3374,49.00732],[2.33611,49.00765],[2.3351,49.00787],[2.33458,49.00803],[2.33386,49.00834],[2.33242,49.00828],[2.33177,49.00847],[2.3309,49.00877],[2.33059,49.0088],[2.32981,49.00892],[2.32919,49.00909],[2.32871,49.00902],[2.32849,49.00914],[2.32818,49.00924],[2.32773,49.0095],[2.32715,49.0097],[2.32555,49.00974],[2.32201,49.01017]]]}},
{"type":"Feature","properties":{"ID":"COMMUNE_0000000009733985","INSEE_COM":"95566","INSEE_ARR":"2","INSEE_COL":"95D","INSEE_DEP":"95","INSEE_REG":"11","NOM":"Saint-Martin-du-Tertre","CL_DEPART":"Non","CL_REGION":"Non","SIREN_EPCI":"200073013","SIREN_SI":259500494,"NOM_SI":"S.I. D'ALIMENTATION EN EAU POTABLE DE LA REGION DE MONTSOULT"},"geometry":{"type":"Polygon","coordinates":[[[2.34967,49.08106],[2.34958,49.08078],[2.34938,49.08076],[2.34858,49.07925],[2.34704,49.07887],[2.34603,49.07866],[2.34553,49.0785],[2.34466,49.07816],[2.34384,49.07791],[2.34306,49.07773],[2.34087,49.07736],[2.33887,49.07682],[2.33666,49.08068],[2.33636,49.08132],[2.33495,49.08123],[2.33519,49.08152],[2.33532,49.08204],[2.33501,49.08228],[2.33474,49.08288],[2.33264,49.08236],[2.33239,49.08226],[2.33067,49.08213],[2.33066,49.08225],[2.33108,49.08255],[2.33112,49.08265],[2.3306,49.08359],[2.33086,49.08366],[2.33116,49.08453],[2.33212,49.08467],[2.33241,49.08462],[2.3323,49.08587],[2.33116,49.08584],[2.33116,49.08618],[2.33436,49.08623],[2.3324,49.08885],[2.33099,49.08779],[2.33089,49.08768],[2.33077,49.08743],[2.33039,49.08781],[2.3297,49.08775],[2.32985,49.08753],[2.32866,49.08737],[2.32752,49.08712],[2.32616,49.08619],[2.32457,49.08702],[2.32417,49.08753],[2.3241,49.08769],[2.32423,49.08763],[2.32435,49.08773],[2.32558,49.08941],[2.32613,49.09038],[2.32681,49.09034],[2.32741,49.09076],[2.32788,49.09144],[2.3249,49.09229],[2.32473,49.09239],[2.3248,49.09252],[2.32474,49.09264],[2.32453,49.09273],[2.32417,49.09296],[2.32378,49.09311],[2.32364,49.09325],[2.32348,49.0935],[2.32339,49.09355],[2.32297,49.09358],[2.32236,49.09375],[2.32127,49.09398],[2.32086,49.09402],[2.32013,49.09418],[2.31996,49.09426],[2.3196,49.09456],[2.31942,49.09519],[2.31913,49.0956],[2.31827,49.09568],[2.31792,49.09557],[2.31701,49.09596],[2.31665,49.09599],[2.31543,49.0964],[2.31484,49.09669],[2.31381,49.09712],[2.31258,49.09744],[2.3122,49.09757],[2.31241,49.09789],[2.31222,49.09795],[2.31196,49.09811],[2.31176,49.09833],[2.31099,49.09881],[2.31092,49.09893],[2.31,49.0991],[2.30983,49.09917],[2.30961,49.09932],[2.30949,49.09934],[2.30883,49.09962],[2.3085,49.0998],[2.31027,49.10064],[2.31012,49.10091],[2.30977,49.10131],[2.30969,49.10152],[2.30937,49.10201],[2.30898,49.10232],[2.30878,49.10242],[2.30895,49.10363],[2.30845,49.10416],[2.30922,49.10484],[2.30991,49.10576],[2.31024,49.1061],[2.3105,49.10631],[2.31064,49.10655],[2.31163,49.10742],[2.31185,49.10792],[2.3119,49.10821],[2.31202,49.10839],[2.31245,49.10863],[2.31321,49.10889],[2.31329,49.10896],[2.31449,49.10923],[2.31548,49.10954],[2.31395,49.11129],[2.31347,49.11175],[2.31226,49.11259],[2.31148,49.11304],[2.31112,49.11332],[2.3105,49.11373],[2.31876,49.11759],[2.31885,49.11825],[2.31959,49.1222],[2.31972,49.12269],[2.32006,49.12486],[2.33316,49.12225],[2.33406,49.12209],[2.33438,49.12227],[2.33557,49.1228],[2.33679,49.12331],[2.33729,49.12259],[2.33842,49.12081],[2.33906,49.11988],[2.34054,49.11848],[2.34134,49.11766],[2.34453,49.11724],[2.34688,49.11701],[2.34883,49.11678],[2.34885,49.11708],[2.34901,49.11743],[2.34894,49.1177],[2.34898,49.11782],[2.34915,49.11794],[2.34939,49.11801],[2.34963,49.11819],[2.34989,49.11829],[2.35012,49.11842],[2.35043,49.11866],[2.35055,49.11901],[2.3518,49.11988],[2.35229,49.12013],[2.35239,49.12029],[2.35399,49.12116],[2.35459,49.12157],[2.35593,49.12079],[2.35615,49.1206],[2.3564,49.11982],[2.35636,49.11963],[2.35638,49.1192],[2.35646,49.1189],[2.3565,49.11851],[2.35648,49.11784],[2.35646,49.11769],[2.35637,49.11751],[2.35632,49.117],[2.35613,49.11627],[2.35548,49.11479],[2.35535,49.11389],[2.35524,49.11359],[2.35517,49.11312],[2.35526,49.11196],[2.35569,49.11198],[2.35575,49.1118],[2.3578,49.11176],[2.35768,49.11095],[2.35867,49.11099],[2.35834,49.10996],[2.36061,49.1098],[2.36008,49.10895],[2.36095,49.10885],[2.36011,49.10763],[2.36149,49.10707],[2.36213,49.10676],[2.36005,49.10621],[2.35828,49.10322],[2.35802,49.10262],[2.35583,49.09948],[2.35258,49.09546],[2.35264,49.09543],[2.35221,49.09497],[2.35175,49.09437],[2.34728,49.09198],[2.34756,49.09143],[2.34662,49.09087],[2.34681,49.09049],[2.34602,49.08988],[2.34478,49.09004],[2.34384,49.08997],[2.34371,49.08915],[2.34388,49.08915],[2.34387,49.08882],[2.34564,49.08876],[2.34512,49.08835],[2.34459,49.08789],[2.34468,49.08784],[2.34441,49.08767],[2.34632,49.08618],[2.34684,49.08652],[2.34678,49.08615],[2.34775,49.08463],[2.34839,49.08346],[2.34902,49.08318],[2.34955,49.08286],[2.35,49.08242],[2.35033,49.08203],[2.35047,49.08178],[2.35009,49.08187],[2.34967,49.08106]]]}},
{"type":"Feature","properties":{"ID":"COMMUNE_0000000009734010","INSEE_COM":"95370","INSEE_ARR":"3","INSEE_COL":"95D","INSEE_DEP":"95","INSEE_REG":"11","NOM":"Marines","CL_DEPART":"Non","CL_REGION":"Non","SIREN_EPCI":"200035970","SIREN_SI":259502649,"NOM_SI":"S.I. DES EAUX DU VAL DE VIOSNE"},"geometry":{"type":"Polygon","coordinates":[[[1.99155,49.16836],[1.99135,49.16804],[1.99086,49.16744],[1.99087,49.16605],[1.99092,49.16593],[1.98995,49.16602],[1.99003,49.16464],[1.98982,49.16461],[1.98994,49.16434],[1.9897,49.16431],[1.99002,49.16363],[1.99014,49.16321],[1.98952,49.16285],[1.98923,49.16294],[1.98911,49.16281],[1.98941,49.1627],[1.9892,49.16234],[1.99028,49.16206],[1.99012,49.16183],[1.99114,49.16156],[1.99122,49.16163],[1.99227,49.16135],[1.99242,49.16145],[1.99368,49.16043],[1.99378,49.16049],[1.9949,49.16031],[1.99584,49.15892],[1.99638,49.1584],[1.99649,49.1584],[1.9969,49.15791],[1.99802,49.15724],[1.99557,49.15558],[2.00331,49.15101],[2.00291,49.15051],[2.00281,49.1502],[2.00291,49.14978],[2.00161,49.1496],[2.00051,49.15005],[1.99987,49.14973],[2.00028,49.1494],[2.00127,49.14893],[2.00124,49.14814],[2.00091,49.14774],[2.00096,49.1461],[2.00141,49.14574],[2.00207,49.14408],[2.00208,49.14372],[2.00088,49.14328],[2.00118,49.142],[2.00066,49.1403],[2.00332,49.14058],[2.00333,49.13878],[2.00499,49.13865],[2.00036,49.13599],[1.99913,49.13513],[1.99646,49.13229],[1.99584,49.13254],[1.99507,49.13119],[1.99481,49.13132],[1.99458,49.13158],[1.99393,49.13202],[1.99335,49.13175],[1.99215,49.13215],[1.99093,49.13241],[1.99095,49.13228],[1.99085,49.13221],[1.99053,49.13227],[1.99023,49.13237],[1.98923,49.13212],[1.98773,49.13146],[1.9883,49.13079],[1.98833,49.13066],[1.98763,49.13056],[1.98601,49.13071],[1.98567,49.13195],[1.98477,49.13161],[1.9832,49.13094],[1.98304,49.13115],[1.98218,49.13092],[1.98205,49.13184],[1.98141,49.13153],[1.98054,49.13117],[1.98036,49.13112],[1.98016,49.13112],[1.97995,49.13117],[1.97866,49.13175],[1.97797,49.13214],[1.97769,49.13227],[1.9773,49.1324],[1.97606,49.13274],[1.9757,49.13291],[1.97478,49.13347],[1.9738,49.134],[1.97374,49.13407],[1.97412,49.13448],[1.97231,49.13517],[1.97264,49.13553],[1.97216,49.13666],[1.97199,49.13695],[1.97162,49.13734],[1.97079,49.13791],[1.96987,49.13898],[1.96894,49.13993],[1.96806,49.14074],[1.96688,49.14009],[1.96684,49.13993],[1.96634,49.13952],[1.9657,49.13993],[1.96507,49.1402],[1.96462,49.13978],[1.96446,49.13993],[1.9639,49.14022],[1.9645,49.14046],[1.96446,49.14059],[1.96577,49.14145],[1.966,49.14156],[1.96659,49.14208],[1.96538,49.14318],[1.96442,49.14452],[1.96378,49.14523],[1.96241,49.1451],[1.96151,49.14498],[1.96107,49.14485],[1.9614,49.14553],[1.96258,49.14693],[1.96226,49.14684],[1.96125,49.1472],[1.96097,49.14735],[1.96035,49.14787],[1.95996,49.14802],[1.96343,49.15147],[1.96797,49.15439],[1.96666,49.15519],[1.96693,49.1557],[1.9674,49.15635],[1.96847,49.15729],[1.96983,49.15666],[1.97087,49.15827],[1.9707,49.15834],[1.9716,49.15963],[1.97289,49.16159],[1.97357,49.1614],[1.97418,49.1618],[1.97445,49.16165],[1.97461,49.16175],[1.9751,49.16145],[1.97487,49.16129],[1.97543,49.161],[1.97625,49.16041],[1.97642,49.16033],[1.9769,49.16204],[1.97717,49.16183],[1.97727,49.16189],[1.97737,49.16208],[1.97721,49.16233],[1.97703,49.16242],[1.97714,49.16264],[1.97758,49.16323],[1.97781,49.16362],[1.97797,49.16406],[1.97795,49.16426],[1.97896,49.1643],[1.97913,49.16423],[1.97919,49.16436],[1.97995,49.16508],[1.98217,49.16435],[1.98379,49.16524],[1.98352,49.16551],[1.98346,49.16575],[1.984,49.16571],[1.98393,49.16592],[1.98415,49.16592],[1.98565,49.16572],[1.98573,49.16611],[1.9857,49.16628],[1.98625,49.16724],[1.98668,49.16782],[1.98741,49.1684],[1.98938,49.1693],[1.98971,49.169],[1.99064,49.16891],[1.9909,49.16882],[1.99113,49.16871],[1.99155,49.16836]]]}},
{"type":"Feature","properties":{"ID":"COMMUNE_0000000009733992","INSEE_COM":"95436","INSEE_ARR":"3","INSEE_COL":"95D","INSEE_DEP":"95","INSEE_REG":"11","NOM":"Mours","CL_DEPART":"Non","CL_REGION":"Non","SIREN_EPCI":"249500489","SIREN_SI":259500080,"NOM_SI":"S.I. DES EAUX DE MOURS - NOINTEL ET PRESLES"},"geometry":{"type":"Polygon","coordinates":[[[2.27931,49.12574],[2.27943,49.12516],[2.27851,49.12473],[2.27772,49.12531],[2.27609,49.12515],[2.27527,49.1248],[2.27103,49.12433],[2.2709,49.12445],[2.26891,49.12433],[2.26788,49.12458],[2.26786,49.12456],[2.26755,49.12458],[2.2645,49.1249],[2.26235,49.12416],[2.26159,49.12423],[2.26116,49.12399],[2.2609,49.12399],[2.26086,49.12377],[2.26034,49.12362],[2.25985,49.12366],[2.25933,49.12401],[2.25913,49.12403],[2.25824,49.12454],[2.25801,49.12449],[2.25722,49.12441],[2.25662,49.12455],[2.25641,49.12481],[2.25635,49.12483],[2.2561,49.12538],[2.25579,49.12541],[2.25529,49.12567],[2.25516,49.12565],[2.25512,49.12567],[2.25506,49.12577],[2.25496,49.1258],[2.25434,49.12571],[2.25418,49.1258],[2.25393,49.12587],[2.25315,49.12624],[2.25241,49.1264],[2.25222,49.12647],[2.25213,49.12643],[2.252,49.12625],[2.25124,49.12603],[2.25035,49.12613],[2.25015,49.12611],[2.24989,49.12615],[2.24907,49.12609],[2.24885,49.1261],[2.24848,49.12621],[2.24805,49.12641],[2.24654,49.12763],[2.24691,49.12829],[2.24658,49.12846],[2.24632,49.1285],[2.24597,49.12862],[2.24582,49.12883],[2.2454,49.12898],[2.24507,49.12896],[2.24479,49.12914],[2.24476,49.12926],[2.24436,49.12927],[2.24404,49.12911],[2.24387,49.12911],[2.24324,49.12941],[2.24288,49.12945],[2.2427,49.12938],[2.24222,49.12943],[2.24196,49.12937],[2.24166,49.12949],[2.24073,49.1292],[2.2402,49.12945],[2.24016,49.12985],[2.23985,49.12984],[2.2395,49.12978],[2.23922,49.12964],[2.23891,49.12955],[2.23779,49.12934],[2.23691,49.12925],[2.2359,49.12919],[2.23571,49.1293],[2.23566,49.12942],[2.23572,49.12948],[2.23517,49.13002],[2.23505,49.13047],[2.23636,49.1309],[2.23702,49.13104],[2.23828,49.13104],[2.24116,49.1309],[2.24254,49.13088],[2.25093,49.1314],[2.25437,49.13168],[2.25737,49.13187],[2.25888,49.13205],[2.25992,49.1325],[2.262,49.13386],[2.2628,49.13448],[2.26398,49.13633],[2.26544,49.13779],[2.26646,49.13859],[2.26792,49.1394],[2.27009,49.13778],[2.2705,49.13793],[2.27085,49.13759],[2.27118,49.13785],[2.27172,49.1375],[2.27145,49.13731],[2.27209,49.13686],[2.27249,49.13701],[2.27278,49.13656],[2.27322,49.13629],[2.27367,49.13584],[2.27386,49.13573],[2.27406,49.13583],[2.27537,49.13441],[2.27556,49.1345],[2.27575,49.13469],[2.27824,49.13526],[2.27755,49.13379],[2.27746,49.13371],[2.27701,49.13279],[2.27691,49.13225],[2.27693,49.13096],[2.27718,49.12933],[2.2772,49.12876],[2.27798,49.12729],[2.27792,49.12722],[2.27703,49.12699],[2.27749,49.12676],[2.27759,49.12665],[2.27782,49.12652],[2.2779,49.12635],[2.27826,49.12603],[2.2785,49.12595],[2.27856,49.12585],[2.27882,49.12578],[2.27893,49.12572],[2.27931,49.12574]]]}},
{"type":"Feature","properties":{"ID":"COMMUNE_0000000009735035","INSEE_COM":"95491","INSEE_ARR":"1","INSEE_COL":"95D","INSEE_DEP":"95","INSEE_REG":"11","NOM":"Le Plessis-Bouchard","CL_DEPART":"Non","CL_REGION":"Non","SIREN_EPCI":"200058485","SIREN_SI":257500017,"NOM_SI":"S.E.D.I.F."},"geometry":{"type":"Polygon","coordinates":[[[2.21716,49.00283],[2.21719,49.00297],[2.21755,49.0037],[2.219,49.00642],[2.21986,49.00794],[2.2239,49.0118],[2.22546,49.01139],[2.22972,49.01041],[2.23163,49.01008],[2.23356,49.00965],[2.23358,49.00985],[2.23419,49.00971],[2.23582,49.00928],[2.24078,49.00813],[2.24222,49.00776],[2.24279,49.00758],[2.24327,49.00737],[2.24411,49.00692],[2.24493,49.00634],[2.24547,49.00591],[2.24566,49.00567],[2.24614,49.00546],[2.24596,49.00531],[2.24624,49.00477],[2.2464,49.00383],[2.25063,49.0008],[2.25037,49.0007],[2.24943,48.99998],[2.24847,48.99913],[2.24369,48.99422],[2.23703,48.99643],[2.23437,48.99723],[2.23028,48.9984],[2.22872,48.99887],[2.22757,48.9993],[2.22577,49.00004],[2.21716,49.00283]]]}},
{"type":"Feature","properties":{"ID":"COMMUNE_0000000009734504","INSEE_COM":"95055","INSEE_ARR":"2","INSEE_COL":"95D","INSEE_DEP":"95","INSEE_REG":"11","NOM":"Bellefontaine","CL_DEPART":"Non","CL_REGION":"Non","SIREN_EPCI":"200073013","SIREN_SI":259501419,"NOM_SI":"S.I. D'ADDUCTION D'EAU POTABLE DE BELLEFONTAINE"},"geometry":{"type":"Polygon","coordinates":[[[2.45424,49.08974],[2.4557,49.09038],[2.45614,49.09062],[2.45637,49.09079],[2.45709,49.09115],[2.45722,49.09128],[2.45739,49.09163],[2.45791,49.09216],[2.45941,49.09318],[2.46158,49.09435],[2.46204,49.09451],[2.46228,49.09453],[2.46202,49.09485],[2.46093,49.09526],[2.46105,49.09536],[2.46126,49.09545],[2.46183,49.09553],[2.46224,49.09552],[2.46283,49.09533],[2.46318,49.09578],[2.46338,49.09596],[2.46316,49.096],[2.46305,49.09586],[2.46219,49.09606],[2.46239,49.09638],[2.4629,49.09664],[2.46422,49.09623],[2.46428,49.09602],[2.46519,49.0963],[2.46514,49.09651],[2.46496,49.09678],[2.46473,49.09696],[2.4646,49.09701],[2.46521,49.09704],[2.46528,49.09719],[2.46513,49.09724],[2.46532,49.09743],[2.46542,49.09762],[2.46539,49.09801],[2.46514,49.09808],[2.46519,49.09821],[2.46542,49.09829],[2.4654,49.09861],[2.46279,49.09923],[2.46147,49.09944],[2.45997,49.09959],[2.45922,49.0996],[2.45853,49.09954],[2.45772,49.09998],[2.45741,49.10037],[2.45703,49.10094],[2.45692,49.10104],[2.45678,49.10107],[2.45561,49.10115],[2.45469,49.10116],[2.45377,49.10109],[2.45339,49.10102],[2.45297,49.10097],[2.45048,49.10086],[2.44978,49.10078],[2.44997,49.10102],[2.45026,49.10122],[2.45075,49.1014],[2.4512,49.10151],[2.45141,49.10206],[2.45187,49.10274],[2.45213,49.10337],[2.45249,49.104],[2.45341,49.10504],[2.45456,49.10605],[2.45469,49.10612],[2.45543,49.10675],[2.45558,49.10672],[2.45716,49.10729],[2.45884,49.10784],[2.45827,49.10832],[2.4579,49.10871],[2.45892,49.10953],[2.4605,49.11062],[2.46213,49.11148],[2.46316,49.11184],[2.46369,49.11148],[2.46418,49.11103],[2.46524,49.11059],[2.46567,49.111],[2.4666,49.11147],[2.46687,49.11184],[2.47556,49.11227],[2.48178,49.11202],[2.48324,49.11172],[2.48334,49.11069],[2.48366,49.11006],[2.48382,49.10923],[2.48409,49.10701],[2.48401,49.10688],[2.48362,49.10679],[2.48175,49.10644],[2.48029,49.10623],[2.47993,49.10504],[2.47963,49.10365],[2.47894,49.10237],[2.47816,49.10028],[2.47835,49.10022],[2.4787,49.10017],[2.47794,49.09825],[2.47744,49.09723],[2.47839,49.09718],[2.47834,49.09695],[2.47811,49.09697],[2.47808,49.09691],[2.47782,49.09604],[2.47782,49.0958],[2.47821,49.09577],[2.47825,49.09425],[2.47855,49.0941],[2.47923,49.09413],[2.47925,49.09406],[2.47932,49.09405],[2.47975,49.09426],[2.48012,49.09436],[2.48028,49.09435],[2.4803,49.09457],[2.48038,49.09464],[2.48052,49.09464],[2.48075,49.09455],[2.48095,49.0946],[2.48108,49.09469],[2.48217,49.0945],[2.48272,49.0945],[2.48293,49.09458],[2.48382,49.0945],[2.48388,49.09438],[2.48466,49.09433],[2.485,49.09434],[2.48516,49.0943],[2.48546,49.0944],[2.48563,49.09449],[2.48576,49.09449],[2.48683,49.09433],[2.48714,49.09433],[2.48728,49.09425],[2.48741,49.09425],[2.48767,49.09431],[2.48781,49.09405],[2.48805,49.09378],[2.48817,49.09371],[2.48851,49.0936],[2.48895,49.09357],[2.48797,49.09141],[2.48817,49.09136],[2.48772,49.09063],[2.48759,49.09038],[2.48746,49.09025],[2.4865,49.0894],[2.48619,49.08935],[2.48592,49.08939],[2.48521,49.08923],[2.48421,49.08913],[2.48405,49.08909],[2.48391,49.08892],[2.48386,49.08874],[2.48387,49.08792],[2.48382,49.0875],[2.48352,49.08658],[2.48323,49.08593],[2.48296,49.08496],[2.48279,49.08452],[2.48222,49.08341],[2.48152,49.08225],[2.48034,49.0795],[2.47979,49.07844],[2.47948,49.07815],[2.47731,49.0766],[2.47675,49.07608],[2.47617,49.07551],[2.47567,49.07495],[2.47477,49.0734],[2.47433,49.07303],[2.47412,49.0729],[2.47347,49.07258],[2.47307,49.07229],[2.47278,49.07197],[2.47234,49.07106],[2.47227,49.07102],[2.47205,49.07141],[2.47021,49.07112],[2.47022,49.07095],[2.46376,49.07171],[2.46363,49.0722],[2.46191,49.0727],[2.46278,49.07542],[2.46061,49.07607],[2.45965,49.07631],[2.45802,49.07677],[2.45787,49.0768],[2.45775,49.07678],[2.45784,49.07865],[2.45774,49.07895],[2.45809,49.07926],[2.45814,49.07957],[2.45835,49.07986],[2.45735,49.0803],[2.4576,49.08052],[2.45694,49.08173],[2.45695,49.08192],[2.45683,49.08221],[2.45673,49.08234],[2.45666,49.08256],[2.45663,49.08309],[2.45642,49.0832],[2.45567,49.08333],[2.45557,49.08341],[2.45538,49.08411],[2.45526,49.08495],[2.45525,49.08554],[2.45546,49.08627],[2.45549,49.08646],[2.45547,49.08673],[2.45531,49.08679],[2.45485,49.08678],[2.45474,49.08688],[2.45462,49.0876],[2.45456,49.08769],[2.45416,49.08769],[2.45398,49.08749],[2.4537,49.08743],[2.45348,49.08756],[2.45305,49.08803],[2.45298,49.08831],[2.45255,49.08894],[2.45424,49.08974]]]}},
{"type":"Feature","properties":{"ID":"COMMUNE_0000000009734511","INSEE_COM":"95241","INSEE_ARR":"2","INSEE_COL":"95D","INSEE_DEP":"95","INSEE_REG":"11","NOM":"Fontenay-en-Parisis","CL_DEPART":"Non","CL_REGION":"Non","SIREN_EPCI":"200055655","SIREN_SI":200091940,"NOM_SI":"SMAEP DAMONA"},"geometry":{"type":"Polygon","coordinates":[[[2.4184,49.04649],[2.41997,49.04741],[2.41626,49.05001],[2.41431,49.05147],[2.41125,49.05328],[2.41326,49.05619],[2.41468,49.05607],[2.41556,49.05604],[2.41562,49.05773],[2.42358,49.05765],[2.42369,49.05848],[2.43454,49.06259],[2.4366,49.06507],[2.43749,49.06621],[2.43893,49.0679],[2.44021,49.06768],[2.44345,49.06751],[2.44376,49.06747],[2.44602,49.06696],[2.4454,49.06578],[2.44517,49.06545],[2.44832,49.06441],[2.4474,49.06344],[2.4501,49.06264],[2.44977,49.062],[2.45244,49.06113],[2.45234,49.06055],[2.45498,49.06004],[2.45712,49.0597],[2.46095,49.05877],[2.46127,49.059],[2.46234,49.05964],[2.46309,49.06001],[2.46376,49.06047],[2.46999,49.05772],[2.4698,49.05751],[2.47154,49.05662],[2.473,49.05599],[2.47333,49.05589],[2.47404,49.05576],[2.47517,49.05566],[2.48168,49.05534],[2.48215,49.05228],[2.48232,49.05225],[2.48234,49.05056],[2.48216,49.05061],[2.47861,49.04531],[2.47522,49.0436],[2.47412,49.04222],[2.47428,49.04188],[2.47413,49.04169],[2.47391,49.0416],[2.47346,49.04177],[2.47306,49.04202],[2.47271,49.04231],[2.47201,49.04274],[2.47164,49.04235],[2.47122,49.042],[2.47114,49.04198],[2.47099,49.04196],[2.47073,49.04199],[2.47016,49.04214],[2.46992,49.04208],[2.46946,49.04221],[2.46924,49.04229],[2.46871,49.04256],[2.46896,49.04274],[2.46871,49.0429],[2.46825,49.04331],[2.46797,49.04347],[2.46773,49.04355],[2.4674,49.04342],[2.4671,49.0435],[2.46599,49.04388],[2.46472,49.04447],[2.46457,49.04452],[2.46448,49.04448],[2.46404,49.04478],[2.46386,49.04485],[2.46321,49.04488],[2.4612,49.04475],[2.4608,49.0448],[2.4603,49.04476],[2.46006,49.0447],[2.45967,49.04453],[2.45982,49.04442],[2.4599,49.04429],[2.4612,49.04335],[2.46151,49.04308],[2.45798,49.04067],[2.45935,49.03984],[2.45958,49.03967],[2.45971,49.03954],[2.45774,49.03882],[2.456,49.03827],[2.45567,49.0386],[2.45464,49.03813],[2.45366,49.03901],[2.45221,49.03851],[2.44834,49.03827],[2.44719,49.038],[2.44676,49.03788],[2.44709,49.03741],[2.44407,49.03602],[2.44106,49.03455],[2.44099,49.02894],[2.43879,49.02887],[2.43805,49.02889],[2.43699,49.02888],[2.43513,49.02872],[2.43492,49.02876],[2.43457,49.02947],[2.43442,49.02964],[2.43425,49.02977],[2.43504,49.03072],[2.43606,49.03354],[2.43448,49.03452],[2.43379,49.03484],[2.43241,49.03554],[2.4306,49.03709],[2.43045,49.03728],[2.42778,49.03889],[2.42439,49.04081],[2.42227,49.04194],[2.42224,49.04219],[2.42197,49.0426],[2.42191,49.04262],[2.4217,49.0428],[2.41974,49.04472],[2.41931,49.04522],[2.4184,49.04649]]]}},
{"type":"Feature","properties":{"ID":"COMMUNE_0000000009734004","INSEE_COM":"95213","INSEE_ARR":"3","INSEE_COL":"95D","INSEE_DEP":"95","INSEE_REG":"11","NOM":"Épiais-Rhus","CL_DEPART":"Non","CL_REGION":"Non","SIREN_EPCI":"249500430","SIREN_SI":259502417,"NOM_SI":"S.I. DE LA SOURCE DE BERVAL"},"geometry":{"type":"Polygon","coordinates":[[[2.092,49.11635],[2.09112,49.11585],[2.09115,49.11555],[2.08855,49.11393],[2.08978,49.11312],[2.08363,49.10919],[2.08338,49.10945],[2.07891,49.10651],[2.07839,49.10674],[2.07731,49.10619],[2.07694,49.10543],[2.07654,49.10507],[2.07685,49.10486],[2.07557,49.10434],[2.0744,49.10343],[2.07324,49.10176],[2.0726,49.10059],[2.0708,49.10087],[2.07087,49.10118],[2.06797,49.10133],[2.06648,49.10137],[2.06536,49.10149],[2.06548,49.1018],[2.06489,49.10202],[2.06453,49.10244],[2.06417,49.10255],[2.06456,49.1031],[2.06504,49.10353],[2.06513,49.10514],[2.06492,49.10531],[2.06501,49.10556],[2.0652,49.10664],[2.06408,49.10681],[2.06357,49.1074],[2.06348,49.10806],[2.06245,49.10812],[2.06242,49.10826],[2.06125,49.1084],[2.06129,49.10813],[2.06049,49.10822],[2.0604,49.1093],[2.06042,49.10971],[2.05861,49.11009],[2.05752,49.11023],[2.05626,49.11043],[2.05559,49.11048],[2.05533,49.11063],[2.05533,49.11051],[2.05441,49.11045],[2.05441,49.11033],[2.05391,49.11031],[2.05412,49.10963],[2.05016,49.10933],[2.04963,49.11317],[2.04964,49.11322],[2.04972,49.11325],[2.05061,49.11326],[2.05038,49.11555],[2.04674,49.11553],[2.04702,49.11576],[2.04732,49.11614],[2.04763,49.11683],[2.04769,49.11716],[2.04769,49.11735],[2.04758,49.11767],[2.04735,49.11809],[2.04721,49.1182],[2.04741,49.11962],[2.04743,49.12159],[2.04945,49.12083],[2.05022,49.12149],[2.05002,49.1219],[2.05311,49.12317],[2.05257,49.12379],[2.05415,49.12463],[2.05401,49.12483],[2.05424,49.125],[2.05763,49.12691],[2.05818,49.12707],[2.05778,49.1274],[2.05772,49.12748],[2.0577,49.12762],[2.05789,49.12751],[2.05867,49.1276],[2.05925,49.12778],[2.05958,49.128],[2.05975,49.12793],[2.06058,49.12938],[2.06098,49.12922],[2.06192,49.1309],[2.06207,49.13134],[2.06237,49.1319],[2.06395,49.13145],[2.06434,49.13167],[2.06398,49.13298],[2.06466,49.13303],[2.06464,49.1342],[2.06467,49.13439],[2.06505,49.13481],[2.06498,49.13536],[2.0648,49.13567],[2.06476,49.13584],[2.06477,49.13597],[2.06493,49.13632],[2.06519,49.13664],[2.06554,49.13695],[2.06584,49.13698],[2.066,49.13704],[2.06632,49.1376],[2.06656,49.13851],[2.06627,49.13865],[2.06701,49.13988],[2.06738,49.14092],[2.06742,49.14141],[2.06752,49.14172],[2.06746,49.1424],[2.06728,49.14241],[2.06717,49.14299],[2.06745,49.14305],[2.06729,49.14313],[2.06732,49.14337],[2.06765,49.14327],[2.06931,49.14365],[2.06966,49.14377],[2.07043,49.1441],[2.07125,49.14415],[2.07255,49.14401],[2.07266,49.14466],[2.07388,49.14497],[2.07393,49.14479],[2.0743,49.14494],[2.07573,49.14574],[2.07573,49.14585],[2.07652,49.14564],[2.07772,49.1455],[2.07792,49.14522],[2.07848,49.14531],[2.07897,49.1453],[2.07914,49.14534],[2.07982,49.14537],[2.07999,49.14535],[2.0803,49.14562],[2.08058,49.14549],[2.07996,49.14646],[2.07997,49.14659],[2.08027,49.14702],[2.08153,49.14785],[2.08311,49.14772],[2.08433,49.14769],[2.08457,49.14866],[2.08485,49.14868],[2.08471,49.1493],[2.08586,49.14909],[2.08725,49.14865],[2.08737,49.14879],[2.08756,49.14875],[2.08763,49.14891],[2.08807,49.14882],[2.0878,49.14793],[2.08969,49.14761],[2.08941,49.14685],[2.09091,49.14675],[2.09083,49.14584],[2.09186,49.14581],[2.09111,49.1451],[2.0914,49.14369],[2.09123,49.1431],[2.09086,49.14319],[2.09035,49.14326],[2.08949,49.14334],[2.0894,49.14285],[2.08894,49.14286],[2.08872,49.14185],[2.0855,49.14209],[2.08542,49.13998],[2.08547,49.13892],[2.08828,49.13833],[2.08809,49.13773],[2.08984,49.13747],[2.0892,49.13552],[2.08909,49.13501],[2.08934,49.13471],[2.08863,49.13153],[2.08845,49.13157],[2.08837,49.13132],[2.08976,49.13113],[2.08909,49.13005],[2.08878,49.12965],[2.08858,49.12932],[2.0896,49.12898],[2.08952,49.12888],[2.09131,49.12851],[2.09161,49.12901],[2.0924,49.12859],[2.09268,49.12823],[2.0933,49.12807],[2.09296,49.1277],[2.0927,49.12689],[2.09343,49.12689],[2.09331,49.12453],[2.09302,49.12215],[2.09303,49.12194],[2.0929,49.12066],[2.09301,49.12047],[2.0933,49.12032],[2.09328,49.12023],[2.09356,49.11995],[2.09383,49.11892],[2.09345,49.11777],[2.09223,49.11661],[2.092,49.11635]]]}},
{"type":"Feature","properties":{"ID":"COMMUNE_0000000009734003","INSEE_COM":"95271","INSEE_ARR":"3","INSEE_COL":"95D","INSEE_DEP":"95","INSEE_REG":"11","NOM":"Génicourt","CL_DEPART":"Non","CL_REGION":"Non","SIREN_EPCI":"249500430","SIREN_SI":0,"NOM_SI":"Compétence exercée par la commune"},"geometry":{"type":"Polygon","coordinates":[[[2.08415,49.08423],[2.08073,49.08465],[2.08016,49.08476],[2.07864,49.08512],[2.07518,49.0813],[2.0729,49.07864],[2.06668,49.08414],[2.06361,49.08634],[2.06332,49.08632],[2.06263,49.08643],[2.06227,49.08642],[2.06022,49.086],[2.05946,49.08587],[2.058,49.08567],[2.05731,49.08555],[2.0545,49.08487],[2.05167,49.08445],[2.05154,49.08449],[2.05132,49.08448],[2.04963,49.08432],[2.04894,49.08423],[2.04846,49.08413],[2.04769,49.08388],[2.04641,49.08334],[2.04616,49.08316],[2.04463,49.08279],[2.04389,49.08269],[2.04443,49.08525],[2.04505,49.0868],[2.04548,49.08676],[2.04568,49.08757],[2.046,49.08753],[2.04634,49.08988],[2.04751,49.09135],[2.04584,49.09168],[2.04659,49.09331],[2.0414,49.09473],[2.04238,49.09598],[2.04296,49.0958],[2.04426,49.09757],[2.04367,49.09792],[2.04085,49.0988],[2.04086,49.09894],[2.04097,49.09912],[2.03997,49.09934],[2.0401,49.09951],[2.04028,49.0999],[2.03959,49.10007],[2.03977,49.10092],[2.04128,49.10144],[2.04187,49.10172],[2.04196,49.10184],[2.04212,49.10214],[2.04215,49.10236],[2.04188,49.10313],[2.04183,49.10334],[2.04186,49.10349],[2.04423,49.10829],[2.04707,49.10808],[2.04709,49.10912],[2.05412,49.10963],[2.05391,49.11031],[2.05441,49.11033],[2.05441,49.11045],[2.05533,49.11051],[2.05533,49.11063],[2.05559,49.11048],[2.05626,49.11043],[2.05752,49.11023],[2.05861,49.11009],[2.06042,49.10971],[2.0604,49.1093],[2.06049,49.10822],[2.06129,49.10813],[2.06125,49.1084],[2.06242,49.10826],[2.06245,49.10812],[2.06348,49.10806],[2.06357,49.1074],[2.06408,49.10681],[2.0652,49.10664],[2.06501,49.10556],[2.06492,49.10531],[2.06513,49.10514],[2.06504,49.10353],[2.06456,49.1031],[2.06417,49.10255],[2.06453,49.10244],[2.06489,49.10202],[2.06548,49.1018],[2.06536,49.10149],[2.06648,49.10137],[2.06797,49.10133],[2.07087,49.10118],[2.0708,49.10087],[2.0726,49.10059],[2.07224,49.09984],[2.07231,49.09966],[2.07237,49.09918],[2.07244,49.09915],[2.07308,49.09832],[2.07308,49.09827],[2.07287,49.09814],[2.07282,49.09781],[2.07283,49.09754],[2.073,49.09751],[2.07295,49.09728],[2.0735,49.09716],[2.07383,49.09735],[2.07485,49.0966],[2.07441,49.09627],[2.07564,49.09568],[2.07694,49.09472],[2.0774,49.09453],[2.0782,49.09425],[2.07905,49.09412],[2.07945,49.094],[2.07968,49.09392],[2.08005,49.09372],[2.08011,49.09366],[2.08014,49.09353],[2.08024,49.09345],[2.08079,49.09321],[2.08112,49.09299],[2.08197,49.09225],[2.08204,49.09212],[2.08251,49.09221],[2.08293,49.09233],[2.08336,49.0926],[2.08336,49.09239],[2.08344,49.09218],[2.08483,49.09123],[2.08549,49.09051],[2.08552,49.09039],[2.0853,49.09032],[2.08525,49.09023],[2.08545,49.08869],[2.08454,49.08787],[2.08407,49.087],[2.08387,49.08622],[2.08365,49.08575],[2.08387,49.08505],[2.08417,49.08433],[2.08415,49.08423]]]}},
{"type":"Feature","properties":{"ID":"COMMUNE_0000000009735010","INSEE_COM":"95277","INSEE_ARR":"2","INSEE_COL":"95D","INSEE_DEP":"95","INSEE_REG":"11","NOM":"Gonesse","CL_DEPART":"Non","CL_REGION":"Non","SIREN_EPCI":"200055655","SIREN_SI":200095909,"NOM_SI":"S.I. D'ALIMENTATION EN EAU POTABLE DE TREMBLAY EN FRANCE/CLAYE SOUILLY"},"geometry":{"type":"Polygon","coordinates":[[[2.44273,49.01267],[2.44301,49.01267],[2.44307,49.01242],[2.44338,49.01195],[2.44341,49.01167],[2.44336,49.01141],[2.44348,49.01102],[2.4454,49.01055],[2.4458,49.01043],[2.44649,49.01029],[2.44661,49.01022],[2.44673,49.01018],[2.44402,49.00553],[2.45174,49.00349],[2.45243,49.00329],[2.45499,49.00245],[2.45608,49.00218],[2.45749,49.00196],[2.46029,49.00171],[2.46212,49.00168],[2.46302,49.00163],[2.4638,49.00152],[2.46433,49.0014],[2.46457,49.00141],[2.46458,49.00134],[2.46528,49.00131],[2.46487,49.00037],[2.46413,48.99898],[2.46301,48.99762],[2.46295,48.99759],[2.46193,48.99785],[2.46133,48.99723],[2.46241,48.99678],[2.46338,48.99739],[2.46369,48.99764],[2.46378,48.99754],[2.46385,48.99737],[2.46451,48.99648],[2.46526,48.99557],[2.46627,48.99421],[2.46658,48.99421],[2.46672,48.99429],[2.46707,48.99439],[2.46707,48.99463],[2.46701,48.99484],[2.46703,48.99496],[2.46706,48.99503],[2.46715,48.99508],[2.46728,48.99523],[2.46724,48.99538],[2.46728,48.99565],[2.46724,48.99582],[2.46724,48.99627],[2.4674,48.99616],[2.46791,48.99604],[2.46894,48.9957],[2.46946,48.99556],[2.47181,48.99455],[2.4735,48.99417],[2.47427,48.99385],[2.47477,48.99371],[2.47579,48.99361],[2.47687,48.9936],[2.47724,48.99365],[2.47875,48.99397],[2.47954,48.99481],[2.48238,48.99803],[2.48371,48.99947],[2.48424,48.99967],[2.48529,48.99948],[2.48576,48.99933],[2.48406,48.99668],[2.48618,48.99602],[2.48871,48.99567],[2.48785,48.99046],[2.48851,48.99072],[2.48865,48.99061],[2.48939,48.99051],[2.49074,48.99018],[2.49133,48.99007],[2.49321,48.9899],[2.49358,48.98977],[2.49491,48.98895],[2.49533,48.98875],[2.49662,48.98841],[2.49836,48.98805],[2.4995,48.98763],[2.50003,48.98748],[2.50113,48.98728],[2.50285,48.98703],[2.50395,48.98677],[2.5024,48.98411],[2.50182,48.98279],[2.50132,48.98181],[2.50058,48.98081],[2.50056,48.98065],[2.50002,48.97977],[2.50103,48.97915],[2.50188,48.97853],[2.50037,48.97771],[2.50211,48.97657],[2.50024,48.97561],[2.50049,48.97543],[2.49835,48.97521],[2.49724,48.97506],[2.49579,48.97505],[2.49796,48.97386],[2.49618,48.9726],[2.49249,48.97459],[2.48832,48.9713],[2.49026,48.97007],[2.48677,48.96726],[2.48383,48.96832],[2.48151,48.96958],[2.48077,48.96981],[2.47928,48.96811],[2.47882,48.9675],[2.47853,48.96761],[2.4778,48.9667],[2.47503,48.96767],[2.4731,48.96587],[2.47059,48.96394],[2.4695,48.96302],[2.46735,48.96431],[2.46425,48.96124],[2.46295,48.95975],[2.46114,48.95854],[2.46083,48.95847],[2.46072,48.9584],[2.46057,48.95818],[2.46034,48.95731],[2.46018,48.95699],[2.4602,48.9568],[2.4603,48.95656],[2.46014,48.95615],[2.45959,48.95527],[2.45949,48.95505],[2.45901,48.95513],[2.45766,48.95553],[2.45675,48.95573],[2.45588,48.95567],[2.45779,48.95975],[2.45474,48.96131],[2.45147,48.96266],[2.45102,48.96288],[2.45152,48.96346],[2.44857,48.96458],[2.44801,48.96488],[2.4463,48.96662],[2.44594,48.96822],[2.44589,48.96887],[2.44546,48.97133],[2.44483,48.97239],[2.44435,48.9723],[2.44073,48.97295],[2.43914,48.97326],[2.43714,48.97371],[2.43786,48.97446],[2.4406,48.97709],[2.43484,48.9785],[2.43477,48.97853],[2.43487,48.9786],[2.43464,48.97877],[2.43236,48.98009],[2.43226,48.98033],[2.43226,48.98041],[2.43217,48.98047],[2.43062,48.98288],[2.42959,48.98373],[2.42728,48.98537],[2.42689,48.98538],[2.42661,48.98597],[2.42548,48.9874],[2.42452,48.98873],[2.42408,48.98978],[2.42314,48.99254],[2.42258,48.99318],[2.42181,48.99309],[2.42117,48.99431],[2.42219,48.99452],[2.42043,48.99627],[2.41699,48.99837],[2.41647,48.99862],[2.4166,48.99976],[2.41724,48.99971],[2.4191,48.99941],[2.4193,49.00158],[2.41884,49.00172],[2.41895,49.00302],[2.42048,49.00292],[2.42041,49.00532],[2.42073,49.00562],[2.42394,49.00929],[2.42825,49.01212],[2.42413,49.013],[2.42491,49.01409],[2.42556,49.01485],[2.42711,49.01453],[2.42783,49.01624],[2.43073,49.01541],[2.43093,49.01577],[2.43122,49.01566],[2.4325,49.01537],[2.43425,49.01505],[2.43607,49.01488],[2.43625,49.0149],[2.43632,49.01502],[2.4364,49.01506],[2.4366,49.01505],[2.43776,49.01493],[2.43849,49.01481],[2.4388,49.01473],[2.43859,49.01438],[2.44256,49.0126],[2.44273,49.01267]]]}},
{"type":"Feature","properties":{"ID":"COMMUNE_0000000009734515","INSEE_COM":"95316","INSEE_ARR":"2","INSEE_COL":"95D","INSEE_DEP":"95","INSEE_REG":"11","NOM":"Jagny-sous-Bois","CL_DEPART":"Non","CL_REGION":"Non","SIREN_EPCI":"200073013","SIREN_SI":200091940,"NOM_SI":"SMAEP DAMONA"},"geometry":{"type":"Polygon","coordinates":[[[2.42203,49.08381],[2.42196,49.08677],[2.42259,49.08689],[2.42293,49.08699],[2.42479,49.08791],[2.42483,49.08787],[2.42475,49.08762],[2.42581,49.08767],[2.42612,49.08764],[2.42627,49.08803],[2.43021,49.08792],[2.4321,49.08778],[2.43205,49.08799],[2.43341,49.08771],[2.43315,49.08721],[2.43352,49.08706],[2.43431,49.08683],[2.43554,49.08833],[2.43599,49.0882],[2.43829,49.08923],[2.43894,49.08856],[2.4404,49.08915],[2.44023,49.08942],[2.44132,49.08977],[2.44122,49.0894],[2.44174,49.08938],[2.44193,49.08994],[2.4417,49.09047],[2.4418,49.09095],[2.4416,49.09105],[2.44192,49.09126],[2.44202,49.09154],[2.44216,49.09176],[2.44248,49.09185],[2.44472,49.09219],[2.4447,49.09228],[2.44604,49.09248],[2.446,49.09267],[2.44625,49.09273],[2.44622,49.09323],[2.4466,49.09363],[2.44823,49.09446],[2.44898,49.0946],[2.44941,49.09505],[2.44961,49.09483],[2.44984,49.09493],[2.44998,49.09478],[2.44961,49.09415],[2.44926,49.0939],[2.44889,49.09374],[2.44867,49.09339],[2.4486,49.09336],[2.44859,49.09295],[2.44912,49.09287],[2.44918,49.09306],[2.44979,49.09308],[2.44976,49.09296],[2.44998,49.09286],[2.45049,49.09272],[2.45106,49.0927],[2.45095,49.09218],[2.4521,49.09198],[2.45189,49.09125],[2.45194,49.09002],[2.45242,49.09002],[2.45235,49.09022],[2.4531,49.09022],[2.45324,49.0904],[2.45424,49.08974],[2.45255,49.08894],[2.45298,49.08831],[2.45305,49.08803],[2.45348,49.08756],[2.4537,49.08743],[2.45398,49.08749],[2.45416,49.08769],[2.45456,49.08769],[2.45462,49.0876],[2.45474,49.08688],[2.45485,49.08678],[2.45531,49.08679],[2.45547,49.08673],[2.45549,49.08646],[2.45546,49.08627],[2.45525,49.08554],[2.45526,49.08495],[2.45538,49.08411],[2.45557,49.08341],[2.45567,49.08333],[2.45642,49.0832],[2.45663,49.08309],[2.45666,49.08256],[2.45673,49.08234],[2.45683,49.08221],[2.45695,49.08192],[2.45694,49.08173],[2.4576,49.08052],[2.45735,49.0803],[2.45835,49.07986],[2.45814,49.07957],[2.45809,49.07926],[2.45774,49.07895],[2.45784,49.07865],[2.45775,49.07678],[2.45787,49.0768],[2.45802,49.07677],[2.45965,49.07631],[2.46061,49.07607],[2.46278,49.07542],[2.46191,49.0727],[2.46048,49.07306],[2.45923,49.07344],[2.45901,49.0736],[2.45896,49.07368],[2.45696,49.07506],[2.45634,49.0744],[2.45577,49.07465],[2.45531,49.07402],[2.45436,49.07425],[2.45382,49.07282],[2.45155,49.07368],[2.45078,49.07311],[2.45138,49.07284],[2.45154,49.07273],[2.45247,49.07233],[2.4533,49.07213],[2.45348,49.07206],[2.4535,49.07197],[2.45286,49.07053],[2.45267,49.06974],[2.45068,49.06937],[2.45073,49.06841],[2.44724,49.06855],[2.44689,49.06859],[2.44601,49.06882],[2.4453,49.06892],[2.44528,49.06895],[2.44492,49.06904],[2.44466,49.06906],[2.4453,49.06951],[2.44443,49.07026],[2.44271,49.06976],[2.44136,49.06881],[2.44151,49.06986],[2.44168,49.0705],[2.44168,49.07065],[2.44151,49.07134],[2.43833,49.07138],[2.43985,49.07236],[2.44,49.07252],[2.4401,49.07278],[2.44016,49.07312],[2.44015,49.07332],[2.43947,49.075],[2.43939,49.0753],[2.43909,49.07536],[2.43223,49.07746],[2.43191,49.07753],[2.43093,49.07762],[2.43088,49.07764],[2.43088,49.0779],[2.43043,49.07797],[2.42998,49.0781],[2.42922,49.07845],[2.42939,49.07874],[2.4298,49.07983],[2.42965,49.08068],[2.4295,49.08077],[2.42913,49.08118],[2.42897,49.08127],[2.42892,49.08138],[2.42792,49.0816],[2.42801,49.082],[2.42783,49.08206],[2.4265,49.08205],[2.42634,49.08208],[2.42622,49.08225],[2.42616,49.08226],[2.4247,49.08211],[2.42458,49.08206],[2.42441,49.08205],[2.42419,49.08207],[2.42364,49.08225],[2.42333,49.08231],[2.42276,49.08239],[2.42262,49.08264],[2.42269,49.08385],[2.42203,49.08381]]]}},
{"type":"Feature","properties":{"ID":"COMMUNE_0000000009735502","INSEE_COM":"95088","INSEE_ARR":"2","INSEE_COL":"95D","INSEE_DEP":"95","INSEE_REG":"11","NOM":"Bonneuil-en-France","CL_DEPART":"Non","CL_REGION":"Non","SIREN_EPCI":"200055655","SIREN_SI":200095909,"NOM_SI":"S.I. D'ALIMENTATION EN EAU POTABLE DE TREMBLAY EN FRANCE/CLAYE SOUILLY"},"geometry":{"type":"Polygon","coordinates":[[[2.41881,48.95771],[2.41845,48.95821],[2.41802,48.95936],[2.41796,48.95965],[2.41765,48.95982],[2.41767,48.96003],[2.4176,48.96015],[2.41752,48.96021],[2.41718,48.96033],[2.41713,48.96038],[2.41709,48.96106],[2.41726,48.9616],[2.41721,48.96169],[2.41705,48.96181],[2.41743,48.96191],[2.41893,48.96212],[2.41926,48.96212],[2.41926,48.96222],[2.41895,48.96275],[2.41809,48.96359],[2.41769,48.96474],[2.41773,48.96561],[2.41788,48.96609],[2.41814,48.96653],[2.41836,48.96671],[2.41846,48.96692],[2.41897,48.96765],[2.41905,48.96786],[2.41681,48.96876],[2.41699,48.96914],[2.41729,48.96934],[2.41792,48.96996],[2.41804,48.97005],[2.41829,48.97015],[2.4192,48.97073],[2.41934,48.97079],[2.41973,48.97081],[2.42007,48.97089],[2.42015,48.97101],[2.42017,48.97126],[2.42039,48.9714],[2.42054,48.97171],[2.42069,48.97182],[2.42082,48.97191],[2.42226,48.97254],[2.42258,48.97273],[2.42309,48.97292],[2.4222,48.97335],[2.42214,48.97341],[2.42322,48.97377],[2.42346,48.9739],[2.42431,48.97453],[2.42447,48.97474],[2.42441,48.97484],[2.42481,48.97494],[2.4248,48.97522],[2.42522,48.97596],[2.42525,48.9768],[2.4268,48.97745],[2.43047,48.97881],[2.43092,48.97894],[2.43166,48.9795],[2.43217,48.97975],[2.43235,48.97988],[2.43238,48.97995],[2.43236,48.98009],[2.43464,48.97877],[2.43487,48.9786],[2.43477,48.97853],[2.43484,48.9785],[2.4406,48.97709],[2.43786,48.97446],[2.43714,48.97371],[2.43914,48.97326],[2.44073,48.97295],[2.44435,48.9723],[2.44483,48.97239],[2.44546,48.97133],[2.44589,48.96887],[2.44594,48.96822],[2.4463,48.96662],[2.44788,48.96499],[2.44801,48.96488],[2.44857,48.96458],[2.45152,48.96346],[2.45102,48.96288],[2.45147,48.96266],[2.45474,48.96131],[2.45779,48.95975],[2.45588,48.95567],[2.45418,48.95566],[2.45384,48.95562],[2.45319,48.95547],[2.4529,48.95534],[2.45263,48.95529],[2.45147,48.95515],[2.45105,48.95505],[2.45031,48.95494],[2.44923,48.95511],[2.44891,48.95525],[2.44857,48.95547],[2.44801,48.95594],[2.44749,48.95578],[2.44518,48.95674],[2.44502,48.95673],[2.44479,48.95657],[2.44457,48.95672],[2.44446,48.95664],[2.44403,48.95672],[2.44392,48.9567],[2.44384,48.95653],[2.44375,48.95651],[2.44349,48.95661],[2.44333,48.9565],[2.44277,48.95655],[2.44227,48.95652],[2.44185,48.95656],[2.44165,48.95642],[2.44116,48.95639],[2.44081,48.95625],[2.43913,48.95586],[2.43807,48.95578],[2.43709,48.95575],[2.43648,48.95544],[2.43616,48.95539],[2.43593,48.95512],[2.43577,48.95507],[2.43568,48.95511],[2.43564,48.95519],[2.43564,48.95543],[2.43538,48.95546],[2.43531,48.95563],[2.43502,48.95566],[2.43435,48.9559],[2.4341,48.95594],[2.43393,48.95641],[2.43381,48.9565],[2.43376,48.95659],[2.43339,48.95676],[2.43318,48.95678],[2.43303,48.95716],[2.43285,48.9572],[2.43283,48.95742],[2.43264,48.9574],[2.43263,48.95756],[2.43178,48.95773],[2.43137,48.95794],[2.43041,48.95825],[2.43002,48.95833],[2.42988,48.95856],[2.42931,48.95866],[2.42902,48.95891],[2.42884,48.959],[2.4285,48.95903],[2.42823,48.95925],[2.42804,48.95923],[2.42735,48.95933],[2.42702,48.95941],[2.42653,48.95938],[2.42584,48.9594],[2.42565,48.95934],[2.42542,48.95915],[2.42532,48.95911],[2.42489,48.95913],[2.42444,48.95904],[2.4227,48.9589],[2.4224,48.95882],[2.4216,48.95853],[2.41881,48.95771]]]}},
{"type":"Feature","properties":{"ID":"COMMUNE_0000000009733993","INSEE_COM":"95313","INSEE_ARR":"3","INSEE_COL":"95D","INSEE_DEP":"95","INSEE_REG":"11","NOM":"L'Isle-Adam","CL_DEPART":"Non","CL_REGION":"Non","SIREN_EPCI":"249500455","SIREN_SI":259500338,"NOM_SI":"S.I. POUR L'ALIMENTATION EN EAU POTABLE DE LA REGION DE L'ISLE-ADAM"},"geometry":{"type":"Polygon","coordinates":[[[2.20635,49.08708],[2.20889,49.09222],[2.20925,49.09351],[2.2097,49.09554],[2.20982,49.09666],[2.20975,49.09738],[2.20925,49.09993],[2.20897,49.10257],[2.20884,49.10579],[2.20902,49.10859],[2.20889,49.10943],[2.20937,49.11212],[2.20964,49.11306],[2.21054,49.11497],[2.21121,49.11593],[2.21128,49.11628],[2.21132,49.11712],[2.21178,49.11959],[2.21233,49.12061],[2.21245,49.12077],[2.21284,49.12116],[2.21337,49.1215],[2.21376,49.1217],[2.21453,49.12192],[2.21521,49.12217],[2.21595,49.12275],[2.21659,49.12331],[2.21726,49.12396],[2.21943,49.12623],[2.21995,49.12672],[2.22041,49.12701],[2.22113,49.12726],[2.22204,49.12754],[2.22413,49.12812],[2.22639,49.12848],[2.22933,49.12923],[2.23154,49.1294],[2.23271,49.12958],[2.23353,49.12973],[2.23407,49.12997],[2.23505,49.13047],[2.23517,49.13002],[2.23572,49.12948],[2.23566,49.12942],[2.23571,49.1293],[2.2359,49.12919],[2.23691,49.12925],[2.23779,49.12934],[2.23891,49.12955],[2.23922,49.12964],[2.2395,49.12978],[2.23985,49.12984],[2.24016,49.12985],[2.2402,49.12945],[2.24073,49.1292],[2.24166,49.12949],[2.24196,49.12937],[2.24222,49.12943],[2.2427,49.12938],[2.24288,49.12945],[2.24324,49.12941],[2.24387,49.12911],[2.24404,49.12911],[2.24436,49.12927],[2.24476,49.12926],[2.24479,49.12914],[2.24507,49.12896],[2.2454,49.12898],[2.24582,49.12883],[2.24597,49.12862],[2.24632,49.1285],[2.24658,49.12846],[2.24691,49.12829],[2.24654,49.12763],[2.24805,49.12641],[2.24848,49.12621],[2.24885,49.1261],[2.24907,49.12609],[2.24989,49.12615],[2.25015,49.12611],[2.25035,49.12613],[2.25124,49.12603],[2.252,49.12625],[2.25213,49.12643],[2.25222,49.12647],[2.25241,49.1264],[2.25315,49.12624],[2.25393,49.12587],[2.25418,49.1258],[2.25434,49.12571],[2.25496,49.1258],[2.25506,49.12577],[2.25512,49.12567],[2.25516,49.12565],[2.25529,49.12567],[2.25579,49.12541],[2.2561,49.12538],[2.25635,49.12483],[2.25641,49.12481],[2.25662,49.12455],[2.25722,49.12441],[2.25801,49.12449],[2.25824,49.12454],[2.25913,49.12403],[2.25933,49.12401],[2.25985,49.12366],[2.26034,49.12362],[2.26086,49.12377],[2.2609,49.12399],[2.26116,49.12399],[2.26159,49.12423],[2.26235,49.12416],[2.26203,49.12341],[2.26178,49.12299],[2.26247,49.12232],[2.26374,49.12077],[2.26401,49.12035],[2.26314,49.12016],[2.26231,49.11902],[2.26178,49.11869],[2.26112,49.11783],[2.26105,49.1177],[2.26001,49.11671],[2.26089,49.11424],[2.25836,49.11378],[2.25838,49.11357],[2.25712,49.11346],[2.25581,49.11279],[2.25526,49.11125],[2.25522,49.11089],[2.25548,49.11033],[2.25594,49.10998],[2.25621,49.10927],[2.25631,49.1084],[2.25639,49.1081],[2.25648,49.10799],[2.2572,49.10749],[2.25737,49.10726],[2.25821,49.10641],[2.25849,49.1064],[2.25947,49.10622],[2.26086,49.10611],[2.26133,49.10587],[2.26217,49.10533],[2.26272,49.1047],[2.26301,49.10416],[2.26316,49.10369],[2.26313,49.10332],[2.26294,49.10302],[2.26043,49.10077],[2.26006,49.09895],[2.25862,49.09698],[2.25644,49.09518],[2.2558,49.09518],[2.2526,49.09247],[2.25063,49.09087],[2.25123,49.08624],[2.25132,49.08506],[2.24904,49.08586],[2.24817,49.08611],[2.24737,49.08625],[2.24693,49.08629],[2.24661,49.08628],[2.2457,49.08642],[2.24549,49.08633],[2.24407,49.08648],[2.24364,49.08663],[2.24115,49.08724],[2.24027,49.0874],[2.23699,49.08745],[2.23585,49.08755],[2.23558,49.08788],[2.23486,49.08855],[2.23465,49.08871],[2.23207,49.08798],[2.23114,49.08776],[2.22991,49.08775],[2.22839,49.08686],[2.22708,49.08656],[2.22513,49.08679],[2.2228,49.08747],[2.2207,49.08791],[2.22078,49.08821],[2.22036,49.08823],[2.21838,49.08849],[2.21774,49.08855],[2.21678,49.08871],[2.21418,49.08956],[2.21369,49.0888],[2.2137,49.08868],[2.21379,49.08856],[2.2143,49.08834],[2.21408,49.08791],[2.2137,49.08798],[2.21301,49.08623],[2.21292,49.0862],[2.2122,49.08617],[2.20922,49.08656],[2.20884,49.08676],[2.20753,49.08678],[2.20635,49.08708]]]}},
{"type":"Feature","properties":{"ID":"COMMUNE_0000000009734496","INSEE_COM":"95154","INSEE_ARR":"2","INSEE_COL":"95D","INSEE_DEP":"95","INSEE_REG":"11","NOM":"Chennevières-lès-Louvres","CL_DEPART":"Non","CL_REGION":"Non","SIREN_EPCI":"200055655","SIREN_SI":257701151,"NOM_SI":"SMAEP DE LA GÖELE"},"geometry":{"type":"Polygon","coordinates":[[[2.52803,49.03815],[2.52832,49.03939],[2.52786,49.03948],[2.52805,49.03994],[2.52839,49.03989],[2.52913,49.04303],[2.53034,49.0431],[2.5305,49.04373],[2.52937,49.04385],[2.53008,49.04521],[2.53046,49.04522],[2.53087,49.04595],[2.53327,49.04594],[2.53343,49.04705],[2.53472,49.04722],[2.53538,49.04912],[2.53553,49.04911],[2.53575,49.05049],[2.53586,49.05088],[2.53632,49.05116],[2.53795,49.05126],[2.53797,49.05072],[2.53974,49.05065],[2.53982,49.05074],[2.54021,49.05073],[2.54017,49.05038],[2.54122,49.05026],[2.54165,49.05095],[2.54503,49.05006],[2.5458,49.05134],[2.54657,49.0513],[2.54669,49.05159],[2.54736,49.05259],[2.54755,49.05259],[2.54797,49.05252],[2.54839,49.05329],[2.54995,49.05321],[2.55037,49.05271],[2.55116,49.05265],[2.55089,49.05159],[2.55199,49.05151],[2.55205,49.05095],[2.55336,49.05132],[2.55419,49.04995],[2.556,49.0503],[2.55607,49.05025],[2.55589,49.04955],[2.55637,49.0496],[2.55705,49.04888],[2.55813,49.04921],[2.55938,49.04834],[2.55975,49.04846],[2.56083,49.04793],[2.5612,49.04839],[2.56133,49.04849],[2.56216,49.04842],[2.56283,49.04705],[2.56548,49.04594],[2.56632,49.0467],[2.5661,49.04685],[2.56735,49.0474],[2.56825,49.04823],[2.56725,49.04881],[2.56997,49.04993],[2.5702,49.04888],[2.57081,49.04802],[2.56995,49.04669],[2.56958,49.04571],[2.56852,49.04555],[2.56919,49.04428],[2.568,49.04335],[2.5699,49.04214],[2.56919,49.04096],[2.56552,49.04199],[2.5633,49.04126],[2.56366,49.04082],[2.56448,49.04105],[2.56574,49.0399],[2.56429,49.03923],[2.5639,49.03947],[2.56107,49.03845],[2.56142,49.03767],[2.56105,49.03758],[2.56055,49.03816],[2.55837,49.03752],[2.55864,49.03704],[2.55692,49.03675],[2.55732,49.03508],[2.55581,49.03501],[2.55556,49.03548],[2.5531,49.03524],[2.55073,49.0352],[2.55006,49.03408],[2.55151,49.03401],[2.55154,49.03301],[2.55,49.03292],[2.54998,49.03306],[2.54731,49.0326],[2.54609,49.03402],[2.54881,49.03495],[2.54848,49.03532],[2.5456,49.03437],[2.54515,49.03521],[2.54754,49.03611],[2.54612,49.03701],[2.54501,49.03778],[2.54263,49.03761],[2.54268,49.03621],[2.54328,49.03461],[2.54068,49.03387],[2.53572,49.03296],[2.5338,49.03245],[2.53401,49.0321],[2.53436,49.03168],[2.53471,49.03136],[2.53496,49.03107],[2.53559,49.02937],[2.53358,49.02919],[2.53347,49.02986],[2.5333,49.03036],[2.53248,49.03168],[2.53202,49.03234],[2.532,49.03245],[2.53226,49.03469],[2.52991,49.03409],[2.52962,49.03399],[2.52952,49.03391],[2.5292,49.03253],[2.52881,49.03248],[2.5288,49.0318],[2.52827,49.03171],[2.52803,49.03028],[2.52605,49.03011],[2.52651,49.03241],[2.52735,49.03245],[2.52716,49.03487],[2.52803,49.03815]]]}},
{"type":"Feature","properties":{"ID":"COMMUNE_0000000009734565","INSEE_COM":"95157","INSEE_ARR":"3","INSEE_COL":"95D","INSEE_DEP":"95","INSEE_REG":"11","NOM":"Chérence","CL_DEPART":"Non","CL_REGION":"Non","SIREN_EPCI":"249500513","SIREN_SI":259501955,"NOM_SI":"S.I. DES EAUX DE VILLERS-EN-ARTHIES, CHAUSSY, CHERENCE"},"geometry":{"type":"Polygon","coordinates":[[[1.65295,49.0956],[1.65514,49.09473],[1.65806,49.09345],[1.65859,49.09488],[1.65871,49.096],[1.66111,49.09816],[1.66438,49.10098],[1.66451,49.10117],[1.66539,49.10195],[1.6766,49.10803],[1.67776,49.1078],[1.68002,49.10729],[1.68301,49.10678],[1.68388,49.1069],[1.68477,49.10721],[1.68512,49.10788],[1.68758,49.10736],[1.68954,49.10664],[1.6889,49.10521],[1.69088,49.10454],[1.69004,49.10387],[1.68983,49.10348],[1.68966,49.1033],[1.68975,49.10307],[1.68982,49.10244],[1.68992,49.10222],[1.68991,49.10199],[1.69012,49.10153],[1.69035,49.10142],[1.69095,49.10121],[1.69209,49.1007],[1.69265,49.1005],[1.69277,49.10073],[1.6938,49.09919],[1.69616,49.09821],[1.69501,49.09612],[1.69668,49.09572],[1.69703,49.09614],[1.69875,49.0957],[1.69921,49.09562],[1.70129,49.09583],[1.70068,49.09495],[1.69929,49.09277],[1.70063,49.09226],[1.70094,49.09207],[1.70095,49.092],[1.70323,49.09129],[1.70395,49.09227],[1.70593,49.09335],[1.7076,49.09375],[1.70594,49.08945],[1.7059,49.08827],[1.70501,49.08826],[1.70544,49.08747],[1.70555,49.08689],[1.70568,49.08659],[1.70596,49.08618],[1.70605,49.08621],[1.70597,49.08578],[1.70548,49.08428],[1.70542,49.08388],[1.70541,49.08303],[1.70538,49.08277],[1.70514,49.08211],[1.7051,49.08183],[1.70339,49.07902],[1.70319,49.07906],[1.70261,49.07896],[1.70169,49.07843],[1.70004,49.07708],[1.69957,49.07711],[1.6991,49.07671],[1.69944,49.07652],[1.69775,49.07556],[1.69725,49.07544],[1.69635,49.07674],[1.69597,49.07691],[1.69398,49.07503],[1.69359,49.07473],[1.69295,49.07432],[1.69285,49.07448],[1.69268,49.07463],[1.69213,49.07507],[1.69114,49.07569],[1.69048,49.07605],[1.68996,49.07626],[1.68954,49.0765],[1.68802,49.07726],[1.68706,49.07765],[1.68635,49.07785],[1.68464,49.07857],[1.68234,49.07938],[1.68133,49.07968],[1.68084,49.07989],[1.67909,49.08066],[1.67702,49.08189],[1.67647,49.08191],[1.67562,49.08209],[1.67462,49.08236],[1.67311,49.08288],[1.67231,49.0831],[1.67197,49.08324],[1.67057,49.08358],[1.67028,49.08369],[1.66965,49.08414],[1.66923,49.08439],[1.66885,49.08441],[1.66835,49.08462],[1.66794,49.08467],[1.66752,49.0848],[1.66681,49.08514],[1.66631,49.08545],[1.66583,49.08564],[1.66469,49.08589],[1.6641,49.08598],[1.66312,49.08602],[1.66265,49.08597],[1.66199,49.08595],[1.66031,49.08636],[1.65993,49.08638],[1.65933,49.08633],[1.6591,49.08643],[1.65822,49.08663],[1.65798,49.08666],[1.65776,49.08664],[1.6572,49.08681],[1.65645,49.08693],[1.6564,49.08697],[1.65645,49.0872],[1.65345,49.08715],[1.65293,49.08708],[1.65208,49.0868],[1.6516,49.08731],[1.65082,49.08799],[1.64848,49.09035],[1.64994,49.09112],[1.65072,49.09147],[1.65151,49.09201],[1.65226,49.09245],[1.65266,49.0926],[1.65304,49.09267],[1.65295,49.0956]]]}},
{"type":"Feature","properties":{"ID":"COMMUNE_0000000009735027","INSEE_COM":"95199","INSEE_ARR":"2","INSEE_COL":"95D","INSEE_DEP":"95","INSEE_REG":"11","NOM":"Domont","CL_DEPART":"Non","CL_REGION":"Non","SIREN_EPCI":"200056380","SIREN_SI":257500017,"NOM_SI":"S.E.D.I.F."},"geometry":{"type":"Polygon","coordinates":[[[2.29566,49.02722],[2.29697,49.02788],[2.29734,49.02853],[2.29732,49.02859],[2.2946,49.02997],[2.29399,49.03023],[2.29388,49.03032],[2.29369,49.03041],[2.29416,49.03085],[2.29501,49.0315],[2.29514,49.03168],[2.29556,49.032],[2.29577,49.03209],[2.29731,49.0324],[2.29821,49.03311],[2.29837,49.03411],[2.2992,49.03511],[2.30097,49.03404],[2.30113,49.03426],[2.30115,49.03474],[2.30128,49.03515],[2.30153,49.03647],[2.30151,49.03684],[2.30571,49.03725],[2.30612,49.0382],[2.30692,49.03878],[2.30725,49.0385],[2.30761,49.03829],[2.30836,49.03859],[2.31027,49.03998],[2.31107,49.03882],[2.31226,49.03743],[2.31253,49.03764],[2.31703,49.04048],[2.31768,49.04077],[2.31898,49.04121],[2.31939,49.04147],[2.32107,49.04287],[2.32134,49.04303],[2.32179,49.04354],[2.32277,49.04399],[2.3244,49.04459],[2.32482,49.04413],[2.32748,49.04501],[2.32772,49.04466],[2.32911,49.04528],[2.33041,49.04647],[2.33083,49.04672],[2.33143,49.04716],[2.33489,49.04524],[2.33423,49.04477],[2.33487,49.04438],[2.33546,49.04478],[2.33578,49.04494],[2.33724,49.0458],[2.33722,49.04549],[2.33728,49.04514],[2.33747,49.04486],[2.33932,49.04076],[2.34203,49.03394],[2.3426,49.03403],[2.34326,49.03407],[2.34474,49.03369],[2.34515,49.03372],[2.34594,49.03387],[2.34565,49.03288],[2.34644,49.0326],[2.34666,49.03334],[2.3482,49.03265],[2.34923,49.03215],[2.35166,49.03061],[2.35275,49.02969],[2.35306,49.0294],[2.35372,49.02819],[2.35489,49.02678],[2.3547,49.0266],[2.35269,49.02593],[2.3507,49.02539],[2.35045,49.02542],[2.34983,49.0253],[2.3487,49.02498],[2.34602,49.02431],[2.34617,49.02399],[2.34589,49.02393],[2.34536,49.02372],[2.34528,49.02352],[2.34479,49.02347],[2.34443,49.02335],[2.34414,49.02334],[2.34393,49.02338],[2.34245,49.02337],[2.34204,49.02329],[2.34079,49.02295],[2.34017,49.02282],[2.33835,49.02263],[2.3364,49.02259],[2.3362,49.02262],[2.33493,49.02262],[2.33449,49.02249],[2.33387,49.02203],[2.33254,49.02177],[2.33163,49.02224],[2.33008,49.02144],[2.32938,49.02162],[2.32908,49.02134],[2.32891,49.02125],[2.3281,49.02091],[2.32766,49.02069],[2.32709,49.02022],[2.32622,49.01933],[2.32591,49.01908],[2.32385,49.02022],[2.3231,49.01838],[2.32187,49.01725],[2.32173,49.01703],[2.32139,49.01682],[2.32011,49.01629],[2.32074,49.01533],[2.32138,49.01398],[2.32135,49.0138],[2.32143,49.01326],[2.32135,49.01276],[2.32173,49.01289],[2.32212,49.0123],[2.32192,49.01064],[2.32016,49.01083],[2.32005,49.01097],[2.31988,49.01108],[2.31912,49.01148],[2.31868,49.0118],[2.31581,49.0111],[2.31546,49.01332],[2.31543,49.01363],[2.31549,49.01379],[2.31509,49.01409],[2.31495,49.01427],[2.31443,49.01473],[2.31399,49.01481],[2.31274,49.01482],[2.31274,49.01582],[2.31284,49.01618],[2.31309,49.0166],[2.31282,49.01665],[2.31254,49.01675],[2.3102,49.01788],[2.30931,49.01826],[2.30819,49.01885],[2.30698,49.01941],[2.30413,49.02079],[2.30421,49.02276],[2.30507,49.02305],[2.30504,49.02312],[2.30592,49.0234],[2.30576,49.02361],[2.30575,49.02379],[2.30508,49.02393],[2.30453,49.024],[2.30265,49.02408],[2.3026,49.02401],[2.30145,49.02409],[2.29566,49.02722]]]}},
{"type":"Feature","properties":{"ID":"COMMUNE_0000000009734521","INSEE_COM":"95430","INSEE_ARR":"2","INSEE_COL":"95D","INSEE_DEP":"95","INSEE_REG":"11","NOM":"Montsoult","CL_DEPART":"Non","CL_REGION":"Non","SIREN_EPCI":"200073013","SIREN_SI":259500494,"NOM_SI":"S.I. D'ALIMENTATION EN EAU POTABLE DE LA REGION DE MONTSOULT"},"geometry":{"type":"Polygon","coordinates":[[[2.27391,49.07659],[2.27472,49.07702],[2.27533,49.07671],[2.2756,49.0766],[2.27706,49.07579],[2.27808,49.07549],[2.27844,49.07544],[2.27865,49.07538],[2.27891,49.07445],[2.27995,49.07401],[2.28032,49.07375],[2.28114,49.07485],[2.28239,49.07676],[2.28251,49.07688],[2.28371,49.0786],[2.28427,49.0783],[2.28472,49.07854],[2.28506,49.07747],[2.28577,49.07704],[2.28643,49.07724],[2.28709,49.07692],[2.28846,49.07687],[2.28852,49.07704],[2.28874,49.07709],[2.2894,49.07672],[2.28972,49.0766],[2.29124,49.07961],[2.29649,49.07736],[2.29631,49.07879],[2.2964,49.07894],[2.29655,49.07906],[2.2989,49.07552],[2.30078,49.07502],[2.30101,49.07425],[2.30238,49.07358],[2.305,49.07237],[2.30783,49.07279],[2.30826,49.07224],[2.30827,49.07216],[2.30822,49.07212],[2.30792,49.07197],[2.30791,49.07192],[2.30804,49.07183],[2.30864,49.07214],[2.30918,49.07251],[2.31003,49.07248],[2.30966,49.07295],[2.30956,49.07352],[2.31108,49.07354],[2.31127,49.0735],[2.31205,49.07293],[2.31401,49.07341],[2.31404,49.07322],[2.3149,49.07342],[2.31537,49.07216],[2.31666,49.0723],[2.31927,49.07252],[2.32326,49.073],[2.32331,49.07296],[2.32407,49.07307],[2.3243,49.07278],[2.32491,49.07307],[2.32497,49.07301],[2.32508,49.07306],[2.32436,49.0745],[2.3254,49.07469],[2.32539,49.07551],[2.32961,49.07638],[2.33036,49.07442],[2.33168,49.07478],[2.3324,49.07492],[2.33266,49.07504],[2.33453,49.07549],[2.33496,49.07393],[2.33542,49.07204],[2.33411,49.07145],[2.33558,49.07141],[2.33441,49.06865],[2.33373,49.06745],[2.33113,49.06823],[2.33148,49.06661],[2.3288,49.06637],[2.32944,49.06519],[2.33008,49.06364],[2.3202,49.06543],[2.32018,49.06555],[2.31873,49.06586],[2.31815,49.06603],[2.31772,49.0662],[2.3173,49.06641],[2.31554,49.06754],[2.31463,49.06737],[2.31415,49.06724],[2.3129,49.06671],[2.31139,49.06588],[2.31096,49.06573],[2.31038,49.06561],[2.30954,49.06537],[2.30944,49.06527],[2.30937,49.06509],[2.30306,49.06557],[2.30242,49.06558],[2.30038,49.06553],[2.30021,49.06551],[2.3001,49.06546],[2.30003,49.06602],[2.29993,49.06618],[2.29961,49.06629],[2.29862,49.0665],[2.29862,49.06682],[2.29859,49.06683],[2.2985,49.06735],[2.2917,49.06985],[2.29096,49.07039],[2.29027,49.06978],[2.2891,49.07038],[2.2888,49.07065],[2.28815,49.07166],[2.28804,49.07169],[2.28794,49.07181],[2.28725,49.07233],[2.28711,49.0724],[2.28695,49.07243],[2.28568,49.07239],[2.2847,49.07245],[2.28432,49.07226],[2.28422,49.07209],[2.28387,49.07179],[2.28386,49.07173],[2.28364,49.07159],[2.28332,49.07151],[2.28312,49.0715],[2.28232,49.07158],[2.28198,49.07153],[2.28138,49.07126],[2.28062,49.07081],[2.28041,49.07074],[2.28019,49.07071],[2.27987,49.07074],[2.27953,49.07084],[2.27929,49.07116],[2.27829,49.07169],[2.27611,49.07212],[2.27601,49.072],[2.27518,49.06991],[2.27443,49.06873],[2.27179,49.06925],[2.27096,49.06983],[2.27025,49.07044],[2.26985,49.07093],[2.26939,49.07301],[2.26971,49.07433],[2.26985,49.07474],[2.27003,49.07508],[2.2708,49.07541],[2.27148,49.0756],[2.272,49.07583],[2.27291,49.07601],[2.27316,49.07616],[2.27337,49.07644],[2.27362,49.07655],[2.27391,49.07659]]]}},
{"type":"Feature","properties":{"ID":"COMMUNE_0000000009734532","INSEE_COM":"95572","INSEE_ARR":"3","INSEE_COL":"95D","INSEE_DEP":"95","INSEE_REG":"11","NOM":"Saint-Ouen-l'Aumône","CL_DEPART":"Non","CL_REGION":"Non","SIREN_EPCI":"249500109","SIREN_SI":249500109,"NOM_SI":"COMMUNAUTE D'AGGLOMERATION DE CERGY-PONTOISE"},"geometry":{"type":"Polygon","coordinates":[[[2.12864,49.02287],[2.12796,49.02357],[2.12734,49.02405],[2.12563,49.02569],[2.12239,49.02934],[2.11912,49.02693],[2.11608,49.02461],[2.11612,49.02395],[2.11606,49.02316],[2.11378,49.02547],[2.11033,49.02752],[2.10907,49.02831],[2.10887,49.02841],[2.10865,49.02845],[2.10836,49.02842],[2.10764,49.02884],[2.10728,49.029],[2.10714,49.03012],[2.10728,49.03039],[2.10723,49.03061],[2.10443,49.03174],[2.10372,49.03325],[2.10063,49.03443],[2.0977,49.03562],[2.09655,49.03583],[2.09608,49.03589],[2.09557,49.03603],[2.09645,49.03749],[2.09664,49.03772],[2.09732,49.03836],[2.09769,49.03889],[2.09814,49.0394],[2.0983,49.03967],[2.09841,49.04118],[2.09835,49.04158],[2.09835,49.04211],[2.09842,49.04269],[2.09864,49.04313],[2.10077,49.04642],[2.10294,49.04774],[2.10353,49.04881],[2.10736,49.05043],[2.10859,49.05105],[2.10929,49.05144],[2.10987,49.05182],[2.11,49.05193],[2.11045,49.05257],[2.11066,49.05276],[2.11136,49.05325],[2.11356,49.05468],[2.11513,49.05586],[2.11647,49.05703],[2.1177,49.0584],[2.118,49.05867],[2.11969,49.06008],[2.12012,49.06037],[2.12249,49.06174],[2.12312,49.06204],[2.12521,49.06315],[2.12701,49.064],[2.12868,49.06466],[2.12921,49.0649],[2.12998,49.06538],[2.13106,49.06612],[2.13159,49.06637],[2.13217,49.06659],[2.13289,49.0668],[2.134,49.06703],[2.1347,49.0671],[2.13593,49.06712],[2.13637,49.06708],[2.13697,49.06699],[2.13872,49.06661],[2.13925,49.06653],[2.14038,49.06643],[2.14157,49.06646],[2.14163,49.06627],[2.14176,49.06615],[2.14187,49.0661],[2.14213,49.06607],[2.14252,49.06604],[2.14766,49.06598],[2.14851,49.0659],[2.14896,49.06581],[2.14928,49.06573],[2.14915,49.06518],[2.14896,49.06476],[2.14878,49.06463],[2.14755,49.06402],[2.14707,49.06373],[2.14539,49.0626],[2.1453,49.06248],[2.14518,49.06214],[2.14621,49.06197],[2.14679,49.06196],[2.14757,49.06206],[2.14788,49.06156],[2.14838,49.06166],[2.14861,49.06116],[2.15002,49.06145],[2.15049,49.0616],[2.15085,49.06133],[2.15108,49.06124],[2.15263,49.05701],[2.15337,49.05191],[2.15149,49.05163],[2.15155,49.05014],[2.15044,49.04994],[2.15045,49.04986],[2.14931,49.04983],[2.14939,49.04877],[2.14946,49.04852],[2.14985,49.04852],[2.15033,49.04753],[2.15078,49.04697],[2.15079,49.04684],[2.15108,49.0469],[2.1517,49.04579],[2.15211,49.04593],[2.15294,49.04453],[2.15436,49.04394],[2.15634,49.04322],[2.16307,49.04066],[2.16208,49.04003],[2.1616,49.0398],[2.157,49.03697],[2.15651,49.03661],[2.15565,49.03622],[2.15174,49.03377],[2.14924,49.03247],[2.14075,49.02908],[2.13981,49.02875],[2.13971,49.02867],[2.13797,49.02796],[2.13556,49.02702],[2.12864,49.02287]]]}},
{"type":"Feature","properties":{"ID":"COMMUNE_0000000009734548","INSEE_COM":"95002","INSEE_ARR":"3","INSEE_COL":"95D","INSEE_DEP":"95","INSEE_REG":"11","NOM":"Ableiges","CL_DEPART":"Non","CL_REGION":"Non","SIREN_EPCI":"200035970","SIREN_SI":259501278,"NOM_SI":"SYNDICAT INTERCOMMUNAL DES EAUX DE LA VIOSNE, DE L’AUBETTE ET DE LA MONTCIENT (SIEVAM)"},"geometry":{"type":"Polygon","coordinates":[[[1.98909,49.10935],[1.98992,49.10877],[1.99136,49.1082],[1.99038,49.10714],[1.98999,49.10659],[1.99288,49.10555],[1.99228,49.10471],[1.99182,49.10416],[1.99069,49.10303],[1.99145,49.1027],[1.99202,49.10316],[1.99407,49.10276],[1.99336,49.10136],[1.99304,49.10028],[1.99331,49.0999],[1.99364,49.0991],[1.99374,49.09901],[1.99326,49.09871],[1.99189,49.09805],[1.99231,49.09624],[1.9925,49.0952],[1.99257,49.09515],[1.99265,49.09489],[1.99275,49.09479],[1.99332,49.09447],[1.99354,49.09428],[1.99358,49.09402],[1.99354,49.09366],[1.99273,49.09314],[1.99231,49.09282],[1.99233,49.09279],[1.99196,49.0923],[1.99171,49.0917],[1.9917,49.09133],[1.99177,49.09104],[1.99187,49.09087],[1.9921,49.09065],[1.99308,49.08988],[1.99315,49.08981],[1.99319,49.08966],[1.99256,49.0889],[1.9921,49.08822],[1.99199,49.0879],[1.99205,49.08749],[1.992,49.08734],[1.99245,49.08725],[1.99248,49.08777],[1.99332,49.08884],[1.994,49.0886],[1.99311,49.08698],[1.99075,49.08508],[1.99062,49.08494],[1.99114,49.08479],[1.99143,49.08511],[1.99236,49.08515],[1.99243,49.08527],[1.99255,49.08526],[1.99286,49.08515],[1.99356,49.08499],[1.99369,49.08474],[1.99394,49.08447],[1.99408,49.08437],[1.9943,49.0843],[1.99447,49.08419],[1.99454,49.08408],[1.99473,49.08394],[1.99422,49.08348],[1.99402,49.08335],[1.99435,49.08313],[1.99446,49.08313],[1.99486,49.08264],[1.99482,49.08258],[1.9947,49.08253],[1.99418,49.08252],[1.99318,49.08147],[1.99289,49.08122],[1.99199,49.0806],[1.99023,49.07968],[1.98943,49.07932],[1.98798,49.07854],[1.98701,49.07792],[1.98651,49.07812],[1.98593,49.07822],[1.98529,49.07792],[1.98562,49.07768],[1.97523,49.07335],[1.97645,49.07258],[1.97843,49.07141],[1.97709,49.07087],[1.97939,49.06993],[1.97747,49.06788],[1.97665,49.06808],[1.97589,49.0671],[1.97514,49.06602],[1.97193,49.06692],[1.97139,49.06637],[1.97015,49.06531],[1.96975,49.06614],[1.96932,49.06573],[1.96997,49.06546],[1.97008,49.06524],[1.96845,49.06591],[1.96764,49.06631],[1.96683,49.06548],[1.96627,49.06552],[1.96592,49.06562],[1.96627,49.06611],[1.9645,49.06667],[1.9622,49.06751],[1.96387,49.0696],[1.96465,49.07074],[1.96514,49.07127],[1.96391,49.07144],[1.96069,49.07151],[1.95999,49.07157],[1.9591,49.07169],[1.96104,49.07328],[1.95544,49.07564],[1.95647,49.07642],[1.953,49.07832],[1.9539,49.07908],[1.95335,49.07969],[1.95249,49.08079],[1.95229,49.08111],[1.95204,49.08139],[1.95506,49.083],[1.95339,49.08431],[1.95327,49.08452],[1.9512,49.08577],[1.95385,49.08694],[1.9546,49.08655],[1.95605,49.08759],[1.95645,49.08807],[1.95653,49.08841],[1.9568,49.08862],[1.95678,49.08913],[1.95711,49.08981],[1.95746,49.09028],[1.95759,49.09054],[1.95757,49.09062],[1.95887,49.09247],[1.95912,49.09231],[1.96029,49.09268],[1.96111,49.09307],[1.96184,49.09332],[1.9618,49.09356],[1.96638,49.0934],[1.96631,49.09374],[1.9661,49.09425],[1.96775,49.09449],[1.96891,49.09425],[1.96926,49.09427],[1.96938,49.09432],[1.97016,49.09412],[1.97248,49.09425],[1.97222,49.09446],[1.97249,49.0946],[1.97253,49.09498],[1.97251,49.09516],[1.97217,49.09583],[1.97249,49.09591],[1.97333,49.09643],[1.97357,49.09622],[1.97364,49.09618],[1.9737,49.09619],[1.97377,49.09634],[1.97373,49.09677],[1.97419,49.09837],[1.97462,49.09846],[1.97467,49.09812],[1.97469,49.09699],[1.97721,49.09719],[1.97761,49.0973],[1.97825,49.09755],[1.97871,49.0978],[1.97912,49.09811],[1.97949,49.0986],[1.97921,49.09978],[1.97863,49.10099],[1.97857,49.10128],[1.97861,49.10154],[1.97881,49.10187],[1.97905,49.10191],[1.9844,49.10401],[1.98462,49.10412],[1.98794,49.10709],[1.98802,49.10731],[1.98799,49.10747],[1.98789,49.10762],[1.98721,49.10827],[1.98875,49.10907],[1.98891,49.10926],[1.98909,49.10935]]]}},
{"type":"Feature","properties":{"ID":"COMMUNE_0000000009735019","INSEE_COM":"95680","INSEE_ARR":"2","INSEE_COL":"95D","INSEE_DEP":"95","INSEE_REG":"11","NOM":"Villiers-le-Bel","CL_DEPART":"Non","CL_REGION":"Non","SIREN_EPCI":"200055655","SIREN_SI":257500017,"NOM_SI":"S.E.D.I.F."},"geometry":{"type":"Polygon","coordinates":[[[2.40978,49.02415],[2.41076,49.02412],[2.41054,49.02393],[2.41223,49.0231],[2.41216,49.02282],[2.41262,49.02273],[2.41316,49.02257],[2.41318,49.02251],[2.41307,49.02233],[2.41575,49.02104],[2.41593,49.02117],[2.41592,49.02074],[2.41605,49.02076],[2.4163,49.02072],[2.41793,49.0202],[2.41829,49.01971],[2.42018,49.01934],[2.42294,49.01888],[2.4218,49.01687],[2.42136,49.01591],[2.42349,49.01504],[2.42316,49.01448],[2.42491,49.01409],[2.42413,49.013],[2.42825,49.01212],[2.42394,49.00929],[2.42073,49.00562],[2.42041,49.00532],[2.42048,49.00292],[2.41895,49.00302],[2.41884,49.00172],[2.4193,49.00158],[2.4191,48.99941],[2.41724,48.99971],[2.4166,48.99976],[2.41642,48.99816],[2.41448,48.99804],[2.41505,48.99649],[2.41558,48.99523],[2.41403,48.99516],[2.4138,48.99377],[2.41195,48.99381],[2.41187,48.99359],[2.41105,48.99367],[2.41005,48.99384],[2.40987,48.99354],[2.40931,48.99366],[2.40818,48.99189],[2.40615,48.9929],[2.40604,48.99279],[2.40464,48.99345],[2.40269,48.99431],[2.40235,48.99372],[2.39887,48.995],[2.39788,48.99529],[2.39679,48.99568],[2.39706,48.996],[2.39397,48.99713],[2.39364,48.99728],[2.39399,48.99776],[2.39414,48.99787],[2.3942,48.99798],[2.39311,48.99819],[2.39162,48.99854],[2.39166,48.99866],[2.38976,48.99911],[2.38977,48.99913],[2.38821,48.99949],[2.38825,48.99959],[2.38633,49.00038],[2.38647,49.00051],[2.38437,49.00138],[2.38304,49.00184],[2.38308,49.00189],[2.38172,49.00241],[2.38187,49.0026],[2.38183,49.00262],[2.38253,49.00354],[2.38259,49.00367],[2.38207,49.00387],[2.38193,49.00391],[2.38191,49.00387],[2.3814,49.00404],[2.38057,49.00435],[2.38086,49.00465],[2.38047,49.00472],[2.38122,49.00547],[2.38062,49.00576],[2.38078,49.00587],[2.37885,49.00687],[2.37891,49.00731],[2.37888,49.0074],[2.37904,49.0079],[2.37902,49.00845],[2.37906,49.00873],[2.37929,49.00918],[2.37984,49.00997],[2.37941,49.01009],[2.37946,49.01067],[2.3794,49.01108],[2.37944,49.01174],[2.37937,49.01186],[2.37958,49.01297],[2.37985,49.01336],[2.37986,49.01373],[2.38104,49.01421],[2.38109,49.0143],[2.382,49.01436],[2.38204,49.01426],[2.3828,49.01412],[2.38287,49.01389],[2.38282,49.01372],[2.38498,49.01339],[2.38522,49.01412],[2.38726,49.01402],[2.38841,49.0141],[2.38994,49.01416],[2.39054,49.01416],[2.39095,49.0141],[2.39219,49.01405],[2.39331,49.01415],[2.3931,49.01434],[2.3931,49.01466],[2.39314,49.0149],[2.39327,49.0152],[2.39333,49.01524],[2.39338,49.01547],[2.39442,49.01656],[2.3963,49.01621],[2.39683,49.01675],[2.39744,49.0172],[2.39865,49.01787],[2.3999,49.01876],[2.40183,49.01996],[2.40334,49.02075],[2.40437,49.02117],[2.40536,49.02166],[2.40677,49.02259],[2.40786,49.02316],[2.40885,49.02356],[2.40908,49.02378],[2.4093,49.02391],[2.40978,49.02415]]]}},
{"type":"Feature","properties":{"ID":"COMMUNE_0000000009734507","INSEE_COM":"95351","INSEE_ARR":"2","INSEE_COL":"95D","INSEE_DEP":"95","INSEE_REG":"11","NOM":"Louvres","CL_DEPART":"Non","CL_REGION":"Non","SIREN_EPCI":"200055655","SIREN_SI":200091940,"NOM_SI":"SMAEP DAMONA"},"geometry":{"type":"Polygon","coordinates":[[[2.52651,49.03241],[2.52555,49.02758],[2.52534,49.02691],[2.5238,49.02699],[2.51867,49.02735],[2.50968,49.02872],[2.50981,49.02844],[2.50895,49.02649],[2.50726,49.02675],[2.50632,49.02485],[2.50262,49.02561],[2.50269,49.02577],[2.50003,49.02643],[2.4985,49.02404],[2.49363,49.02483],[2.49402,49.02646],[2.49236,49.02636],[2.49236,49.0262],[2.49231,49.02617],[2.49108,49.02603],[2.48977,49.02582],[2.48802,49.02564],[2.48734,49.02563],[2.48658,49.02565],[2.48543,49.02577],[2.48543,49.02597],[2.48538,49.02619],[2.48503,49.02621],[2.48497,49.02637],[2.48536,49.0266],[2.4858,49.02711],[2.48602,49.0275],[2.48561,49.02762],[2.48546,49.02759],[2.48489,49.0274],[2.4839,49.02773],[2.48422,49.02815],[2.48457,49.02847],[2.48473,49.02883],[2.48461,49.02924],[2.48463,49.02953],[2.4852,49.03049],[2.48482,49.03071],[2.48509,49.03121],[2.48509,49.03136],[2.48486,49.03164],[2.48434,49.03197],[2.4824,49.03261],[2.48131,49.03306],[2.48159,49.03322],[2.48013,49.03408],[2.47956,49.03466],[2.48073,49.03527],[2.47957,49.03648],[2.47982,49.03685],[2.47936,49.03703],[2.47957,49.03761],[2.47975,49.03794],[2.4788,49.03858],[2.47881,49.03866],[2.47775,49.03926],[2.47707,49.03974],[2.47682,49.03994],[2.47607,49.04083],[2.47573,49.04066],[2.47539,49.04111],[2.47523,49.04126],[2.47461,49.04093],[2.4742,49.04136],[2.474,49.04163],[2.47413,49.04169],[2.47428,49.04188],[2.47412,49.04222],[2.47522,49.0436],[2.47861,49.04531],[2.48216,49.05061],[2.48234,49.05056],[2.48232,49.05225],[2.48215,49.05228],[2.48188,49.05404],[2.48865,49.05338],[2.4899,49.05171],[2.49015,49.0517],[2.49212,49.0512],[2.49261,49.05224],[2.49348,49.05322],[2.49373,49.05362],[2.49379,49.05385],[2.49483,49.05376],[2.49512,49.05379],[2.49558,49.05391],[2.49622,49.054],[2.49739,49.05408],[2.49902,49.05454],[2.49895,49.05478],[2.49953,49.05501],[2.49961,49.05494],[2.50107,49.05592],[2.50416,49.0578],[2.50392,49.05819],[2.50389,49.0583],[2.50387,49.05952],[2.5056,49.05966],[2.50565,49.06074],[2.50665,49.06075],[2.50675,49.0622],[2.50704,49.06466],[2.50866,49.06484],[2.51007,49.06465],[2.51286,49.06441],[2.5148,49.06417],[2.51729,49.06392],[2.51814,49.06381],[2.51923,49.06362],[2.51989,49.06343],[2.52013,49.0634],[2.52298,49.06269],[2.51527,49.05278],[2.51653,49.05185],[2.51831,49.05163],[2.52552,49.05051],[2.52729,49.05028],[2.52658,49.04926],[2.52724,49.04912],[2.52711,49.04887],[2.52763,49.04876],[2.52779,49.049],[2.52823,49.0489],[2.52801,49.04778],[2.52796,49.04714],[2.52797,49.04673],[2.52804,49.04661],[2.52798,49.0458],[2.52793,49.04569],[2.52723,49.04471],[2.52692,49.04407],[2.52678,49.04284],[2.52691,49.04192],[2.52709,49.04182],[2.52611,49.03861],[2.5266,49.03862],[2.52699,49.03856],[2.52803,49.03815],[2.52716,49.03487],[2.52735,49.03245],[2.52651,49.03241]]]}},
{"type":"Feature","properties":{"ID":"COMMUNE_0000000009733974","INSEE_COM":"60494","INSEE_ARR":"4","INSEE_COL":"60D","INSEE_DEP":"60","INSEE_REG":"32","NOM":"Plailly","CL_DEPART":"Non","CL_REGION":"Non","SIREN_EPCI":"246000764","SIREN_SI":259500577,"NOM_SI":"S.I. D'EXPLOITATION DES CHAMPS CAPTANTS D'ASNIERES-SUR-OISE (S.I.E.C.C.A.O.)"},"geometry":{"type":"Polygon","coordinates":[[[2.5903,49.0799],[2.59036,49.08003],[2.59025,49.08004],[2.58661,49.07983],[2.58641,49.08055],[2.58467,49.08037],[2.5847,49.07994],[2.58356,49.07983],[2.58336,49.08075],[2.58298,49.08066],[2.58269,49.08245],[2.58174,49.08309],[2.58066,49.08352],[2.58047,49.08372],[2.58022,49.08383],[2.5789,49.08425],[2.57903,49.08436],[2.5789,49.0844],[2.57922,49.08494],[2.5793,49.08569],[2.58008,49.08632],[2.58043,49.0867],[2.58018,49.08677],[2.57981,49.08679],[2.57774,49.08782],[2.58014,49.08984],[2.58035,49.08966],[2.58135,49.08933],[2.58139,49.08926],[2.58216,49.08895],[2.58288,49.08872],[2.58346,49.0886],[2.58221,49.08778],[2.58251,49.08742],[2.58129,49.08677],[2.58224,49.08612],[2.58411,49.08518],[2.58462,49.08479],[2.58466,49.08478],[2.58527,49.08504],[2.58662,49.08637],[2.58775,49.08705],[2.58783,49.08704],[2.5879,49.08822],[2.58788,49.08831],[2.58697,49.08982],[2.5871,49.08986],[2.58673,49.09036],[2.58821,49.09095],[2.58875,49.09146],[2.58964,49.09183],[2.58923,49.09212],[2.58855,49.0923],[2.58859,49.09252],[2.58825,49.09274],[2.5884,49.09292],[2.58755,49.0935],[2.58794,49.09384],[2.58883,49.09473],[2.58796,49.09548],[2.58715,49.09498],[2.587,49.09492],[2.58677,49.09471],[2.58662,49.09479],[2.58563,49.09395],[2.58544,49.09426],[2.58562,49.09431],[2.58514,49.09446],[2.58456,49.09405],[2.58425,49.09403],[2.58379,49.09407],[2.58341,49.09433],[2.58351,49.09438],[2.58336,49.09455],[2.58323,49.09489],[2.58327,49.0949],[2.58317,49.09506],[2.5826,49.09473],[2.58206,49.09537],[2.58188,49.09531],[2.58147,49.09644],[2.58127,49.0966],[2.5809,49.09699],[2.58098,49.0971],[2.58047,49.09731],[2.57974,49.09776],[2.57923,49.0977],[2.57908,49.09746],[2.57807,49.09673],[2.57762,49.09713],[2.57698,49.09636],[2.57592,49.09535],[2.57548,49.09431],[2.57437,49.09446],[2.57396,49.09373],[2.57325,49.09408],[2.57334,49.09434],[2.5731,49.09444],[2.57293,49.09428],[2.57272,49.09443],[2.57102,49.09513],[2.57044,49.09457],[2.56959,49.09494],[2.56925,49.09465],[2.56897,49.09432],[2.5679,49.09476],[2.56702,49.09409],[2.56522,49.09486],[2.56426,49.0963],[2.56342,49.09714],[2.56235,49.09778],[2.56089,49.09699],[2.56034,49.09736],[2.56038,49.09741],[2.55991,49.09777],[2.55959,49.09754],[2.55793,49.09872],[2.5585,49.09915],[2.55788,49.09975],[2.55753,49.10023],[2.5581,49.10035],[2.5576,49.10097],[2.55882,49.10148],[2.55878,49.10155],[2.55909,49.102],[2.55767,49.10226],[2.55794,49.10285],[2.55793,49.10428],[2.55753,49.1054],[2.55719,49.1059],[2.55678,49.10686],[2.55693,49.10688],[2.55595,49.10938],[2.55547,49.10905],[2.55343,49.11053],[2.55292,49.11107],[2.55232,49.11194],[2.55175,49.11243],[2.5524,49.11408],[2.55295,49.11398],[2.55501,49.11673],[2.55594,49.11765],[2.55545,49.11781],[2.55602,49.11856],[2.55622,49.11904],[2.557,49.12185],[2.557,49.12343],[2.55694,49.12373],[2.55635,49.12396],[2.55332,49.12456],[2.55155,49.1233],[2.54991,49.12255],[2.54877,49.12147],[2.54768,49.12035],[2.54769,49.1188],[2.54744,49.11785],[2.54711,49.11702],[2.54713,49.11638],[2.54536,49.11638],[2.54391,49.11646],[2.54161,49.11664],[2.53956,49.11644],[2.5393,49.11756],[2.53773,49.11768],[2.53773,49.1178],[2.53911,49.11934],[2.5412,49.11928],[2.54241,49.1193],[2.54398,49.1201],[2.54406,49.12127],[2.54207,49.12225],[2.54375,49.12282],[2.55245,49.12602],[2.55299,49.1269],[2.55306,49.12694],[2.55584,49.13111],[2.56205,49.14029],[2.56644,49.14027],[2.5681,49.14031],[2.56848,49.14019],[2.56924,49.14036],[2.56984,49.14045],[2.57136,49.14055],[2.57775,49.14114],[2.57811,49.14118],[2.57823,49.14123],[2.57971,49.14139],[2.57986,49.14146],[2.58007,49.14148],[2.58027,49.14156],[2.58093,49.14154],[2.58136,49.1416],[2.58193,49.1415],[2.58282,49.14158],[2.58289,49.14147],[2.5828,49.14128],[2.58286,49.14127],[2.58478,49.14167],[2.58555,49.14041],[2.58577,49.14025],[2.58603,49.14018],[2.58748,49.13895],[2.58831,49.13809],[2.58757,49.13775],[2.58769,49.13732],[2.58784,49.13694],[2.58757,49.13687],[2.58755,49.13669],[2.58973,49.13562],[2.59149,49.13491],[2.59253,49.13435],[2.59474,49.13258],[2.59554,49.132],[2.59525,49.13169],[2.59567,49.13144],[2.59582,49.1313],[2.59614,49.13076],[2.59489,49.13054],[2.59472,49.13062],[2.5942,49.13075],[2.5935,49.13098],[2.59308,49.13122],[2.59303,49.13196],[2.59254,49.13202],[2.59209,49.13212],[2.59201,49.13221],[2.59191,49.13221],[2.59171,49.13228],[2.59148,49.13224],[2.59113,49.13232],[2.59145,49.13136],[2.5905,49.13115],[2.59029,49.13103],[2.58965,49.1305],[2.58905,49.12993],[2.58858,49.13002],[2.58642,49.13058],[2.58644,49.13033],[2.58694,49.12978],[2.58722,49.12933],[2.58716,49.12873],[2.58719,49.12863],[2.58743,49.1283],[2.58747,49.12819],[2.58746,49.12794],[2.58727,49.12786],[2.58721,49.12773],[2.58499,49.12565],[2.58462,49.12466],[2.58484,49.12364],[2.58444,49.12318],[2.58428,49.12309],[2.58427,49.12284],[2.58398,49.12162],[2.58451,49.12114],[2.58687,49.12119],[2.5881,49.12073],[2.58856,49.1202],[2.58891,49.11966],[2.58926,49.11934],[2.59042,49.11845],[2.59156,49.11748],[2.59162,49.11607],[2.59194,49.11556],[2.59342,49.11503],[2.59357,49.11484],[2.59603,49.11364],[2.59662,49.11359],[2.5961,49.11312],[2.59591,49.1125],[2.59553,49.11213],[2.59672,49.11126],[2.59658,49.11118],[2.59659,49.11115],[2.59698,49.11086],[2.59746,49.11112],[2.59772,49.11091],[2.59861,49.11161],[2.59884,49.11164],[2.59919,49.11183],[2.60013,49.11118],[2.59987,49.11094],[2.60039,49.11068],[2.59974,49.11011],[2.60022,49.10989],[2.59987,49.10965],[2.59939,49.10919],[2.59992,49.10897],[2.5996,49.10865],[2.59964,49.10863],[2.59821,49.10727],[2.59767,49.10692],[2.59719,49.10672],[2.59644,49.10652],[2.5955,49.10631],[2.59233,49.10588],[2.59153,49.10509],[2.59236,49.10484],[2.59337,49.10449],[2.59408,49.10421],[2.59595,49.10318],[2.5964,49.10297],[2.59742,49.10264],[2.59772,49.10256],[2.59799,49.10252],[2.59831,49.10239],[2.59989,49.10158],[2.60009,49.10145],[2.60053,49.10103],[2.60115,49.10035],[2.60163,49.10005],[2.60204,49.09988],[2.60483,49.0989],[2.60558,49.09857],[2.6064,49.09813],[2.60812,49.09697],[2.60842,49.0967],[2.60901,49.09605],[2.60981,49.09539],[2.61005,49.09497],[2.61043,49.09347],[2.6103,49.09306],[2.61008,49.09269],[2.60915,49.09165],[2.60878,49.09114],[2.60829,49.0906],[2.60757,49.08969],[2.60717,49.08924],[2.60633,49.08862],[2.60584,49.08804],[2.60527,49.08746],[2.60365,49.08628],[2.60287,49.08567],[2.60136,49.08492],[2.60058,49.08457],[2.60005,49.08424],[2.59829,49.08264],[2.5974,49.08155],[2.59605,49.08181],[2.59332,49.08088],[2.59058,49.08002],[2.5903,49.0799]]]}},
{"type":"Feature","properties":{"ID":"COMMUNE_0000000009734014","INSEE_COM":"95438","INSEE_ARR":"3","INSEE_COL":"95D","INSEE_DEP":"95","INSEE_REG":"11","NOM":"Moussy","CL_DEPART":"Non","CL_REGION":"Non","SIREN_EPCI":"200035970","SIREN_SI":259502649,"NOM_SI":"S.I. DES EAUX DU VAL DE VIOSNE"},"geometry":{"type":"Polygon","coordinates":[[[1.89326,49.14402],[1.90188,49.13928],[1.90285,49.13993],[1.90453,49.14119],[1.9044,49.14141],[1.90715,49.14255],[1.90863,49.14111],[1.90873,49.14115],[1.90999,49.14181],[1.91087,49.14238],[1.91176,49.14289],[1.9121,49.14341],[1.9123,49.14361],[1.91458,49.14512],[1.91698,49.14397],[1.91645,49.14351],[1.9188,49.1426],[1.91973,49.14208],[1.92188,49.14099],[1.92541,49.13911],[1.9248,49.13863],[1.925,49.13852],[1.9248,49.13835],[1.92547,49.13786],[1.92577,49.13769],[1.92658,49.13741],[1.93077,49.13532],[1.93267,49.13267],[1.93303,49.13246],[1.93381,49.13212],[1.93258,49.13114],[1.93222,49.1313],[1.93206,49.1314],[1.93045,49.13032],[1.93126,49.1292],[1.93052,49.12914],[1.9294,49.12898],[1.9284,49.12874],[1.92744,49.12839],[1.92601,49.12772],[1.9248,49.12734],[1.92463,49.12715],[1.92444,49.12706],[1.92376,49.1269],[1.9233,49.12684],[1.9221,49.1268],[1.92063,49.12671],[1.91993,49.1267],[1.91912,49.12661],[1.91854,49.12654],[1.91746,49.12626],[1.9171,49.12611],[1.91617,49.12591],[1.9151,49.12682],[1.9143,49.1266],[1.9138,49.12651],[1.91237,49.12633],[1.91198,49.12632],[1.9117,49.12635],[1.91117,49.12646],[1.91104,49.12655],[1.91064,49.12695],[1.9098,49.12754],[1.90914,49.12776],[1.90858,49.12788],[1.90789,49.12791],[1.90599,49.12818],[1.9054,49.12817],[1.90431,49.12802],[1.90396,49.12802],[1.90366,49.12817],[1.90361,49.12823],[1.90283,49.12832],[1.90183,49.12852],[1.90105,49.12856],[1.90028,49.12849],[1.89894,49.12827],[1.89652,49.12765],[1.89437,49.1292],[1.89551,49.12982],[1.89606,49.13027],[1.89199,49.13228],[1.8935,49.13308],[1.89268,49.13347],[1.89139,49.13278],[1.88981,49.13362],[1.8883,49.13319],[1.88827,49.13344],[1.88814,49.13362],[1.88797,49.13354],[1.88524,49.13298],[1.88444,49.13441],[1.88537,49.13461],[1.88408,49.13693],[1.88301,49.1367],[1.88249,49.13779],[1.88288,49.13792],[1.88577,49.13871],[1.88515,49.13967],[1.88893,49.14066],[1.88886,49.14118],[1.88837,49.14245],[1.88818,49.14319],[1.88915,49.14355],[1.89326,49.14402]]]}},
{"type":"Feature","properties":{"ID":"COMMUNE_0000000009734018","INSEE_COM":"95166","INSEE_ARR":"3","INSEE_COL":"95D","INSEE_DEP":"95","INSEE_REG":"11","NOM":"Cléry-en-Vexin","CL_DEPART":"Non","CL_REGION":"Non","SIREN_EPCI":"200035970","SIREN_SI":259500718,"NOM_SI":"S.I. DES EAUX DE LA SOURCE DE SAINT ROMAIN"},"geometry":{"type":"Polygon","coordinates":[[[1.84084,49.14349],[1.84714,49.14175],[1.84727,49.14241],[1.84788,49.14432],[1.85752,49.1433],[1.8552,49.14021],[1.8625,49.13993],[1.86572,49.1397],[1.86703,49.13828],[1.86736,49.13785],[1.86753,49.13752],[1.86794,49.13641],[1.86913,49.13528],[1.86812,49.13381],[1.86655,49.13282],[1.86295,49.13019],[1.86287,49.13023],[1.86211,49.1296],[1.86404,49.12885],[1.86486,49.12847],[1.86042,49.12419],[1.86015,49.12384],[1.8573,49.12163],[1.85576,49.12248],[1.85273,49.12151],[1.85154,49.12109],[1.85089,49.12148],[1.8505,49.12165],[1.84836,49.11974],[1.84493,49.11899],[1.8432,49.12063],[1.84292,49.1206],[1.84094,49.12106],[1.83683,49.1205],[1.83771,49.12035],[1.83753,49.12],[1.83538,49.12047],[1.8353,49.12029],[1.83327,49.1204],[1.83339,49.12085],[1.8324,49.12088],[1.83162,49.12007],[1.82951,49.1219],[1.83177,49.12375],[1.83129,49.12435],[1.8315,49.12443],[1.83095,49.12553],[1.83063,49.12571],[1.83328,49.12833],[1.83509,49.12783],[1.83669,49.12961],[1.83662,49.12977],[1.83565,49.13016],[1.83413,49.13082],[1.83538,49.13232],[1.83773,49.13479],[1.83663,49.1352],[1.83771,49.13639],[1.83713,49.13667],[1.83781,49.13725],[1.83591,49.13805],[1.83545,49.13743],[1.83388,49.13789],[1.83353,49.13923],[1.83456,49.13909],[1.83512,49.13993],[1.83571,49.14067],[1.83827,49.13964],[1.84084,49.14349]]]}},
{"type":"Feature","properties":{"ID":"COMMUNE_0000000009734528","INSEE_COM":"95256","INSEE_ARR":"1","INSEE_COL":"95D","INSEE_DEP":"95","INSEE_REG":"11","NOM":"Frépillon","CL_DEPART":"Non","CL_REGION":"Non","SIREN_EPCI":"200058485","SIREN_SI":257500017,"NOM_SI":"S.E.D.I.F."},"geometry":{"type":"Polygon","coordinates":[[[2.2311,49.05191],[2.22884,49.04998],[2.22354,49.04537],[2.22179,49.04599],[2.22165,49.04608],[2.22145,49.04608],[2.22082,49.04629],[2.21998,49.04634],[2.21819,49.04629],[2.21806,49.04626],[2.21772,49.04625],[2.21758,49.04628],[2.21715,49.04646],[2.21658,49.0468],[2.2164,49.04686],[2.21469,49.0471],[2.21393,49.0474],[2.21336,49.04702],[2.21265,49.04727],[2.21217,49.0468],[2.2114,49.04715],[2.21098,49.0469],[2.21096,49.04677],[2.20936,49.04678],[2.2094,49.04624],[2.20847,49.04619],[2.20634,49.04596],[2.20596,49.04561],[2.20567,49.0455],[2.20523,49.04538],[2.20441,49.04519],[2.20393,49.04499],[2.20314,49.04559],[2.2022,49.04681],[2.20211,49.04675],[2.20176,49.04634],[2.20133,49.04593],[2.20021,49.04515],[2.20008,49.04516],[2.19971,49.04529],[2.1997,49.04523],[2.19901,49.04472],[2.19835,49.04416],[2.19749,49.04351],[2.19733,49.0433],[2.19679,49.04284],[2.19595,49.04333],[2.19457,49.04405],[2.19447,49.04407],[2.19434,49.04406],[2.19224,49.04285],[2.19142,49.04227],[2.19067,49.04151],[2.18896,49.04207],[2.18953,49.04268],[2.19004,49.04342],[2.18314,49.04546],[2.18113,49.04438],[2.18091,49.04422],[2.17979,49.04334],[2.17929,49.04282],[2.17919,49.04263],[2.17862,49.04194],[2.1782,49.04159],[2.1778,49.04131],[2.17456,49.03929],[2.17435,49.03914],[2.17413,49.03891],[2.17373,49.03864],[2.17306,49.03891],[2.17358,49.04008],[2.17369,49.04115],[2.17421,49.04122],[2.17461,49.04272],[2.17523,49.04289],[2.17473,49.04355],[2.17493,49.04449],[2.17448,49.04496],[2.17613,49.04611],[2.17611,49.04627],[2.18048,49.04649],[2.18088,49.0465],[2.18114,49.04645],[2.18168,49.04646],[2.18232,49.04643],[2.18322,49.04649],[2.18357,49.04657],[2.18436,49.04691],[2.18472,49.04707],[2.18518,49.04733],[2.18578,49.04703],[2.18599,49.04687],[2.18715,49.04742],[2.18782,49.04765],[2.18824,49.04776],[2.19114,49.04879],[2.19172,49.04903],[2.19222,49.04927],[2.19289,49.04966],[2.19373,49.04995],[2.19426,49.05019],[2.19503,49.05073],[2.19519,49.05091],[2.19577,49.05116],[2.19778,49.05119],[2.19858,49.05127],[2.19831,49.05142],[2.19864,49.05165],[2.19762,49.05224],[2.19778,49.05233],[2.19847,49.05291],[2.19903,49.05329],[2.20052,49.05441],[2.20134,49.05485],[2.20209,49.05521],[2.20177,49.05575],[2.20177,49.05586],[2.20212,49.05699],[2.20208,49.05713],[2.20169,49.05759],[2.20097,49.05826],[2.20192,49.05854],[2.20228,49.05889],[2.20239,49.05996],[2.20249,49.06019],[2.20373,49.061],[2.2038,49.06096],[2.20418,49.06082],[2.20456,49.06081],[2.20562,49.06087],[2.20622,49.06086],[2.2063,49.06084],[2.20645,49.06069],[2.20651,49.06026],[2.20667,49.05986],[2.20715,49.0592],[2.20802,49.05872],[2.21029,49.05801],[2.21086,49.05837],[2.21127,49.05858],[2.21217,49.05894],[2.21269,49.05925],[2.21308,49.05859],[2.2134,49.05827],[2.21639,49.05578],[2.21672,49.05532],[2.21687,49.05493],[2.21696,49.05485],[2.21733,49.05463],[2.21777,49.05446],[2.21815,49.05437],[2.21832,49.05437],[2.21876,49.05377],[2.21947,49.05384],[2.22092,49.05388],[2.22156,49.05393],[2.22173,49.05385],[2.22342,49.05351],[2.22353,49.05351],[2.22365,49.05344],[2.22402,49.05339],[2.22508,49.05305],[2.2261,49.0528],[2.22648,49.05274],[2.22699,49.05284],[2.22785,49.05281],[2.22891,49.05258],[2.22956,49.05252],[2.23035,49.05226],[2.23088,49.05196],[2.2311,49.05191]]]}},
{"type":"Feature","properties":{"ID":"COMMUNE_0000000009733503","INSEE_COM":"95529","INSEE_ARR":"3","INSEE_COL":"95D","INSEE_DEP":"95","INSEE_REG":"11","NOM":"Ronquerolles","CL_DEPART":"Non","CL_REGION":"Non","SIREN_EPCI":"249500489","SIREN_SI":256000332,"NOM_SI":"S.I. DES EAUX DU PLATEAU DE LA THELLE (S.I.E.) (60)"},"geometry":{"type":"Polygon","coordinates":[[[2.18683,49.17341],[2.18906,49.17313],[2.18967,49.17321],[2.19014,49.17332],[2.19066,49.17338],[2.19165,49.17362],[2.19211,49.17365],[2.19264,49.17359],[2.19294,49.17353],[2.19353,49.17339],[2.19433,49.17314],[2.19485,49.17309],[2.19509,49.1731],[2.19531,49.17312],[2.19563,49.17322],[2.19584,49.17332],[2.19614,49.17351],[2.19696,49.17423],[2.19824,49.17483],[2.19905,49.1753],[2.19971,49.17481],[2.20079,49.17429],[2.20125,49.17415],[2.20203,49.17423],[2.20226,49.17437],[2.20235,49.17432],[2.20244,49.17408],[2.20295,49.17406],[2.20356,49.17412],[2.20395,49.17421],[2.20632,49.17459],[2.20691,49.17484],[2.20746,49.175],[2.20773,49.17505],[2.20926,49.17546],[2.20967,49.17553],[2.21036,49.17549],[2.21071,49.17551],[2.21317,49.17588],[2.21203,49.17656],[2.21396,49.17722],[2.21369,49.17753],[2.21557,49.17824],[2.21541,49.17842],[2.21749,49.17973],[2.21865,49.18069],[2.2198,49.17962],[2.21985,49.17949],[2.22005,49.17919],[2.22082,49.17819],[2.22155,49.17715],[2.22251,49.17596],[2.22377,49.17399],[2.22448,49.17371],[2.22488,49.17351],[2.22574,49.17281],[2.226,49.17264],[2.22626,49.17254],[2.22777,49.1721],[2.22929,49.17158],[2.23008,49.17122],[2.23151,49.17049],[2.23177,49.17029],[2.23209,49.16992],[2.23246,49.16936],[2.23327,49.16861],[2.23368,49.16832],[2.23399,49.16804],[2.23448,49.16757],[2.23475,49.16726],[2.23539,49.16699],[2.23382,49.16652],[2.23433,49.16603],[2.23291,49.16547],[2.233,49.16538],[2.23147,49.16473],[2.23144,49.16468],[2.23001,49.16426],[2.23045,49.16377],[2.22922,49.1638],[2.22867,49.16371],[2.22799,49.16353],[2.22632,49.1629],[2.22501,49.16253],[2.22425,49.16238],[2.22307,49.1597],[2.21685,49.15413],[2.21667,49.15422],[2.21573,49.15449],[2.21496,49.15487],[2.21423,49.1551],[2.21308,49.15553],[2.21141,49.15625],[2.21089,49.15657],[2.20835,49.15731],[2.20668,49.15818],[2.20655,49.15847],[2.20566,49.15945],[2.20225,49.16215],[2.20038,49.16337],[2.19909,49.16495],[2.19844,49.16646],[2.19705,49.16645],[2.1969,49.16706],[2.19806,49.16799],[2.1981,49.16826],[2.19804,49.16852],[2.19737,49.1687],[2.19621,49.168],[2.19487,49.16745],[2.19304,49.16842],[2.19062,49.16859],[2.18909,49.16938],[2.18851,49.17021],[2.18815,49.17119],[2.18785,49.17177],[2.18704,49.17319],[2.18683,49.17341]]]}},
{"type":"Feature","properties":{"ID":"COMMUNE_0000000009735045","INSEE_COM":"95450","INSEE_ARR":"3","INSEE_COL":"95D","INSEE_DEP":"95","INSEE_REG":"11","NOM":"Neuville-sur-Oise","CL_DEPART":"Non","CL_REGION":"Non","SIREN_EPCI":"249500109","SIREN_SI":249500109,"NOM_SI":"COMMUNAUTE D'AGGLOMERATION DE CERGY-PONTOISE"},"geometry":{"type":"Polygon","coordinates":[[[2.07171,49.0014],[2.07116,49.00243],[2.0705,49.00338],[2.07009,49.00386],[2.06869,49.00525],[2.06805,49.00584],[2.06754,49.00622],[2.06657,49.0068],[2.06472,49.00802],[2.06202,49.01001],[2.06141,49.01055],[2.06111,49.01077],[2.05866,49.01239],[2.05657,49.01397],[2.05534,49.01472],[2.05413,49.01524],[2.05367,49.0155],[2.05324,49.0158],[2.05106,49.01714],[2.04856,49.01879],[2.04543,49.02122],[2.04421,49.02201],[2.04334,49.0225],[2.0428,49.02306],[2.04129,49.02511],[2.04077,49.0257],[2.03969,49.02688],[2.03856,49.02794],[2.03744,49.02909],[2.03671,49.03009],[2.03656,49.03055],[2.03648,49.03105],[2.03653,49.03166],[2.0367,49.03206],[2.03741,49.03313],[2.03825,49.03401],[2.0501,49.0285],[2.04906,49.02753],[2.05027,49.0269],[2.05095,49.02628],[2.05285,49.02513],[2.05556,49.02373],[2.05595,49.02355],[2.05635,49.02341],[2.05614,49.02319],[2.05777,49.02279],[2.05797,49.02305],[2.05802,49.02336],[2.0583,49.02372],[2.05892,49.02423],[2.05872,49.02441],[2.05882,49.02445],[2.05925,49.02481],[2.05913,49.02489],[2.0598,49.02534],[2.06024,49.02555],[2.0607,49.02569],[2.061,49.02587],[2.06123,49.0257],[2.06143,49.0255],[2.06145,49.02534],[2.06159,49.02521],[2.06283,49.02438],[2.06341,49.02375],[2.06401,49.02337],[2.06418,49.02331],[2.06432,49.02335],[2.06469,49.02313],[2.06522,49.02269],[2.06562,49.0223],[2.06586,49.02213],[2.06762,49.02107],[2.06944,49.02006],[2.07071,49.01923],[2.07086,49.01915],[2.07186,49.01893],[2.07298,49.01873],[2.07407,49.01846],[2.07568,49.01814],[2.07645,49.01924],[2.07733,49.01899],[2.07814,49.01882],[2.07864,49.01875],[2.07964,49.01876],[2.08087,49.019],[2.08088,49.01854],[2.08098,49.01801],[2.08066,49.01717],[2.08052,49.01695],[2.08038,49.01683],[2.07944,49.0163],[2.07943,49.01621],[2.08129,49.01551],[2.08201,49.01529],[2.08358,49.01491],[2.08486,49.01455],[2.08393,49.01225],[2.08266,49.00945],[2.08253,49.00946],[2.082,49.00913],[2.07986,49.00808],[2.0784,49.00746],[2.0772,49.00712],[2.07659,49.00701],[2.07643,49.00701],[2.0756,49.00676],[2.07517,49.00667],[2.07476,49.00668],[2.07482,49.00656],[2.07538,49.00319],[2.07529,49.0021],[2.07354,49.00173],[2.07275,49.00178],[2.07171,49.0014]]]}},
{"type":"Feature","properties":{"ID":"COMMUNE_0000000009734539","INSEE_COM":"95422","INSEE_ARR":"3","INSEE_COL":"95D","INSEE_DEP":"95","INSEE_REG":"11","NOM":"Montgeroult","CL_DEPART":"Non","CL_REGION":"Non","SIREN_EPCI":"200035970","SIREN_SI":259501278,"NOM_SI":"SYNDICAT INTERCOMMUNAL DES EAUX DE LA VIOSNE, DE L’AUBETTE ET DE LA MONTCIENT (SIEVAM)"},"geometry":{"type":"Polygon","coordinates":[[[2.01603,49.07741],[2.01565,49.07751],[2.01471,49.07768],[2.01385,49.0776],[2.01315,49.07746],[2.013,49.07741],[2.01258,49.07735],[2.01174,49.07747],[2.01115,49.07768],[2.0109,49.07699],[2.01023,49.0771],[2.00968,49.07715],[2.00905,49.07734],[2.00879,49.07738],[2.00851,49.07729],[2.00814,49.07707],[2.00746,49.07748],[2.0072,49.0779],[2.00713,49.07792],[2.00626,49.07801],[2.0061,49.07794],[2.00589,49.0776],[2.00578,49.07749],[2.00571,49.07745],[2.00556,49.07746],[2.0054,49.07757],[2.00505,49.07796],[2.00528,49.07826],[2.00474,49.07929],[2.00495,49.07934],[2.00482,49.07954],[2.00411,49.07943],[2.00372,49.07933],[2.00335,49.07914],[2.00287,49.07912],[2.00216,49.07922],[2.00127,49.0792],[1.99947,49.07968],[1.99895,49.07991],[1.99831,49.0811],[1.99791,49.08172],[1.99763,49.08193],[1.99735,49.08205],[1.9969,49.08244],[1.99635,49.08282],[1.99491,49.08361],[1.99476,49.08391],[1.99454,49.08408],[1.99447,49.08419],[1.9943,49.0843],[1.99408,49.08437],[1.99394,49.08447],[1.99369,49.08474],[1.99356,49.08499],[1.99286,49.08515],[1.99255,49.08526],[1.99243,49.08527],[1.99236,49.08515],[1.99143,49.08511],[1.99114,49.08479],[1.99062,49.08494],[1.99075,49.08508],[1.99311,49.08698],[1.994,49.0886],[1.99332,49.08884],[1.99248,49.08777],[1.99245,49.08725],[1.992,49.08734],[1.99205,49.08749],[1.99199,49.0879],[1.9921,49.08822],[1.99256,49.0889],[1.99319,49.08966],[1.99315,49.08981],[1.99308,49.08988],[1.9921,49.09065],[1.99187,49.09087],[1.99177,49.09104],[1.9917,49.09133],[1.99171,49.0917],[1.99196,49.0923],[1.99233,49.09279],[1.99231,49.09282],[1.99273,49.09314],[1.99354,49.09366],[1.99358,49.09402],[1.99354,49.09428],[1.99332,49.09447],[1.99275,49.09479],[1.99265,49.09489],[1.99257,49.09515],[1.9925,49.0952],[1.99231,49.09624],[1.99189,49.09805],[1.99326,49.09871],[1.99374,49.09901],[1.99364,49.0991],[1.99331,49.0999],[1.99304,49.10028],[1.99336,49.10136],[1.99407,49.10276],[1.99521,49.10193],[1.99797,49.10013],[1.99839,49.10036],[1.99857,49.10023],[1.99851,49.10016],[1.99866,49.09999],[1.99846,49.09983],[1.999,49.09939],[1.99919,49.09944],[1.99968,49.09978],[2.00116,49.10111],[2.00308,49.10014],[2.00534,49.10244],[2.0156,49.09925],[2.01753,49.10187],[2.0212,49.10069],[2.02224,49.10033],[2.02196,49.10028],[2.02247,49.10002],[2.02233,49.09917],[2.02258,49.0991],[2.02216,49.09826],[2.02707,49.09655],[2.0284,49.09604],[2.02444,49.09358],[2.02543,49.09312],[2.02006,49.08954],[2.02032,49.08878],[2.02053,49.08853],[2.0195,49.0875],[2.01978,49.08737],[2.01974,49.0872],[2.01955,49.08694],[2.01909,49.08648],[2.01897,49.08626],[2.01871,49.08523],[2.01854,49.08494],[2.01773,49.08385],[2.01706,49.08267],[2.01658,49.08023],[2.01636,49.07965],[2.0157,49.07857],[2.01657,49.07837],[2.01624,49.0777],[2.01603,49.07741]]]}},
{"type":"Feature","properties":{"ID":"COMMUNE_0000000009735012","INSEE_COM":"95633","INSEE_ARR":"2","INSEE_COL":"95D","INSEE_DEP":"95","INSEE_REG":"11","NOM":"Vaudherland","CL_DEPART":"Non","CL_REGION":"Non","SIREN_EPCI":"200055655","SIREN_SI":200091940,"NOM_SI":"SMAEP DAMONA"},"geometry":{"type":"Polygon","coordinates":[[[2.48685,48.999],[2.48529,48.99948],[2.48424,48.99967],[2.48371,48.99947],[2.4835,48.99925],[2.48357,48.99978],[2.48351,49.00001],[2.48358,49.0003],[2.48362,49.00093],[2.48359,49.00112],[2.48422,49.00118],[2.48643,49.00124],[2.48668,49.00187],[2.48729,49.00175],[2.48738,49.00193],[2.48756,49.00188],[2.48763,49.00202],[2.48804,49.00199],[2.48812,49.0022],[2.48903,49.0021],[2.48898,49.00194],[2.48912,49.00195],[2.48877,49.00113],[2.48917,49.00116],[2.48913,49.00097],[2.48926,49.00101],[2.48928,49.0002],[2.4886,49.00022],[2.4886,49.00014],[2.48851,49.00014],[2.48796,48.99887],[2.48685,48.999]]]}},
{"type":"Feature","properties":{"ID":"COMMUNE_0000000009733501","INSEE_COM":"60185","INSEE_ARR":"4","INSEE_COL":"60D","INSEE_DEP":"60","INSEE_REG":"32","NOM":"Crouy-en-Thelle","CL_DEPART":"Non","CL_REGION":"Non","SIREN_EPCI":"200067973","SIREN_SI":256000334,"NOM_SI":"S.I. DES EAUX DU PLATEAU DE LA THELLE (S.I.E.) (60)"},"geometry":{"type":"Polygon","coordinates":[[[2.32813,49.22388],[2.32807,49.22378],[2.32894,49.22338],[2.32958,49.22302],[2.33314,49.21853],[2.3339,49.21096],[2.33352,49.20633],[2.33518,49.20605],[2.33452,49.20337],[2.33454,49.20315],[2.33439,49.20283],[2.334,49.20235],[2.33314,49.2017],[2.33166,49.20028],[2.33364,49.1985],[2.33556,49.19704],[2.33564,49.19705],[2.33607,49.19677],[2.33732,49.19629],[2.33812,49.19595],[2.33884,49.19556],[2.34116,49.194],[2.33709,49.19111],[2.33632,49.19158],[2.33616,49.19181],[2.33576,49.19264],[2.33554,49.19295],[2.33515,49.19325],[2.33463,49.19357],[2.33339,49.1928],[2.33269,49.1933],[2.33199,49.19292],[2.33023,49.19175],[2.32953,49.19221],[2.32927,49.19211],[2.32895,49.19247],[2.32898,49.19253],[2.32876,49.19348],[2.32889,49.19411],[2.32884,49.19427],[2.32675,49.1946],[2.32584,49.19653],[2.325,49.19773],[2.32482,49.19782],[2.32426,49.19788],[2.32426,49.19791],[2.32288,49.19801],[2.32265,49.19752],[2.32032,49.19803],[2.31839,49.1986],[2.31699,49.19909],[2.31721,49.1992],[2.31781,49.19936],[2.31625,49.20096],[2.31597,49.20082],[2.31504,49.20142],[2.31532,49.20154],[2.31459,49.2022],[2.31603,49.20292],[2.31501,49.20397],[2.31453,49.20362],[2.31373,49.20409],[2.31347,49.20371],[2.30767,49.20593],[2.30619,49.20654],[2.30533,49.20783],[2.30238,49.20788],[2.30273,49.20909],[2.30304,49.21104],[2.30306,49.21218],[2.30313,49.21343],[2.30308,49.21353],[2.30321,49.214],[2.3032,49.21482],[2.30307,49.21571],[2.30254,49.21731],[2.30237,49.21812],[2.30237,49.2189],[2.30225,49.21929],[2.30147,49.2205],[2.30139,49.22104],[2.30136,49.22176],[2.30231,49.22145],[2.30352,49.22203],[2.30659,49.22228],[2.30671,49.22215],[2.30726,49.22223],[2.30728,49.22235],[2.30865,49.22256],[2.30954,49.22268],[2.31146,49.22282],[2.31149,49.22284],[2.31137,49.2234],[2.31279,49.22346],[2.31287,49.22324],[2.31547,49.2233],[2.31548,49.22347],[2.3166,49.22371],[2.31696,49.22382],[2.31818,49.22377],[2.31838,49.2237],[2.31898,49.22357],[2.32052,49.2233],[2.32101,49.22324],[2.32245,49.22313],[2.3225,49.22331],[2.32457,49.22305],[2.32486,49.22307],[2.32587,49.22323],[2.32615,49.22322],[2.32813,49.22388]]]}},
{"type":"Feature","properties":{"ID":"COMMUNE_0000000009735048","INSEE_COM":"78382","INSEE_ARR":"3","INSEE_COL":"78D","INSEE_DEP":"78","INSEE_REG":"11","NOM":"Maurecourt","CL_DEPART":"Non","CL_REGION":"Non","SIREN_EPCI":"249500109","SIREN_SI":249500109,"NOM_SI":"COMMUNAUTE D'AGGLOMERATION DE CERGY-PONTOISE"},"geometry":{"type":"Polygon","coordinates":[[[2.02496,48.99565],[2.02462,48.99582],[2.02444,48.99604],[2.02389,48.99754],[2.02385,48.99779],[2.02365,48.99795],[2.02507,48.99903],[2.02605,48.99984],[2.02589,49.00041],[2.02685,49.00097],[2.02759,49.00131],[2.02762,49.0013],[2.02828,49.00156],[2.0289,49.00171],[2.02933,49.00175],[2.02994,49.00174],[2.03064,49.00167],[2.03662,49.00169],[2.03927,49.00139],[2.04064,49.00136],[2.04146,49.00138],[2.04166,49.00132],[2.04198,49.00114],[2.04263,49.00073],[2.04279,49.00059],[2.04356,49.00078],[2.04498,49.00133],[2.04738,49.00214],[2.04811,49.00232],[2.04914,49.00253],[2.04988,49.00262],[2.04975,49.00296],[2.04992,49.00304],[2.05114,49.00386],[2.05245,49.00426],[2.05293,49.00434],[2.0532,49.00446],[2.05391,49.00489],[2.05463,49.00514],[2.05502,49.00521],[2.0563,49.00526],[2.05696,49.00538],[2.05731,49.00552],[2.05752,49.00565],[2.05745,49.00575],[2.05939,49.00626],[2.06164,49.00721],[2.06369,49.00814],[2.06413,49.00846],[2.06516,49.00772],[2.06657,49.0068],[2.06754,49.00622],[2.06805,49.00584],[2.07009,49.00386],[2.0705,49.00338],[2.07116,49.00243],[2.07171,49.0014],[2.07199,49.00052],[2.0722,48.9989],[2.07218,48.99805],[2.0721,48.99764],[2.07147,48.99555],[2.07141,48.99525],[2.07143,48.99487],[2.07155,48.99417],[2.07174,48.99365],[2.07192,48.99334],[2.07116,48.99335],[2.06753,48.99322],[2.06654,48.99314],[2.06658,48.99207],[2.06664,48.99158],[2.06775,48.99146],[2.06749,48.99057],[2.06675,48.99072],[2.06663,48.99069],[2.06647,48.99047],[2.06565,48.99057],[2.06563,48.99106],[2.06246,48.99145],[2.06277,48.99252],[2.06274,48.99277],[2.0624,48.99262],[2.06206,48.99253],[2.06165,48.99247],[2.0578,48.99241],[2.05771,48.99248],[2.05736,48.99254],[2.05641,48.99263],[2.05524,48.99263],[2.05408,48.99253],[2.05396,48.99255],[2.05336,48.99244],[2.05265,48.99223],[2.04999,48.99127],[2.04801,48.99084],[2.04708,48.99052],[2.04672,48.99043],[2.04652,48.99042],[2.04642,48.99051],[2.04623,48.99118],[2.04603,48.99199],[2.04584,48.99306],[2.04574,48.99321],[2.04535,48.99347],[2.04507,48.99371],[2.04493,48.99393],[2.04471,48.99446],[2.04469,48.99471],[2.04478,48.99497],[2.04516,48.99532],[2.04523,48.9955],[2.04511,48.99641],[2.04513,48.99666],[2.04278,48.99688],[2.04247,48.9969],[2.04191,48.99687],[2.04038,48.99668],[2.0386,48.99635],[2.03708,48.99602],[2.03473,48.9954],[2.03447,48.99538],[2.03408,48.99542],[2.03332,48.99556],[2.03134,48.99562],[2.02959,48.99575],[2.02713,48.99576],[2.02577,48.99566],[2.02531,48.99568],[2.02496,48.99565]]]}},
{"type":"Feature","properties":{"ID":"COMMUNE_0000000009734524","INSEE_COM":"95445","INSEE_ARR":"3","INSEE_COL":"95D","INSEE_DEP":"95","INSEE_REG":"11","NOM":"Nerville-la-Forêt","CL_DEPART":"Non","CL_REGION":"Non","SIREN_EPCI":"249500455","SIREN_SI":259500494,"NOM_SI":"S.I. D'ALIMENTATION EN EAU POTABLE DE LA REGION DE MONTSOULT"},"geometry":{"type":"Polygon","coordinates":[[[2.2873,49.08365],[2.28251,49.07688],[2.28239,49.07676],[2.28114,49.07485],[2.28032,49.07375],[2.27995,49.07401],[2.27891,49.07445],[2.27865,49.07538],[2.27844,49.07544],[2.27808,49.07549],[2.27706,49.07579],[2.2756,49.0766],[2.27533,49.07671],[2.27472,49.07702],[2.27391,49.07659],[2.2692,49.07867],[2.26772,49.07937],[2.26586,49.08015],[2.26157,49.08205],[2.25791,49.08369],[2.25749,49.0839],[2.25765,49.08563],[2.2579,49.09129],[2.25781,49.09126],[2.25063,49.09087],[2.2526,49.09247],[2.2558,49.09518],[2.25644,49.09518],[2.25862,49.09698],[2.26006,49.09895],[2.26043,49.10077],[2.26257,49.10017],[2.26311,49.10024],[2.26619,49.10048],[2.26791,49.10066],[2.27452,49.10123],[2.27529,49.10134],[2.27702,49.10148],[2.27824,49.10154],[2.28099,49.10179],[2.28113,49.10019],[2.28219,49.09993],[2.28318,49.09973],[2.28463,49.10076],[2.28516,49.10098],[2.28618,49.10166],[2.28659,49.10186],[2.2878,49.10234],[2.28837,49.1025],[2.28895,49.10257],[2.28948,49.10249],[2.28967,49.10238],[2.2898,49.10225],[2.28993,49.10182],[2.29015,49.10161],[2.28888,49.09879],[2.29309,49.10105],[2.29413,49.1002],[2.29511,49.09949],[2.29816,49.09781],[2.29863,49.09753],[2.29952,49.0969],[2.29987,49.09651],[2.30007,49.09609],[2.30036,49.09482],[2.30045,49.09463],[2.30108,49.09409],[2.3029,49.09218],[2.30118,49.0915],[2.30162,49.09126],[2.3007,49.09064],[2.2986,49.09007],[2.29785,49.08997],[2.29611,49.08953],[2.2934,49.08834],[2.29373,49.08796],[2.29145,49.08774],[2.29146,49.08747],[2.29164,49.08704],[2.29219,49.08622],[2.29226,49.086],[2.29161,49.08558],[2.29117,49.08586],[2.29059,49.08536],[2.29089,49.08522],[2.29008,49.08469],[2.29034,49.08458],[2.28958,49.08369],[2.28986,49.08354],[2.28808,49.08346],[2.2875,49.08358],[2.2873,49.08365]]]}},
{"type":"Feature","properties":{"ID":"COMMUNE_0000000009734553","INSEE_COM":"95040","INSEE_ARR":"3","INSEE_COL":"95D","INSEE_DEP":"95","INSEE_REG":"11","NOM":"Avernes","CL_DEPART":"Non","CL_REGION":"Non","SIREN_EPCI":"200035970","SIREN_SI":259501278,"NOM_SI":"SYNDICAT INTERCOMMUNAL DES EAUX DE LA VIOSNE, DE L’AUBETTE ET DE LA MONTCIENT (SIEVAM)"},"geometry":{"type":"Polygon","coordinates":[[[1.89818,49.11458],[1.90046,49.11353],[1.90444,49.11183],[1.9049,49.1117],[1.90587,49.11131],[1.90418,49.10902],[1.90155,49.10762],[1.90025,49.10621],[1.89939,49.10542],[1.89886,49.1051],[1.89721,49.10425],[1.89518,49.10275],[1.89389,49.10176],[1.89349,49.1015],[1.8952,49.10056],[1.89513,49.10044],[1.89514,49.10028],[1.8954,49.09788],[1.89476,49.09742],[1.89359,49.09643],[1.89318,49.09658],[1.89267,49.09596],[1.89221,49.09523],[1.89043,49.09519],[1.88999,49.09293],[1.89,49.09261],[1.89048,49.09251],[1.891,49.09251],[1.8883,49.08923],[1.88934,49.08903],[1.89001,49.08878],[1.89097,49.08835],[1.89064,49.08806],[1.89055,49.08811],[1.88947,49.08689],[1.88935,49.08671],[1.88996,49.08656],[1.88675,49.08425],[1.88754,49.08398],[1.88919,49.0832],[1.89266,49.08168],[1.89105,49.08025],[1.88901,49.07866],[1.88796,49.07775],[1.89398,49.07501],[1.89059,49.07187],[1.89016,49.07153],[1.88395,49.07486],[1.88164,49.07292],[1.87557,49.07474],[1.87537,49.07589],[1.87303,49.07608],[1.87232,49.07617],[1.87159,49.07709],[1.8713,49.07758],[1.87124,49.07802],[1.87112,49.07831],[1.87103,49.07843],[1.87072,49.07866],[1.86928,49.07782],[1.86847,49.07715],[1.86813,49.07655],[1.86483,49.07727],[1.86288,49.07592],[1.86276,49.07582],[1.8631,49.0755],[1.86337,49.07515],[1.86407,49.07359],[1.86367,49.07351],[1.86344,49.07342],[1.85952,49.07278],[1.85908,49.07266],[1.85753,49.07238],[1.85746,49.07235],[1.85751,49.07225],[1.85747,49.07217],[1.85609,49.07146],[1.85569,49.0712],[1.85499,49.07139],[1.85424,49.07166],[1.8527,49.06875],[1.85224,49.0689],[1.8519,49.06834],[1.85184,49.06831],[1.84942,49.06793],[1.84453,49.06926],[1.84373,49.06907],[1.84328,49.06908],[1.84177,49.06902],[1.84071,49.06929],[1.84002,49.06959],[1.83961,49.06972],[1.8391,49.06977],[1.83875,49.07002],[1.8386,49.07022],[1.83832,49.07045],[1.83752,49.07093],[1.83714,49.07133],[1.83669,49.07171],[1.83629,49.07194],[1.83621,49.07195],[1.83604,49.07205],[1.83564,49.07232],[1.83545,49.07253],[1.83516,49.07311],[1.83507,49.07322],[1.83439,49.07351],[1.8328,49.074],[1.83217,49.07424],[1.83176,49.07453],[1.83169,49.07462],[1.83156,49.07465],[1.83149,49.0747],[1.83122,49.07494],[1.83104,49.07515],[1.83091,49.07519],[1.83018,49.07529],[1.8298,49.07562],[1.82908,49.07605],[1.82864,49.07626],[1.82566,49.07631],[1.82343,49.0763],[1.82233,49.07866],[1.82173,49.0798],[1.82117,49.08049],[1.82054,49.08179],[1.82057,49.08187],[1.82247,49.08211],[1.82853,49.08232],[1.8316,49.08282],[1.83273,49.08367],[1.8331,49.08446],[1.83368,49.08595],[1.83393,49.08628],[1.83599,49.0878],[1.83749,49.08903],[1.83914,49.09092],[1.83921,49.09105],[1.83925,49.09105],[1.84,49.09199],[1.84078,49.09085],[1.84093,49.09095],[1.84279,49.09284],[1.84473,49.09493],[1.84454,49.09509],[1.84381,49.09549],[1.84491,49.09679],[1.84447,49.09695],[1.84469,49.09793],[1.84443,49.09807],[1.84413,49.09818],[1.84526,49.10037],[1.84619,49.1002],[1.84731,49.09983],[1.84856,49.10158],[1.84918,49.10103],[1.84963,49.10074],[1.85042,49.10032],[1.85117,49.10084],[1.85164,49.10063],[1.85226,49.10043],[1.85537,49.09965],[1.85639,49.10061],[1.85934,49.10357],[1.86023,49.10441],[1.86103,49.10511],[1.86189,49.10579],[1.86333,49.10676],[1.86336,49.10682],[1.86359,49.10671],[1.86428,49.10716],[1.86439,49.10728],[1.86675,49.10909],[1.87219,49.11335],[1.86813,49.11561],[1.86946,49.11628],[1.87022,49.11675],[1.87148,49.11786],[1.87696,49.11475],[1.87852,49.11637],[1.87943,49.11721],[1.88135,49.11868],[1.88681,49.11605],[1.88708,49.11628],[1.88724,49.11621],[1.88934,49.11509],[1.88983,49.11488],[1.89048,49.11454],[1.89299,49.11663],[1.89639,49.11524],[1.89818,49.11458]]]}},
{"type":"Feature","properties":{"ID":"COMMUNE_0000000009734546","INSEE_COM":"95181","INSEE_ARR":"3","INSEE_COL":"95D","INSEE_DEP":"95","INSEE_REG":"11","NOM":"Courcelles-sur-Viosne","CL_DEPART":"Non","CL_REGION":"Non","SIREN_EPCI":"200035970","SIREN_SI":0,"NOM_SI":"Compétence exercée par la commune"},"geometry":{"type":"Polygon","coordinates":[[[1.99506,49.06364],[1.99202,49.06445],[1.98823,49.06551],[1.97873,49.06923],[1.97939,49.06993],[1.97709,49.07087],[1.97843,49.07141],[1.97645,49.07258],[1.97523,49.07335],[1.98562,49.07768],[1.98529,49.07792],[1.98593,49.07822],[1.98651,49.07812],[1.98701,49.07792],[1.98798,49.07854],[1.98943,49.07932],[1.99023,49.07968],[1.99199,49.0806],[1.99289,49.08122],[1.99318,49.08147],[1.99418,49.08252],[1.9947,49.08253],[1.99482,49.08258],[1.99486,49.08264],[1.99446,49.08313],[1.99435,49.08313],[1.99402,49.08335],[1.99422,49.08348],[1.99473,49.08394],[1.99484,49.0837],[1.99496,49.08357],[1.99544,49.08334],[1.99581,49.0831],[1.99635,49.08282],[1.9969,49.08244],[1.99735,49.08205],[1.99763,49.08193],[1.99791,49.08172],[1.99831,49.0811],[1.99895,49.07991],[1.99905,49.07985],[1.99971,49.07961],[2.00105,49.07924],[2.00139,49.07919],[2.00216,49.07922],[2.00287,49.07912],[2.00335,49.07914],[2.00372,49.07933],[2.00411,49.07943],[2.00482,49.07954],[2.00495,49.07934],[2.00474,49.07929],[2.00528,49.07826],[2.00505,49.07796],[2.0054,49.07757],[2.00556,49.07746],[2.00571,49.07745],[2.00578,49.07749],[2.00589,49.0776],[2.0061,49.07794],[2.00626,49.07801],[2.00713,49.07792],[2.0072,49.0779],[2.00746,49.07748],[2.00814,49.07707],[2.00851,49.07729],[2.00879,49.07738],[2.00905,49.07734],[2.00968,49.07715],[2.01023,49.0771],[2.0109,49.07699],[2.01115,49.07768],[2.01174,49.07747],[2.01258,49.07735],[2.013,49.07741],[2.01315,49.07746],[2.01385,49.0776],[2.0146,49.07768],[2.01481,49.07767],[2.01527,49.07758],[2.01452,49.07649],[2.01357,49.07545],[2.01296,49.07433],[2.0127,49.07374],[2.01298,49.07367],[2.01279,49.0728],[2.01275,49.07217],[2.01294,49.07062],[2.01313,49.06975],[2.01383,49.06956],[2.0124,49.06785],[2.01169,49.06683],[2.01145,49.06689],[2.01056,49.0655],[2.00972,49.06577],[2.00935,49.06554],[2.00877,49.06577],[2.0069,49.06504],[2.00519,49.06511],[2.0039,49.06555],[2.00397,49.06567],[1.99916,49.0675],[1.99596,49.06456],[1.99506,49.06364]]]}},
{"type":"Feature","properties":{"ID":"COMMUNE_0000000009734534","INSEE_COM":"95394","INSEE_ARR":"3","INSEE_COL":"95D","INSEE_DEP":"95","INSEE_REG":"11","NOM":"Méry-sur-Oise","CL_DEPART":"Non","CL_REGION":"Non","SIREN_EPCI":"249500455","SIREN_SI":257500017,"NOM_SI":"S.E.D.I.F."},"geometry":{"type":"Polygon","coordinates":[[[2.18924,49.07223],[2.18942,49.07191],[2.18955,49.07182],[2.18971,49.07159],[2.19007,49.07139],[2.19094,49.07075],[2.19106,49.07071],[2.1916,49.07023],[2.19212,49.06984],[2.19291,49.06936],[2.19346,49.06894],[2.19468,49.06812],[2.1951,49.06773],[2.19524,49.06736],[2.1957,49.06745],[2.19583,49.06745],[2.19669,49.0672],[2.19806,49.06584],[2.19939,49.06545],[2.19944,49.06537],[2.19962,49.0653],[2.19996,49.06494],[2.20009,49.0649],[2.20244,49.06497],[2.20272,49.06494],[2.20282,49.06484],[2.20326,49.06346],[2.20442,49.06246],[2.20452,49.06165],[2.20449,49.06153],[2.20249,49.06019],[2.20239,49.05996],[2.20228,49.05889],[2.20192,49.05854],[2.20097,49.05826],[2.20169,49.05759],[2.20208,49.05713],[2.20212,49.05699],[2.20177,49.05586],[2.20177,49.05575],[2.20209,49.05521],[2.20134,49.05485],[2.20052,49.05441],[2.19903,49.05329],[2.19847,49.05291],[2.19778,49.05233],[2.19762,49.05224],[2.19864,49.05165],[2.19831,49.05142],[2.19858,49.05127],[2.19778,49.05119],[2.19577,49.05116],[2.19519,49.05091],[2.19503,49.05073],[2.19426,49.05019],[2.19373,49.04995],[2.19289,49.04966],[2.19222,49.04927],[2.19172,49.04903],[2.19114,49.04879],[2.18824,49.04776],[2.18782,49.04765],[2.18715,49.04742],[2.18599,49.04687],[2.18578,49.04703],[2.18518,49.04733],[2.18472,49.04707],[2.18436,49.04691],[2.18357,49.04657],[2.18322,49.04649],[2.18232,49.04643],[2.18168,49.04646],[2.18114,49.04645],[2.18088,49.0465],[2.18048,49.04649],[2.17611,49.04627],[2.17613,49.04611],[2.17448,49.04496],[2.17493,49.04449],[2.17473,49.04355],[2.17523,49.04289],[2.17461,49.04272],[2.17421,49.04122],[2.17369,49.04115],[2.17358,49.04008],[2.17306,49.03891],[2.17373,49.03864],[2.17321,49.03829],[2.17097,49.03629],[2.17072,49.03612],[2.17057,49.03605],[2.17046,49.03605],[2.16983,49.03549],[2.1693,49.03492],[2.16886,49.03425],[2.1688,49.0341],[2.1687,49.03369],[2.16867,49.03301],[2.16831,49.0317],[2.16819,49.03146],[2.16598,49.03237],[2.16457,49.0329],[2.16285,49.03367],[2.15886,49.03529],[2.15825,49.03551],[2.15701,49.03589],[2.15565,49.03622],[2.15651,49.03661],[2.157,49.03697],[2.1616,49.0398],[2.16208,49.04003],[2.16307,49.04066],[2.15634,49.04322],[2.15436,49.04394],[2.15294,49.04453],[2.15211,49.04593],[2.1517,49.04579],[2.15108,49.0469],[2.15079,49.04684],[2.15078,49.04697],[2.15033,49.04753],[2.14985,49.04852],[2.14946,49.04852],[2.14939,49.04877],[2.14931,49.04983],[2.15045,49.04986],[2.15044,49.04994],[2.15155,49.05014],[2.15149,49.05163],[2.15337,49.05191],[2.15263,49.05701],[2.15108,49.06124],[2.15085,49.06133],[2.15049,49.0616],[2.15002,49.06145],[2.14861,49.06116],[2.14838,49.06166],[2.14788,49.06156],[2.14757,49.06206],[2.14679,49.06196],[2.14621,49.06197],[2.14518,49.06214],[2.1453,49.06248],[2.14539,49.0626],[2.14707,49.06373],[2.14755,49.06402],[2.14859,49.06453],[2.14892,49.06472],[2.14915,49.06518],[2.14928,49.06573],[2.14851,49.0659],[2.14766,49.06598],[2.14252,49.06604],[2.14213,49.06607],[2.14187,49.0661],[2.14176,49.06615],[2.14163,49.06627],[2.14157,49.06646],[2.14179,49.06667],[2.142,49.06678],[2.14269,49.06691],[2.14346,49.06696],[2.14521,49.06701],[2.14724,49.06693],[2.14835,49.06683],[2.1495,49.06669],[2.15027,49.06655],[2.15371,49.06571],[2.15651,49.06514],[2.15753,49.06489],[2.15809,49.06468],[2.15857,49.06444],[2.16255,49.06467],[2.16348,49.06464],[2.16438,49.06455],[2.16578,49.06432],[2.16718,49.06417],[2.16827,49.06412],[2.16939,49.06423],[2.16994,49.06438],[2.1707,49.06477],[2.17758,49.06933],[2.17831,49.06978],[2.17897,49.0701],[2.17963,49.07029],[2.18056,49.07051],[2.18208,49.07076],[2.18464,49.0711],[2.18569,49.07129],[2.18924,49.07223]]]}},
{"type":"Feature","properties":{"ID":"COMMUNE_0000000009733973","INSEE_COM":"95604","INSEE_ARR":"2","INSEE_COL":"95D","INSEE_DEP":"95","INSEE_REG":"11","NOM":"Survilliers","CL_DEPART":"Non","CL_REGION":"Non","SIREN_EPCI":"200055655","SIREN_SI":259500577,"NOM_SI":"S.I. D'EXPLOITATION DES CHAMPS CAPTANTS D'ASNIERES-SUR-OISE (S.I.E.C.C.A.O.)"},"geometry":{"type":"Polygon","coordinates":[[[2.54207,49.12225],[2.54406,49.12127],[2.54398,49.1201],[2.54241,49.1193],[2.5412,49.11928],[2.53911,49.11934],[2.53773,49.1178],[2.53773,49.11768],[2.5393,49.11756],[2.53956,49.11644],[2.54161,49.11664],[2.54391,49.11646],[2.54536,49.11638],[2.54703,49.11636],[2.54713,49.11638],[2.54713,49.11714],[2.54744,49.11785],[2.54769,49.1188],[2.54768,49.12035],[2.54877,49.12147],[2.54991,49.12255],[2.55155,49.1233],[2.55332,49.12456],[2.55635,49.12396],[2.55694,49.12373],[2.557,49.12343],[2.557,49.12185],[2.55622,49.11904],[2.55602,49.11856],[2.55545,49.11781],[2.55594,49.11765],[2.55501,49.11673],[2.55295,49.11398],[2.5524,49.11408],[2.55175,49.11243],[2.55232,49.11194],[2.55292,49.11107],[2.55343,49.11053],[2.55547,49.10905],[2.55595,49.10938],[2.55693,49.10688],[2.55678,49.10686],[2.55719,49.1059],[2.55753,49.1054],[2.55793,49.10428],[2.55794,49.10285],[2.55767,49.10226],[2.55909,49.102],[2.55878,49.10155],[2.55882,49.10148],[2.5576,49.10097],[2.5581,49.10035],[2.55753,49.10023],[2.55788,49.09975],[2.5585,49.09915],[2.55793,49.09872],[2.55959,49.09754],[2.55923,49.09729],[2.55908,49.09712],[2.55893,49.09709],[2.55738,49.09596],[2.55686,49.09596],[2.55491,49.09575],[2.55373,49.09567],[2.55282,49.09584],[2.55242,49.09588],[2.55192,49.09587],[2.55121,49.09579],[2.55069,49.09641],[2.54938,49.09605],[2.55027,49.09494],[2.54933,49.09473],[2.55046,49.09275],[2.54975,49.09255],[2.55011,49.09185],[2.54971,49.09161],[2.54811,49.09176],[2.5481,49.09229],[2.5462,49.09203],[2.54609,49.0927],[2.54555,49.0927],[2.54579,49.09192],[2.54571,49.09081],[2.5447,49.09158],[2.5435,49.0922],[2.54043,49.09244],[2.53972,49.09226],[2.53805,49.09191],[2.53677,49.09168],[2.53573,49.09154],[2.53537,49.09153],[2.53216,49.09184],[2.53054,49.09191],[2.5311,49.09755],[2.53181,49.10545],[2.53251,49.11356],[2.53296,49.11951],[2.53427,49.11954],[2.5346,49.11959],[2.53474,49.11966],[2.53486,49.11964],[2.5362,49.11995],[2.53675,49.12011],[2.53791,49.12133],[2.53852,49.12176],[2.53858,49.12174],[2.53904,49.12184],[2.54207,49.12225]]]}},
{"type":"Feature","properties":{"ID":"COMMUNE_0000000009734530","INSEE_COM":"95061","INSEE_ARR":"3","INSEE_COL":"95D","INSEE_DEP":"95","INSEE_REG":"11","NOM":"Béthemont-la-Forêt","CL_DEPART":"Non","CL_REGION":"Non","SIREN_EPCI":"249500455","SIREN_SI":257500017,"NOM_SI":"S.E.D.I.F."},"geometry":{"type":"Polygon","coordinates":[[[2.23445,49.04954],[2.23536,49.04986],[2.23586,49.05012],[2.23577,49.05026],[2.23457,49.05144],[2.2361,49.05244],[2.23659,49.0519],[2.23699,49.05206],[2.23799,49.05255],[2.23831,49.05218],[2.24033,49.0532],[2.23974,49.05483],[2.23947,49.05488],[2.23891,49.05612],[2.24056,49.05632],[2.24106,49.05634],[2.2426,49.05655],[2.24253,49.05709],[2.24374,49.05712],[2.2438,49.05751],[2.24636,49.05874],[2.24612,49.0588],[2.2464,49.05924],[2.24761,49.0609],[2.24767,49.06196],[2.24817,49.06194],[2.24818,49.06208],[2.24835,49.06265],[2.24849,49.06289],[2.24878,49.06322],[2.24944,49.06385],[2.24945,49.0639],[2.25192,49.06631],[2.25195,49.06669],[2.25188,49.06767],[2.25177,49.06792],[2.25146,49.06834],[2.25129,49.06848],[2.25123,49.06864],[2.25125,49.06981],[2.25121,49.07028],[2.25173,49.07036],[2.25166,49.07069],[2.25384,49.07078],[2.25386,49.0709],[2.25529,49.0711],[2.25533,49.07092],[2.25545,49.07089],[2.25546,49.07084],[2.25687,49.07076],[2.2572,49.07069],[2.25777,49.07045],[2.25798,49.0703],[2.25821,49.06988],[2.25841,49.06961],[2.25863,49.06937],[2.25891,49.06913],[2.2594,49.06897],[2.26027,49.06878],[2.26037,49.06804],[2.26039,49.06711],[2.26061,49.06581],[2.26091,49.06455],[2.26123,49.0638],[2.26149,49.06236],[2.26136,49.06174],[2.26113,49.06105],[2.26109,49.0607],[2.26111,49.06021],[2.2612,49.06003],[2.26205,49.06003],[2.26235,49.05917],[2.26251,49.05847],[2.26246,49.05783],[2.26233,49.05755],[2.26214,49.05726],[2.26173,49.05676],[2.26163,49.05638],[2.26166,49.056],[2.26177,49.05577],[2.26197,49.05561],[2.26231,49.05547],[2.26172,49.0551],[2.2614,49.05484],[2.26103,49.05466],[2.26073,49.05437],[2.26036,49.05394],[2.25999,49.05376],[2.25923,49.05348],[2.25952,49.05309],[2.25954,49.05299],[2.25952,49.05001],[2.25956,49.04854],[2.25945,49.04358],[2.25378,49.04173],[2.25292,49.04138],[2.24295,49.04399],[2.24289,49.04403],[2.24288,49.0441],[2.24293,49.04424],[2.24304,49.04437],[2.2425,49.04428],[2.24199,49.04427],[2.24148,49.04436],[2.24083,49.04458],[2.24044,49.04478],[2.23947,49.04544],[2.23905,49.04603],[2.23903,49.04623],[2.23892,49.04651],[2.23874,49.04674],[2.23793,49.04756],[2.23775,49.04769],[2.23751,49.04777],[2.23673,49.04841],[2.23628,49.04856],[2.23476,49.04923],[2.23445,49.04954]]]}},
{"type":"Feature","properties":{"ID":"COMMUNE_0000000009734026","INSEE_COM":"95024","INSEE_ARR":"3","INSEE_COL":"95D","INSEE_DEP":"95","INSEE_REG":"11","NOM":"Arthies","CL_DEPART":"Non","CL_REGION":"Non","SIREN_EPCI":"249500513","SIREN_SI":259500718,"NOM_SI":"S.I. DES EAUX DE LA SOURCE DE SAINT ROMAIN"},"geometry":{"type":"Polygon","coordinates":[[[1.79312,49.11494],[1.79593,49.11352],[1.79645,49.11419],[1.8005,49.11193],[1.80079,49.11231],[1.80115,49.11263],[1.80825,49.11009],[1.80896,49.11095],[1.81535,49.10793],[1.81363,49.1066],[1.81845,49.10442],[1.81516,49.10173],[1.81407,49.10167],[1.81386,49.10162],[1.80951,49.09992],[1.80913,49.09986],[1.80775,49.09981],[1.81017,49.09734],[1.80529,49.09528],[1.80584,49.09475],[1.80652,49.0943],[1.80606,49.09388],[1.80374,49.09157],[1.80402,49.09114],[1.80391,49.09048],[1.80425,49.09007],[1.80406,49.08965],[1.80317,49.08871],[1.8023,49.08621],[1.80117,49.08579],[1.80156,49.08536],[1.80141,49.08491],[1.80163,49.08448],[1.80193,49.08372],[1.80244,49.08334],[1.8027,49.08297],[1.80288,49.08237],[1.80309,49.08219],[1.80618,49.08105],[1.80676,49.08087],[1.80811,49.08052],[1.80862,49.08033],[1.80972,49.08004],[1.80979,49.07922],[1.81052,49.07866],[1.81119,49.07825],[1.81143,49.07836],[1.81238,49.07902],[1.81294,49.07947],[1.81505,49.07671],[1.8152,49.07647],[1.81519,49.07632],[1.81479,49.07569],[1.81446,49.07535],[1.81349,49.07481],[1.81241,49.07416],[1.81091,49.07315],[1.81079,49.07308],[1.81059,49.07304],[1.81035,49.07304],[1.80906,49.07319],[1.8081,49.07328],[1.80681,49.07315],[1.80607,49.0732],[1.80549,49.07332],[1.80466,49.0736],[1.80418,49.07382],[1.80409,49.07376],[1.80167,49.07329],[1.79986,49.07289],[1.79682,49.07207],[1.7965,49.0725],[1.79572,49.07783],[1.79514,49.07834],[1.79546,49.07855],[1.79528,49.07917],[1.7938,49.08164],[1.79277,49.08228],[1.79199,49.08246],[1.79102,49.08287],[1.78993,49.08338],[1.7895,49.08364],[1.7885,49.08399],[1.78181,49.08714],[1.77958,49.08699],[1.77749,49.08707],[1.77699,49.08832],[1.77733,49.08933],[1.77764,49.08985],[1.7778,49.09049],[1.77996,49.09184],[1.78027,49.09253],[1.78047,49.09283],[1.7808,49.09348],[1.78087,49.0937],[1.78069,49.09372],[1.78067,49.09404],[1.78055,49.09439],[1.78055,49.09459],[1.78073,49.09558],[1.77927,49.09739],[1.78024,49.09785],[1.78037,49.09796],[1.78105,49.0987],[1.78183,49.10066],[1.78184,49.10457],[1.79127,49.1133],[1.79312,49.11494]]]}},
{"type":"Feature","properties":{"ID":"COMMUNE_0000000009734526","INSEE_COM":"95678","INSEE_ARR":"3","INSEE_COL":"95D","INSEE_DEP":"95","INSEE_REG":"11","NOM":"Villiers-Adam","CL_DEPART":"Non","CL_REGION":"Non","SIREN_EPCI":"249500455","SIREN_SI":257500017,"NOM_SI":"S.E.D.I.F."},"geometry":{"type":"Polygon","coordinates":[[[2.27391,49.07659],[2.27362,49.07655],[2.27337,49.07644],[2.27316,49.07616],[2.27291,49.07601],[2.272,49.07583],[2.27148,49.0756],[2.2708,49.07541],[2.27003,49.07508],[2.26985,49.07474],[2.26971,49.07433],[2.26939,49.07301],[2.26985,49.07093],[2.27025,49.07044],[2.27096,49.06983],[2.27181,49.06925],[2.27052,49.0687],[2.26978,49.06818],[2.26928,49.06752],[2.26864,49.06657],[2.26863,49.0665],[2.26667,49.06685],[2.26609,49.06699],[2.26576,49.0671],[2.26564,49.06721],[2.26555,49.06736],[2.26552,49.06755],[2.26561,49.06888],[2.26528,49.06995],[2.26519,49.07016],[2.2647,49.07085],[2.26375,49.07261],[2.26343,49.07313],[2.26009,49.07418],[2.25706,49.07526],[2.25656,49.07512],[2.25549,49.07339],[2.25661,49.07281],[2.25706,49.07236],[2.25548,49.07179],[2.25529,49.0711],[2.25386,49.0709],[2.25384,49.07078],[2.25166,49.07069],[2.25173,49.07036],[2.25121,49.07028],[2.25125,49.06981],[2.25123,49.06864],[2.25129,49.06848],[2.25146,49.06834],[2.25177,49.06792],[2.25188,49.06767],[2.25195,49.06669],[2.25192,49.06631],[2.24945,49.0639],[2.24944,49.06385],[2.24878,49.06322],[2.24849,49.06289],[2.24835,49.06265],[2.24818,49.06208],[2.24817,49.06194],[2.24767,49.06196],[2.24761,49.0609],[2.2464,49.05924],[2.24612,49.0588],[2.24636,49.05874],[2.2438,49.05751],[2.24374,49.05712],[2.24253,49.05709],[2.2426,49.05655],[2.24106,49.05634],[2.24056,49.05632],[2.23891,49.05612],[2.23947,49.05488],[2.23974,49.05483],[2.24033,49.0532],[2.23831,49.05218],[2.23799,49.05255],[2.23699,49.05206],[2.23659,49.0519],[2.2361,49.05244],[2.23457,49.05144],[2.23577,49.05026],[2.23586,49.05012],[2.23536,49.04986],[2.23445,49.04954],[2.23424,49.04989],[2.23409,49.05033],[2.23397,49.05045],[2.23376,49.051],[2.23208,49.0516],[2.23198,49.05151],[2.23119,49.05188],[2.23088,49.05196],[2.23035,49.05226],[2.22974,49.05248],[2.22927,49.05256],[2.22913,49.05255],[2.22891,49.05258],[2.22785,49.05281],[2.22699,49.05284],[2.22648,49.05274],[2.2261,49.0528],[2.22508,49.05305],[2.22402,49.05339],[2.22365,49.05344],[2.22353,49.05351],[2.22342,49.05351],[2.22173,49.05385],[2.22156,49.05393],[2.22092,49.05388],[2.21947,49.05384],[2.21876,49.05377],[2.21832,49.05437],[2.21815,49.05437],[2.21777,49.05446],[2.21733,49.05463],[2.21696,49.05485],[2.21687,49.05493],[2.21672,49.05532],[2.21639,49.05578],[2.2134,49.05827],[2.21308,49.05859],[2.21269,49.05925],[2.21217,49.05894],[2.21127,49.05858],[2.21086,49.05837],[2.21029,49.05801],[2.20802,49.05872],[2.20715,49.0592],[2.20667,49.05986],[2.20651,49.06026],[2.20645,49.06069],[2.2063,49.06084],[2.20622,49.06086],[2.20562,49.06087],[2.20456,49.06081],[2.20418,49.06082],[2.2038,49.06096],[2.20373,49.061],[2.20449,49.06153],[2.20452,49.06165],[2.20442,49.06246],[2.20326,49.06346],[2.20282,49.06484],[2.20272,49.06494],[2.20621,49.0657],[2.21009,49.06587],[2.21008,49.06572],[2.21447,49.06527],[2.21456,49.06535],[2.21466,49.06578],[2.2159,49.06556],[2.21647,49.06565],[2.21731,49.06636],[2.21842,49.06719],[2.22049,49.07036],[2.22174,49.07217],[2.22201,49.07251],[2.22248,49.07328],[2.22403,49.07547],[2.2245,49.07548],[2.22467,49.0754],[2.22485,49.07553],[2.22506,49.07602],[2.22693,49.0768],[2.22936,49.07742],[2.2296,49.07742],[2.22997,49.07735],[2.23187,49.07668],[2.23341,49.07618],[2.23384,49.07646],[2.23394,49.07664],[2.23378,49.0768],[2.23381,49.07705],[2.2339,49.07714],[2.23457,49.08074],[2.2346,49.0811],[2.23585,49.08755],[2.23699,49.08745],[2.24027,49.0874],[2.24115,49.08724],[2.24364,49.08663],[2.24407,49.08648],[2.24549,49.08633],[2.2457,49.08642],[2.24661,49.08628],[2.24693,49.08629],[2.24737,49.08625],[2.24817,49.08611],[2.24904,49.08586],[2.25132,49.08506],[2.25123,49.08624],[2.25063,49.09087],[2.25781,49.09126],[2.2579,49.09129],[2.25765,49.08563],[2.25749,49.0839],[2.25791,49.08369],[2.26157,49.08205],[2.26586,49.08015],[2.26772,49.07937],[2.2692,49.07867],[2.27391,49.07659]]]}},
{"type":"Feature","properties":{"ID":"COMMUNE_0000000009733518","INSEE_COM":"95303","INSEE_ARR":"3","INSEE_COL":"95D","INSEE_DEP":"95","INSEE_REG":"11","NOM":"Le Heaulme","CL_DEPART":"Non","CL_REGION":"Non","SIREN_EPCI":"200035970","SIREN_SI":259502649,"NOM_SI":"S.I. DES EAUX DU VAL DE VIOSNE"},"geometry":{"type":"Polygon","coordinates":[[[1.99586,49.1589],[1.9949,49.16031],[1.99378,49.16049],[1.99368,49.16043],[1.99242,49.16145],[1.99227,49.16135],[1.99122,49.16163],[1.99114,49.16156],[1.99012,49.16183],[1.99028,49.16206],[1.9892,49.16234],[1.98941,49.1627],[1.98911,49.16281],[1.98923,49.16294],[1.98952,49.16285],[1.99014,49.16321],[1.99002,49.16363],[1.9897,49.16431],[1.98994,49.16434],[1.98982,49.16461],[1.99003,49.16464],[1.98995,49.16602],[1.99092,49.16593],[1.99087,49.16605],[1.99086,49.16744],[1.99114,49.16776],[1.99176,49.16867],[1.99266,49.16984],[1.99182,49.17051],[1.9927,49.17115],[1.9916,49.17213],[1.99253,49.17259],[1.99235,49.17277],[1.99491,49.17386],[1.99546,49.17407],[1.99579,49.17412],[1.99701,49.17442],[1.99804,49.17489],[1.99897,49.17519],[2.00091,49.17398],[2.00087,49.17389],[2.0016,49.17331],[2.00182,49.1734],[2.00243,49.17303],[2.00292,49.1735],[2.00385,49.17339],[2.00449,49.1732],[2.00482,49.17292],[2.00619,49.17314],[2.00666,49.17313],[2.0071,49.17307],[2.01017,49.16916],[2.01036,49.16912],[2.01028,49.16902],[2.01174,49.1674],[2.01142,49.16729],[2.0123,49.1662],[2.0093,49.1629],[2.00658,49.16157],[2.00367,49.16082],[2.00208,49.16077],[2.00189,49.16065],[2.00029,49.16044],[1.99903,49.16019],[1.99606,49.15924],[1.99586,49.1589]]]}},
{"type":"Feature","properties":{"ID":"COMMUNE_0000000009735018","INSEE_COM":"95492","INSEE_ARR":"2","INSEE_COL":"95D","INSEE_DEP":"95","INSEE_REG":"11","NOM":"Le Plessis-Gassot","CL_DEPART":"Non","CL_REGION":"Non","SIREN_EPCI":"200055655","SIREN_SI":200091940,"NOM_SI":"SMAEP DAMONA"},"geometry":{"type":"Polygon","coordinates":[[[2.41076,49.02412],[2.41002,49.02415],[2.40904,49.02467],[2.40901,49.02466],[2.40864,49.0249],[2.40833,49.02505],[2.40747,49.02567],[2.40702,49.02618],[2.40693,49.02637],[2.40668,49.02662],[2.40653,49.02691],[2.40607,49.02735],[2.40586,49.02766],[2.40562,49.02833],[2.40455,49.02956],[2.40313,49.03074],[2.40291,49.03096],[2.40132,49.03301],[2.40092,49.03378],[2.40074,49.03429],[2.40052,49.03517],[2.40046,49.03581],[2.4006,49.03603],[2.40094,49.03686],[2.40093,49.03717],[2.40086,49.03748],[2.40063,49.03785],[2.3997,49.0386],[2.39933,49.03899],[2.39912,49.03933],[2.39913,49.03955],[2.39953,49.04071],[2.39969,49.04153],[2.39985,49.04194],[2.40012,49.04241],[2.40163,49.0456],[2.40173,49.04546],[2.40209,49.04513],[2.40286,49.04463],[2.40342,49.04416],[2.40743,49.04545],[2.41637,49.0484],[2.41724,49.04776],[2.41778,49.04724],[2.4184,49.04649],[2.41931,49.04522],[2.41974,49.04472],[2.4217,49.0428],[2.42191,49.04262],[2.42197,49.0426],[2.42224,49.04219],[2.42227,49.04194],[2.42439,49.04081],[2.42778,49.03889],[2.43045,49.03728],[2.4306,49.03709],[2.43241,49.03554],[2.43379,49.03484],[2.43448,49.03452],[2.43415,49.03394],[2.43358,49.03423],[2.43256,49.0326],[2.42834,49.02803],[2.42369,49.02924],[2.4236,49.02865],[2.42345,49.02809],[2.42331,49.0278],[2.42308,49.02747],[2.42255,49.02698],[2.42174,49.02645],[2.42133,49.0261],[2.42072,49.02525],[2.41997,49.02606],[2.41924,49.02667],[2.4188,49.02711],[2.41852,49.02732],[2.41777,49.02771],[2.41692,49.0286],[2.41635,49.02789],[2.41534,49.02702],[2.41473,49.02655],[2.41401,49.02614],[2.41342,49.02567],[2.41292,49.02498],[2.41281,49.02473],[2.41264,49.02408],[2.41126,49.0246],[2.41076,49.02412]]]}},
{"type":"Feature","properties":{"ID":"COMMUNE_0000000009735038","INSEE_COM":"95219","INSEE_ARR":"1","INSEE_COL":"95D","INSEE_DEP":"95","INSEE_REG":"11","NOM":"Ermont","CL_DEPART":"Non","CL_REGION":"Non","SIREN_EPCI":"200058485","SIREN_SI":257500017,"NOM_SI":"S.E.D.I.F."},"geometry":{"type":"Polygon","coordinates":[[[2.27384,48.97678],[2.27366,48.97659],[2.27277,48.97686],[2.27188,48.97704],[2.27129,48.97705],[2.27056,48.97692],[2.27031,48.97719],[2.26763,48.97675],[2.26765,48.97667],[2.2675,48.97648],[2.26671,48.97629],[2.26331,48.97667],[2.26148,48.97724],[2.25837,48.97861],[2.25796,48.97875],[2.25622,48.97889],[2.25619,48.97832],[2.25457,48.97847],[2.25079,48.97921],[2.25023,48.97924],[2.24914,48.97937],[2.24683,48.97986],[2.24676,48.9797],[2.24544,48.98005],[2.24568,48.98028],[2.24621,48.98093],[2.24627,48.9812],[2.24331,48.98171],[2.24279,48.98233],[2.24292,48.98296],[2.24308,48.98329],[2.2432,48.98367],[2.2428,48.98357],[2.24409,48.98632],[2.24373,48.98874],[2.24356,48.99046],[2.24322,48.99055],[2.24355,48.99125],[2.24249,48.99151],[2.24298,48.9921],[2.24208,48.99244],[2.24369,48.99422],[2.24847,48.99913],[2.24913,48.99974],[2.25037,49.0007],[2.25115,49.00102],[2.25221,49.00185],[2.25327,49.00162],[2.25469,49.00097],[2.25613,49.00025],[2.25645,48.99989],[2.2572,48.99981],[2.25824,48.9996],[2.25851,48.9995],[2.25873,48.99948],[2.25921,48.99936],[2.2608,48.99891],[2.26152,48.99874],[2.26519,48.99756],[2.26414,48.99625],[2.26522,48.99586],[2.26477,48.99531],[2.26507,48.99522],[2.26489,48.99485],[2.26501,48.99482],[2.26486,48.99449],[2.26536,48.9944],[2.2652,48.99397],[2.26557,48.9939],[2.26525,48.99318],[2.26656,48.99276],[2.26685,48.99261],[2.26571,48.99109],[2.26698,48.9906],[2.26632,48.98943],[2.26632,48.98936],[2.26613,48.98912],[2.26603,48.98916],[2.26535,48.98829],[2.26523,48.98832],[2.26447,48.98738],[2.26565,48.98697],[2.26877,48.98582],[2.27243,48.98464],[2.27175,48.98285],[2.27106,48.98175],[2.27171,48.98107],[2.27168,48.98104],[2.27214,48.98035],[2.27293,48.97891],[2.27372,48.97804],[2.27316,48.97762],[2.27278,48.97713],[2.27329,48.97701],[2.27384,48.97678]]]}},
{"type":"Feature","properties":{"ID":"COMMUNE_0000000009734501","INSEE_COM":"95675","INSEE_ARR":"2","INSEE_COL":"95D","INSEE_DEP":"95","INSEE_REG":"11","NOM":"Villeron","CL_DEPART":"Non","CL_REGION":"Non","SIREN_EPCI":"200055655","SIREN_SI":259500577,"NOM_SI":"S.I. D'EXPLOITATION DES CHAMPS CAPTANTS D'ASNIERES-SUR-OISE (S.I.E.C.C.A.O.)"},"geometry":{"type":"Polygon","coordinates":[[[2.54995,49.05321],[2.54839,49.05329],[2.54797,49.05252],[2.54755,49.05259],[2.54736,49.05259],[2.54669,49.05159],[2.54657,49.0513],[2.5458,49.05134],[2.54503,49.05006],[2.54165,49.05095],[2.54122,49.05026],[2.54017,49.05038],[2.54021,49.05073],[2.53982,49.05074],[2.53974,49.05065],[2.53797,49.05072],[2.53795,49.05126],[2.53632,49.05116],[2.53586,49.05088],[2.53575,49.05049],[2.53553,49.04911],[2.53538,49.04912],[2.53472,49.04722],[2.53343,49.04705],[2.53327,49.04594],[2.53087,49.04595],[2.53046,49.04522],[2.53008,49.04521],[2.52937,49.04385],[2.5305,49.04373],[2.53034,49.0431],[2.52913,49.04303],[2.52839,49.03989],[2.52805,49.03994],[2.52786,49.03948],[2.52832,49.03939],[2.52803,49.03815],[2.52699,49.03856],[2.5266,49.03862],[2.52611,49.03861],[2.52709,49.04182],[2.52691,49.04192],[2.52678,49.04284],[2.52692,49.04407],[2.52723,49.04471],[2.52793,49.04569],[2.528,49.04596],[2.52804,49.04661],[2.52797,49.04673],[2.52796,49.04714],[2.52801,49.04778],[2.52823,49.0489],[2.52779,49.049],[2.52763,49.04876],[2.52711,49.04887],[2.52724,49.04912],[2.52658,49.04926],[2.52729,49.05028],[2.52552,49.05051],[2.51831,49.05163],[2.51653,49.05185],[2.51527,49.05278],[2.52749,49.06847],[2.52804,49.06929],[2.5283,49.06986],[2.52848,49.07066],[2.52925,49.07845],[2.53482,49.07993],[2.53508,49.07892],[2.53581,49.077],[2.53705,49.07818],[2.53897,49.07788],[2.53896,49.0766],[2.53943,49.07659],[2.53913,49.07551],[2.53997,49.07555],[2.54003,49.07548],[2.54013,49.07491],[2.54061,49.07306],[2.54072,49.07295],[2.54084,49.0719],[2.54238,49.07119],[2.5429,49.07107],[2.54642,49.07073],[2.54623,49.07041],[2.54726,49.07021],[2.5469,49.06815],[2.54712,49.0677],[2.54776,49.06782],[2.54821,49.06638],[2.54825,49.06553],[2.54805,49.06552],[2.54981,49.06284],[2.55266,49.06039],[2.55116,49.0602],[2.54971,49.05714],[2.55012,49.05713],[2.55367,49.05957],[2.55423,49.05904],[2.55258,49.05775],[2.55137,49.05707],[2.55173,49.05669],[2.55098,49.05646],[2.55075,49.05636],[2.55068,49.05622],[2.55076,49.05542],[2.55075,49.05499],[2.55016,49.05501],[2.55013,49.05497],[2.54995,49.05321]]]}},
{"type":"Feature","properties":{"ID":"COMMUNE_0000000009734547","INSEE_COM":"95170","INSEE_ARR":"3","INSEE_COL":"95D","INSEE_DEP":"95","INSEE_REG":"11","NOM":"Condécourt","CL_DEPART":"Non","CL_REGION":"Non","SIREN_EPCI":"200035970","SIREN_SI":259501278,"NOM_SI":"SYNDICAT INTERCOMMUNAL DES EAUX DE LA VIOSNE, DE L’AUBETTE ET DE LA MONTCIENT (SIEVAM)"},"geometry":{"type":"Polygon","coordinates":[[[1.9549,49.02472],[1.95476,49.02473],[1.9544,49.02467],[1.95237,49.02451],[1.95121,49.02447],[1.94952,49.02429],[1.94941,49.02516],[1.94919,49.02587],[1.94869,49.02582],[1.9486,49.02615],[1.94845,49.02643],[1.94847,49.0265],[1.94852,49.02653],[1.9472,49.02659],[1.94644,49.02648],[1.94574,49.026],[1.94539,49.0257],[1.94446,49.02379],[1.94396,49.02394],[1.94262,49.02399],[1.94229,49.02393],[1.94194,49.02373],[1.94111,49.02347],[1.94058,49.02318],[1.93968,49.02253],[1.93924,49.0223],[1.93814,49.02192],[1.93797,49.02189],[1.93782,49.02191],[1.93745,49.02222],[1.9366,49.02306],[1.93532,49.02442],[1.93488,49.02483],[1.93427,49.02562],[1.93445,49.02572],[1.93337,49.02676],[1.93311,49.02669],[1.93227,49.02781],[1.93148,49.02845],[1.93123,49.02837],[1.93054,49.02902],[1.92669,49.03221],[1.92513,49.03325],[1.9235,49.03504],[1.92298,49.03482],[1.92253,49.03521],[1.92233,49.03505],[1.918,49.03744],[1.91837,49.03796],[1.91649,49.03961],[1.9158,49.03989],[1.91232,49.04147],[1.9129,49.0428],[1.9132,49.04388],[1.9145,49.04657],[1.91529,49.0485],[1.91541,49.0488],[1.91554,49.04942],[1.91581,49.05023],[1.91652,49.05211],[1.91811,49.05159],[1.91891,49.05145],[1.92022,49.05115],[1.92123,49.051],[1.92111,49.05116],[1.92118,49.05128],[1.92229,49.05106],[1.92245,49.05138],[1.92252,49.05138],[1.92329,49.05125],[1.9243,49.05096],[1.9263,49.05045],[1.92656,49.05044],[1.92734,49.05046],[1.92793,49.05056],[1.92851,49.05075],[1.92888,49.0508],[1.92941,49.05081],[1.92933,49.05043],[1.93066,49.05043],[1.93054,49.05031],[1.93172,49.05008],[1.93178,49.05018],[1.93269,49.04983],[1.93322,49.04975],[1.93341,49.04966],[1.93356,49.04964],[1.93397,49.04942],[1.93442,49.04912],[1.93504,49.04879],[1.93539,49.04869],[1.93655,49.04851],[1.93772,49.04827],[1.93899,49.04822],[1.94106,49.04859],[1.94127,49.0486],[1.94149,49.0487],[1.94175,49.04891],[1.94277,49.04987],[1.94321,49.0501],[1.94353,49.05032],[1.94424,49.05096],[1.94451,49.05095],[1.94454,49.05099],[1.94488,49.05114],[1.94498,49.05113],[1.94519,49.05101],[1.94548,49.05073],[1.94603,49.05031],[1.94621,49.05007],[1.94671,49.04962],[1.94706,49.04914],[1.9472,49.04858],[1.94756,49.04869],[1.94801,49.0489],[1.9486,49.04912],[1.94782,49.04738],[1.94774,49.04731],[1.94763,49.04666],[1.94733,49.04567],[1.94716,49.04496],[1.94718,49.04492],[1.94742,49.04493],[1.94743,49.04504],[1.9482,49.04486],[1.94838,49.04374],[1.94832,49.0432],[1.94805,49.04286],[1.94827,49.04282],[1.9482,49.04268],[1.94892,49.04257],[1.9499,49.04237],[1.95049,49.04218],[1.94961,49.04162],[1.94888,49.04124],[1.94914,49.04107],[1.94892,49.04037],[1.94988,49.04049],[1.95043,49.04051],[1.9507,49.04046],[1.95095,49.04034],[1.95106,49.04025],[1.95118,49.04023],[1.95232,49.0404],[1.95326,49.04045],[1.95417,49.04038],[1.95517,49.04019],[1.95552,49.03993],[1.95545,49.03991],[1.95597,49.03913],[1.95612,49.03898],[1.95665,49.03859],[1.95774,49.03762],[1.95903,49.03637],[1.96019,49.03553],[1.96089,49.03481],[1.96028,49.03327],[1.96017,49.03279],[1.96029,49.02942],[1.95887,49.02804],[1.95859,49.02773],[1.95841,49.0265],[1.95438,49.0257],[1.95486,49.02488],[1.9549,49.02472]]]}},
{"type":"Feature","properties":{"ID":"COMMUNE_0000000009733514","INSEE_COM":"95059","INSEE_ARR":"3","INSEE_COL":"95D","INSEE_DEP":"95","INSEE_REG":"11","NOM":"Berville","CL_DEPART":"Non","CL_REGION":"Non","SIREN_EPCI":"200035970","SIREN_SI":259501831,"NOM_SI":"S.I. D'ALIMENTATION EN EAU POTABLE D'ARRONVILLE-BERVILLE"},"geometry":{"type":"Polygon","coordinates":[[[2.038,49.19217],[2.03824,49.19238],[2.03863,49.19253],[2.03853,49.19264],[2.03944,49.19344],[2.03966,49.19316],[2.04116,49.19372],[2.04281,49.19439],[2.04241,49.19487],[2.043,49.19476],[2.04349,49.19484],[2.04623,49.19642],[2.04691,49.19594],[2.047,49.1959],[2.04732,49.19869],[2.05579,49.19894],[2.06684,49.20286],[2.07251,49.20418],[2.07214,49.20434],[2.07263,49.20618],[2.07354,49.20743],[2.07481,49.20884],[2.0771,49.20874],[2.07726,49.20991],[2.08074,49.21072],[2.08069,49.2098],[2.08047,49.20885],[2.07924,49.20657],[2.07897,49.20592],[2.08033,49.20582],[2.08069,49.20694],[2.08267,49.20685],[2.08236,49.20566],[2.08343,49.20556],[2.0847,49.20587],[2.0871,49.20773],[2.08792,49.20913],[2.09093,49.20864],[2.09036,49.20606],[2.09137,49.20499],[2.09045,49.20169],[2.09218,49.2012],[2.09127,49.19988],[2.09033,49.19823],[2.09253,49.19747],[2.09185,49.19666],[2.09272,49.19625],[2.09265,49.19532],[2.09093,49.19561],[2.0889,49.19615],[2.08905,49.19378],[2.09081,49.19381],[2.09228,49.19418],[2.09248,49.19363],[2.09247,49.19341],[2.09583,49.19164],[2.09532,49.19011],[2.0931,49.19042],[2.09225,49.19037],[2.09182,49.19032],[2.08986,49.19039],[2.08915,49.19034],[2.08907,49.18998],[2.08829,49.18762],[2.08606,49.18797],[2.08536,49.18694],[2.084,49.1859],[2.08511,49.18529],[2.08545,49.18506],[2.08526,49.18478],[2.08441,49.18314],[2.08138,49.18007],[2.0755,49.17462],[2.07679,49.17477],[2.07635,49.17332],[2.07384,49.17404],[2.07322,49.17424],[2.07304,49.17421],[2.07289,49.1744],[2.07229,49.17494],[2.0712,49.17572],[2.07044,49.17615],[2.06515,49.17856],[2.06226,49.17982],[2.06077,49.18055],[2.05827,49.18161],[2.05777,49.18195],[2.05624,49.18322],[2.05592,49.18353],[2.05532,49.18393],[2.0533,49.18428],[2.05204,49.18508],[2.05053,49.1844],[2.0487,49.18381],[2.0484,49.18425],[2.04641,49.1856],[2.04574,49.18814],[2.04573,49.18855],[2.046,49.1901],[2.04338,49.19038],[2.04184,49.19058],[2.04158,49.19003],[2.04108,49.19008],[2.04049,49.19023],[2.04042,49.19007],[2.03919,49.19065],[2.03952,49.1913],[2.03821,49.1914],[2.03818,49.19184],[2.038,49.19217]]]}},
{"type":"Feature","properties":{"ID":"COMMUNE_0000000009733981","INSEE_COM":"95594","INSEE_ARR":"2","INSEE_COL":"95D","INSEE_DEP":"95","INSEE_REG":"11","NOM":"Seugy","CL_DEPART":"Non","CL_REGION":"Non","SIREN_EPCI":"200073013","SIREN_SI":259500577,"NOM_SI":"S.I. D'EXPLOITATION DES CHAMPS CAPTANTS D'ASNIERES-SUR-OISE (S.I.E.C.C.A.O.)"},"geometry":{"type":"Polygon","coordinates":[[[2.39604,49.11566],[2.38914,49.11652],[2.38926,49.11727],[2.38701,49.11758],[2.38624,49.11733],[2.38586,49.11737],[2.38523,49.1175],[2.3847,49.11766],[2.38456,49.11776],[2.38392,49.11804],[2.38369,49.11839],[2.38399,49.11892],[2.38425,49.11913],[2.38457,49.1192],[2.38474,49.11943],[2.38484,49.1197],[2.38502,49.12109],[2.38482,49.123],[2.38471,49.12328],[2.38455,49.1243],[2.38447,49.12451],[2.38463,49.12454],[2.38423,49.12618],[2.38413,49.1265],[2.38392,49.12647],[2.38345,49.12714],[2.3833,49.12724],[2.38517,49.1279],[2.38512,49.128],[2.38585,49.12812],[2.38576,49.12844],[2.38638,49.12854],[2.3866,49.12905],[2.38772,49.12894],[2.39031,49.12861],[2.39174,49.12848],[2.3928,49.12845],[2.3934,49.12837],[2.39391,49.12818],[2.3942,49.12803],[2.3944,49.12743],[2.39499,49.1272],[2.39568,49.12703],[2.39649,49.12716],[2.39663,49.12677],[2.39676,49.1267],[2.39723,49.12657],[2.39851,49.12719],[2.39924,49.12738],[2.40139,49.12695],[2.40287,49.12886],[2.4048,49.12868],[2.40576,49.12841],[2.40667,49.12744],[2.40784,49.12631],[2.40784,49.12622],[2.40736,49.126],[2.4051,49.1247],[2.40428,49.12429],[2.40311,49.12326],[2.40208,49.12271],[2.40035,49.1219],[2.39962,49.12142],[2.39924,49.12111],[2.39873,49.12048],[2.39887,49.1203],[2.39982,49.12007],[2.40058,49.11976],[2.40188,49.1194],[2.40153,49.11832],[2.40177,49.11817],[2.40194,49.11814],[2.40187,49.11791],[2.40152,49.11769],[2.40037,49.11711],[2.40002,49.11679],[2.39989,49.11625],[2.39847,49.11635],[2.39647,49.11634],[2.39604,49.11566]]]}},
{"type":"Feature","properties":{"ID":"COMMUNE_0000000009733512","INSEE_COM":"95611","INSEE_ARR":"3","INSEE_COL":"95D","INSEE_DEP":"95","INSEE_REG":"11","NOM":"Theuville","CL_DEPART":"Non","CL_REGION":"Non","SIREN_EPCI":"200035970","SIREN_SI":259502649,"NOM_SI":"S.I. DES EAUX DU VAL DE VIOSNE"},"geometry":{"type":"Polygon","coordinates":[[[2.08499,49.15261],[2.08471,49.1493],[2.08485,49.14868],[2.08457,49.14866],[2.08433,49.14769],[2.08311,49.14772],[2.08153,49.14785],[2.08027,49.14702],[2.07997,49.14659],[2.07996,49.14646],[2.08001,49.14634],[2.0802,49.14612],[2.08058,49.14549],[2.0803,49.14562],[2.07999,49.14535],[2.07982,49.14537],[2.07914,49.14534],[2.07897,49.1453],[2.07848,49.14531],[2.07792,49.14522],[2.07772,49.1455],[2.07652,49.14564],[2.07573,49.14585],[2.07573,49.14574],[2.0743,49.14494],[2.07393,49.14479],[2.07388,49.14497],[2.07266,49.14466],[2.07255,49.14401],[2.07125,49.14415],[2.07043,49.1441],[2.06966,49.14377],[2.06931,49.14365],[2.06765,49.14327],[2.06739,49.14336],[2.06718,49.14339],[2.06679,49.14357],[2.0665,49.14341],[2.06536,49.14385],[2.06483,49.14418],[2.06496,49.14427],[2.06417,49.14465],[2.06295,49.14507],[2.06219,49.14568],[2.06085,49.147],[2.0605,49.14758],[2.06046,49.14785],[2.06047,49.14856],[2.06056,49.14898],[2.06054,49.14994],[2.06107,49.15068],[2.0612,49.15117],[2.06106,49.15162],[2.06088,49.1519],[2.06088,49.15255],[2.06038,49.15275],[2.05973,49.15292],[2.0589,49.15319],[2.05881,49.15347],[2.05797,49.15362],[2.05626,49.15405],[2.05598,49.15425],[2.05528,49.15488],[2.05487,49.15509],[2.05429,49.1553],[2.05289,49.15565],[2.05214,49.15577],[2.05116,49.15579],[2.04966,49.15575],[2.04932,49.15578],[2.04957,49.1574],[2.04879,49.15753],[2.04882,49.15842],[2.04886,49.15866],[2.04885,49.159],[2.04844,49.16043],[2.04842,49.16077],[2.04828,49.16079],[2.04842,49.16174],[2.04888,49.16208],[2.04909,49.162],[2.04956,49.16256],[2.05185,49.1626],[2.05454,49.16293],[2.05742,49.16344],[2.05726,49.16385],[2.06021,49.16448],[2.06061,49.16529],[2.06082,49.16526],[2.06164,49.16671],[2.06216,49.16657],[2.06427,49.16792],[2.06558,49.16868],[2.06658,49.16913],[2.06858,49.17021],[2.07276,49.16993],[2.07311,49.16736],[2.07484,49.16513],[2.0751,49.16418],[2.07554,49.16316],[2.07737,49.16339],[2.07736,49.16207],[2.07877,49.16206],[2.08081,49.16179],[2.08096,49.16216],[2.08154,49.16279],[2.08279,49.16296],[2.08362,49.1628],[2.08723,49.16319],[2.0872,49.16158],[2.08709,49.16055],[2.08623,49.15771],[2.08536,49.15515],[2.08499,49.15261]]]}},
{"type":"Feature","properties":{"ID":"COMMUNE_0000000009735031","INSEE_COM":"95426","INSEE_ARR":"2","INSEE_COL":"95D","INSEE_DEP":"95","INSEE_REG":"11","NOM":"Montlignon","CL_DEPART":"Non","CL_REGION":"Non","SIREN_EPCI":"200056380","SIREN_SI":257500017,"NOM_SI":"S.E.D.I.F."},"geometry":{"type":"Polygon","coordinates":[[[2.28299,49.00304],[2.28146,49.00354],[2.28103,49.00362],[2.28037,49.00383],[2.27832,49.00467],[2.27656,49.00544],[2.27492,49.00606],[2.27321,49.00644],[2.27418,49.00766],[2.27493,49.0074],[2.2752,49.00777],[2.27536,49.00771],[2.27555,49.00793],[2.27626,49.00766],[2.27674,49.00806],[2.27707,49.00855],[2.27725,49.00873],[2.27728,49.00874],[2.27745,49.0087],[2.2779,49.00857],[2.27857,49.00947],[2.27892,49.01043],[2.27928,49.01093],[2.27967,49.0108],[2.27976,49.01091],[2.28071,49.01061],[2.2814,49.01163],[2.28153,49.01187],[2.28158,49.01218],[2.28157,49.01284],[2.28165,49.01403],[2.28158,49.01447],[2.28119,49.0153],[2.28112,49.01555],[2.28112,49.01684],[2.28075,49.01721],[2.28108,49.01737],[2.28224,49.01814],[2.28307,49.01874],[2.28421,49.01965],[2.2846,49.0199],[2.28498,49.02007],[2.28548,49.02016],[2.28588,49.0203],[2.28601,49.02264],[2.28732,49.02247],[2.28744,49.02156],[2.28831,49.02197],[2.28909,49.02136],[2.28928,49.0216],[2.28989,49.02224],[2.29023,49.0225],[2.29121,49.02378],[2.2915,49.02404],[2.29176,49.02437],[2.29197,49.02476],[2.29208,49.02517],[2.29211,49.02606],[2.29242,49.02663],[2.2931,49.02874],[2.2941,49.0275],[2.29446,49.02717],[2.29482,49.02691],[2.29495,49.02688],[2.29566,49.02722],[2.30145,49.02409],[2.30165,49.02305],[2.30219,49.0229],[2.30233,49.02227],[2.30256,49.02182],[2.30261,49.02153],[2.30309,49.02128],[2.30311,49.0212],[2.3031,49.0211],[2.30298,49.02092],[2.30208,49.02037],[2.30192,49.02012],[2.30183,49.01989],[2.30167,49.01968],[2.30114,49.01927],[2.30033,49.01895],[2.30022,49.01884],[2.30008,49.01856],[2.30006,49.01831],[2.30012,49.01802],[2.30032,49.0175],[2.3004,49.01738],[2.30022,49.01708],[2.3009,49.01669],[2.30158,49.01598],[2.3015,49.01586],[2.30111,49.01552],[2.29985,49.01486],[2.29811,49.01187],[2.29713,49.01095],[2.2957,49.01069],[2.29532,49.01032],[2.29523,49.01001],[2.29478,49.0094],[2.29461,49.00907],[2.29406,49.00926],[2.29362,49.0086],[2.29298,49.00773],[2.29286,49.00761],[2.29282,49.0076],[2.29218,49.00779],[2.29169,49.0071],[2.29223,49.00697],[2.29202,49.00661],[2.29169,49.00667],[2.2915,49.00638],[2.29086,49.00659],[2.29033,49.00653],[2.28919,49.00589],[2.28433,49.00257],[2.28396,49.00267],[2.28299,49.00304]]]}},
{"type":"Feature","properties":{"ID":"COMMUNE_0000000009735046","INSEE_COM":"95323","INSEE_ARR":"3","INSEE_COL":"95D","INSEE_DEP":"95","INSEE_REG":"11","NOM":"Jouy-le-Moutier","CL_DEPART":"Non","CL_REGION":"Non","SIREN_EPCI":"249500109","SIREN_SI":249500109,"NOM_SI":"COMMUNAUTE D'AGGLOMERATION DE CERGY-PONTOISE"},"geometry":{"type":"Polygon","coordinates":[[[2.02365,48.99795],[2.02357,48.99801],[2.02196,48.99875],[2.02072,48.9992],[2.01878,48.99979],[2.01713,49.00027],[2.0145,49.0011],[2.01415,49.00117],[2.0133,49.00127],[2.01266,49.00205],[2.01187,49.00359],[2.01198,49.0046],[2.00954,49.00637],[2.00728,49.00836],[2.00822,49.00837],[2.00842,49.00843],[2.00895,49.0087],[2.00996,49.00936],[2.01022,49.00947],[2.01039,49.00949],[2.0094,49.0108],[2.0087,49.01148],[2.00927,49.01169],[2.01118,49.01259],[2.01343,49.01357],[2.01468,49.01401],[2.01512,49.0142],[2.01498,49.01442],[2.01374,49.01557],[2.01383,49.01736],[2.0137,49.0175],[2.01229,49.01743],[2.01159,49.01757],[2.01102,49.01918],[2.01084,49.02066],[2.01429,49.02087],[2.02146,49.02111],[2.02192,49.02105],[2.0288,49.01897],[2.02881,49.019],[2.0289,49.01898],[2.02924,49.01967],[2.0324,49.02029],[2.03192,49.02122],[2.03188,49.02126],[2.03182,49.02126],[2.03172,49.02131],[2.03163,49.02141],[2.03165,49.02153],[2.03177,49.02164],[2.03191,49.02168],[2.03234,49.02163],[2.03295,49.02167],[2.03304,49.02171],[2.03399,49.02186],[2.03454,49.02199],[2.03481,49.02209],[2.0351,49.02237],[2.03514,49.02248],[2.03469,49.02314],[2.03514,49.0235],[2.03531,49.0236],[2.03572,49.02372],[2.03676,49.02385],[2.03726,49.02385],[2.03704,49.02436],[2.03746,49.02456],[2.03781,49.02465],[2.04077,49.0257],[2.04129,49.02511],[2.0428,49.02306],[2.04334,49.0225],[2.04421,49.02201],[2.04543,49.02122],[2.04856,49.01879],[2.05106,49.01714],[2.05324,49.0158],[2.05367,49.0155],[2.05413,49.01524],[2.05534,49.01472],[2.05657,49.01397],[2.05866,49.01239],[2.06111,49.01077],[2.06141,49.01055],[2.06202,49.01001],[2.06413,49.00846],[2.06369,49.00814],[2.06164,49.00721],[2.05939,49.00626],[2.05745,49.00575],[2.05752,49.00565],[2.05731,49.00552],[2.05696,49.00538],[2.0563,49.00526],[2.05502,49.00521],[2.05463,49.00514],[2.05391,49.00489],[2.0532,49.00446],[2.05293,49.00434],[2.05245,49.00426],[2.05114,49.00386],[2.04992,49.00304],[2.04975,49.00296],[2.04988,49.00262],[2.04914,49.00253],[2.04811,49.00232],[2.04738,49.00214],[2.04498,49.00133],[2.04356,49.00078],[2.04279,49.00059],[2.04263,49.00073],[2.04198,49.00114],[2.04166,49.00132],[2.04146,49.00138],[2.04064,49.00136],[2.03927,49.00139],[2.03662,49.00169],[2.03064,49.00167],[2.02994,49.00174],[2.02933,49.00175],[2.02862,49.00166],[2.02828,49.00156],[2.02762,49.0013],[2.02759,49.00131],[2.02685,49.00097],[2.02589,49.00041],[2.02605,48.99984],[2.02507,48.99903],[2.02365,48.99795]]]}},
{"type":"Feature","properties":{"ID":"COMMUNE_0000000009735044","INSEE_COM":"95637","INSEE_ARR":"3","INSEE_COL":"95D","INSEE_DEP":"95","INSEE_REG":"11","NOM":"Vauréal","CL_DEPART":"Non","CL_REGION":"Non","SIREN_EPCI":"249500109","SIREN_SI":249500109,"NOM_SI":"COMMUNAUTE D'AGGLOMERATION DE CERGY-PONTOISE"},"geometry":{"type":"Polygon","coordinates":[[[2.01084,49.02066],[2.01007,49.02688],[2.01201,49.02704],[2.01253,49.02712],[2.01284,49.02721],[2.01175,49.032],[2.01154,49.03355],[2.01142,49.03401],[2.01129,49.03431],[2.01121,49.03502],[2.01077,49.03737],[2.0145,49.03925],[2.01604,49.03966],[2.01819,49.03909],[2.01967,49.03858],[2.02163,49.03875],[2.02184,49.03812],[2.02359,49.0382],[2.02435,49.03832],[2.02567,49.0384],[2.02558,49.03859],[2.02555,49.03884],[2.02609,49.03894],[2.02619,49.03872],[2.02682,49.0379],[2.02698,49.03752],[2.02713,49.03741],[2.02777,49.03724],[2.02835,49.03717],[2.02896,49.03714],[2.02939,49.03716],[2.0299,49.0371],[2.03057,49.03691],[2.03068,49.03683],[2.03071,49.03673],[2.03262,49.03701],[2.03346,49.03727],[2.03391,49.03753],[2.03417,49.03775],[2.03493,49.03867],[2.03573,49.0383],[2.0367,49.03739],[2.03686,49.03753],[2.03706,49.03735],[2.03972,49.03554],[2.03741,49.03313],[2.0367,49.03206],[2.03653,49.03166],[2.03648,49.03105],[2.03656,49.03055],[2.03671,49.03009],[2.03744,49.02909],[2.03856,49.02794],[2.03969,49.02688],[2.04077,49.0257],[2.03781,49.02465],[2.03746,49.02456],[2.03704,49.02436],[2.03726,49.02385],[2.03676,49.02385],[2.03572,49.02372],[2.03531,49.0236],[2.03514,49.0235],[2.03469,49.02314],[2.03514,49.02248],[2.0351,49.02237],[2.03481,49.02209],[2.03454,49.02199],[2.03399,49.02186],[2.03304,49.02171],[2.03295,49.02167],[2.03234,49.02163],[2.03191,49.02168],[2.03177,49.02164],[2.03165,49.02153],[2.03163,49.02141],[2.03172,49.02131],[2.03182,49.02126],[2.03188,49.02126],[2.03192,49.02122],[2.0324,49.02029],[2.02924,49.01967],[2.0289,49.01898],[2.02881,49.019],[2.0288,49.01897],[2.02192,49.02105],[2.02146,49.02111],[2.01429,49.02087],[2.01084,49.02066]]]}},
{"type":"Feature","properties":{"ID":"COMMUNE_0000000009735032","INSEE_COM":"95203","INSEE_ARR":"1","INSEE_COL":"95D","INSEE_DEP":"95","INSEE_REG":"11","NOM":"Eaubonne","CL_DEPART":"Non","CL_REGION":"Non","SIREN_EPCI":"200058485","SIREN_SI":257500017,"NOM_SI":"S.E.D.I.F."},"geometry":{"type":"Polygon","coordinates":[[[2.29014,48.9968],[2.29201,48.99614],[2.29285,48.99588],[2.2914,48.99362],[2.28982,48.99155],[2.28975,48.99157],[2.2894,48.99113],[2.28944,48.99112],[2.28932,48.99097],[2.28913,48.9908],[2.28907,48.99069],[2.28904,48.99071],[2.28901,48.99067],[2.28905,48.99066],[2.289,48.99056],[2.28837,48.98971],[2.28752,48.98872],[2.28685,48.98806],[2.2866,48.9882],[2.28538,48.98726],[2.28584,48.98704],[2.28401,48.98564],[2.28438,48.98532],[2.285,48.98463],[2.2856,48.98407],[2.28635,48.98288],[2.28662,48.98255],[2.28685,48.98235],[2.28715,48.98226],[2.2874,48.98214],[2.28759,48.98189],[2.28875,48.98109],[2.28885,48.98091],[2.28944,48.98035],[2.29098,48.97942],[2.29153,48.97905],[2.29175,48.97885],[2.29164,48.97861],[2.29159,48.97838],[2.29163,48.97677],[2.29114,48.97697],[2.28993,48.97733],[2.28984,48.97724],[2.28987,48.97722],[2.28962,48.97698],[2.2833,48.97748],[2.28263,48.97751],[2.2826,48.97721],[2.2825,48.97713],[2.282,48.97695],[2.28169,48.97688],[2.28003,48.97651],[2.27808,48.9762],[2.2767,48.97581],[2.27647,48.97579],[2.27594,48.97587],[2.27504,48.97621],[2.27345,48.97695],[2.27316,48.97705],[2.27278,48.97713],[2.27316,48.97762],[2.27372,48.97804],[2.27293,48.97891],[2.27214,48.98035],[2.27168,48.98104],[2.27171,48.98107],[2.27106,48.98175],[2.27175,48.98285],[2.27243,48.98464],[2.26877,48.98582],[2.26565,48.98697],[2.26447,48.98738],[2.26523,48.98832],[2.26535,48.98829],[2.26603,48.98916],[2.26613,48.98912],[2.26632,48.98936],[2.26632,48.98943],[2.26698,48.9906],[2.26571,48.99109],[2.26685,48.99261],[2.26656,48.99276],[2.26525,48.99318],[2.26557,48.9939],[2.2652,48.99397],[2.26536,48.9944],[2.26486,48.99449],[2.26501,48.99482],[2.26489,48.99485],[2.26507,48.99522],[2.26477,48.99531],[2.26522,48.99586],[2.26414,48.99625],[2.26519,48.99756],[2.26336,48.99813],[2.26422,49.0005],[2.26424,49.00083],[2.2651,49.00094],[2.26577,49.001],[2.26621,49.00096],[2.2667,49.00084],[2.26727,49.00156],[2.2725,49.00669],[2.27297,49.00651],[2.27321,49.00644],[2.27492,49.00606],[2.27656,49.00544],[2.27832,49.00467],[2.28037,49.00383],[2.28103,49.00362],[2.28146,49.00354],[2.28299,49.00304],[2.28261,49.00279],[2.2821,49.00269],[2.28199,49.00251],[2.28191,49.00244],[2.2819,49.00237],[2.28204,49.00212],[2.28235,49.00189],[2.28336,49.00157],[2.28386,49.00148],[2.28361,49.00092],[2.28352,49.00041],[2.28313,48.99977],[2.28211,48.99927],[2.28199,48.99899],[2.28186,48.99887],[2.28172,48.99882],[2.28164,48.99868],[2.28134,48.99847],[2.28118,48.99827],[2.28115,48.99816],[2.28467,48.99748],[2.28645,48.99743],[2.28838,48.99715],[2.28927,48.997],[2.29014,48.9968]]]}},
{"type":"Feature","properties":{"ID":"COMMUNE_0000000009733990","INSEE_COM":"95487","INSEE_ARR":"3","INSEE_COL":"95D","INSEE_DEP":"95","INSEE_REG":"11","NOM":"Persan","CL_DEPART":"Non","CL_REGION":"Non","SIREN_EPCI":"249500489","SIREN_SI":259500072,"NOM_SI":"S.I. DE L'EAU ET DU GAZ"},"geometry":{"type":"Polygon","coordinates":[[[2.26792,49.1394],[2.26646,49.13859],[2.26544,49.13779],[2.26398,49.13633],[2.26377,49.13599],[2.26161,49.13711],[2.26113,49.13673],[2.25844,49.13974],[2.25913,49.13998],[2.25842,49.14132],[2.25919,49.14166],[2.25818,49.14294],[2.25732,49.14266],[2.25557,49.14448],[2.25523,49.14429],[2.25444,49.14393],[2.25226,49.14638],[2.25202,49.14681],[2.25266,49.14708],[2.25115,49.14768],[2.24399,49.14896],[2.24402,49.14905],[2.24048,49.14949],[2.24069,49.14997],[2.24098,49.15087],[2.24167,49.15241],[2.24187,49.15341],[2.24553,49.15339],[2.24652,49.15345],[2.24773,49.15344],[2.24899,49.1535],[2.25036,49.15349],[2.25145,49.15324],[2.25378,49.15263],[2.25876,49.15578],[2.25971,49.15514],[2.26008,49.15533],[2.25992,49.15537],[2.25986,49.15544],[2.25981,49.15572],[2.2599,49.15605],[2.25986,49.15615],[2.25946,49.15661],[2.26079,49.1573],[2.26215,49.15838],[2.26364,49.1577],[2.26459,49.15728],[2.26567,49.15686],[2.2677,49.15593],[2.26817,49.15575],[2.2687,49.15583],[2.26925,49.156],[2.26935,49.156],[2.26976,49.15652],[2.27012,49.15686],[2.2704,49.15703],[2.27097,49.15725],[2.27125,49.1574],[2.27401,49.15813],[2.27454,49.15838],[2.27542,49.1587],[2.27568,49.15877],[2.27671,49.15898],[2.27865,49.15889],[2.27872,49.15876],[2.28119,49.15885],[2.28248,49.15915],[2.28296,49.15967],[2.28648,49.15987],[2.28651,49.15977],[2.2871,49.15909],[2.28715,49.15897],[2.28741,49.15766],[2.28826,49.15779],[2.28849,49.15754],[2.28878,49.15734],[2.28885,49.15719],[2.28942,49.15653],[2.29011,49.15577],[2.29082,49.15506],[2.29271,49.15288],[2.29395,49.15127],[2.29303,49.15091],[2.29153,49.1501],[2.29035,49.14944],[2.28929,49.14865],[2.28867,49.14812],[2.28813,49.14757],[2.28747,49.14699],[2.28628,49.14599],[2.2853,49.14538],[2.2848,49.1451],[2.28362,49.14467],[2.28069,49.14393],[2.27987,49.14365],[2.27805,49.14265],[2.27713,49.14233],[2.2723,49.14103],[2.27045,49.14041],[2.26928,49.13997],[2.26792,49.1394]]]}},
{"type":"Feature","properties":{"ID":"COMMUNE_0000000009735029","INSEE_COM":"95288","INSEE_ARR":"2","INSEE_COL":"95D","INSEE_DEP":"95","INSEE_REG":"11","NOM":"Groslay","CL_DEPART":"Non","CL_REGION":"Non","SIREN_EPCI":"200056380","SIREN_SI":257500017,"NOM_SI":"S.E.D.I.F."},"geometry":{"type":"Polygon","coordinates":[[[2.36607,48.9897],[2.36668,48.98947],[2.366,48.98878],[2.36653,48.98852],[2.36812,48.98789],[2.3679,48.9871],[2.36754,48.98641],[2.36747,48.98617],[2.36762,48.98491],[2.36775,48.98455],[2.36789,48.98442],[2.36765,48.98382],[2.36742,48.98339],[2.36722,48.98315],[2.36714,48.98296],[2.36612,48.98144],[2.36583,48.98083],[2.36539,48.98024],[2.36423,48.97904],[2.36407,48.97896],[2.3641,48.97889],[2.3631,48.97875],[2.3627,48.9786],[2.36252,48.97835],[2.36234,48.97794],[2.36228,48.97789],[2.36195,48.97788],[2.36027,48.97793],[2.36012,48.97796],[2.36006,48.97803],[2.35927,48.97786],[2.35693,48.97751],[2.35641,48.97737],[2.3551,48.97893],[2.35441,48.97981],[2.35289,48.97961],[2.35255,48.97953],[2.35178,48.97928],[2.35121,48.97916],[2.35074,48.97883],[2.34982,48.97826],[2.34895,48.97891],[2.34842,48.97936],[2.34802,48.97995],[2.34802,48.97986],[2.34776,48.97925],[2.34754,48.97894],[2.34674,48.97758],[2.34623,48.97656],[2.34488,48.97692],[2.34506,48.97729],[2.34505,48.97742],[2.34432,48.97787],[2.3441,48.97831],[2.34378,48.97917],[2.34359,48.97989],[2.34315,48.98198],[2.34278,48.98328],[2.34203,48.98303],[2.34151,48.98279],[2.3411,48.98252],[2.3407,48.98219],[2.34016,48.9815],[2.33978,48.98113],[2.33937,48.98083],[2.33891,48.98058],[2.33845,48.98052],[2.33727,48.9807],[2.33712,48.98069],[2.33697,48.98058],[2.33666,48.98076],[2.33624,48.98114],[2.33505,48.98097],[2.335,48.98183],[2.3351,48.98187],[2.33501,48.9828],[2.33495,48.98297],[2.33497,48.98335],[2.33512,48.98396],[2.33526,48.98409],[2.33526,48.98418],[2.33523,48.98466],[2.33493,48.98467],[2.3348,48.98504],[2.33479,48.98616],[2.33482,48.98639],[2.33505,48.98683],[2.33499,48.98685],[2.33518,48.98729],[2.33467,48.98744],[2.33483,48.98791],[2.33501,48.9882],[2.33551,48.98803],[2.33604,48.98901],[2.33635,48.98899],[2.33643,48.98967],[2.33666,48.99012],[2.33719,48.99135],[2.33704,48.99189],[2.33729,48.9928],[2.3372,48.99303],[2.337,48.99328],[2.33766,48.99331],[2.33769,48.99337],[2.33927,48.99332],[2.33924,48.9936],[2.33951,48.99379],[2.341,48.99384],[2.34135,48.99383],[2.34133,48.99375],[2.34195,48.99371],[2.3423,48.99361],[2.34327,48.99357],[2.34439,48.99363],[2.34709,48.99335],[2.34866,48.99337],[2.34945,48.9933],[2.35009,48.99328],[2.35025,48.99329],[2.35052,48.99342],[2.35038,48.99262],[2.35024,48.9908],[2.35374,48.99119],[2.35679,48.99134],[2.35687,48.99132],[2.35687,48.99128],[2.35677,48.98986],[2.35695,48.98934],[2.35699,48.98943],[2.35714,48.98956],[2.35744,48.9897],[2.35923,48.99029],[2.35939,48.99037],[2.35944,48.99045],[2.36011,48.98901],[2.36033,48.98831],[2.36097,48.98666],[2.36186,48.98681],[2.364,48.98756],[2.36506,48.98864],[2.3654,48.98893],[2.36607,48.9897]]]}},
{"type":"Feature","properties":{"ID":"COMMUNE_0000000009734498","INSEE_COM":"95580","INSEE_ARR":"2","INSEE_COL":"95D","INSEE_DEP":"95","INSEE_REG":"11","NOM":"Saint-Witz","CL_DEPART":"Non","CL_REGION":"Non","SIREN_EPCI":"200055655","SIREN_SI":259500577,"NOM_SI":"S.I. D'EXPLOITATION DES CHAMPS CAPTANTS D'ASNIERES-SUR-OISE (S.I.E.C.C.A.O.)"},"geometry":{"type":"Polygon","coordinates":[[[2.58014,49.08984],[2.57774,49.08782],[2.57981,49.08679],[2.58018,49.08677],[2.58043,49.0867],[2.58008,49.08632],[2.5793,49.08569],[2.57922,49.08494],[2.5789,49.0844],[2.57903,49.08436],[2.5789,49.08425],[2.58022,49.08383],[2.58047,49.08372],[2.58066,49.08352],[2.58174,49.08309],[2.58269,49.08245],[2.58298,49.08066],[2.58245,49.08045],[2.58244,49.08051],[2.57991,49.07978],[2.5797,49.07991],[2.57936,49.08004],[2.57913,49.08033],[2.57657,49.07948],[2.57724,49.07851],[2.57234,49.077],[2.57261,49.07676],[2.57288,49.07659],[2.57273,49.07651],[2.56886,49.07552],[2.56749,49.0772],[2.56559,49.07651],[2.56086,49.07846],[2.55737,49.07831],[2.55723,49.07847],[2.55505,49.0783],[2.55358,49.07878],[2.55244,49.07974],[2.55134,49.07904],[2.54994,49.07972],[2.54896,49.07842],[2.54852,49.07684],[2.54916,49.07671],[2.54859,49.07426],[2.54889,49.07426],[2.54878,49.07388],[2.54874,49.07339],[2.54857,49.07294],[2.54855,49.07273],[2.54754,49.07075],[2.54657,49.07102],[2.54642,49.07073],[2.5429,49.07107],[2.54238,49.07119],[2.54084,49.0719],[2.54072,49.07295],[2.54061,49.07306],[2.54013,49.07491],[2.54003,49.07548],[2.53997,49.07555],[2.53913,49.07551],[2.53943,49.07659],[2.53896,49.0766],[2.53897,49.07788],[2.53705,49.07818],[2.53581,49.077],[2.53508,49.07892],[2.53482,49.07993],[2.52925,49.07845],[2.52947,49.08056],[2.52667,49.08034],[2.52623,49.08128],[2.52481,49.08137],[2.52465,49.0824],[2.52451,49.0839],[2.52358,49.08594],[2.52377,49.08731],[2.52472,49.08732],[2.5245,49.09051],[2.52466,49.09189],[2.52474,49.09802],[2.52624,49.09764],[2.52831,49.09649],[2.52988,49.09618],[2.53093,49.09584],[2.53054,49.09191],[2.53216,49.09184],[2.53537,49.09153],[2.53573,49.09154],[2.53677,49.09168],[2.53805,49.09191],[2.53972,49.09226],[2.54043,49.09244],[2.5435,49.0922],[2.5447,49.09158],[2.54571,49.09081],[2.54579,49.09192],[2.54555,49.0927],[2.54609,49.0927],[2.5462,49.09203],[2.5481,49.09229],[2.54811,49.09176],[2.54971,49.09161],[2.55011,49.09185],[2.54975,49.09255],[2.55046,49.09275],[2.54933,49.09473],[2.55027,49.09494],[2.54938,49.09605],[2.55069,49.09641],[2.55121,49.09579],[2.55192,49.09587],[2.55242,49.09588],[2.55282,49.09584],[2.55373,49.09567],[2.55491,49.09575],[2.55686,49.09596],[2.55738,49.09596],[2.55893,49.09709],[2.55908,49.09712],[2.55923,49.09729],[2.55991,49.09777],[2.56038,49.09741],[2.56034,49.09736],[2.56089,49.09699],[2.56235,49.09778],[2.56342,49.09714],[2.56426,49.0963],[2.56522,49.09486],[2.56702,49.09409],[2.5679,49.09476],[2.56897,49.09432],[2.56925,49.09465],[2.56959,49.09494],[2.57044,49.09457],[2.57102,49.09513],[2.5711,49.09511],[2.57272,49.09443],[2.57293,49.09428],[2.57214,49.09338],[2.57383,49.09346],[2.57456,49.0934],[2.57507,49.09317],[2.57625,49.09277],[2.57654,49.09264],[2.57709,49.0926],[2.57808,49.09214],[2.57858,49.09198],[2.57872,49.09174],[2.57893,49.09159],[2.57911,49.09156],[2.57897,49.09141],[2.57883,49.09118],[2.57917,49.09081],[2.57906,49.09075],[2.58014,49.08984]]]}},
{"type":"Feature","properties":{"ID":"COMMUNE_0000000009734020","INSEE_COM":"95379","INSEE_ARR":"3","INSEE_COL":"95D","INSEE_DEP":"95","INSEE_REG":"11","NOM":"Maudétour-en-Vexin","CL_DEPART":"Non","CL_REGION":"Non","SIREN_EPCI":"249500513","SIREN_SI":259500718,"NOM_SI":"S.I. DES EAUX DE LA SOURCE DE SAINT ROMAIN"},"geometry":{"type":"Polygon","coordinates":[[[1.77764,49.08985],[1.77625,49.08985],[1.77398,49.08996],[1.77203,49.08871],[1.77107,49.08868],[1.77073,49.08839],[1.77053,49.08772],[1.77041,49.0876],[1.76977,49.08736],[1.7684,49.08697],[1.76501,49.08702],[1.76358,49.08674],[1.76203,49.08699],[1.76187,49.08708],[1.76136,49.08711],[1.76057,49.08737],[1.76092,49.09046],[1.75986,49.09035],[1.75781,49.09023],[1.75699,49.09014],[1.75384,49.09003],[1.75369,49.09136],[1.75363,49.09303],[1.75606,49.09502],[1.75546,49.09562],[1.75485,49.09611],[1.7576,49.0985],[1.75739,49.0986],[1.75869,49.09948],[1.75873,49.09956],[1.75869,49.09966],[1.75895,49.10044],[1.75953,49.10291],[1.7623,49.1029],[1.76226,49.10399],[1.76277,49.10401],[1.76312,49.1045],[1.76752,49.1047],[1.76766,49.10465],[1.7769,49.10765],[1.77698,49.10821],[1.77955,49.11415],[1.77963,49.11455],[1.77965,49.11514],[1.77965,49.11565],[1.77958,49.11633],[1.77962,49.11686],[1.78017,49.1176],[1.78033,49.11769],[1.78131,49.11795],[1.78153,49.11804],[1.78145,49.11854],[1.77941,49.11921],[1.7785,49.11954],[1.77739,49.11989],[1.77707,49.12003],[1.77758,49.12093],[1.77753,49.12095],[1.77639,49.12126],[1.77555,49.12143],[1.76883,49.1231],[1.76675,49.12356],[1.76747,49.12521],[1.7694,49.1273],[1.76951,49.12758],[1.77029,49.1276],[1.7714,49.12843],[1.77199,49.12898],[1.77164,49.12911],[1.7719,49.1294],[1.77227,49.12925],[1.77276,49.1297],[1.77369,49.13069],[1.77377,49.13062],[1.7746,49.13027],[1.77845,49.12939],[1.77849,49.12985],[1.77906,49.12963],[1.78028,49.13068],[1.78221,49.12996],[1.78494,49.13022],[1.78523,49.1298],[1.78729,49.13083],[1.78924,49.13242],[1.79182,49.13186],[1.79224,49.13245],[1.7942,49.13192],[1.79464,49.1325],[1.79565,49.13223],[1.7977,49.13176],[1.79863,49.1314],[1.79823,49.13011],[1.79757,49.12943],[1.7965,49.12857],[1.79579,49.12773],[1.79415,49.12641],[1.79385,49.12563],[1.79299,49.12427],[1.79295,49.12429],[1.79266,49.12378],[1.7925,49.1233],[1.79239,49.12276],[1.79231,49.12173],[1.79246,49.11967],[1.79645,49.1179],[1.79127,49.1133],[1.78184,49.10457],[1.78183,49.10066],[1.78105,49.0987],[1.78037,49.09796],[1.78024,49.09785],[1.77927,49.09739],[1.78073,49.09558],[1.78055,49.09459],[1.78055,49.09439],[1.78067,49.09404],[1.78069,49.09372],[1.78087,49.0937],[1.7808,49.09348],[1.78047,49.09283],[1.78027,49.09253],[1.77996,49.09184],[1.7778,49.09049],[1.77764,49.08985]]]}},
{"type":"Feature","properties":{"ID":"COMMUNE_0000000009734543","INSEE_COM":"95535","INSEE_ARR":"3","INSEE_COL":"95D","INSEE_DEP":"95","INSEE_REG":"11","NOM":"Sagy","CL_DEPART":"Non","CL_REGION":"Non","SIREN_EPCI":"200035970","SIREN_SI":259501278,"NOM_SI":"SYNDICAT INTERCOMMUNAL DES EAUX DE LA VIOSNE, DE L’AUBETTE ET DE LA MONTCIENT (SIEVAM)"},"geometry":{"type":"Polygon","coordinates":[[[1.99506,49.06364],[1.99246,49.06121],[1.99468,49.06059],[1.99289,49.05674],[1.99202,49.05541],[1.98894,49.05185],[1.98819,49.05114],[1.98801,49.05093],[1.98771,49.05033],[1.98691,49.04718],[1.9854,49.04211],[1.98428,49.03987],[1.98521,49.03932],[1.9836,49.0378],[1.98462,49.03772],[1.98451,49.03555],[1.98428,49.03562],[1.98371,49.03478],[1.98244,49.03522],[1.98031,49.0356],[1.97892,49.0357],[1.97666,49.03558],[1.97623,49.03471],[1.9743,49.03465],[1.97427,49.0347],[1.97333,49.03474],[1.97194,49.03476],[1.97194,49.03465],[1.96665,49.03491],[1.96347,49.03491],[1.96089,49.03481],[1.96019,49.03553],[1.95903,49.03637],[1.95774,49.03762],[1.95665,49.03859],[1.95612,49.03898],[1.95597,49.03913],[1.95545,49.03991],[1.95552,49.03993],[1.95517,49.04019],[1.95417,49.04038],[1.95326,49.04045],[1.95232,49.0404],[1.95118,49.04023],[1.95106,49.04025],[1.95095,49.04034],[1.9507,49.04046],[1.95043,49.04051],[1.94988,49.04049],[1.94892,49.04037],[1.94914,49.04107],[1.94888,49.04124],[1.94961,49.04162],[1.95049,49.04218],[1.9499,49.04237],[1.94892,49.04257],[1.9482,49.04268],[1.94827,49.04282],[1.94805,49.04286],[1.94832,49.0432],[1.94838,49.04374],[1.9482,49.04486],[1.94743,49.04504],[1.94742,49.04493],[1.94718,49.04492],[1.94716,49.04496],[1.94733,49.04567],[1.94763,49.04666],[1.94774,49.04731],[1.94782,49.04738],[1.9486,49.04912],[1.94801,49.0489],[1.94756,49.04869],[1.9472,49.04858],[1.94706,49.04914],[1.94679,49.04953],[1.94621,49.05007],[1.94603,49.05031],[1.94548,49.05073],[1.94512,49.05106],[1.94498,49.05113],[1.94488,49.05114],[1.94454,49.05099],[1.94451,49.05095],[1.94424,49.05096],[1.9441,49.05123],[1.94342,49.05164],[1.9431,49.05217],[1.94293,49.05228],[1.94246,49.05238],[1.94035,49.05268],[1.93998,49.05283],[1.94035,49.05342],[1.94094,49.05389],[1.94106,49.05415],[1.94031,49.0544],[1.93972,49.05464],[1.94125,49.05631],[1.94202,49.05593],[1.94567,49.0593],[1.94507,49.05953],[1.94581,49.05995],[1.94581,49.05999],[1.94684,49.06045],[1.94731,49.06061],[1.94749,49.06079],[1.94843,49.06094],[1.94823,49.0611],[1.94832,49.06122],[1.94932,49.06099],[1.9504,49.06261],[1.95015,49.06272],[1.95013,49.06279],[1.95036,49.06317],[1.9508,49.06373],[1.95122,49.06416],[1.95195,49.06503],[1.95347,49.06436],[1.95677,49.06774],[1.95712,49.0676],[1.96026,49.07082],[1.9596,49.07111],[1.95999,49.07157],[1.96069,49.07151],[1.96391,49.07144],[1.96514,49.07127],[1.96465,49.07074],[1.96387,49.0696],[1.9622,49.06751],[1.9645,49.06667],[1.96627,49.06611],[1.96592,49.06562],[1.96627,49.06552],[1.96683,49.06548],[1.96764,49.06631],[1.96845,49.06591],[1.97008,49.06524],[1.96997,49.06546],[1.96932,49.06573],[1.96975,49.06614],[1.97015,49.06531],[1.97139,49.06637],[1.97193,49.06692],[1.97514,49.06602],[1.97589,49.0671],[1.97665,49.06808],[1.97747,49.06788],[1.97873,49.06923],[1.98823,49.06551],[1.99202,49.06445],[1.99506,49.06364]]]}},
{"type":"Feature","properties":{"ID":"COMMUNE_0000000009735519","INSEE_COM":"95176","INSEE_ARR":"1","INSEE_COL":"95D","INSEE_DEP":"95","INSEE_REG":"11","NOM":"Cormeilles-en-Parisis","CL_DEPART":"Non","CL_REGION":"Non","SIREN_EPCI":"200058485","SIREN_SI":257500017,"NOM_SI":"S.E.D.I.F."},"geometry":{"type":"Polygon","coordinates":[[[2.17333,48.95348],[2.17447,48.95429],[2.1755,48.95534],[2.17638,48.95638],[2.1775,48.95783],[2.17777,48.95832],[2.17813,48.95902],[2.17822,48.95963],[2.18062,48.95899],[2.18083,48.95945],[2.18104,48.9595],[2.18131,48.95969],[2.18153,48.95993],[2.18175,48.96032],[2.182,48.96058],[2.18217,48.96071],[2.18241,48.96119],[2.18293,48.96186],[2.1831,48.96186],[2.18396,48.96223],[2.18524,48.96292],[2.1853,48.96308],[2.18558,48.96395],[2.18562,48.96451],[2.18573,48.96504],[2.18569,48.9652],[2.18538,48.96534],[2.18535,48.96546],[2.18583,48.96694],[2.18476,48.96698],[2.18476,48.96823],[2.18466,48.96836],[2.18426,48.96857],[2.18418,48.96866],[2.18381,48.97005],[2.18382,48.97059],[2.18377,48.97086],[2.18357,48.97142],[2.18351,48.97148],[2.18373,48.97206],[2.18389,48.97284],[2.18383,48.97343],[2.18389,48.9736],[2.18372,48.97407],[2.18342,48.97458],[2.18322,48.97538],[2.18326,48.97543],[2.18365,48.97555],[2.183,48.97648],[2.18484,48.97715],[2.18347,48.9792],[2.18454,48.97961],[2.18473,48.97958],[2.18506,48.97933],[2.18523,48.97926],[2.18624,48.97924],[2.18763,48.97946],[2.18788,48.97939],[2.18842,48.9795],[2.18911,48.97954],[2.18955,48.9797],[2.18956,48.97975],[2.18925,48.97997],[2.18886,48.98032],[2.18897,48.98038],[2.18829,48.98078],[2.18784,48.98112],[2.18757,48.98125],[2.18815,48.98187],[2.18843,48.98237],[2.18912,48.98328],[2.18908,48.98335],[2.1902,48.9836],[2.19074,48.98368],[2.19083,48.9835],[2.19113,48.98355],[2.19104,48.98419],[2.19111,48.98433],[2.19131,48.98446],[2.19187,48.98463],[2.19232,48.98465],[2.19311,48.98461],[2.19318,48.98475],[2.19423,48.98465],[2.19495,48.98529],[2.1977,48.98531],[2.19809,48.98551],[2.19853,48.98581],[2.19885,48.98613],[2.19893,48.98632],[2.19891,48.9866],[2.1987,48.98699],[2.1984,48.98771],[2.20026,48.98772],[2.20157,48.99044],[2.20217,48.9903],[2.20444,48.98963],[2.20436,48.98928],[2.20406,48.98872],[2.20389,48.9875],[2.20393,48.9873],[2.20384,48.98641],[2.20372,48.9863],[2.20358,48.98605],[2.20337,48.98591],[2.20328,48.9859],[2.20319,48.98575],[2.20302,48.98563],[2.203,48.98542],[2.20292,48.98521],[2.20309,48.98481],[2.2032,48.98467],[2.20322,48.98439],[2.20331,48.98423],[2.20375,48.9842],[2.2046,48.98406],[2.20628,48.98365],[2.20759,48.98329],[2.2088,48.98289],[2.20952,48.98254],[2.20998,48.98321],[2.21074,48.98285],[2.21054,48.98262],[2.21131,48.98236],[2.21091,48.98209],[2.2123,48.98182],[2.21327,48.98171],[2.21424,48.9814],[2.21436,48.98139],[2.21505,48.98119],[2.21594,48.98086],[2.21691,48.9803],[2.21733,48.98015],[2.21781,48.98002],[2.21874,48.97945],[2.21942,48.97911],[2.21888,48.97885],[2.21893,48.97868],[2.21858,48.97873],[2.21849,48.97792],[2.21879,48.97788],[2.21891,48.97781],[2.21901,48.97766],[2.21982,48.97751],[2.2196,48.97694],[2.2193,48.977],[2.21889,48.9762],[2.22021,48.97552],[2.22087,48.97541],[2.22194,48.97559],[2.22271,48.9752],[2.22283,48.97549],[2.22371,48.97512],[2.22356,48.97498],[2.22392,48.97471],[2.22433,48.97409],[2.22463,48.97398],[2.22522,48.97359],[2.22561,48.97338],[2.22651,48.97388],[2.22657,48.97387],[2.22699,48.97373],[2.22722,48.97362],[2.22739,48.97353],[2.22746,48.9734],[2.22753,48.97337],[2.22763,48.97335],[2.22784,48.9734],[2.22793,48.97339],[2.22831,48.97329],[2.22866,48.973],[2.22876,48.97288],[2.22742,48.9722],[2.22741,48.97209],[2.22716,48.97198],[2.22671,48.97195],[2.22623,48.97171],[2.22609,48.97156],[2.22592,48.97126],[2.22573,48.97103],[2.22543,48.97112],[2.2251,48.97129],[2.22407,48.97194],[2.22312,48.97233],[2.22272,48.97242],[2.22065,48.97003],[2.22014,48.97015],[2.21951,48.96953],[2.21875,48.96889],[2.2185,48.96901],[2.21778,48.96812],[2.21725,48.96764],[2.21635,48.96671],[2.21352,48.96373],[2.21279,48.96407],[2.21149,48.96475],[2.2065,48.96027],[2.20521,48.95873],[2.20496,48.95838],[2.20444,48.95797],[2.20418,48.95769],[2.20332,48.95657],[2.20485,48.95601],[2.20534,48.95595],[2.20585,48.95041],[2.20587,48.94986],[2.20549,48.9499],[2.20477,48.9499],[2.20111,48.95034],[2.20059,48.95036],[2.20036,48.94969],[2.19904,48.94979],[2.19437,48.95039],[2.19384,48.95051],[2.19381,48.95053],[2.19382,48.95058],[2.19271,48.95055],[2.19114,48.95036],[2.19081,48.95035],[2.18971,48.95043],[2.1902,48.95177],[2.18401,48.95332],[2.18383,48.95312],[2.1817,48.95357],[2.17795,48.95456],[2.17585,48.95219],[2.17574,48.95213],[2.17515,48.95238],[2.17519,48.95243],[2.17333,48.95348]]]}},
{"type":"Feature","properties":{"ID":"COMMUNE_0000000009734563","INSEE_COM":"95651","INSEE_ARR":"3","INSEE_COL":"95D","INSEE_DEP":"95","INSEE_REG":"11","NOM":"Vétheuil","CL_DEPART":"Non","CL_REGION":"Non","SIREN_EPCI":"249500513","SIREN_SI":0,"NOM_SI":"Compétence exercée par la commune"},"geometry":{"type":"Polygon","coordinates":[[[1.73186,49.05051],[1.72995,49.04932],[1.72625,49.04688],[1.72408,49.0455],[1.72293,49.04473],[1.71673,49.04908],[1.71576,49.04852],[1.71405,49.04746],[1.70968,49.05066],[1.70768,49.05222],[1.70705,49.05172],[1.70673,49.05242],[1.70642,49.05199],[1.70605,49.05213],[1.70621,49.05228],[1.70481,49.05274],[1.70522,49.05324],[1.70381,49.05319],[1.70374,49.053],[1.70283,49.05338],[1.70274,49.05329],[1.70095,49.0538],[1.69882,49.05467],[1.69852,49.05471],[1.69858,49.0548],[1.69713,49.05537],[1.69464,49.05606],[1.69503,49.05637],[1.69356,49.05681],[1.6939,49.05738],[1.69426,49.05786],[1.69515,49.05891],[1.69589,49.06001],[1.69618,49.06066],[1.69622,49.06088],[1.69617,49.0615],[1.6961,49.06181],[1.69603,49.06283],[1.6961,49.06315],[1.69624,49.06342],[1.69669,49.06398],[1.69693,49.06411],[1.69712,49.06438],[1.69729,49.06483],[1.69732,49.06505],[1.6973,49.06552],[1.69723,49.06567],[1.69698,49.06595],[1.69641,49.06641],[1.69596,49.06673],[1.69557,49.06692],[1.69525,49.06759],[1.69304,49.06919],[1.69234,49.06962],[1.69013,49.07083],[1.68927,49.07121],[1.68845,49.07154],[1.68748,49.07186],[1.68784,49.07216],[1.68795,49.0721],[1.68959,49.07333],[1.69084,49.07448],[1.69189,49.07523],[1.69268,49.07463],[1.69285,49.07448],[1.69295,49.07432],[1.69359,49.07473],[1.69398,49.07503],[1.69597,49.07691],[1.69635,49.07674],[1.69725,49.07544],[1.69775,49.07556],[1.69944,49.07652],[1.6991,49.07671],[1.69957,49.07711],[1.70004,49.07708],[1.70142,49.07824],[1.70169,49.07843],[1.70261,49.07896],[1.70293,49.07902],[1.70327,49.07905],[1.70386,49.0789],[1.7049,49.07853],[1.70602,49.07838],[1.70608,49.07754],[1.70652,49.07686],[1.70671,49.07665],[1.70722,49.07629],[1.70773,49.07605],[1.70817,49.07578],[1.70931,49.07494],[1.7098,49.07447],[1.7099,49.07433],[1.71004,49.07392],[1.71003,49.07361],[1.71011,49.07342],[1.71167,49.07275],[1.71141,49.07234],[1.71076,49.07109],[1.71043,49.07072],[1.70996,49.0704],[1.70975,49.07013],[1.71162,49.06985],[1.71147,49.06967],[1.71063,49.06899],[1.71137,49.06827],[1.71159,49.068],[1.71267,49.0652],[1.7126,49.06507],[1.71282,49.06498],[1.71309,49.06475],[1.71345,49.06459],[1.71389,49.06409],[1.71397,49.06411],[1.71438,49.06297],[1.7151,49.06303],[1.71537,49.06222],[1.71525,49.06204],[1.71477,49.06186],[1.71482,49.06175],[1.71501,49.06159],[1.71509,49.06147],[1.71511,49.06132],[1.71498,49.06064],[1.71483,49.06043],[1.7147,49.06032],[1.71465,49.06019],[1.71413,49.0603],[1.71283,49.05947],[1.71095,49.05922],[1.71141,49.05893],[1.71218,49.05864],[1.7122,49.05822],[1.71111,49.05814],[1.7111,49.05762],[1.71105,49.05726],[1.71107,49.05628],[1.71129,49.05558],[1.71135,49.05465],[1.71144,49.05421],[1.71164,49.05378],[1.71189,49.05334],[1.71204,49.05317],[1.71217,49.05308],[1.7155,49.05361],[1.71614,49.05305],[1.71733,49.05336],[1.71662,49.05418],[1.7174,49.05451],[1.719,49.05346],[1.72165,49.05214],[1.72233,49.05294],[1.723,49.05394],[1.72306,49.05413],[1.72357,49.05454],[1.72389,49.05491],[1.72501,49.05459],[1.7252,49.05394],[1.7255,49.0539],[1.72698,49.05385],[1.7277,49.05354],[1.728,49.05331],[1.7303,49.0525],[1.73039,49.05244],[1.73053,49.05221],[1.73065,49.05181],[1.73078,49.05157],[1.7313,49.05117],[1.73186,49.05051]]]}},
{"type":"Feature","properties":{"ID":"COMMUNE_0000000009735034","INSEE_COM":"95563","INSEE_ARR":"1","INSEE_COL":"95D","INSEE_DEP":"95","INSEE_REG":"11","NOM":"Saint-Leu-la-Forêt","CL_DEPART":"Non","CL_REGION":"Non","SIREN_EPCI":"200058485","SIREN_SI":257500017,"NOM_SI":"S.E.D.I.F."},"geometry":{"type":"Polygon","coordinates":[[[2.25221,49.00185],[2.25129,49.00112],[2.25095,49.00092],[2.25063,49.0008],[2.2464,49.00383],[2.24624,49.00477],[2.24596,49.00531],[2.24614,49.00546],[2.24566,49.00567],[2.24547,49.00591],[2.24493,49.00634],[2.24411,49.00692],[2.24327,49.00737],[2.24279,49.00758],[2.24222,49.00776],[2.24078,49.00813],[2.23582,49.00928],[2.23419,49.00971],[2.23358,49.00985],[2.23356,49.00965],[2.23163,49.01008],[2.22972,49.01041],[2.22546,49.01139],[2.2239,49.0118],[2.22655,49.01431],[2.2266,49.01402],[2.22654,49.01365],[2.22752,49.01305],[2.22757,49.01291],[2.23026,49.01449],[2.23034,49.01458],[2.23117,49.01501],[2.23171,49.01549],[2.23207,49.0157],[2.23234,49.01591],[2.23295,49.01664],[2.23385,49.01754],[2.23404,49.01781],[2.2343,49.01775],[2.23487,49.01846],[2.23518,49.01842],[2.23625,49.02012],[2.23644,49.02047],[2.23734,49.02152],[2.23747,49.02148],[2.23803,49.02207],[2.23844,49.02232],[2.23934,49.02306],[2.23982,49.02337],[2.23997,49.0235],[2.2403,49.02425],[2.24052,49.02498],[2.24088,49.02535],[2.24091,49.02544],[2.24251,49.02727],[2.24256,49.0279],[2.24269,49.02818],[2.24256,49.02831],[2.24234,49.02931],[2.24449,49.03829],[2.25283,49.03583],[2.2529,49.03622],[2.25288,49.03634],[2.25265,49.03676],[2.25255,49.03706],[2.25203,49.0376],[2.25189,49.03785],[2.25171,49.03864],[2.25151,49.03924],[2.25151,49.03941],[2.25158,49.03961],[2.25171,49.03982],[2.25187,49.04],[2.25213,49.04021],[2.25266,49.04052],[2.25289,49.0407],[2.25301,49.04084],[2.25292,49.04138],[2.25358,49.04122],[2.25379,49.0412],[2.25587,49.04061],[2.25666,49.04045],[2.2575,49.04019],[2.25819,49.04002],[2.25556,49.02501],[2.25757,49.02412],[2.25742,49.02378],[2.25929,49.0225],[2.25931,49.02245],[2.25991,49.0221],[2.26035,49.02176],[2.26074,49.02157],[2.2613,49.02121],[2.26184,49.02064],[2.26188,49.02023],[2.2621,49.01987],[2.26214,49.0197],[2.26153,49.01925],[2.257,49.01627],[2.25708,49.01626],[2.25641,49.01571],[2.25611,49.01533],[2.25522,49.01284],[2.25578,49.01075],[2.25565,49.00885],[2.25372,49.00637],[2.25324,49.00585],[2.25221,49.00185]]]}},
{"type":"Feature","properties":{"ID":"COMMUNE_0000000009735006","INSEE_COM":"95212","INSEE_ARR":"2","INSEE_COL":"95D","INSEE_DEP":"95","INSEE_REG":"11","NOM":"Épiais-lès-Louvres","CL_DEPART":"Non","CL_REGION":"Non","SIREN_EPCI":"200055655","SIREN_SI":257701151,"NOM_SI":"SMAEP DE LA GÖELE"},"geometry":{"type":"Polygon","coordinates":[[[2.52534,49.02691],[2.52555,49.02758],[2.52605,49.03011],[2.52803,49.03028],[2.52827,49.03171],[2.5288,49.0318],[2.52881,49.03248],[2.5292,49.03253],[2.52952,49.03391],[2.52962,49.03399],[2.52991,49.03409],[2.53226,49.03469],[2.532,49.03245],[2.53202,49.03234],[2.53248,49.03168],[2.5333,49.03036],[2.53347,49.02986],[2.53358,49.02919],[2.53559,49.02937],[2.53496,49.03107],[2.53471,49.03136],[2.53436,49.03168],[2.53401,49.0321],[2.5338,49.03245],[2.53572,49.03296],[2.54068,49.03387],[2.54328,49.03461],[2.54268,49.03621],[2.54263,49.03761],[2.54501,49.03778],[2.54612,49.03701],[2.54754,49.03611],[2.54515,49.03521],[2.5456,49.03437],[2.54848,49.03532],[2.54881,49.03495],[2.54609,49.03402],[2.54731,49.0326],[2.54998,49.03306],[2.55,49.03292],[2.55154,49.03301],[2.55151,49.03401],[2.55006,49.03408],[2.55073,49.0352],[2.5531,49.03524],[2.55556,49.03548],[2.55581,49.03501],[2.55732,49.03508],[2.55692,49.03675],[2.55864,49.03704],[2.55837,49.03752],[2.56055,49.03816],[2.56105,49.03758],[2.56142,49.03767],[2.56107,49.03845],[2.5639,49.03947],[2.56429,49.03923],[2.56574,49.0399],[2.56448,49.04105],[2.56366,49.04082],[2.5633,49.04126],[2.56552,49.04199],[2.56776,49.04137],[2.56723,49.04077],[2.56944,49.03952],[2.56793,49.03908],[2.56869,49.03727],[2.56884,49.03728],[2.56969,49.03536],[2.56879,49.03524],[2.56864,49.03382],[2.56873,49.03281],[2.56702,49.03246],[2.56705,49.03211],[2.56625,49.0321],[2.56629,49.03021],[2.56585,49.03014],[2.56601,49.02859],[2.56403,49.02845],[2.56466,49.02797],[2.56316,49.02779],[2.56238,49.0274],[2.56216,49.02738],[2.5617,49.02718],[2.56077,49.02686],[2.5595,49.02648],[2.55851,49.02581],[2.55711,49.02581],[2.55711,49.02569],[2.55263,49.02534],[2.55247,49.02523],[2.55176,49.02496],[2.54641,49.02309],[2.54597,49.02296],[2.54529,49.0229],[2.54526,49.02238],[2.5412,49.02238],[2.54119,49.02322],[2.537,49.02358],[2.53494,49.02384],[2.53136,49.02419],[2.53131,49.02408],[2.52883,49.02437],[2.52918,49.02674],[2.52534,49.02691]]]}},
{"type":"Feature","properties":{"ID":"COMMUNE_0000000009734505","INSEE_COM":"95493","INSEE_ARR":"2","INSEE_COL":"95D","INSEE_DEP":"95","INSEE_REG":"11","NOM":"Le Plessis-Luzarches","CL_DEPART":"Non","CL_REGION":"Non","SIREN_EPCI":"200073013","SIREN_SI":259501419,"NOM_SI":"S.I. D'ADDUCTION D'EAU POTABLE DE BELLEFONTAINE"},"geometry":{"type":"Polygon","coordinates":[[[2.44975,49.10076],[2.45008,49.10083],[2.45048,49.10086],[2.45297,49.10097],[2.45339,49.10102],[2.45377,49.10109],[2.45469,49.10116],[2.45561,49.10115],[2.45678,49.10107],[2.45692,49.10104],[2.45703,49.10094],[2.45741,49.10037],[2.45772,49.09998],[2.45853,49.09954],[2.45922,49.0996],[2.45997,49.09959],[2.46147,49.09944],[2.46279,49.09923],[2.4654,49.09861],[2.46542,49.09829],[2.46519,49.09821],[2.46514,49.09808],[2.46539,49.09801],[2.46542,49.09762],[2.46532,49.09743],[2.46513,49.09724],[2.46528,49.09719],[2.46521,49.09704],[2.4646,49.09701],[2.46473,49.09696],[2.46496,49.09678],[2.46514,49.09651],[2.46519,49.0963],[2.46428,49.09602],[2.46422,49.09623],[2.4629,49.09664],[2.46239,49.09638],[2.46219,49.09606],[2.46305,49.09586],[2.46316,49.096],[2.46338,49.09596],[2.46318,49.09578],[2.46283,49.09533],[2.46224,49.09552],[2.46183,49.09553],[2.46126,49.09545],[2.46105,49.09536],[2.46093,49.09526],[2.46202,49.09485],[2.46228,49.09453],[2.46204,49.09451],[2.46158,49.09435],[2.45941,49.09318],[2.45791,49.09216],[2.45739,49.09163],[2.45722,49.09128],[2.45709,49.09115],[2.45637,49.09079],[2.45614,49.09062],[2.4557,49.09038],[2.45424,49.08974],[2.45324,49.0904],[2.4531,49.09022],[2.45235,49.09022],[2.45242,49.09002],[2.45194,49.09002],[2.45189,49.09125],[2.4521,49.09198],[2.45095,49.09218],[2.45106,49.0927],[2.45049,49.09272],[2.44998,49.09286],[2.44976,49.09296],[2.44979,49.09308],[2.44918,49.09306],[2.44912,49.09287],[2.44859,49.09295],[2.4486,49.09336],[2.44867,49.09339],[2.44889,49.09374],[2.44926,49.0939],[2.44961,49.09415],[2.44998,49.09478],[2.44984,49.09493],[2.44961,49.09483],[2.44941,49.09505],[2.44947,49.09508],[2.45022,49.09611],[2.4493,49.09646],[2.44939,49.09655],[2.45023,49.09637],[2.45063,49.09703],[2.45092,49.09738],[2.45114,49.09776],[2.45138,49.09803],[2.4516,49.09846],[2.45172,49.09902],[2.45156,49.09906],[2.45111,49.09935],[2.44808,49.09973],[2.44831,49.09983],[2.44975,49.10076]]]}},
{"type":"Feature","properties":{"ID":"COMMUNE_0000000009735036","INSEE_COM":"95424","INSEE_ARR":"1","INSEE_COL":"95D","INSEE_DEP":"95","INSEE_REG":"11","NOM":"Montigny-lès-Cormeilles","CL_DEPART":"Non","CL_REGION":"Non","SIREN_EPCI":"200058485","SIREN_SI":257500017,"NOM_SI":"S.E.D.I.F."},"geometry":{"type":"Polygon","coordinates":[[[2.19711,49.00768],[2.19923,49.00694],[2.20042,49.00647],[2.20837,49.00351],[2.21192,49.00223],[2.21324,49.00169],[2.20986,48.99806],[2.20923,48.99731],[2.20897,48.99693],[2.20851,48.99588],[2.20832,48.99517],[2.20812,48.99467],[2.20814,48.99454],[2.20825,48.99446],[2.20795,48.99365],[2.20743,48.99287],[2.20707,48.99217],[2.20676,48.99176],[2.20607,48.99111],[2.20482,48.99009],[2.20464,48.98998],[2.20448,48.98979],[2.20444,48.98963],[2.20217,48.9903],[2.20157,48.99044],[2.20026,48.98772],[2.1984,48.98771],[2.1987,48.98699],[2.19891,48.9866],[2.19893,48.98632],[2.19885,48.98613],[2.19853,48.98581],[2.19809,48.98551],[2.1977,48.98531],[2.19495,48.98529],[2.19423,48.98465],[2.19318,48.98475],[2.19311,48.98461],[2.19232,48.98465],[2.19187,48.98463],[2.19131,48.98446],[2.19111,48.98433],[2.19104,48.98419],[2.19113,48.98355],[2.19083,48.9835],[2.19074,48.98368],[2.1902,48.9836],[2.18908,48.98335],[2.18912,48.98328],[2.18843,48.98237],[2.18815,48.98187],[2.18757,48.98125],[2.18784,48.98112],[2.18829,48.98078],[2.18897,48.98038],[2.18886,48.98032],[2.18925,48.97997],[2.18956,48.97975],[2.18955,48.9797],[2.18911,48.97954],[2.18842,48.9795],[2.18788,48.97939],[2.18763,48.97946],[2.18624,48.97924],[2.18523,48.97926],[2.18506,48.97933],[2.18473,48.97958],[2.18454,48.97961],[2.18347,48.9792],[2.18223,48.98109],[2.18195,48.9818],[2.18181,48.9825],[2.18182,48.98453],[2.18155,48.98455],[2.17886,48.98572],[2.17864,48.98577],[2.17766,48.98588],[2.17555,48.98634],[2.17454,48.98648],[2.1741,48.98657],[2.17449,48.98687],[2.17468,48.98681],[2.17479,48.98706],[2.17467,48.98712],[2.17486,48.98745],[2.17509,48.98772],[2.17526,48.98806],[2.17549,48.98803],[2.17572,48.98829],[2.1758,48.98828],[2.17585,48.98834],[2.176,48.98833],[2.17612,48.98849],[2.17669,48.98908],[2.177,48.98948],[2.17736,48.98936],[2.17756,48.98937],[2.17775,48.98959],[2.17787,48.98955],[2.17894,48.99096],[2.17946,48.9915],[2.17971,48.99142],[2.18077,48.99252],[2.18099,48.99245],[2.18127,48.99315],[2.18078,48.9932],[2.18204,48.99404],[2.18273,48.99474],[2.18296,48.99504],[2.1851,48.99634],[2.18658,48.99717],[2.18775,48.99777],[2.18877,48.99725],[2.19252,49.00213],[2.19306,49.00267],[2.19341,49.00252],[2.1941,49.00329],[2.19519,49.00461],[2.19313,49.00549],[2.19711,49.00768]]]}},
{"type":"Feature","properties":{"ID":"COMMUNE_0000000009734541","INSEE_COM":"95078","INSEE_ARR":"3","INSEE_COL":"95D","INSEE_DEP":"95","INSEE_REG":"11","NOM":"Boissy-l'Aillerie","CL_DEPART":"Non","CL_REGION":"Non","SIREN_EPCI":"200035970","SIREN_SI":259502649,"NOM_SI":"Compétence exercée par la commune"},"geometry":{"type":"Polygon","coordinates":[[[2.02707,49.09655],[2.02867,49.09855],[2.0297,49.09825],[2.03054,49.09796],[2.03139,49.09929],[2.03251,49.09913],[2.03328,49.10143],[2.03614,49.10105],[2.036,49.10059],[2.03959,49.10007],[2.04028,49.0999],[2.0401,49.09951],[2.03997,49.09934],[2.04097,49.09912],[2.04086,49.09894],[2.04085,49.0988],[2.04367,49.09792],[2.04424,49.0976],[2.04424,49.09753],[2.04296,49.0958],[2.04238,49.09598],[2.0414,49.09473],[2.04659,49.09331],[2.04584,49.09168],[2.04751,49.09135],[2.04634,49.08988],[2.046,49.08753],[2.04568,49.08757],[2.04548,49.08676],[2.04505,49.0868],[2.04443,49.08525],[2.04389,49.08269],[2.04451,49.08276],[2.04533,49.08273],[2.04503,49.08162],[2.0439,49.07953],[2.04276,49.07676],[2.04251,49.07679],[2.04089,49.07512],[2.04142,49.07414],[2.0408,49.07358],[2.03992,49.07257],[2.04012,49.07241],[2.03757,49.06981],[2.03767,49.06973],[2.03768,49.06965],[2.03756,49.06917],[2.03729,49.06878],[2.03722,49.06851],[2.03728,49.06795],[2.03704,49.06774],[2.03689,49.06776],[2.03673,49.06767],[2.03662,49.06753],[2.03655,49.06712],[2.03597,49.06572],[2.0353,49.06447],[2.03509,49.0637],[2.03455,49.06274],[2.03396,49.06294],[2.03257,49.06331],[2.03309,49.06375],[2.03361,49.0644],[2.03381,49.06469],[2.03446,49.06584],[2.03186,49.0673],[2.03134,49.06728],[2.03117,49.0667],[2.03046,49.06622],[2.03022,49.06593],[2.02975,49.0655],[2.0296,49.06528],[2.02948,49.06496],[2.02921,49.06451],[2.02889,49.06408],[2.0287,49.0639],[2.02851,49.06359],[2.02815,49.06388],[2.02773,49.0647],[2.0276,49.06486],[2.02731,49.06506],[2.02657,49.06526],[2.0259,49.06553],[2.02404,49.06611],[2.02228,49.0667],[2.02248,49.06685],[2.025,49.06821],[2.0256,49.06863],[2.02602,49.06913],[2.02629,49.06956],[2.02636,49.0698],[2.0263,49.07073],[2.0263,49.07111],[2.02637,49.07138],[2.02648,49.07168],[2.02663,49.07193],[2.02713,49.07247],[2.02634,49.07262],[2.0265,49.07285],[2.02603,49.07287],[2.02545,49.07293],[2.02548,49.07363],[2.02675,49.07364],[2.02673,49.07387],[2.02722,49.07386],[2.02732,49.07402],[2.02695,49.07397],[2.02619,49.07392],[2.02546,49.07393],[2.0242,49.07403],[2.02343,49.07414],[2.02233,49.07443],[2.02119,49.07489],[2.02069,49.07499],[2.01988,49.07541],[2.01958,49.07542],[2.01927,49.07554],[2.01901,49.07565],[2.01834,49.07623],[2.01794,49.07648],[2.01759,49.07653],[2.01728,49.07671],[2.01687,49.0768],[2.01623,49.07724],[2.01603,49.07741],[2.01624,49.0777],[2.01657,49.07837],[2.0157,49.07857],[2.01636,49.07965],[2.01658,49.08023],[2.01706,49.08267],[2.01773,49.08385],[2.01854,49.08494],[2.01871,49.08523],[2.01897,49.08626],[2.01909,49.08648],[2.01955,49.08694],[2.01974,49.0872],[2.01978,49.08737],[2.0195,49.0875],[2.02053,49.08853],[2.02032,49.08878],[2.02006,49.08954],[2.02543,49.09312],[2.02444,49.09358],[2.0284,49.09604],[2.02707,49.09655]]]}},
{"type":"Feature","properties":{"ID":"COMMUNE_0000000009733519","INSEE_COM":"95142","INSEE_ARR":"3","INSEE_COL":"95D","INSEE_DEP":"95","INSEE_REG":"11","NOM":"Chars","CL_DEPART":"Non","CL_REGION":"Non","SIREN_EPCI":"200035970","SIREN_SI":259502649,"NOM_SI":"S.I. DES EAUX DU VAL DE VIOSNE"},"geometry":{"type":"Polygon","coordinates":[[[1.92452,49.1396],[1.92188,49.14099],[1.91973,49.14208],[1.9188,49.1426],[1.91645,49.14351],[1.91698,49.14397],[1.91458,49.14512],[1.9123,49.14361],[1.9121,49.14341],[1.91176,49.14289],[1.91087,49.14238],[1.90999,49.14181],[1.90873,49.14115],[1.90863,49.14111],[1.90715,49.14255],[1.9044,49.14141],[1.90453,49.14119],[1.90285,49.13993],[1.90188,49.13928],[1.89337,49.14395],[1.89326,49.14402],[1.89252,49.14586],[1.89093,49.1494],[1.89258,49.1491],[1.89309,49.14931],[1.89264,49.15697],[1.89128,49.15679],[1.89107,49.15899],[1.89166,49.15902],[1.89193,49.15955],[1.89208,49.15954],[1.89207,49.15885],[1.89468,49.15855],[1.8953,49.15862],[1.8953,49.15883],[1.89719,49.15902],[1.89715,49.16015],[1.89491,49.16002],[1.8947,49.16066],[1.89395,49.16056],[1.89372,49.16137],[1.89371,49.1617],[1.89293,49.16153],[1.89267,49.16199],[1.89192,49.16183],[1.89123,49.16325],[1.88984,49.16284],[1.88893,49.16268],[1.88713,49.16248],[1.88615,49.16228],[1.88285,49.16152],[1.88295,49.16258],[1.88744,49.16302],[1.88687,49.16416],[1.88834,49.1645],[1.88831,49.16471],[1.88975,49.16502],[1.89012,49.16411],[1.89155,49.16456],[1.89253,49.16476],[1.89404,49.16494],[1.89511,49.16503],[1.89471,49.16609],[1.90693,49.16864],[1.90697,49.16861],[1.91234,49.1701],[1.91498,49.17093],[1.91506,49.17089],[1.9164,49.17125],[1.91899,49.17173],[1.92084,49.17226],[1.92146,49.17238],[1.92383,49.17244],[1.92437,49.1736],[1.92481,49.17354],[1.92481,49.17349],[1.92497,49.17347],[1.92575,49.17347],[1.92587,49.17345],[1.92583,49.17339],[1.92639,49.17331],[1.92645,49.17342],[1.92996,49.17407],[1.93117,49.17426],[1.93192,49.17421],[1.93182,49.17463],[1.93173,49.17479],[1.93145,49.17503],[1.93154,49.17504],[1.93215,49.175],[1.93251,49.17501],[1.93266,49.1747],[1.93289,49.17452],[1.93307,49.17428],[1.93311,49.17427],[1.93308,49.17419],[1.93331,49.17366],[1.93372,49.17361],[1.934,49.17347],[1.93437,49.17354],[1.9344,49.17329],[1.9343,49.17312],[1.9343,49.17302],[1.93441,49.17285],[1.93471,49.17258],[1.93474,49.17249],[1.93464,49.17243],[1.93463,49.17235],[1.9347,49.17219],[1.93492,49.17208],[1.93498,49.17189],[1.93495,49.17178],[1.93476,49.17173],[1.93472,49.17169],[1.93482,49.1712],[1.9347,49.17094],[1.93474,49.17067],[1.93465,49.17054],[1.93478,49.17038],[1.93483,49.17025],[1.93485,49.16996],[1.93519,49.16981],[1.9354,49.16959],[1.93551,49.16965],[1.93558,49.16996],[1.93592,49.1699],[1.93619,49.16991],[1.93886,49.17061],[1.93941,49.17068],[1.94036,49.17065],[1.94037,49.17068],[1.94122,49.17057],[1.94199,49.17032],[1.94233,49.17],[1.94407,49.17116],[1.9446,49.17132],[1.94508,49.17133],[1.94535,49.17152],[1.94806,49.17077],[1.94974,49.17048],[1.95246,49.17141],[1.95255,49.17147],[1.95607,49.17227],[1.95739,49.17265],[1.96002,49.17349],[1.96035,49.17371],[1.96079,49.1739],[1.96196,49.17432],[1.96236,49.1746],[1.96485,49.17304],[1.96743,49.17154],[1.96765,49.17138],[1.96834,49.17073],[1.96849,49.17063],[1.96933,49.17024],[1.97044,49.16989],[1.97154,49.16847],[1.97191,49.16778],[1.97198,49.16723],[1.9724,49.16682],[1.97367,49.1675],[1.97395,49.16726],[1.97453,49.16659],[1.97475,49.1664],[1.97617,49.16672],[1.97747,49.16503],[1.97786,49.16448],[1.97796,49.16422],[1.97797,49.16406],[1.97781,49.16362],[1.97758,49.16323],[1.97714,49.16264],[1.97703,49.16242],[1.97721,49.16233],[1.97737,49.16208],[1.97727,49.16189],[1.97717,49.16183],[1.9769,49.16204],[1.97642,49.16033],[1.97625,49.16041],[1.97543,49.161],[1.97487,49.16129],[1.9751,49.16145],[1.97461,49.16175],[1.97445,49.16165],[1.97418,49.1618],[1.97357,49.1614],[1.97289,49.16159],[1.9716,49.15963],[1.9707,49.15834],[1.97087,49.15827],[1.96983,49.15666],[1.96847,49.15729],[1.9674,49.15635],[1.96693,49.1557],[1.96666,49.15519],[1.96797,49.15439],[1.96343,49.15147],[1.95996,49.14802],[1.95829,49.14806],[1.95741,49.14796],[1.9552,49.14724],[1.95276,49.14535],[1.95212,49.14498],[1.95116,49.14512],[1.95044,49.14512],[1.94908,49.14496],[1.94859,49.14493],[1.94831,49.14496],[1.94641,49.14568],[1.94483,49.14576],[1.94373,49.14564],[1.9431,49.14569],[1.94289,49.14573],[1.9425,49.14595],[1.94031,49.14616],[1.94028,49.14599],[1.94007,49.14602],[1.94,49.1457],[1.93854,49.14555],[1.93821,49.14461],[1.93817,49.14436],[1.93823,49.14396],[1.9383,49.14378],[1.93807,49.14386],[1.93784,49.14389],[1.93773,49.14411],[1.93769,49.14412],[1.93757,49.14403],[1.93743,49.14421],[1.93697,49.14441],[1.93653,49.1444],[1.93648,49.14436],[1.93493,49.1441],[1.93495,49.14394],[1.93476,49.1438],[1.93426,49.14371],[1.93364,49.14375],[1.933,49.14397],[1.93162,49.14452],[1.9298,49.14337],[1.92905,49.14294],[1.92966,49.14245],[1.92655,49.14079],[1.92629,49.14088],[1.92609,49.14071],[1.92594,49.14082],[1.92497,49.13993],[1.92452,49.1396]]]}},
{"type":"Feature","properties":{"ID":"COMMUNE_0000000009734012","INSEE_COM":"95110","INSEE_ARR":"3","INSEE_COL":"95D","INSEE_DEP":"95","INSEE_REG":"11","NOM":"Brignancourt","CL_DEPART":"Non","CL_REGION":"Non","SIREN_EPCI":"200035970","SIREN_SI":259502649,"NOM_SI":"Compétence exercée par la commune"},"geometry":{"type":"Polygon","coordinates":[[[1.95996,49.14802],[1.96035,49.14787],[1.96097,49.14735],[1.96125,49.1472],[1.96226,49.14684],[1.96258,49.14693],[1.9614,49.14553],[1.96107,49.14485],[1.96076,49.14454],[1.9596,49.14314],[1.95834,49.14153],[1.95794,49.1409],[1.95759,49.14022],[1.95718,49.13909],[1.95632,49.1376],[1.95618,49.13748],[1.9554,49.13655],[1.95525,49.13658],[1.95213,49.13319],[1.9517,49.13341],[1.95134,49.13277],[1.95086,49.1325],[1.95041,49.13228],[1.94962,49.13159],[1.94964,49.13158],[1.9488,49.13123],[1.94829,49.13109],[1.94725,49.13071],[1.94713,49.13079],[1.94679,49.13128],[1.94506,49.13058],[1.94487,49.13073],[1.94461,49.13063],[1.94473,49.13051],[1.94499,49.13034],[1.94397,49.12973],[1.94385,49.1297],[1.9427,49.13036],[1.94209,49.13096],[1.94058,49.13222],[1.94085,49.13236],[1.9407,49.13259],[1.94054,49.13274],[1.94029,49.13293],[1.93756,49.13473],[1.93542,49.1333],[1.93381,49.13212],[1.93303,49.13246],[1.93267,49.13267],[1.93077,49.13532],[1.92658,49.13741],[1.92577,49.13769],[1.92547,49.13786],[1.9248,49.13835],[1.925,49.13852],[1.9248,49.13863],[1.92541,49.13911],[1.92452,49.1396],[1.92497,49.13993],[1.92594,49.14082],[1.92609,49.14071],[1.92629,49.14088],[1.92655,49.14079],[1.92966,49.14245],[1.92905,49.14294],[1.9298,49.14337],[1.93162,49.14452],[1.933,49.14397],[1.93364,49.14375],[1.93426,49.14371],[1.93476,49.1438],[1.93495,49.14394],[1.93493,49.1441],[1.93648,49.14436],[1.93653,49.1444],[1.93697,49.14441],[1.93743,49.14421],[1.93757,49.14403],[1.93769,49.14412],[1.93773,49.14411],[1.93784,49.14389],[1.93807,49.14386],[1.9383,49.14378],[1.93823,49.14396],[1.93817,49.14436],[1.93821,49.14461],[1.93854,49.14555],[1.94,49.1457],[1.94007,49.14602],[1.94028,49.14599],[1.94031,49.14616],[1.9425,49.14595],[1.94289,49.14573],[1.9431,49.14569],[1.94373,49.14564],[1.94483,49.14576],[1.94641,49.14568],[1.94831,49.14496],[1.94859,49.14493],[1.94908,49.14496],[1.95044,49.14512],[1.95116,49.14512],[1.95212,49.14498],[1.95276,49.14535],[1.9552,49.14724],[1.95741,49.14796],[1.95829,49.14806],[1.95996,49.14802]]]}},
{"type":"Feature","properties":{"ID":"COMMUNE_0000000009733496","INSEE_COM":"95116","INSEE_ARR":"3","INSEE_COL":"95D","INSEE_DEP":"95","INSEE_REG":"11","NOM":"Bruyères-sur-Oise","CL_DEPART":"Non","CL_REGION":"Non","SIREN_EPCI":"249500489","SIREN_SI":0,"NOM_SI":"Compétence exercée par la commune"},"geometry":{"type":"Polygon","coordinates":[[[2.35934,49.14733],[2.35882,49.14701],[2.35646,49.14603],[2.35383,49.14538],[2.35293,49.14527],[2.35088,49.14512],[2.34939,49.14527],[2.34712,49.14567],[2.34427,49.14611],[2.34236,49.14634],[2.34075,49.14639],[2.33949,49.14624],[2.33855,49.14594],[2.33724,49.1453],[2.3336,49.14317],[2.3323,49.14263],[2.33113,49.1423],[2.32949,49.1419],[2.32879,49.14184],[2.32822,49.1419],[2.32758,49.14206],[2.32702,49.1423],[2.32581,49.14309],[2.32448,49.14426],[2.32378,49.14507],[2.32272,49.14655],[2.32143,49.14812],[2.32087,49.14864],[2.32054,49.14892],[2.32019,49.14911],[2.31958,49.14934],[2.31851,49.14957],[2.31767,49.14967],[2.31406,49.14988],[2.31246,49.15004],[2.312,49.15012],[2.31306,49.15268],[2.31288,49.15265],[2.31261,49.15274],[2.31328,49.15418],[2.31362,49.15409],[2.31394,49.15871],[2.31391,49.15888],[2.31278,49.159],[2.31323,49.16267],[2.31301,49.16269],[2.31304,49.16529],[2.3127,49.16949],[2.31323,49.16955],[2.31436,49.16961],[2.3132,49.17363],[2.31274,49.17564],[2.31305,49.17579],[2.30902,49.18121],[2.30954,49.18134],[2.31238,49.18342],[2.31224,49.18351],[2.31159,49.18438],[2.31043,49.18499],[2.31076,49.18594],[2.3108,49.18675],[2.31328,49.18634],[2.31321,49.18584],[2.3174,49.18539],[2.31929,49.18507],[2.3216,49.18437],[2.32055,49.18352],[2.31955,49.18242],[2.32125,49.18189],[2.32063,49.18129],[2.32187,49.18092],[2.32173,49.18073],[2.32371,49.17994],[2.3232,49.1795],[2.3243,49.179],[2.32455,49.17893],[2.32582,49.17873],[2.32558,49.17817],[2.32604,49.17766],[2.32636,49.17759],[2.32762,49.17708],[2.3273,49.17648],[2.32768,49.17627],[2.32777,49.17634],[2.33145,49.17383],[2.33136,49.17376],[2.33147,49.17367],[2.33554,49.17066],[2.33842,49.16777],[2.33874,49.16747],[2.33883,49.16743],[2.34047,49.16586],[2.34035,49.16578],[2.3413,49.16489],[2.34595,49.16235],[2.34849,49.15963],[2.34857,49.15954],[2.34853,49.15951],[2.35051,49.15722],[2.35267,49.15521],[2.3536,49.15449],[2.35423,49.15426],[2.35377,49.15394],[2.35535,49.15328],[2.35517,49.15282],[2.35488,49.15175],[2.35342,49.15116],[2.35379,49.15085],[2.35487,49.1495],[2.35509,49.14926],[2.35598,49.14869],[2.35636,49.14895],[2.35747,49.14834],[2.35757,49.14833],[2.35765,49.14845],[2.35834,49.14826],[2.35799,49.14806],[2.35934,49.14733]]]}},
{"type":"Feature","properties":{"ID":"COMMUNE_0000000009733983","INSEE_COM":"95352","INSEE_ARR":"2","INSEE_COL":"95D","INSEE_DEP":"95","INSEE_REG":"11","NOM":"Luzarches","CL_DEPART":"Non","CL_REGION":"Non","SIREN_EPCI":"200073013","SIREN_SI":259500577,"NOM_SI":"S.I. D'EXPLOITATION DES CHAMPS CAPTANTS D'ASNIERES-SUR-OISE (S.I.E.C.C.A.O.)"},"geometry":{"type":"Polygon","coordinates":[[[2.4389,49.14164],[2.43756,49.13861],[2.43673,49.13663],[2.43548,49.13405],[2.43388,49.13378],[2.4336,49.13377],[2.43336,49.13383],[2.43172,49.13346],[2.43167,49.13343],[2.43133,49.13537],[2.42852,49.13533],[2.42852,49.13487],[2.42785,49.13484],[2.42761,49.13487],[2.42652,49.13487],[2.42584,49.13491],[2.42555,49.13481],[2.4252,49.13447],[2.42469,49.13413],[2.42417,49.13372],[2.42351,49.13352],[2.42296,49.13365],[2.42184,49.134],[2.42076,49.13306],[2.41956,49.13367],[2.41872,49.13279],[2.41763,49.13155],[2.42002,49.12999],[2.41943,49.1295],[2.41881,49.12964],[2.41779,49.12728],[2.41484,49.12809],[2.41359,49.12702],[2.41145,49.12545],[2.41092,49.12483],[2.41198,49.12429],[2.41272,49.12399],[2.41319,49.1237],[2.41396,49.12294],[2.41534,49.12258],[2.4155,49.12266],[2.41592,49.12312],[2.41604,49.12365],[2.41641,49.12421],[2.41651,49.12451],[2.41776,49.12435],[2.41829,49.12447],[2.41843,49.12453],[2.41934,49.1255],[2.42118,49.12502],[2.42165,49.12472],[2.42194,49.12447],[2.42153,49.12427],[2.42281,49.1232],[2.42095,49.12205],[2.4223,49.12132],[2.42357,49.12017],[2.42378,49.12034],[2.42408,49.12013],[2.42399,49.12001],[2.42537,49.11959],[2.42572,49.11941],[2.42542,49.11925],[2.42527,49.11899],[2.42547,49.11868],[2.42559,49.1186],[2.42572,49.11852],[2.42691,49.11889],[2.4273,49.11881],[2.42788,49.11781],[2.42797,49.11775],[2.42822,49.11775],[2.429,49.11823],[2.42996,49.11845],[2.43116,49.11887],[2.43127,49.11857],[2.43134,49.11796],[2.43103,49.11614],[2.43062,49.11489],[2.43061,49.11468],[2.43065,49.11451],[2.43165,49.11496],[2.43361,49.11551],[2.43446,49.11579],[2.43483,49.11596],[2.435,49.11615],[2.43552,49.11642],[2.43604,49.11607],[2.43644,49.11631],[2.43651,49.11724],[2.43667,49.1174],[2.43695,49.11756],[2.43598,49.11828],[2.43658,49.1187],[2.43746,49.1192],[2.43843,49.11988],[2.43849,49.12017],[2.43875,49.12024],[2.43957,49.12187],[2.44022,49.12176],[2.44122,49.12163],[2.44216,49.12146],[2.44236,49.12139],[2.44291,49.12272],[2.4435,49.124],[2.44432,49.12383],[2.44753,49.12811],[2.44783,49.12834],[2.44866,49.12908],[2.44962,49.1297],[2.45153,49.13018],[2.45227,49.13061],[2.45309,49.13072],[2.45452,49.13108],[2.45555,49.13152],[2.45615,49.13165],[2.45664,49.13183],[2.45723,49.13458],[2.45902,49.13568],[2.46032,49.13622],[2.46096,49.13661],[2.46105,49.13672],[2.46119,49.13676],[2.46129,49.13614],[2.46484,49.13625],[2.4648,49.13611],[2.46759,49.1361],[2.46763,49.13605],[2.46756,49.13501],[2.46884,49.13491],[2.46883,49.13473],[2.4695,49.13468],[2.46971,49.13529],[2.47063,49.13504],[2.47081,49.1353],[2.47119,49.13526],[2.47154,49.1354],[2.47174,49.13508],[2.4753,49.13098],[2.47751,49.13098],[2.47531,49.12846],[2.48731,49.12565],[2.49908,49.12224],[2.50297,49.11777],[2.50301,49.11767],[2.49122,49.11142],[2.49142,49.11108],[2.49137,49.11042],[2.49077,49.10822],[2.49007,49.10625],[2.48988,49.10632],[2.48908,49.10651],[2.48821,49.10665],[2.48463,49.107],[2.48409,49.10701],[2.48382,49.10923],[2.48366,49.11006],[2.48334,49.11069],[2.48324,49.11172],[2.48178,49.11202],[2.47556,49.11227],[2.46687,49.11184],[2.4666,49.11147],[2.46567,49.111],[2.46524,49.11059],[2.46418,49.11103],[2.46369,49.11148],[2.46316,49.11184],[2.46213,49.11148],[2.4605,49.11062],[2.45892,49.10953],[2.4579,49.10871],[2.45827,49.10832],[2.45884,49.10784],[2.45716,49.10729],[2.45558,49.10672],[2.45543,49.10675],[2.45469,49.10612],[2.45456,49.10605],[2.45341,49.10504],[2.45249,49.104],[2.45213,49.10337],[2.45187,49.10274],[2.45141,49.10206],[2.4512,49.10151],[2.45075,49.1014],[2.45026,49.10122],[2.44997,49.10102],[2.44975,49.10076],[2.44681,49.10056],[2.4448,49.101],[2.44386,49.10163],[2.44236,49.10279],[2.4421,49.10314],[2.44107,49.10374],[2.44072,49.10347],[2.43952,49.10291],[2.43856,49.10222],[2.43802,49.10195],[2.43719,49.10142],[2.43618,49.10085],[2.43602,49.10067],[2.43546,49.1002],[2.43467,49.09968],[2.43401,49.09936],[2.43376,49.09927],[2.43347,49.09923],[2.43288,49.09882],[2.43187,49.09785],[2.43137,49.09711],[2.43123,49.09677],[2.43059,49.09683],[2.43052,49.09671],[2.43051,49.09649],[2.43073,49.09609],[2.43032,49.09595],[2.43066,49.09537],[2.43032,49.09514],[2.4299,49.0954],[2.42936,49.09565],[2.42899,49.09504],[2.42868,49.09438],[2.42889,49.09405],[2.42827,49.09302],[2.42758,49.09316],[2.42676,49.09172],[2.42594,49.09186],[2.42621,49.09312],[2.42594,49.09316],[2.42526,49.09306],[2.41947,49.0937],[2.41793,49.09382],[2.4172,49.09337],[2.41716,49.09363],[2.41668,49.09379],[2.41537,49.09284],[2.41402,49.09221],[2.41315,49.09198],[2.41269,49.09191],[2.41169,49.09197],[2.40905,49.09232],[2.40893,49.09196],[2.40697,49.09205],[2.40718,49.0935],[2.40828,49.0939],[2.41071,49.09495],[2.4119,49.09556],[2.4122,49.09559],[2.41245,49.09547],[2.41293,49.09547],[2.41423,49.09569],[2.41472,49.09601],[2.41479,49.09623],[2.4143,49.09659],[2.41416,49.09736],[2.41377,49.09816],[2.41348,49.09889],[2.41322,49.09894],[2.41299,49.09887],[2.41238,49.09861],[2.4112,49.09844],[2.4104,49.09821],[2.40934,49.09786],[2.40869,49.09776],[2.4076,49.09839],[2.40732,49.09839],[2.4063,49.09777],[2.40616,49.09777],[2.4018,49.0997],[2.4007,49.10028],[2.39816,49.10141],[2.39795,49.10141],[2.39463,49.09984],[2.39445,49.09912],[2.39356,49.09809],[2.39137,49.10069],[2.39128,49.10141],[2.39133,49.10185],[2.39115,49.10275],[2.38993,49.10448],[2.3892,49.10534],[2.38842,49.10608],[2.38939,49.10825],[2.39122,49.1101],[2.39181,49.11045],[2.39371,49.11219],[2.39432,49.11251],[2.3953,49.11331],[2.39556,49.11454],[2.39604,49.11566],[2.39647,49.11634],[2.39847,49.11635],[2.39989,49.11625],[2.40002,49.11679],[2.40037,49.11711],[2.40152,49.11769],[2.40187,49.11791],[2.40194,49.11814],[2.40177,49.11817],[2.40153,49.11832],[2.40188,49.1194],[2.40058,49.11976],[2.39982,49.12007],[2.39887,49.1203],[2.39873,49.12048],[2.39924,49.12111],[2.39962,49.12142],[2.40035,49.1219],[2.40208,49.12271],[2.40311,49.12326],[2.40428,49.12429],[2.4051,49.1247],[2.40736,49.126],[2.40784,49.12622],[2.40784,49.12631],[2.40837,49.1266],[2.40932,49.12734],[2.40974,49.12784],[2.41058,49.12906],[2.41107,49.13117],[2.41252,49.1331],[2.41245,49.13324],[2.41127,49.13355],[2.41127,49.13409],[2.41173,49.13543],[2.41197,49.13601],[2.41275,49.13577],[2.41389,49.1353],[2.41687,49.13523],[2.41766,49.13514],[2.41812,49.13507],[2.41941,49.13473],[2.42074,49.13433],[2.42188,49.13557],[2.42628,49.13998],[2.4283,49.14187],[2.43764,49.14169],[2.43862,49.14167],[2.4389,49.14164]]]}},
{"type":"Feature","properties":{"ID":"COMMUNE_0000000009734030","INSEE_COM":"95012","INSEE_ARR":"3","INSEE_COL":"95D","INSEE_DEP":"95","INSEE_REG":"11","NOM":"Amenucourt","CL_DEPART":"Non","CL_REGION":"Non","SIREN_EPCI":"249500513","SIREN_SI":259500684,"NOM_SI":"S.I. ET INTERDEPARTEMENTAL DES EAUX DE BRAY-ET-LU"},"geometry":{"type":"Polygon","coordinates":[[[1.62341,49.086],[1.61972,49.08757],[1.61891,49.08746],[1.61881,49.08751],[1.61922,49.08771],[1.61862,49.08826],[1.61838,49.08859],[1.61975,49.08875],[1.61993,49.08906],[1.62032,49.08934],[1.62095,49.08961],[1.62139,49.08972],[1.62175,49.08988],[1.62222,49.09024],[1.6227,49.09053],[1.62317,49.09075],[1.62323,49.09097],[1.62285,49.09104],[1.62322,49.09243],[1.62304,49.09257],[1.62299,49.09265],[1.62251,49.09277],[1.6228,49.09314],[1.62313,49.09339],[1.62342,49.09353],[1.62319,49.09353],[1.62263,49.0934],[1.62249,49.0934],[1.62194,49.09352],[1.62056,49.09366],[1.6203,49.09366],[1.62023,49.09367],[1.62002,49.09383],[1.6199,49.09386],[1.61974,49.09371],[1.61961,49.09368],[1.61945,49.09392],[1.6194,49.09394],[1.61906,49.09386],[1.61881,49.09376],[1.61846,49.09398],[1.61805,49.09393],[1.61758,49.09402],[1.61745,49.0939],[1.61724,49.09386],[1.61713,49.09387],[1.61728,49.09406],[1.61736,49.09427],[1.61749,49.09522],[1.61758,49.09534],[1.6177,49.09545],[1.61785,49.09551],[1.61844,49.09567],[1.61859,49.09579],[1.61856,49.09602],[1.6183,49.09644],[1.61829,49.09658],[1.61843,49.09688],[1.61868,49.09711],[1.61908,49.09726],[1.61953,49.0973],[1.62009,49.09727],[1.62036,49.09729],[1.6206,49.09735],[1.62076,49.09748],[1.62125,49.09807],[1.62134,49.09831],[1.62131,49.09848],[1.62117,49.09879],[1.621,49.09904],[1.62096,49.09917],[1.62099,49.09924],[1.62141,49.09969],[1.62155,49.09993],[1.62159,49.10037],[1.6214,49.10055],[1.62138,49.10072],[1.62184,49.10088],[1.62292,49.10113],[1.6237,49.10137],[1.6239,49.10151],[1.62406,49.10169],[1.62428,49.10187],[1.6245,49.10202],[1.62473,49.10211],[1.62505,49.1022],[1.62545,49.10225],[1.62668,49.10223],[1.62682,49.1023],[1.62712,49.10264],[1.62728,49.1029],[1.62727,49.1031],[1.62685,49.10352],[1.62658,49.10427],[1.62658,49.1045],[1.62667,49.10476],[1.62688,49.10503],[1.62756,49.1057],[1.62805,49.1064],[1.62889,49.10699],[1.62944,49.10729],[1.62954,49.1074],[1.62959,49.10756],[1.62958,49.10782],[1.62942,49.10852],[1.62954,49.10916],[1.62947,49.10962],[1.62958,49.10999],[1.6297,49.11016],[1.63,49.11034],[1.63043,49.11046],[1.63135,49.11045],[1.6319,49.11057],[1.6322,49.1107],[1.63242,49.11076],[1.63298,49.1108],[1.63308,49.11097],[1.63304,49.11116],[1.63254,49.11131],[1.63233,49.11141],[1.6322,49.11154],[1.63216,49.11168],[1.63219,49.11184],[1.63229,49.11203],[1.63248,49.11218],[1.63279,49.11229],[1.6337,49.11249],[1.63421,49.11272],[1.63437,49.1129],[1.63453,49.11358],[1.63472,49.11398],[1.63492,49.11411],[1.6352,49.11421],[1.63536,49.11425],[1.63557,49.11425],[1.63579,49.1143],[1.63607,49.11446],[1.63644,49.11476],[1.63667,49.1149],[1.63749,49.11528],[1.63795,49.11557],[1.63888,49.11607],[1.63906,49.11611],[1.63947,49.1164],[1.63985,49.11681],[1.64003,49.11683],[1.64013,49.11679],[1.64019,49.1167],[1.64028,49.11627],[1.6404,49.11619],[1.64068,49.11616],[1.64144,49.11623],[1.64181,49.11631],[1.64218,49.11644],[1.64241,49.1166],[1.64273,49.11702],[1.64281,49.11732],[1.64299,49.11747],[1.6434,49.11777],[1.6438,49.11801],[1.64422,49.11821],[1.64451,49.11872],[1.64454,49.11898],[1.64508,49.11969],[1.64517,49.11986],[1.64513,49.12042],[1.6452,49.12058],[1.64549,49.12076],[1.64617,49.12111],[1.64651,49.12131],[1.64661,49.12141],[1.64669,49.12183],[1.64668,49.12223],[1.64663,49.12247],[1.64643,49.12286],[1.64634,49.12334],[1.64642,49.12374],[1.64679,49.12426],[1.64718,49.12459],[1.64736,49.12466],[1.64819,49.12478],[1.64946,49.12491],[1.64963,49.12496],[1.64981,49.12507],[1.64993,49.12519],[1.65006,49.12632],[1.65018,49.12687],[1.65028,49.12706],[1.65044,49.1272],[1.65063,49.1273],[1.65123,49.12739],[1.65199,49.12743],[1.65225,49.12747],[1.65255,49.12762],[1.65279,49.12806],[1.65265,49.12873],[1.65271,49.12935],[1.65305,49.12951],[1.6549,49.1299],[1.65549,49.12992],[1.65567,49.12996],[1.65576,49.1302],[1.65565,49.13076],[1.65721,49.13044],[1.65862,49.13028],[1.65956,49.13023],[1.65969,49.13028],[1.66124,49.13021],[1.6614,49.13013],[1.66179,49.13003],[1.66215,49.12989],[1.66279,49.12973],[1.66316,49.12959],[1.66403,49.12937],[1.66539,49.12897],[1.6673,49.12856],[1.67,49.12786],[1.67002,49.12782],[1.67075,49.12759],[1.67076,49.12754],[1.67121,49.12743],[1.67136,49.12684],[1.6714,49.12624],[1.67128,49.12425],[1.6711,49.12345],[1.67098,49.12314],[1.67086,49.12254],[1.67078,49.12199],[1.67078,49.1216],[1.67057,49.12054],[1.66999,49.11909],[1.66978,49.11849],[1.66964,49.11791],[1.66942,49.11547],[1.66935,49.11532],[1.6717,49.11272],[1.67229,49.1122],[1.6739,49.11036],[1.67424,49.10964],[1.67432,49.10925],[1.67434,49.1084],[1.6751,49.1083],[1.6766,49.10803],[1.66539,49.10195],[1.66451,49.10117],[1.66438,49.10098],[1.66111,49.09816],[1.65871,49.096],[1.6572,49.09645],[1.65687,49.09663],[1.65657,49.09692],[1.65631,49.09733],[1.65624,49.09757],[1.65576,49.0984],[1.65558,49.09862],[1.65537,49.09878],[1.65413,49.10012],[1.65374,49.10102],[1.65273,49.10255],[1.65245,49.10286],[1.65246,49.10296],[1.6523,49.1032],[1.65106,49.10429],[1.65331,49.1052],[1.65459,49.1052],[1.65665,49.10516],[1.65649,49.10526],[1.65483,49.10601],[1.65454,49.10616],[1.65411,49.10646],[1.65359,49.10694],[1.65296,49.10794],[1.65216,49.10858],[1.65196,49.1087],[1.65146,49.10865],[1.65007,49.10834],[1.64849,49.10783],[1.64797,49.1075],[1.64745,49.10726],[1.64671,49.10706],[1.64523,49.10674],[1.64379,49.10627],[1.64274,49.10573],[1.64254,49.1056],[1.64249,49.10552],[1.64253,49.1053],[1.6432,49.10496],[1.64355,49.10473],[1.64392,49.10438],[1.64441,49.10353],[1.64386,49.10339],[1.64406,49.10303],[1.643,49.10271],[1.6431,49.10258],[1.64362,49.10208],[1.64387,49.1019],[1.64407,49.10181],[1.64437,49.10175],[1.64605,49.10154],[1.64731,49.10118],[1.64803,49.10109],[1.64822,49.10104],[1.64876,49.10077],[1.64911,49.10049],[1.64896,49.10036],[1.64895,49.10027],[1.64869,49.1001],[1.64849,49.10002],[1.64716,49.09899],[1.64685,49.09886],[1.64575,49.09811],[1.64561,49.09794],[1.64549,49.09756],[1.64011,49.09809],[1.64031,49.09905],[1.63655,49.09994],[1.63504,49.10033],[1.63501,49.10028],[1.63345,49.10068],[1.63304,49.1004],[1.6329,49.10023],[1.6318,49.09939],[1.63156,49.09902],[1.63149,49.09898],[1.6314,49.09878],[1.6314,49.09864],[1.63154,49.09847],[1.63219,49.09836],[1.63119,49.09674],[1.63222,49.09642],[1.63207,49.09588],[1.63198,49.09574],[1.63084,49.09451],[1.63013,49.09393],[1.63011,49.09388],[1.6302,49.09363],[1.63049,49.09329],[1.63066,49.09317],[1.63086,49.09296],[1.63109,49.09284],[1.6318,49.09229],[1.63289,49.09126],[1.63353,49.09058],[1.63168,49.08983],[1.63046,49.08889],[1.63033,49.08882],[1.63025,49.08881],[1.63014,49.08894],[1.62982,49.08877],[1.62952,49.08903],[1.62743,49.08768],[1.62659,49.08789],[1.62624,49.08772],[1.62593,49.08749],[1.62568,49.08718],[1.62546,49.08679],[1.6245,49.08693],[1.62451,49.08681],[1.62447,49.08675],[1.62341,49.086]]]}},
{"type":"Feature","properties":{"ID":"COMMUNE_0000000009734564","INSEE_COM":"95301","INSEE_ARR":"3","INSEE_COL":"95D","INSEE_DEP":"95","INSEE_REG":"11","NOM":"Haute-Isle","CL_DEPART":"Non","CL_REGION":"Non","SIREN_EPCI":"249500513","SIREN_SI":0,"NOM_SI":"Compétence exercée par la commune"},"geometry":{"type":"Polygon","coordinates":[[[1.69189,49.07523],[1.69084,49.07448],[1.68959,49.07333],[1.68795,49.0721],[1.68784,49.07216],[1.68748,49.07186],[1.6865,49.07214],[1.68611,49.07227],[1.68546,49.07256],[1.68394,49.07332],[1.6822,49.07436],[1.68122,49.0748],[1.67966,49.07566],[1.67911,49.07587],[1.6774,49.0763],[1.67549,49.07705],[1.6747,49.07742],[1.67305,49.07831],[1.67238,49.07854],[1.66927,49.07909],[1.66862,49.0791],[1.66816,49.07905],[1.66782,49.07896],[1.66705,49.07892],[1.66593,49.07914],[1.66397,49.07942],[1.66267,49.07976],[1.66187,49.08002],[1.66132,49.08029],[1.6605,49.08081],[1.66014,49.081],[1.65985,49.08111],[1.65952,49.08119],[1.65882,49.08129],[1.6574,49.08126],[1.65654,49.08128],[1.65507,49.08146],[1.65354,49.08178],[1.65269,49.08191],[1.65184,49.08194],[1.65143,49.08192],[1.65091,49.08186],[1.65009,49.08172],[1.64947,49.08157],[1.64915,49.08142],[1.64861,49.08124],[1.64726,49.08137],[1.64676,49.08139],[1.64661,49.08148],[1.64603,49.08142],[1.64575,49.08146],[1.64619,49.08203],[1.64581,49.08285],[1.64481,49.08294],[1.6449,49.08424],[1.64471,49.08489],[1.64483,49.08492],[1.64499,49.08509],[1.64503,49.08544],[1.64492,49.08579],[1.64476,49.08592],[1.64465,49.08597],[1.64451,49.08688],[1.64351,49.08684],[1.6437,49.08773],[1.64421,49.09078],[1.64434,49.09183],[1.64461,49.0935],[1.64499,49.09529],[1.64546,49.09554],[1.64677,49.09549],[1.6476,49.09648],[1.65006,49.09761],[1.65056,49.09795],[1.65074,49.09804],[1.65101,49.09812],[1.65126,49.09742],[1.65182,49.09612],[1.65242,49.09581],[1.65295,49.0956],[1.65304,49.09267],[1.65266,49.0926],[1.65226,49.09245],[1.65151,49.09201],[1.65072,49.09147],[1.64994,49.09112],[1.64848,49.09035],[1.65082,49.08799],[1.6516,49.08731],[1.65208,49.0868],[1.65293,49.08708],[1.65345,49.08715],[1.65645,49.0872],[1.6564,49.08697],[1.65645,49.08693],[1.6572,49.08681],[1.65776,49.08664],[1.65798,49.08666],[1.65822,49.08663],[1.6591,49.08643],[1.65933,49.08633],[1.65993,49.08638],[1.66031,49.08636],[1.66199,49.08595],[1.66265,49.08597],[1.66312,49.08602],[1.6641,49.08598],[1.66469,49.08589],[1.66583,49.08564],[1.66631,49.08545],[1.66681,49.08514],[1.66752,49.0848],[1.66794,49.08467],[1.66835,49.08462],[1.66885,49.08441],[1.66923,49.08439],[1.66965,49.08414],[1.67028,49.08369],[1.67057,49.08358],[1.67197,49.08324],[1.67231,49.0831],[1.67311,49.08288],[1.67462,49.08236],[1.67562,49.08209],[1.67647,49.08191],[1.67702,49.08189],[1.67909,49.08066],[1.68133,49.07968],[1.68234,49.07938],[1.68464,49.07857],[1.68635,49.07785],[1.68706,49.07765],[1.68802,49.07726],[1.68954,49.0765],[1.68996,49.07626],[1.69078,49.0759],[1.69189,49.07523]]]}},
{"type":"Feature","properties":{"ID":"COMMUNE_0000000009733499","INSEE_COM":"60429","INSEE_ARR":"4","INSEE_COL":"60D","INSEE_DEP":"60","INSEE_REG":"32","NOM":"Morangles","CL_DEPART":"Non","CL_REGION":"Non","SIREN_EPCI":"200067973","SIREN_SI":256000338,"NOM_SI":"S.I. DES EAUX DU PLATEAU DE LA THELLE (S.I.E.) (60)"},"geometry":{"type":"Polygon","coordinates":[[[2.32927,49.19211],[2.32906,49.19202],[2.32812,49.19178],[2.3303,49.18948],[2.32891,49.18923],[2.32899,49.18899],[2.32882,49.18728],[2.32841,49.18644],[2.32482,49.18398],[2.32352,49.18517],[2.32305,49.18552],[2.3216,49.18437],[2.31929,49.18507],[2.3174,49.18539],[2.31321,49.18584],[2.31328,49.18634],[2.3108,49.18675],[2.31076,49.18594],[2.31041,49.18496],[2.30846,49.18541],[2.30823,49.18461],[2.30621,49.18482],[2.30575,49.18343],[2.30479,49.18361],[2.30433,49.18365],[2.30445,49.18394],[2.30127,49.18404],[2.30181,49.18497],[2.29892,49.18549],[2.29887,49.18547],[2.29834,49.18557],[2.29885,49.1865],[2.29842,49.1866],[2.29884,49.18717],[2.29902,49.18758],[2.29794,49.188],[2.29705,49.18813],[2.2963,49.1886],[2.29665,49.18905],[2.29355,49.19021],[2.29321,49.1904],[2.29306,49.19054],[2.29298,49.19053],[2.29285,49.19062],[2.29263,49.18918],[2.29259,49.18913],[2.29253,49.18886],[2.29223,49.18899],[2.29055,49.18987],[2.28997,49.19029],[2.28933,49.19011],[2.28908,49.19034],[2.28835,49.19004],[2.28788,49.18974],[2.28764,49.18969],[2.28593,49.19004],[2.28495,49.18859],[2.28396,49.18882],[2.2842,49.18934],[2.28422,49.18954],[2.28418,49.1897],[2.2834,49.19127],[2.28314,49.19167],[2.28303,49.19192],[2.28281,49.19275],[2.28269,49.19298],[2.28272,49.193],[2.2831,49.19304],[2.28354,49.19304],[2.28378,49.19343],[2.28413,49.19381],[2.28439,49.19417],[2.28467,49.1944],[2.28473,49.19455],[2.28478,49.19507],[2.28498,49.19561],[2.28486,49.19604],[2.28494,49.19633],[2.28491,49.19633],[2.28499,49.19656],[2.28534,49.19714],[2.2854,49.19741],[2.28539,49.19745],[2.28535,49.19746],[2.28581,49.19882],[2.28575,49.19889],[2.28709,49.20109],[2.28744,49.20099],[2.28821,49.20218],[2.28581,49.2028],[2.28582,49.20318],[2.28603,49.20384],[2.28577,49.20412],[2.2858,49.20425],[2.28574,49.20431],[2.28629,49.20531],[2.28636,49.20556],[2.28655,49.20594],[2.2866,49.20633],[2.28656,49.2069],[2.29075,49.205],[2.29488,49.20389],[2.29453,49.2047],[2.29419,49.2053],[2.29446,49.20677],[2.29926,49.20617],[2.29954,49.20709],[2.30193,49.20692],[2.30226,49.20771],[2.30241,49.20788],[2.30533,49.20783],[2.30619,49.20654],[2.30767,49.20593],[2.31347,49.20371],[2.31373,49.20409],[2.31453,49.20362],[2.31501,49.20397],[2.31603,49.20292],[2.31459,49.2022],[2.31532,49.20154],[2.31504,49.20142],[2.31597,49.20082],[2.31625,49.20096],[2.31781,49.19936],[2.31721,49.1992],[2.31699,49.19909],[2.31839,49.1986],[2.32032,49.19803],[2.32265,49.19752],[2.32288,49.19801],[2.32426,49.19791],[2.32426,49.19788],[2.32482,49.19782],[2.325,49.19773],[2.32584,49.19653],[2.32675,49.1946],[2.32884,49.19427],[2.32889,49.19411],[2.32876,49.19348],[2.32898,49.19253],[2.32895,49.19247],[2.32927,49.19211]]]}},
{"type":"Feature","properties":{"ID":"COMMUNE_0000000009734510","INSEE_COM":"95056","INSEE_ARR":"2","INSEE_COL":"95D","INSEE_DEP":"95","INSEE_REG":"11","NOM":"Belloy-en-France","CL_DEPART":"Non","CL_REGION":"Non","SIREN_EPCI":"200073013","SIREN_SI":200091940,"NOM_SI":"SMAEP DAMONA"},"geometry":{"type":"Polygon","coordinates":[[[2.34967,49.08106],[2.35009,49.08187],[2.35047,49.08178],[2.35033,49.08203],[2.35,49.08242],[2.34955,49.08286],[2.34902,49.08318],[2.34839,49.08346],[2.34775,49.08463],[2.34678,49.08615],[2.34684,49.08652],[2.34632,49.08618],[2.34441,49.08767],[2.34468,49.08784],[2.34459,49.08789],[2.34512,49.08835],[2.34564,49.08876],[2.34387,49.08882],[2.34388,49.08915],[2.34371,49.08915],[2.34384,49.08997],[2.34478,49.09004],[2.34602,49.08988],[2.34681,49.09049],[2.34662,49.09087],[2.34756,49.09143],[2.34728,49.09198],[2.35175,49.09437],[2.35221,49.09497],[2.35264,49.09543],[2.35258,49.09546],[2.35583,49.09948],[2.35802,49.10262],[2.35828,49.10322],[2.36005,49.10621],[2.36213,49.10676],[2.36149,49.10707],[2.36202,49.10721],[2.36353,49.1075],[2.3647,49.10778],[2.36542,49.10803],[2.36685,49.10833],[2.36727,49.10839],[2.36742,49.10838],[2.36828,49.10854],[2.3691,49.10853],[2.37003,49.10844],[2.36974,49.10634],[2.37809,49.10876],[2.38026,49.10944],[2.38294,49.11016],[2.38347,49.10956],[2.38352,49.10934],[2.38369,49.10899],[2.38437,49.10904],[2.38739,49.10982],[2.38916,49.10987],[2.39145,49.11024],[2.39122,49.1101],[2.38939,49.10825],[2.38842,49.10608],[2.3892,49.10534],[2.38993,49.10448],[2.39115,49.10275],[2.39133,49.10185],[2.39128,49.10141],[2.39137,49.10069],[2.39356,49.09809],[2.39298,49.0978],[2.39282,49.09766],[2.39198,49.09709],[2.39041,49.0957],[2.38989,49.09505],[2.38939,49.09428],[2.38892,49.0933],[2.38832,49.09145],[2.38814,49.09071],[2.38804,49.09049],[2.39171,49.09073],[2.39032,49.08911],[2.39193,49.08863],[2.39308,49.0882],[2.3962,49.08669],[2.37964,49.07818],[2.37509,49.07505],[2.37563,49.07403],[2.37578,49.07358],[2.37586,49.07307],[2.37583,49.07261],[2.37578,49.0724],[2.3756,49.07185],[2.37552,49.07175],[2.37133,49.07253],[2.36866,49.0731],[2.37037,49.07566],[2.36056,49.07985],[2.36264,49.08182],[2.35998,49.08108],[2.35801,49.08041],[2.35746,49.08026],[2.35598,49.08004],[2.35471,49.07981],[2.35335,49.07961],[2.35293,49.07953],[2.35259,49.07958],[2.35244,49.07946],[2.35202,49.07975],[2.3513,49.0801],[2.35135,49.08014],[2.34967,49.08106]]]}},
{"type":"Feature","properties":{"ID":"COMMUNE_0000000009733998","INSEE_COM":"95387","INSEE_ARR":"3","INSEE_COL":"95D","INSEE_DEP":"95","INSEE_REG":"11","NOM":"Menouville","CL_DEPART":"Non","CL_REGION":"Non","SIREN_EPCI":"249500430","SIREN_SI":259500320,"NOM_SI":"S.I. D'ALIMENTATION EN EAU POTABLE DE L'EPINE DE BUC"},"geometry":{"type":"Polygon","coordinates":[[[2.13338,49.15437],[2.12702,49.15366],[2.12561,49.15356],[2.12218,49.15348],[2.12195,49.15237],[2.12164,49.15034],[2.1211,49.14872],[2.11866,49.14907],[2.11717,49.14945],[2.11667,49.14948],[2.11585,49.14947],[2.11543,49.14953],[2.11508,49.14967],[2.1148,49.14991],[2.11473,49.15007],[2.11426,49.15035],[2.1136,49.15014],[2.11304,49.14962],[2.11276,49.14943],[2.11227,49.14955],[2.11223,49.14885],[2.11425,49.14647],[2.11509,49.14541],[2.11538,49.14487],[2.11558,49.14414],[2.11423,49.14377],[2.11318,49.14364],[2.112,49.14372],[2.11164,49.14411],[2.112,49.14456],[2.11239,49.14541],[2.11241,49.14557],[2.11236,49.14572],[2.11204,49.14608],[2.10996,49.14601],[2.10305,49.15077],[2.09932,49.15059],[2.09864,49.15045],[2.0967,49.15019],[2.0954,49.15001],[2.09485,49.15],[2.09269,49.15032],[2.09203,49.15044],[2.09097,49.15069],[2.08802,49.15169],[2.0864,49.15221],[2.08499,49.15261],[2.08536,49.15515],[2.08623,49.15771],[2.08709,49.16055],[2.08872,49.16031],[2.09173,49.1603],[2.09268,49.16069],[2.09285,49.16068],[2.09289,49.16012],[2.09332,49.1596],[2.09364,49.15936],[2.09396,49.15922],[2.09433,49.15895],[2.0954,49.15862],[2.09666,49.15836],[2.10176,49.15816],[2.10227,49.15831],[2.1032,49.15835],[2.10535,49.15807],[2.10557,49.15801],[2.10578,49.15789],[2.10609,49.15767],[2.10637,49.15741],[2.10646,49.1574],[2.10622,49.15705],[2.11112,49.15535],[2.11402,49.15428],[2.11714,49.15321],[2.11777,49.15519],[2.11808,49.15515],[2.12151,49.15773],[2.12236,49.15969],[2.1249,49.15974],[2.12692,49.16009],[2.12866,49.1573],[2.12989,49.15794],[2.13338,49.15437]]]}},
{"type":"Feature","properties":{"ID":"COMMUNE_0000000009735518","INSEE_COM":"95582","INSEE_ARR":"1","INSEE_COL":"95D","INSEE_DEP":"95","INSEE_REG":"11","NOM":"Sannois","CL_DEPART":"Non","CL_REGION":"Non","SIREN_EPCI":"200058485","SIREN_SI":257500017,"NOM_SI":"S.E.D.I.F."},"geometry":{"type":"Polygon","coordinates":[[[2.22573,48.97103],[2.22592,48.97126],[2.22609,48.97156],[2.22623,48.97171],[2.22671,48.97195],[2.22716,48.97198],[2.22741,48.97209],[2.22742,48.9722],[2.22876,48.97288],[2.22893,48.97276],[2.2293,48.97229],[2.23006,48.97257],[2.23082,48.97276],[2.23176,48.97307],[2.23219,48.9733],[2.23288,48.97337],[2.23395,48.97354],[2.23515,48.97371],[2.23561,48.97375],[2.2361,48.97376],[2.23656,48.97381],[2.23648,48.97434],[2.23651,48.97574],[2.23663,48.97676],[2.23687,48.97822],[2.23703,48.97864],[2.23725,48.979],[2.23619,48.97932],[2.23592,48.97961],[2.23575,48.97994],[2.235,48.98023],[2.23533,48.98042],[2.23549,48.98064],[2.23555,48.98091],[2.23556,48.98124],[2.23549,48.98184],[2.23557,48.98228],[2.23615,48.98411],[2.23717,48.98416],[2.23913,48.98378],[2.24038,48.98374],[2.24049,48.98371],[2.2428,48.98357],[2.2432,48.98367],[2.24308,48.98329],[2.24292,48.98296],[2.24279,48.98233],[2.24331,48.98171],[2.24627,48.9812],[2.24621,48.98093],[2.24568,48.98028],[2.24544,48.98005],[2.24676,48.9797],[2.24683,48.97986],[2.24914,48.97937],[2.25023,48.97924],[2.25079,48.97921],[2.25457,48.97847],[2.25619,48.97832],[2.25622,48.97889],[2.25796,48.97875],[2.25837,48.97861],[2.26148,48.97724],[2.26331,48.97667],[2.26671,48.97629],[2.2675,48.97648],[2.26765,48.97667],[2.26763,48.97675],[2.27031,48.97719],[2.27056,48.97692],[2.27129,48.97705],[2.27188,48.97704],[2.27263,48.97689],[2.27339,48.97668],[2.27164,48.97484],[2.2722,48.97451],[2.27109,48.97306],[2.27355,48.97255],[2.2735,48.97243],[2.27405,48.97229],[2.27345,48.97116],[2.27354,48.97116],[2.273,48.97031],[2.27395,48.97012],[2.27381,48.96986],[2.27526,48.96924],[2.27507,48.96881],[2.27607,48.96854],[2.27528,48.9674],[2.27496,48.96699],[2.27421,48.96714],[2.27361,48.96544],[2.27396,48.96538],[2.27533,48.96525],[2.27526,48.96491],[2.27452,48.96501],[2.27419,48.96397],[2.27368,48.96378],[2.2731,48.96365],[2.27308,48.96424],[2.27134,48.9643],[2.27128,48.96417],[2.27116,48.96411],[2.26882,48.96395],[2.26881,48.96393],[2.26843,48.96385],[2.26781,48.96366],[2.26784,48.96345],[2.26779,48.96318],[2.26678,48.96311],[2.26573,48.96313],[2.26568,48.96311],[2.26563,48.96295],[2.26553,48.96291],[2.26505,48.96299],[2.2646,48.96216],[2.26447,48.96203],[2.26405,48.96215],[2.26374,48.962],[2.26325,48.96233],[2.26207,48.9626],[2.2611,48.96288],[2.26074,48.96295],[2.25895,48.96346],[2.25886,48.96342],[2.25879,48.96343],[2.2582,48.96352],[2.25694,48.96367],[2.25685,48.96342],[2.25516,48.9636],[2.25471,48.96367],[2.25471,48.9637],[2.2546,48.96373],[2.25441,48.96347],[2.2537,48.96369],[2.25363,48.96349],[2.24999,48.96365],[2.25002,48.9637],[2.24909,48.96388],[2.24912,48.96397],[2.24818,48.96416],[2.24927,48.96525],[2.24941,48.96533],[2.24807,48.9659],[2.24733,48.9661],[2.24735,48.96612],[2.24692,48.96631],[2.24588,48.96659],[2.24592,48.96668],[2.24564,48.9667],[2.24537,48.96678],[2.24535,48.96673],[2.24446,48.96687],[2.24453,48.96695],[2.24378,48.96707],[2.24363,48.96713],[2.24352,48.96723],[2.24303,48.96685],[2.24278,48.96658],[2.24245,48.96672],[2.24205,48.96681],[2.24149,48.9669],[2.24105,48.96688],[2.24045,48.96717],[2.24014,48.9672],[2.2387,48.9675],[2.23839,48.96763],[2.23805,48.96772],[2.23762,48.96793],[2.23657,48.96822],[2.23608,48.9683],[2.23556,48.96832],[2.23461,48.9682],[2.23375,48.968],[2.23304,48.96788],[2.23175,48.96749],[2.23141,48.96842],[2.23117,48.96879],[2.23024,48.96955],[2.23037,48.97013],[2.22573,48.97103]]]}},
{"type":"Feature","properties":{"ID":"COMMUNE_0000000009733531","INSEE_COM":"95429","INSEE_ARR":"3","INSEE_COL":"95D","INSEE_DEP":"95","INSEE_REG":"11","NOM":"Montreuil-sur-Epte","CL_DEPART":"Non","CL_REGION":"Non","SIREN_EPCI":"249500513","SIREN_SI":259500684,"NOM_SI":"S.I. ET INTERDEPARTEMENTAL DES EAUX DE BRAY-ET-LU"},"geometry":{"type":"Polygon","coordinates":[[[1.66631,49.17583],[1.6664,49.17618],[1.66624,49.17631],[1.66609,49.1768],[1.66616,49.1769],[1.66668,49.17724],[1.66727,49.17743],[1.66738,49.17749],[1.66754,49.17773],[1.66745,49.17813],[1.6673,49.17838],[1.66705,49.17861],[1.66695,49.17876],[1.66694,49.17891],[1.66708,49.17932],[1.66719,49.17948],[1.66744,49.17967],[1.66769,49.17974],[1.66806,49.17979],[1.66896,49.17979],[1.66904,49.17987],[1.66912,49.18031],[1.66933,49.18046],[1.66969,49.18051],[1.66995,49.18063],[1.6702,49.18062],[1.6708,49.18048],[1.67113,49.18025],[1.67124,49.18021],[1.67137,49.18021],[1.67147,49.18025],[1.6716,49.1804],[1.67166,49.18062],[1.67162,49.18075],[1.67283,49.18079],[1.67344,49.18096],[1.67365,49.18058],[1.6748,49.18102],[1.67484,49.18094],[1.67519,49.18103],[1.67521,49.18116],[1.67744,49.18147],[1.67737,49.18212],[1.67838,49.18213],[1.67833,49.18263],[1.68082,49.18267],[1.68111,49.18291],[1.68138,49.18306],[1.6816,49.18358],[1.6822,49.18406],[1.68465,49.18293],[1.68694,49.18266],[1.68738,49.18253],[1.688,49.18215],[1.6887,49.18216],[1.68879,49.18222],[1.68983,49.18216],[1.69052,49.18183],[1.69088,49.18158],[1.69127,49.18124],[1.69314,49.18009],[1.69507,49.18123],[1.69537,49.18078],[1.69719,49.1816],[1.69756,49.18068],[1.69786,49.18055],[1.69822,49.1802],[1.69854,49.17999],[1.69878,49.17996],[1.69972,49.18008],[1.70012,49.18009],[1.70132,49.18008],[1.7016,49.17947],[1.70193,49.17889],[1.70229,49.17855],[1.70243,49.17847],[1.70271,49.17842],[1.70344,49.17849],[1.70423,49.17866],[1.70473,49.17874],[1.70502,49.17874],[1.70542,49.17845],[1.70567,49.17731],[1.70572,49.17729],[1.70635,49.17726],[1.70791,49.17741],[1.70809,49.1774],[1.7084,49.1773],[1.70897,49.17706],[1.71071,49.1775],[1.71188,49.17838],[1.71202,49.17842],[1.714,49.17727],[1.715,49.17642],[1.7151,49.17644],[1.71539,49.17625],[1.71601,49.17571],[1.71762,49.17414],[1.71825,49.17332],[1.71732,49.17302],[1.71628,49.1728],[1.71529,49.17273],[1.71424,49.17277],[1.71288,49.1726],[1.71254,49.17252],[1.71255,49.17238],[1.71091,49.17247],[1.70931,49.17186],[1.709,49.1698],[1.70941,49.1697],[1.70913,49.16898],[1.70887,49.16613],[1.70836,49.16611],[1.70773,49.16615],[1.70684,49.16526],[1.70627,49.16493],[1.70393,49.16528],[1.69975,49.16651],[1.69912,49.16688],[1.69872,49.16705],[1.69843,49.16714],[1.6935,49.16388],[1.69366,49.16372],[1.6871,49.15995],[1.68431,49.15809],[1.6841,49.1579],[1.68347,49.15758],[1.6833,49.15766],[1.67873,49.15634],[1.67853,49.15633],[1.67773,49.15642],[1.67766,49.15637],[1.67757,49.15637],[1.67712,49.15646],[1.67651,49.15671],[1.67592,49.15681],[1.67605,49.15701],[1.67549,49.15715],[1.67517,49.15728],[1.67493,49.15702],[1.67402,49.15722],[1.67414,49.15745],[1.67369,49.15756],[1.67284,49.1579],[1.67236,49.15803],[1.67185,49.15821],[1.6717,49.15831],[1.67138,49.15839],[1.67116,49.15811],[1.6705,49.15838],[1.67021,49.15815],[1.6697,49.1575],[1.66942,49.15722],[1.66882,49.1565],[1.66865,49.1562],[1.66849,49.15566],[1.66793,49.15496],[1.66781,49.15467],[1.66764,49.15403],[1.66753,49.15383],[1.66454,49.15406],[1.66407,49.15414],[1.66378,49.15451],[1.66344,49.15509],[1.66284,49.15556],[1.66258,49.15583],[1.66216,49.15607],[1.66159,49.1565],[1.66071,49.15703],[1.66058,49.15722],[1.6607,49.15759],[1.6613,49.15811],[1.66164,49.15855],[1.66192,49.15874],[1.66219,49.15882],[1.66268,49.15905],[1.66295,49.15926],[1.663,49.15937],[1.66307,49.15998],[1.66305,49.16081],[1.66323,49.16129],[1.66357,49.1617],[1.66405,49.16243],[1.66424,49.16292],[1.66427,49.16392],[1.66423,49.1651],[1.66457,49.16552],[1.66476,49.16604],[1.66497,49.16615],[1.66557,49.16628],[1.66612,49.16645],[1.66656,49.1671],[1.66671,49.16719],[1.66718,49.16732],[1.66725,49.16736],[1.66761,49.16786],[1.66773,49.16797],[1.66805,49.16808],[1.66838,49.16814],[1.66864,49.16825],[1.66878,49.16879],[1.66909,49.16896],[1.67015,49.16944],[1.67024,49.16953],[1.67027,49.16981],[1.67017,49.17014],[1.66976,49.1705],[1.66916,49.17089],[1.66879,49.17135],[1.66874,49.17147],[1.66871,49.17215],[1.66867,49.17227],[1.66848,49.17249],[1.66837,49.17317],[1.66784,49.17369],[1.66713,49.17458],[1.66678,49.17477],[1.66659,49.17497],[1.66634,49.17548],[1.66631,49.17583]]]}},
{"type":"Feature","properties":{"ID":"COMMUNE_0000000009733523","INSEE_COM":"95459","INSEE_ARR":"3","INSEE_COL":"95D","INSEE_DEP":"95","INSEE_REG":"11","NOM":"Nucourt","CL_DEPART":"Non","CL_REGION":"Non","SIREN_EPCI":"200035970","SIREN_SI":259500981,"NOM_SI":"S.I. D'ALIMENTATION EN EAU POTABLE DU VEXIN OUEST"},"geometry":{"type":"Polygon","coordinates":[[[1.84889,49.17059],[1.85035,49.17081],[1.85042,49.17084],[1.85103,49.17053],[1.8551,49.17194],[1.85518,49.17227],[1.85532,49.17235],[1.85619,49.17313],[1.8568,49.17336],[1.85788,49.17223],[1.85654,49.172],[1.85822,49.16996],[1.85912,49.1701],[1.85907,49.17024],[1.86172,49.17075],[1.86313,49.17105],[1.86628,49.17176],[1.86731,49.17205],[1.86782,49.17183],[1.8727,49.17368],[1.87346,49.17408],[1.87614,49.17505],[1.87643,49.17292],[1.8767,49.17142],[1.8796,49.1685],[1.88086,49.1673],[1.8823,49.16795],[1.88353,49.16614],[1.88366,49.16609],[1.88295,49.16318],[1.88295,49.16252],[1.88284,49.16141],[1.88164,49.16143],[1.87892,49.16157],[1.87835,49.16156],[1.87762,49.1615],[1.87616,49.16124],[1.87352,49.16052],[1.87182,49.1602],[1.8727,49.15732],[1.87002,49.15656],[1.86868,49.15599],[1.86285,49.15322],[1.86284,49.15009],[1.86085,49.14712],[1.86141,49.1465],[1.86047,49.14619],[1.85762,49.1451],[1.85789,49.1439],[1.85788,49.14378],[1.85752,49.1433],[1.84788,49.14432],[1.84727,49.14241],[1.84714,49.14175],[1.84084,49.14349],[1.84178,49.14492],[1.83726,49.14622],[1.83821,49.1476],[1.83637,49.14813],[1.83665,49.14846],[1.83717,49.14979],[1.83845,49.15283],[1.83388,49.15291],[1.83555,49.15696],[1.83723,49.15695],[1.83462,49.16058],[1.83512,49.16067],[1.83496,49.16123],[1.83456,49.16137],[1.83339,49.16129],[1.8328,49.16238],[1.83328,49.16238],[1.83328,49.16293],[1.83311,49.16308],[1.83345,49.16352],[1.83353,49.16369],[1.83359,49.16417],[1.83431,49.16517],[1.83642,49.1645],[1.83873,49.16684],[1.83882,49.16681],[1.84468,49.17066],[1.84519,49.16996],[1.84889,49.17059]]]}},
{"type":"Feature","properties":{"ID":"COMMUNE_0000000009735016","INSEE_COM":"95094","INSEE_ARR":"2","INSEE_COL":"95D","INSEE_DEP":"95","INSEE_REG":"11","NOM":"Bouqueval","CL_DEPART":"Non","CL_REGION":"Non","SIREN_EPCI":"200055655","SIREN_SI":200091940,"NOM_SI":"SMAEP DAMONA"},"geometry":{"type":"Polygon","coordinates":[[[2.43807,49.02889],[2.43834,49.02819],[2.43888,49.02705],[2.44094,49.02312],[2.44196,49.02037],[2.44223,49.0195],[2.44301,49.01749],[2.44316,49.01719],[2.4434,49.0164],[2.44357,49.01605],[2.44401,49.01486],[2.44298,49.01385],[2.44292,49.01267],[2.44273,49.01267],[2.44256,49.0126],[2.43859,49.01438],[2.4388,49.01473],[2.43849,49.01481],[2.43776,49.01493],[2.4366,49.01505],[2.4364,49.01506],[2.43632,49.01502],[2.43625,49.0149],[2.43607,49.01488],[2.43425,49.01505],[2.4325,49.01537],[2.43122,49.01566],[2.43093,49.01577],[2.43073,49.01541],[2.42783,49.01624],[2.42711,49.01453],[2.42556,49.01485],[2.42491,49.01409],[2.42316,49.01448],[2.42349,49.01504],[2.42136,49.01591],[2.4218,49.01687],[2.42294,49.01888],[2.42018,49.01934],[2.41829,49.01971],[2.41793,49.0202],[2.4163,49.02072],[2.41605,49.02076],[2.41592,49.02074],[2.41593,49.02117],[2.41575,49.02104],[2.41307,49.02233],[2.41318,49.02251],[2.41316,49.02257],[2.41262,49.02273],[2.41216,49.02282],[2.41223,49.0231],[2.41054,49.02393],[2.41126,49.0246],[2.41264,49.02408],[2.41281,49.02473],[2.41292,49.02498],[2.41342,49.02567],[2.41401,49.02614],[2.41473,49.02655],[2.41534,49.02702],[2.41635,49.02789],[2.41692,49.0286],[2.41777,49.02771],[2.41852,49.02732],[2.4188,49.02711],[2.41924,49.02667],[2.41997,49.02606],[2.42072,49.02525],[2.42133,49.0261],[2.42174,49.02645],[2.42255,49.02698],[2.42308,49.02747],[2.42331,49.0278],[2.42345,49.02809],[2.4236,49.02865],[2.42369,49.02924],[2.42834,49.02803],[2.43256,49.0326],[2.43358,49.03423],[2.43415,49.03394],[2.43448,49.03452],[2.43606,49.03354],[2.43504,49.03072],[2.43425,49.02977],[2.43442,49.02964],[2.43457,49.02947],[2.43484,49.02886],[2.43496,49.02873],[2.43513,49.02872],[2.43699,49.02888],[2.43807,49.02889]]]}},
{"type":"Feature","properties":{"ID":"COMMUNE_0000000009733989","INSEE_COM":"95052","INSEE_ARR":"3","INSEE_COL":"95D","INSEE_DEP":"95","INSEE_REG":"11","NOM":"Beaumont-sur-Oise","CL_DEPART":"Non","CL_REGION":"Non","SIREN_EPCI":"249500489","SIREN_SI":259500072,"NOM_SI":"S.I. DE L'EAU ET DU GAZ"},"geometry":{"type":"Polygon","coordinates":[[[2.32006,49.12486],[2.31344,49.12274],[2.30946,49.12662],[2.30862,49.12753],[2.30689,49.12917],[2.30396,49.1321],[2.30585,49.1325],[2.30537,49.13305],[2.30387,49.13442],[2.30357,49.1345],[2.30265,49.13528],[2.30025,49.13719],[2.29874,49.13854],[2.29853,49.13841],[2.29781,49.13744],[2.29703,49.13662],[2.29587,49.1363],[2.29675,49.13604],[2.29563,49.13447],[2.29402,49.13496],[2.29314,49.13519],[2.29301,49.1352],[2.29232,49.13616],[2.29158,49.13592],[2.29053,49.13575],[2.29014,49.13565],[2.28928,49.13531],[2.2891,49.13557],[2.28895,49.13588],[2.28881,49.13625],[2.28873,49.1367],[2.28734,49.13645],[2.2872,49.13666],[2.28702,49.1366],[2.28296,49.13587],[2.2829,49.13566],[2.28242,49.13569],[2.28091,49.13679],[2.27824,49.13526],[2.27575,49.13469],[2.27556,49.1345],[2.27537,49.13441],[2.27406,49.13583],[2.27386,49.13573],[2.27367,49.13584],[2.27322,49.13629],[2.27278,49.13656],[2.27249,49.13701],[2.27209,49.13686],[2.27145,49.13731],[2.27172,49.1375],[2.27118,49.13785],[2.27085,49.13759],[2.2705,49.13793],[2.27009,49.13778],[2.26792,49.1394],[2.26928,49.13997],[2.27045,49.14041],[2.2723,49.14103],[2.27713,49.14233],[2.27805,49.14265],[2.27987,49.14365],[2.28069,49.14393],[2.28362,49.14467],[2.2848,49.1451],[2.2853,49.14538],[2.28628,49.14599],[2.28747,49.14699],[2.28813,49.14757],[2.28867,49.14812],[2.28929,49.14865],[2.29035,49.14944],[2.29153,49.1501],[2.29303,49.15091],[2.29395,49.15127],[2.29467,49.15146],[2.29572,49.15164],[2.29675,49.15169],[2.2979,49.15166],[2.29965,49.15144],[2.30167,49.15111],[2.30293,49.15098],[2.3063,49.15087],[2.30804,49.15077],[2.30933,49.1506],[2.31093,49.15029],[2.31246,49.15004],[2.31406,49.14988],[2.31767,49.14967],[2.31851,49.14957],[2.31958,49.14934],[2.32019,49.14911],[2.32054,49.14892],[2.32087,49.14864],[2.32143,49.14812],[2.32272,49.14655],[2.3211,49.14506],[2.3215,49.14467],[2.32169,49.14452],[2.31998,49.14507],[2.31934,49.14395],[2.31873,49.14419],[2.31862,49.14402],[2.31817,49.14413],[2.31794,49.14416],[2.31761,49.14413],[2.31713,49.14413],[2.317,49.1438],[2.31689,49.14369],[2.31675,49.14361],[2.31644,49.14327],[2.31536,49.1435],[2.31519,49.14349],[2.31499,49.14344],[2.31466,49.1433],[2.31403,49.14297],[2.31363,49.14265],[2.31327,49.1419],[2.31314,49.14133],[2.31317,49.1407],[2.31491,49.14076],[2.31505,49.13997],[2.31527,49.13925],[2.31564,49.13926],[2.31575,49.13905],[2.31596,49.13906],[2.31651,49.13766],[2.31599,49.13772],[2.31595,49.13687],[2.31551,49.13552],[2.31553,49.13507],[2.31559,49.13488],[2.31622,49.13392],[2.31699,49.13307],[2.3173,49.13278],[2.31816,49.13164],[2.31596,49.12961],[2.31801,49.12711],[2.31888,49.1261],[2.32006,49.12486]]]}},
{"type":"Feature","properties":{"ID":"COMMUNE_0000000009735501","INSEE_COM":"95268","INSEE_ARR":"2","INSEE_COL":"95D","INSEE_DEP":"95","INSEE_REG":"11","NOM":"Garges-lès-Gonesse","CL_DEPART":"Non","CL_REGION":"Non","SIREN_EPCI":"200055655","SIREN_SI":200095909,"NOM_SI":"S.I. D'ALIMENTATION EN EAU POTABLE DE TREMBLAY EN FRANCE/CLAYE SOUILLY"},"geometry":{"type":"Polygon","coordinates":[[[2.40138,48.98272],[2.40387,48.98223],[2.40413,48.98304],[2.40443,48.98286],[2.40716,48.98276],[2.40743,48.98256],[2.40759,48.98225],[2.40819,48.98222],[2.41002,48.98131],[2.41227,48.98089],[2.41311,48.98103],[2.41445,48.98099],[2.41535,48.98092],[2.41621,48.98071],[2.4168,48.98047],[2.41719,48.98023],[2.41748,48.98012],[2.41738,48.97993],[2.41754,48.97989],[2.4166,48.97847],[2.41772,48.97813],[2.41763,48.97799],[2.41774,48.97796],[2.41771,48.97788],[2.41779,48.97782],[2.41796,48.97782],[2.41802,48.97786],[2.41816,48.97783],[2.41823,48.97796],[2.41866,48.97783],[2.41908,48.97774],[2.41967,48.97753],[2.42109,48.97711],[2.42109,48.97691],[2.42124,48.97676],[2.42116,48.97657],[2.42234,48.97637],[2.42239,48.97625],[2.42255,48.9761],[2.42307,48.97576],[2.42327,48.97546],[2.42337,48.97537],[2.42345,48.97532],[2.42385,48.97522],[2.4241,48.97505],[2.42422,48.97491],[2.42446,48.97485],[2.42441,48.97484],[2.42447,48.97474],[2.42431,48.97453],[2.42346,48.9739],[2.42322,48.97377],[2.42214,48.97341],[2.4222,48.97335],[2.42309,48.97292],[2.42258,48.97273],[2.42226,48.97254],[2.42082,48.97191],[2.42069,48.97182],[2.42054,48.97171],[2.42039,48.9714],[2.42017,48.97126],[2.42015,48.97101],[2.42007,48.97089],[2.41973,48.97081],[2.4193,48.97078],[2.41829,48.97015],[2.41804,48.97005],[2.41787,48.96992],[2.41729,48.96934],[2.41699,48.96914],[2.41681,48.96876],[2.41905,48.96786],[2.41897,48.96765],[2.41846,48.96692],[2.41836,48.96671],[2.41814,48.96653],[2.41788,48.96609],[2.41773,48.96561],[2.41769,48.96474],[2.41809,48.96359],[2.41895,48.96275],[2.41926,48.96222],[2.41926,48.96212],[2.41893,48.96212],[2.41743,48.96191],[2.41705,48.96181],[2.41721,48.96169],[2.41726,48.9616],[2.41709,48.96106],[2.41713,48.96038],[2.41718,48.96033],[2.41752,48.96021],[2.4176,48.96015],[2.41767,48.96003],[2.41765,48.95982],[2.41796,48.95965],[2.41802,48.95936],[2.41845,48.95821],[2.41881,48.95771],[2.41839,48.95759],[2.41841,48.95793],[2.4183,48.95825],[2.41779,48.95942],[2.41744,48.95952],[2.41578,48.95874],[2.41494,48.95826],[2.41366,48.958],[2.41369,48.95774],[2.41249,48.95772],[2.41091,48.95797],[2.40967,48.95787],[2.40985,48.95704],[2.40958,48.95693],[2.40834,48.95729],[2.40736,48.95609],[2.40482,48.95743],[2.40329,48.95809],[2.40254,48.95796],[2.3989,48.95961],[2.39667,48.96112],[2.39654,48.96109],[2.39612,48.96142],[2.39541,48.96183],[2.39432,48.96254],[2.39456,48.96271],[2.39397,48.9631],[2.39333,48.96359],[2.3933,48.96365],[2.39285,48.96403],[2.39249,48.96437],[2.39224,48.96455],[2.39178,48.96474],[2.39113,48.9651],[2.39099,48.96503],[2.38803,48.96725],[2.38786,48.96735],[2.38459,48.97016],[2.38416,48.97113],[2.38244,48.97123],[2.38554,48.97336],[2.38756,48.97488],[2.38836,48.97543],[2.38826,48.97549],[2.38874,48.97583],[2.38883,48.97577],[2.39662,48.98113],[2.39821,48.98245],[2.40138,48.98272]]]}},
{"type":"Feature","properties":{"ID":"COMMUNE_0000000009733980","INSEE_COM":"95026","INSEE_ARR":"2","INSEE_COL":"95D","INSEE_DEP":"95","INSEE_REG":"11","NOM":"Asnières-sur-Oise","CL_DEPART":"Non","CL_REGION":"Non","SIREN_EPCI":"200073013","SIREN_SI":259500577,"NOM_SI":"S.I. D'EXPLOITATION DES CHAMPS CAPTANTS D'ASNIERES-SUR-OISE (S.I.E.C.C.A.O.)"},"geometry":{"type":"Polygon","coordinates":[[[2.33888,49.14605],[2.33949,49.14624],[2.34075,49.14639],[2.34236,49.14634],[2.34427,49.14611],[2.34712,49.14567],[2.34939,49.14527],[2.35088,49.14512],[2.35293,49.14527],[2.35383,49.14538],[2.35646,49.14603],[2.35882,49.14701],[2.35954,49.14746],[2.36037,49.14825],[2.36131,49.14948],[2.36177,49.15019],[2.36201,49.15067],[2.36219,49.15118],[2.36225,49.15148],[2.36226,49.15217],[2.36221,49.15254],[2.36308,49.15251],[2.36339,49.1524],[2.36351,49.15239],[2.36384,49.15248],[2.36401,49.15245],[2.36402,49.15248],[2.36436,49.15233],[2.36487,49.15229],[2.36504,49.15235],[2.36493,49.15245],[2.36502,49.15286],[2.365,49.15297],[2.36488,49.15314],[2.365,49.15333],[2.36487,49.15358],[2.36512,49.15372],[2.36519,49.15403],[2.3653,49.1541],[2.36565,49.15402],[2.36591,49.15401],[2.3663,49.1539],[2.36645,49.15392],[2.36653,49.15397],[2.36654,49.15421],[2.36664,49.15443],[2.36662,49.15449],[2.36651,49.15452],[2.36634,49.15447],[2.36619,49.15451],[2.36605,49.1548],[2.36606,49.15485],[2.36613,49.15495],[2.36621,49.15495],[2.36649,49.15485],[2.36661,49.15528],[2.36693,49.15537],[2.36704,49.15546],[2.36711,49.15583],[2.36716,49.15587],[2.36724,49.15586],[2.36742,49.15575],[2.36756,49.1557],[2.36762,49.15576],[2.36769,49.15598],[2.36777,49.15605],[2.36793,49.15608],[2.36827,49.15593],[2.36836,49.15593],[2.36841,49.15608],[2.3688,49.15631],[2.36888,49.15632],[2.36928,49.15616],[2.3695,49.15619],[2.36966,49.15628],[2.36981,49.15643],[2.36982,49.15652],[2.3697,49.15679],[2.36971,49.15689],[2.36976,49.15692],[2.36985,49.15691],[2.37012,49.1568],[2.37027,49.15685],[2.3703,49.15693],[2.3702,49.15717],[2.37044,49.15747],[2.3705,49.15766],[2.37041,49.15785],[2.37016,49.15807],[2.37019,49.15836],[2.37005,49.15853],[2.37001,49.15871],[2.3701,49.1588],[2.37023,49.1588],[2.37046,49.15865],[2.37077,49.15868],[2.3709,49.1588],[2.37093,49.1592],[2.37109,49.15926],[2.37229,49.15937],[2.37291,49.15947],[2.37307,49.15945],[2.37381,49.15921],[2.37403,49.15916],[2.37435,49.15917],[2.37503,49.15924],[2.37636,49.15904],[2.37799,49.15853],[2.37872,49.15826],[2.37898,49.1582],[2.37998,49.15815],[2.38046,49.15804],[2.38068,49.15795],[2.38102,49.15772],[2.38215,49.15668],[2.3835,49.15556],[2.3835,49.15551],[2.3912,49.14931],[2.39989,49.15078],[2.40002,49.15075],[2.40033,49.15078],[2.40176,49.15126],[2.4025,49.15147],[2.40428,49.1519],[2.40548,49.15204],[2.41312,49.15242],[2.41561,49.15178],[2.41554,49.14989],[2.41582,49.14988],[2.417,49.1497],[2.41718,49.1497],[2.4175,49.14981],[2.41793,49.14964],[2.41812,49.1496],[2.41907,49.14958],[2.41954,49.14945],[2.41984,49.14947],[2.4204,49.14958],[2.42087,49.14954],[2.42122,49.14959],[2.42171,49.1495],[2.42207,49.14938],[2.42223,49.14941],[2.42253,49.14957],[2.42272,49.1496],[2.42303,49.14959],[2.42388,49.14948],[2.4247,49.14955],[2.42567,49.14944],[2.42622,49.14935],[2.42669,49.14921],[2.42706,49.14916],[2.42766,49.14913],[2.42851,49.14895],[2.4291,49.14885],[2.4302,49.14856],[2.43121,49.14843],[2.43159,49.14831],[2.43198,49.14833],[2.43247,49.14816],[2.43272,49.1482],[2.43343,49.1481],[2.43384,49.14799],[2.43411,49.14777],[2.43526,49.14769],[2.43554,49.14738],[2.43573,49.14726],[2.4362,49.14708],[2.43669,49.14698],[2.43683,49.14692],[2.43711,49.14667],[2.43722,49.14661],[2.43759,49.14651],[2.43834,49.14637],[2.43968,49.14637],[2.4403,49.14614],[2.44078,49.14591],[2.44039,49.14481],[2.4389,49.14164],[2.43862,49.14167],[2.43764,49.14169],[2.4283,49.14187],[2.42628,49.13998],[2.42188,49.13557],[2.42074,49.13433],[2.41941,49.13473],[2.41812,49.13507],[2.41766,49.13514],[2.41687,49.13523],[2.41389,49.1353],[2.41275,49.13577],[2.41197,49.13601],[2.41173,49.13543],[2.41127,49.13409],[2.40811,49.13518],[2.40794,49.1353],[2.40755,49.13535],[2.40717,49.13548],[2.40687,49.13551],[2.40661,49.1356],[2.40582,49.13575],[2.4055,49.13593],[2.40525,49.13597],[2.40496,49.13607],[2.40458,49.13609],[2.40435,49.13614],[2.40402,49.13613],[2.40378,49.13618],[2.40347,49.13619],[2.40277,49.13617],[2.40226,49.13633],[2.40193,49.13636],[2.40154,49.1365],[2.40074,49.13662],[2.3995,49.13695],[2.39911,49.13702],[2.39899,49.13666],[2.39879,49.13668],[2.39856,49.13629],[2.39833,49.13613],[2.39812,49.1361],[2.39757,49.13612],[2.39696,49.13628],[2.39646,49.13627],[2.39646,49.13633],[2.39573,49.1364],[2.39534,49.13647],[2.39378,49.13666],[2.39344,49.13676],[2.39266,49.1369],[2.39204,49.13708],[2.39172,49.1371],[2.39155,49.13714],[2.39132,49.13713],[2.39123,49.13721],[2.39101,49.1373],[2.39094,49.13734],[2.39086,49.13753],[2.39058,49.1379],[2.39032,49.13811],[2.38983,49.13838],[2.38955,49.13867],[2.38918,49.13926],[2.38921,49.13939],[2.38854,49.13925],[2.38748,49.13894],[2.38685,49.1387],[2.38672,49.13861],[2.38564,49.13814],[2.38409,49.13719],[2.38386,49.13708],[2.38311,49.13655],[2.38239,49.13593],[2.38213,49.13554],[2.37943,49.13681],[2.37822,49.13734],[2.37705,49.13772],[2.37714,49.13781],[2.37575,49.13868],[2.37392,49.13845],[2.37349,49.13836],[2.37324,49.13756],[2.37269,49.13611],[2.36959,49.13517],[2.36954,49.13524],[2.36835,49.13477],[2.36837,49.13472],[2.3649,49.13282],[2.36428,49.13251],[2.36414,49.1324],[2.36398,49.13236],[2.36316,49.13184],[2.36205,49.13046],[2.35967,49.12735],[2.35826,49.12535],[2.35645,49.12325],[2.35574,49.1225],[2.35525,49.12201],[2.35489,49.1218],[2.35399,49.12116],[2.35239,49.12029],[2.35229,49.12013],[2.3518,49.11988],[2.35077,49.11919],[2.35055,49.11901],[2.35043,49.11866],[2.35012,49.11842],[2.34989,49.11829],[2.34963,49.11819],[2.34939,49.11801],[2.34915,49.11794],[2.34898,49.11782],[2.34894,49.1177],[2.34901,49.11743],[2.34885,49.11708],[2.34883,49.11678],[2.34688,49.11701],[2.34453,49.11724],[2.34134,49.11766],[2.34054,49.11848],[2.33906,49.11988],[2.33842,49.12081],[2.33614,49.12434],[2.33659,49.12455],[2.33659,49.12598],[2.33675,49.12629],[2.3367,49.12648],[2.33671,49.12664],[2.33687,49.12691],[2.3374,49.12817],[2.33803,49.12916],[2.3386,49.13017],[2.33924,49.131],[2.33991,49.13163],[2.3405,49.13191],[2.3411,49.13212],[2.34092,49.13344],[2.34122,49.13546],[2.34079,49.13804],[2.34085,49.13876],[2.34087,49.13993],[2.3402,49.14196],[2.34008,49.14298],[2.33888,49.14605]]]}},
{"type":"Feature","properties":{"ID":"COMMUNE_0000000009733059","INSEE_COM":"95541","INSEE_ARR":"3","INSEE_COL":"95D","INSEE_DEP":"95","INSEE_REG":"11","NOM":"Saint-Clair-sur-Epte","CL_DEPART":"Non","CL_REGION":"Non","SIREN_EPCI":"249500513","SIREN_SI":0,"NOM_SI":"Compétence exercée par la commune"},"geometry":{"type":"Polygon","coordinates":[[[1.67054,49.18991],[1.67106,49.19049],[1.6715,49.19136],[1.67144,49.19162],[1.67115,49.19209],[1.67112,49.19271],[1.67063,49.19309],[1.67053,49.19328],[1.67054,49.19337],[1.67091,49.19381],[1.67182,49.19451],[1.67265,49.19512],[1.6738,49.19581],[1.67406,49.19602],[1.6748,49.19685],[1.67519,49.19764],[1.67525,49.19798],[1.67519,49.19847],[1.67522,49.19863],[1.67565,49.1993],[1.67621,49.20006],[1.67631,49.20028],[1.6764,49.20057],[1.67648,49.2012],[1.6765,49.20202],[1.67679,49.20238],[1.67691,49.2026],[1.67675,49.20303],[1.67662,49.20359],[1.67648,49.20383],[1.67506,49.20404],[1.67484,49.20412],[1.67445,49.20443],[1.67402,49.20469],[1.67374,49.20511],[1.6733,49.20523],[1.67321,49.20533],[1.67315,49.20546],[1.6732,49.2057],[1.67316,49.20593],[1.67321,49.20618],[1.67314,49.20629],[1.673,49.20633],[1.67228,49.20631],[1.67216,49.2064],[1.67225,49.20661],[1.67277,49.20713],[1.67292,49.20762],[1.67309,49.2079],[1.67345,49.20825],[1.67419,49.20883],[1.67417,49.20896],[1.67412,49.20904],[1.67382,49.20927],[1.67376,49.2094],[1.67388,49.20971],[1.6745,49.21049],[1.67451,49.21064],[1.67445,49.21079],[1.67409,49.21121],[1.67397,49.2119],[1.67399,49.21194],[1.67419,49.21192],[1.67448,49.21169],[1.67469,49.21166],[1.67507,49.21171],[1.67577,49.21189],[1.6759,49.2119],[1.67661,49.21177],[1.67681,49.21179],[1.67697,49.21184],[1.67702,49.21194],[1.67698,49.21208],[1.6764,49.21252],[1.67638,49.21264],[1.67642,49.2127],[1.67663,49.21281],[1.67696,49.21284],[1.67741,49.21282],[1.67751,49.21286],[1.67756,49.21298],[1.67736,49.2133],[1.67734,49.21341],[1.67735,49.21355],[1.6774,49.21358],[1.67876,49.21395],[1.67983,49.21433],[1.6804,49.21468],[1.68079,49.21485],[1.68112,49.21505],[1.68178,49.21568],[1.68246,49.2162],[1.68274,49.21633],[1.68301,49.2164],[1.68374,49.21652],[1.6843,49.21652],[1.68467,49.21658],[1.68479,49.21664],[1.68493,49.21681],[1.68549,49.21769],[1.68565,49.21785],[1.68619,49.2182],[1.68682,49.21835],[1.68771,49.21843],[1.68837,49.21844],[1.68851,49.21847],[1.68858,49.21855],[1.68868,49.219],[1.68895,49.2195],[1.68951,49.22001],[1.68994,49.2206],[1.69008,49.2207],[1.69085,49.221],[1.69107,49.22113],[1.69114,49.22123],[1.6911,49.22141],[1.69092,49.22162],[1.69088,49.22172],[1.6908,49.22261],[1.69082,49.2228],[1.69092,49.2231],[1.69127,49.2234],[1.69142,49.22349],[1.69254,49.22389],[1.69295,49.22395],[1.69382,49.224],[1.69595,49.22434],[1.6964,49.22444],[1.6969,49.22437],[1.69715,49.22428],[1.69767,49.22404],[1.69793,49.22404],[1.69818,49.22417],[1.69848,49.22451],[1.69868,49.22487],[1.69871,49.22536],[1.69867,49.22586],[1.69869,49.22606],[1.69876,49.22619],[1.69889,49.22629],[1.69978,49.22667],[1.70089,49.22753],[1.7021,49.22793],[1.70225,49.22802],[1.70278,49.2285],[1.70302,49.22866],[1.70325,49.22875],[1.70386,49.22885],[1.70393,49.22893],[1.70402,49.22918],[1.70401,49.22928],[1.70382,49.22954],[1.70309,49.22974],[1.70298,49.2298],[1.70284,49.22994],[1.70285,49.23001],[1.70291,49.23006],[1.70372,49.23035],[1.70381,49.23044],[1.70383,49.23057],[1.7038,49.23062],[1.70361,49.23072],[1.70283,49.23091],[1.7026,49.23101],[1.70251,49.23116],[1.70259,49.23137],[1.70282,49.23149],[1.7034,49.23171],[1.70362,49.23185],[1.70402,49.23196],[1.70431,49.23207],[1.70446,49.23218],[1.70445,49.23231],[1.70435,49.23243],[1.70474,49.23292],[1.705,49.23297],[1.70518,49.23353],[1.70517,49.23376],[1.70512,49.2338],[1.70488,49.23386],[1.70488,49.23399],[1.70525,49.23417],[1.70528,49.23425],[1.70525,49.23438],[1.70636,49.23423],[1.70667,49.23473],[1.70692,49.23564],[1.70705,49.23581],[1.70825,49.23584],[1.70835,49.23592],[1.7087,49.23712],[1.70933,49.23803],[1.70962,49.2386],[1.70968,49.23887],[1.70974,49.24026],[1.70933,49.24146],[1.70939,49.24149],[1.71259,49.24125],[1.71267,49.24043],[1.71237,49.23902],[1.71323,49.23693],[1.71304,49.23586],[1.71317,49.23539],[1.71319,49.23506],[1.71316,49.23479],[1.71289,49.23436],[1.71269,49.23441],[1.71235,49.23379],[1.71217,49.2333],[1.71211,49.23302],[1.71225,49.233],[1.71326,49.23302],[1.71326,49.23282],[1.7136,49.23279],[1.71377,49.23268],[1.71389,49.23266],[1.71434,49.23262],[1.7153,49.23339],[1.72367,49.23045],[1.72368,49.23046],[1.72549,49.23013],[1.72534,49.22983],[1.72966,49.2292],[1.73038,49.22893],[1.73215,49.22812],[1.7332,49.22671],[1.73328,49.22654],[1.73483,49.22644],[1.73481,49.22629],[1.73621,49.22628],[1.7362,49.22536],[1.73798,49.22539],[1.73797,49.22496],[1.73837,49.22406],[1.74044,49.22428],[1.74046,49.22367],[1.73591,49.22229],[1.73516,49.2219],[1.73411,49.22128],[1.73568,49.21609],[1.73226,49.21563],[1.73368,49.21096],[1.72989,49.21028],[1.73014,49.20966],[1.72937,49.20967],[1.72935,49.20975],[1.72297,49.20966],[1.72198,49.21001],[1.72022,49.20681],[1.71981,49.20694],[1.71487,49.20744],[1.71599,49.20433],[1.71583,49.20359],[1.71583,49.20312],[1.71574,49.20289],[1.71556,49.20268],[1.71496,49.20226],[1.71484,49.20228],[1.71353,49.20203],[1.71301,49.20198],[1.71163,49.20193],[1.71125,49.20185],[1.70973,49.20144],[1.70929,49.20114],[1.70884,49.20095],[1.70847,49.20074],[1.70809,49.20047],[1.70608,49.19929],[1.70583,49.19949],[1.7055,49.19982],[1.7053,49.19996],[1.7047,49.20032],[1.70417,49.20059],[1.70379,49.20113],[1.70373,49.20207],[1.70377,49.20221],[1.70376,49.20255],[1.70384,49.20284],[1.70379,49.20326],[1.70383,49.20367],[1.70372,49.20382],[1.70338,49.2045],[1.70307,49.20471],[1.70288,49.20501],[1.70276,49.20505],[1.70247,49.20551],[1.70225,49.20564],[1.70201,49.20593],[1.7027,49.20628],[1.70093,49.20809],[1.69934,49.20816],[1.69473,49.20664],[1.69461,49.20494],[1.69469,49.20376],[1.6947,49.20246],[1.69463,49.20193],[1.69418,49.20061],[1.69405,49.20052],[1.69036,49.20217],[1.68921,49.20264],[1.68816,49.20311],[1.68624,49.2003],[1.6842,49.19868],[1.68423,49.19826],[1.68449,49.19692],[1.68409,49.19688],[1.68048,49.1941],[1.68094,49.19198],[1.68123,49.19043],[1.68327,49.18561],[1.68113,49.18464],[1.68056,49.18466],[1.68027,49.18462],[1.68029,49.18444],[1.68044,49.18415],[1.68046,49.1838],[1.68082,49.18267],[1.67833,49.18263],[1.67838,49.18213],[1.67737,49.18212],[1.67744,49.18147],[1.67521,49.18116],[1.67519,49.18103],[1.67484,49.18094],[1.6748,49.18102],[1.67365,49.18058],[1.67344,49.18096],[1.67283,49.18079],[1.67162,49.18075],[1.67162,49.18095],[1.67171,49.18112],[1.67168,49.18124],[1.67132,49.18182],[1.67094,49.18217],[1.67084,49.18236],[1.67078,49.18305],[1.67066,49.18339],[1.67068,49.18361],[1.67084,49.18419],[1.67081,49.18447],[1.67046,49.18481],[1.67034,49.18487],[1.66966,49.18498],[1.66958,49.18503],[1.6695,49.18514],[1.66941,49.18548],[1.66927,49.18574],[1.66905,49.18667],[1.66903,49.18709],[1.66909,49.18726],[1.66926,49.18759],[1.66942,49.18779],[1.66973,49.18807],[1.66975,49.18829],[1.66988,49.18872],[1.67054,49.18991]]]}},
{"type":"Feature","properties":{"ID":"COMMUNE_0000000009734506","INSEE_COM":"95144","INSEE_ARR":"2","INSEE_COL":"95D","INSEE_DEP":"95","INSEE_REG":"11","NOM":"Châtenay-en-France","CL_DEPART":"Non","CL_REGION":"Non","SIREN_EPCI":"200073013","SIREN_SI":200091940,"NOM_SI":"SMAEP DAMONA"},"geometry":{"type":"Polygon","coordinates":[[[2.44135,49.06762],[2.44136,49.06881],[2.44271,49.06976],[2.44443,49.07026],[2.4453,49.06951],[2.44466,49.06906],[2.44492,49.06904],[2.44528,49.06895],[2.4453,49.06892],[2.44601,49.06882],[2.44689,49.06859],[2.44724,49.06855],[2.45073,49.06841],[2.45068,49.06937],[2.45267,49.06974],[2.45286,49.07053],[2.4535,49.07197],[2.45348,49.07206],[2.4533,49.07213],[2.45247,49.07233],[2.45154,49.07273],[2.45138,49.07284],[2.45078,49.07311],[2.45155,49.07368],[2.45382,49.07282],[2.45436,49.07425],[2.45531,49.07402],[2.45577,49.07465],[2.45634,49.0744],[2.45696,49.07506],[2.45896,49.07368],[2.45901,49.0736],[2.45923,49.07344],[2.46048,49.07306],[2.46191,49.0727],[2.46363,49.0722],[2.46376,49.07171],[2.47022,49.07095],[2.47021,49.07112],[2.47205,49.07141],[2.47227,49.07102],[2.47238,49.0706],[2.47235,49.06999],[2.47214,49.0683],[2.47208,49.06821],[2.47223,49.06787],[2.47376,49.06603],[2.4752,49.06472],[2.48266,49.05551],[2.48168,49.05534],[2.47517,49.05566],[2.47404,49.05576],[2.47333,49.05589],[2.473,49.05599],[2.47154,49.05662],[2.4698,49.05751],[2.46999,49.05772],[2.46376,49.06047],[2.46309,49.06001],[2.46234,49.05964],[2.46127,49.059],[2.46095,49.05877],[2.45712,49.0597],[2.45498,49.06004],[2.45234,49.06055],[2.45244,49.06113],[2.44977,49.062],[2.4501,49.06264],[2.4474,49.06344],[2.44832,49.06441],[2.44517,49.06545],[2.4454,49.06578],[2.44602,49.06696],[2.44376,49.06747],[2.44316,49.06754],[2.44135,49.06762]]]}},
{"type":"Feature","properties":{"ID":"COMMUNE_0000000009734540","INSEE_COM":"95127","INSEE_ARR":"3","INSEE_COL":"95D","INSEE_DEP":"95","INSEE_REG":"11","NOM":"Cergy","CL_DEPART":"Non","CL_REGION":"Non","SIREN_EPCI":"249500109","SIREN_SI":249500109,"NOM_SI":"COMMUNAUTE D'AGGLOMERATION DE CERGY-PONTOISE"},"geometry":{"type":"Polygon","coordinates":[[[2.09082,49.02428],[2.0903,49.02337],[2.08915,49.02181],[2.08859,49.02124],[2.08786,49.02079],[2.08644,49.02014],[2.08558,49.01985],[2.07964,49.01876],[2.07864,49.01875],[2.07814,49.01882],[2.07733,49.01899],[2.07645,49.01924],[2.07568,49.01814],[2.07407,49.01846],[2.07298,49.01873],[2.07186,49.01893],[2.07106,49.0191],[2.07071,49.01923],[2.06944,49.02006],[2.06762,49.02107],[2.06586,49.02213],[2.06562,49.0223],[2.06522,49.02269],[2.06469,49.02313],[2.06432,49.02335],[2.06418,49.02331],[2.06401,49.02337],[2.06341,49.02375],[2.06283,49.02438],[2.06159,49.02521],[2.06145,49.02534],[2.06143,49.0255],[2.06123,49.0257],[2.061,49.02587],[2.0607,49.02569],[2.06024,49.02555],[2.0598,49.02534],[2.05913,49.02489],[2.05925,49.02481],[2.05882,49.02445],[2.05872,49.02441],[2.05892,49.02423],[2.0583,49.02372],[2.05802,49.02336],[2.05797,49.02305],[2.05777,49.02279],[2.05614,49.02319],[2.05635,49.02341],[2.05595,49.02355],[2.05556,49.02373],[2.05285,49.02513],[2.05095,49.02628],[2.05027,49.0269],[2.04906,49.02753],[2.0501,49.0285],[2.03825,49.03401],[2.03972,49.03554],[2.03706,49.03735],[2.03686,49.03753],[2.0367,49.03739],[2.03573,49.0383],[2.03493,49.03867],[2.03417,49.03775],[2.03391,49.03753],[2.03346,49.03727],[2.03262,49.03701],[2.03071,49.03673],[2.03068,49.03683],[2.03057,49.03691],[2.0299,49.0371],[2.02939,49.03716],[2.02896,49.03714],[2.02835,49.03717],[2.02777,49.03724],[2.02713,49.03741],[2.02698,49.03752],[2.02682,49.0379],[2.02619,49.03872],[2.02609,49.03894],[2.02555,49.03884],[2.02558,49.03859],[2.02567,49.0384],[2.02435,49.03832],[2.02359,49.0382],[2.02184,49.03812],[2.02163,49.03875],[2.01967,49.03858],[2.01819,49.03909],[2.01601,49.03967],[2.01593,49.03971],[2.01612,49.04016],[2.0136,49.04162],[2.01103,49.04347],[2.01043,49.04387],[2.00704,49.04457],[2.00755,49.04543],[2.0082,49.04609],[2.00902,49.04674],[2.00847,49.04683],[2.00837,49.04721],[2.00789,49.04731],[2.00812,49.0477],[2.00832,49.04831],[2.00669,49.04863],[2.00695,49.0492],[2.00445,49.04969],[2.00477,49.05028],[1.99998,49.05178],[2.00228,49.05327],[2.00324,49.05379],[2.00416,49.05418],[2.0067,49.05489],[2.00839,49.05519],[2.01001,49.05557],[2.01072,49.05621],[2.01323,49.05551],[2.0142,49.05528],[2.01513,49.05511],[2.0174,49.05487],[2.01763,49.05472],[2.01944,49.05442],[2.01966,49.05465],[2.02453,49.05417],[2.02494,49.05482],[2.02538,49.05524],[2.02595,49.0556],[2.02791,49.05647],[2.02821,49.05616],[2.02869,49.05592],[2.02929,49.05577],[2.03069,49.0557],[2.03118,49.0557],[2.03262,49.05559],[2.03322,49.0556],[2.03796,49.0554],[2.03855,49.05533],[2.03945,49.05515],[2.04237,49.05433],[2.04333,49.05416],[2.04408,49.05408],[2.0466,49.05402],[2.04669,49.05547],[2.04682,49.05613],[2.05553,49.05465],[2.05758,49.05427],[2.05846,49.05397],[2.05852,49.05382],[2.06136,49.05302],[2.06247,49.05266],[2.06306,49.05244],[2.06335,49.05228],[2.06434,49.05202],[2.06554,49.05164],[2.06667,49.05106],[2.06851,49.04997],[2.06938,49.04939],[2.07647,49.04417],[2.07903,49.04243],[2.08002,49.04182],[2.08069,49.04143],[2.08266,49.04042],[2.08543,49.03924],[2.0875,49.03847],[2.08669,49.03786],[2.08588,49.03719],[2.08287,49.03483],[2.08443,49.03377],[2.08546,49.03321],[2.08472,49.03278],[2.08438,49.0325],[2.0842,49.03221],[2.08382,49.03125],[2.08356,49.03084],[2.08382,49.03062],[2.08404,49.03037],[2.08435,49.02932],[2.08452,49.02905],[2.08475,49.02885],[2.0851,49.02868],[2.08545,49.02856],[2.08605,49.02852],[2.08645,49.02856],[2.08667,49.02862],[2.08708,49.02879],[2.0874,49.02905],[2.08772,49.0289],[2.08882,49.02882],[2.08913,49.02875],[2.08931,49.02865],[2.0898,49.02913],[2.08999,49.02928],[2.09049,49.02955],[2.09092,49.029],[2.09082,49.02884],[2.09098,49.02852],[2.09108,49.02802],[2.09106,49.02739],[2.0909,49.02671],[2.09068,49.02619],[2.09027,49.0254],[2.08997,49.02501],[2.09045,49.02487],[2.09018,49.02441],[2.09082,49.02428]]]}},
{"type":"Feature","properties":{"ID":"COMMUNE_0000000009735024","INSEE_COM":"95014","INSEE_ARR":"2","INSEE_COL":"95D","INSEE_DEP":"95","INSEE_REG":"11","NOM":"Andilly","CL_DEPART":"Non","CL_REGION":"Non","SIREN_EPCI":"200056380","SIREN_SI":257500017,"NOM_SI":"S.E.D.I.F."},"geometry":{"type":"Polygon","coordinates":[[[2.29285,48.99588],[2.29201,48.99614],[2.29014,48.9968],[2.29062,48.9974],[2.29178,48.99862],[2.29212,48.9989],[2.29235,48.99902],[2.29286,48.99913],[2.29369,48.99941],[2.29409,48.99962],[2.29435,48.99983],[2.29496,49.00059],[2.29593,49.00226],[2.29597,49.00243],[2.29613,49.00262],[2.29712,49.00335],[2.29723,49.00346],[2.29486,49.00374],[2.29478,49.00447],[2.29451,49.00451],[2.29494,49.0059],[2.29455,49.0059],[2.29416,49.00593],[2.29336,49.00608],[2.29222,49.00623],[2.2915,49.00638],[2.29169,49.00667],[2.29202,49.00661],[2.29223,49.00697],[2.29169,49.0071],[2.29218,49.00779],[2.29282,49.0076],[2.29286,49.00761],[2.29298,49.00773],[2.29362,49.0086],[2.29406,49.00926],[2.29461,49.00907],[2.29478,49.0094],[2.29523,49.01001],[2.29532,49.01032],[2.2957,49.01069],[2.29713,49.01095],[2.29811,49.01187],[2.29985,49.01486],[2.30111,49.01552],[2.3015,49.01586],[2.30158,49.01598],[2.3009,49.01669],[2.30022,49.01708],[2.3004,49.01738],[2.30032,49.0175],[2.30012,49.01802],[2.30006,49.01831],[2.30008,49.01856],[2.30022,49.01884],[2.30033,49.01895],[2.30114,49.01927],[2.30167,49.01968],[2.30183,49.01989],[2.30192,49.02012],[2.30208,49.02037],[2.30298,49.02092],[2.3031,49.0211],[2.30311,49.0212],[2.30309,49.02128],[2.30261,49.02153],[2.30256,49.02182],[2.30233,49.02227],[2.30219,49.0229],[2.30165,49.02305],[2.30145,49.02409],[2.3026,49.02401],[2.30265,49.02408],[2.30386,49.02403],[2.30453,49.024],[2.30508,49.02393],[2.30575,49.02379],[2.30576,49.02361],[2.30592,49.0234],[2.30504,49.02312],[2.30507,49.02305],[2.30421,49.02276],[2.30413,49.02079],[2.30698,49.01941],[2.30819,49.01885],[2.30931,49.01826],[2.3102,49.01788],[2.31254,49.01675],[2.31282,49.01665],[2.31309,49.0166],[2.31284,49.01618],[2.31274,49.01582],[2.31274,49.01482],[2.31267,49.0144],[2.3118,49.01319],[2.31165,49.01292],[2.31143,49.01217],[2.31138,49.01184],[2.31153,49.01155],[2.31194,49.0112],[2.31205,49.011],[2.31222,49.01032],[2.31224,49.00987],[2.31234,49.00967],[2.3126,49.00943],[2.31326,49.00891],[2.31392,49.00797],[2.31088,49.00636],[2.31179,49.00573],[2.31243,49.00534],[2.31301,49.00504],[2.31268,49.00465],[2.31199,49.00449],[2.31169,49.00438],[2.31123,49.00407],[2.31111,49.00395],[2.311,49.00378],[2.31079,49.00209],[2.30904,49.00175],[2.30871,49.00174],[2.30848,49.00178],[2.30783,49.0021],[2.30754,49.00221],[2.30654,49.0023],[2.30595,49.0025],[2.30502,49.00123],[2.30498,49.00054],[2.30511,49.0],[2.30498,48.99943],[2.30365,48.99739],[2.29576,48.99557],[2.29467,48.9956],[2.29358,48.99575],[2.29285,48.99588]]]}},
{"type":"Feature","properties":{"ID":"COMMUNE_0000000009735524","INSEE_COM":"95257","INSEE_ARR":"1","INSEE_COL":"95D","INSEE_DEP":"95","INSEE_REG":"11","NOM":"La Frette-sur-Seine","CL_DEPART":"Non","CL_REGION":"Non","SIREN_EPCI":"200058485","SIREN_SI":257500017,"NOM_SI":"S.E.D.I.F."},"geometry":{"type":"Polygon","coordinates":[[[2.17822,48.95963],[2.1783,48.96067],[2.17805,48.96327],[2.1782,48.96388],[2.17882,48.96573],[2.17905,48.96609],[2.178,48.96646],[2.17781,48.9666],[2.17755,48.96687],[2.17717,48.9675],[2.17713,48.96776],[2.17717,48.96799],[2.17712,48.96848],[2.17685,48.96904],[2.1764,48.9695],[2.1761,48.96998],[2.17563,48.97128],[2.1755,48.97174],[2.17549,48.97199],[2.17558,48.97292],[2.17527,48.97358],[2.17472,48.9741],[2.17382,48.97505],[2.1726,48.97609],[2.17219,48.9765],[2.17163,48.97707],[2.17064,48.97822],[2.17055,48.97839],[2.16995,48.97859],[2.16894,48.9791],[2.16669,48.98046],[2.16627,48.98081],[2.16602,48.98111],[2.16842,48.98288],[2.16896,48.98339],[2.16977,48.98406],[2.17014,48.98427],[2.17042,48.98437],[2.17085,48.98469],[2.17224,48.9855],[2.1721,48.98556],[2.17253,48.98586],[2.17234,48.98601],[2.17252,48.98609],[2.17263,48.9861],[2.17276,48.98606],[2.17313,48.98618],[2.17366,48.9863],[2.17383,48.98629],[2.17378,48.98664],[2.17454,48.98648],[2.17555,48.98634],[2.17766,48.98588],[2.17864,48.98577],[2.17886,48.98572],[2.18155,48.98455],[2.18182,48.98453],[2.18182,48.98231],[2.18213,48.98129],[2.18251,48.98062],[2.18484,48.97715],[2.183,48.97648],[2.18365,48.97555],[2.18326,48.97543],[2.18322,48.97538],[2.18342,48.97458],[2.18372,48.97407],[2.18389,48.9736],[2.18383,48.97343],[2.18389,48.97284],[2.18373,48.97206],[2.18351,48.97148],[2.18357,48.97142],[2.18377,48.97086],[2.18382,48.97059],[2.18381,48.97005],[2.18418,48.96866],[2.18426,48.96857],[2.18466,48.96836],[2.18476,48.96823],[2.18476,48.96698],[2.18583,48.96694],[2.18535,48.96546],[2.18538,48.96534],[2.18569,48.9652],[2.18573,48.96504],[2.18562,48.96451],[2.18558,48.96395],[2.1853,48.96308],[2.18524,48.96292],[2.18396,48.96223],[2.1831,48.96186],[2.18293,48.96186],[2.18241,48.96119],[2.18217,48.96071],[2.182,48.96058],[2.18175,48.96032],[2.18153,48.95993],[2.18131,48.95969],[2.18104,48.9595],[2.18083,48.95945],[2.18062,48.95899],[2.17822,48.95963]]]}},
{"type":"Feature","properties":{"ID":"COMMUNE_0000000009735041","INSEE_COM":"95306","INSEE_ARR":"1","INSEE_COL":"95D","INSEE_DEP":"95","INSEE_REG":"11","NOM":"Herblay-sur-Seine","CL_DEPART":"Non","CL_REGION":"Non","SIREN_EPCI":"200058485","SIREN_SI":257500017,"NOM_SI":"S.E.D.I.F."},"geometry":{"type":"Polygon","coordinates":[[[2.12099,49.0181],[2.12047,49.01867],[2.12078,49.01943],[2.12069,49.01963],[2.11923,49.02127],[2.1191,49.02148],[2.11727,49.0219],[2.11725,49.02208],[2.11702,49.02192],[2.11606,49.02316],[2.11612,49.02395],[2.11608,49.02461],[2.11912,49.02693],[2.12239,49.02934],[2.12563,49.02569],[2.12734,49.02405],[2.12778,49.02369],[2.12793,49.0236],[2.12824,49.02329],[2.13071,49.0207],[2.13685,49.01528],[2.13935,49.01334],[2.13994,49.01296],[2.14114,49.0124],[2.14162,49.01202],[2.14248,49.01146],[2.14474,49.01022],[2.14684,49.00895],[2.14717,49.0088],[2.14742,49.00865],[2.14766,49.00857],[2.14863,49.00799],[2.15035,49.00717],[2.15086,49.00697],[2.15128,49.00677],[2.15266,49.00626],[2.15375,49.0058],[2.15521,49.00494],[2.15551,49.00485],[2.15505,49.00548],[2.15485,49.00596],[2.15477,49.00636],[2.15468,49.00755],[2.1545,49.00894],[2.1545,49.00935],[2.15465,49.01012],[2.1548,49.01042],[2.1554,49.01211],[2.15624,49.01349],[2.1577,49.01307],[2.15817,49.01289],[2.15922,49.0126],[2.16091,49.01205],[2.16108,49.01223],[2.16835,49.00804],[2.18209,49.00077],[2.18233,49.00085],[2.18777,49.00336],[2.19133,49.00474],[2.19313,49.00549],[2.19519,49.00461],[2.1941,49.00329],[2.19341,49.00252],[2.19306,49.00267],[2.19252,49.00213],[2.18877,48.99725],[2.18775,48.99777],[2.18658,48.99717],[2.1851,48.99634],[2.18296,48.99504],[2.18273,48.99474],[2.18204,48.99404],[2.18078,48.9932],[2.18127,48.99315],[2.18099,48.99245],[2.18077,48.99252],[2.17971,48.99142],[2.17946,48.9915],[2.17894,48.99096],[2.17787,48.98955],[2.17775,48.98959],[2.17756,48.98937],[2.17736,48.98936],[2.177,48.98948],[2.17669,48.98908],[2.17612,48.98849],[2.176,48.98833],[2.17585,48.98834],[2.1758,48.98828],[2.17572,48.98829],[2.17549,48.98803],[2.17526,48.98806],[2.17509,48.98772],[2.17486,48.98745],[2.17467,48.98712],[2.17479,48.98706],[2.17468,48.98681],[2.17449,48.98687],[2.1741,48.98657],[2.17378,48.98664],[2.17383,48.98629],[2.17366,48.9863],[2.17313,48.98618],[2.17276,48.98606],[2.17263,48.9861],[2.17252,48.98609],[2.17234,48.98601],[2.17253,48.98586],[2.1721,48.98556],[2.17224,48.9855],[2.17085,48.98469],[2.17042,48.98437],[2.17014,48.98427],[2.16977,48.98406],[2.16896,48.98339],[2.16842,48.98288],[2.16602,48.98111],[2.1659,48.9813],[2.16562,48.9816],[2.16468,48.98215],[2.16412,48.98238],[2.1627,48.98266],[2.16237,48.98277],[2.16157,48.98297],[2.16049,48.98346],[2.15922,48.98397],[2.1583,48.98421],[2.15634,48.9849],[2.15618,48.98498],[2.15609,48.98508],[2.1557,48.98559],[2.15047,48.98645],[2.1498,48.98639],[2.14831,48.9865],[2.14768,48.98661],[2.14346,48.98776],[2.14265,48.98794],[2.14163,48.98812],[2.14015,48.98828],[2.13693,48.9883],[2.13326,48.98869],[2.13214,48.98869],[2.13015,48.98878],[2.12881,48.98888],[2.12816,48.98896],[2.12763,48.98906],[2.127,48.98924],[2.12626,48.98954],[2.12556,48.99006],[2.12496,48.99066],[2.12454,48.99102],[2.12393,48.99148],[2.12364,48.99166],[2.12401,48.99359],[2.12333,48.99357],[2.12071,48.9933],[2.12105,48.99548],[2.12356,49.00369],[2.12563,49.00706],[2.12712,49.00967],[2.12685,49.01108],[2.1267,49.0122],[2.12125,49.01833],[2.12099,49.0181]]]}},
{"type":"Feature","properties":{"ID":"COMMUNE_0000000009735025","INSEE_COM":"95539","INSEE_ARR":"2","INSEE_COL":"95D","INSEE_DEP":"95","INSEE_REG":"11","NOM":"Saint-Brice-sous-Forêt","CL_DEPART":"Non","CL_REGION":"Non","SIREN_EPCI":"200056380","SIREN_SI":257500017,"NOM_SI":"S.E.D.I.F."},"geometry":{"type":"Polygon","coordinates":[[[2.33729,48.9928],[2.33695,48.99291],[2.33649,48.99311],[2.33609,48.99338],[2.33526,48.99404],[2.33476,48.99439],[2.33323,48.99521],[2.33269,48.99545],[2.33242,48.99551],[2.33161,48.9956],[2.33145,48.99564],[2.33164,48.99683],[2.33184,48.99683],[2.33205,48.99752],[2.3324,48.99833],[2.33281,48.99826],[2.33296,48.99945],[2.32993,48.99991],[2.33009,49.00022],[2.33022,49.00033],[2.3308,49.00053],[2.33096,49.0006],[2.33106,49.00069],[2.33136,49.00152],[2.33141,49.00161],[2.33151,49.00166],[2.33082,49.00169],[2.33044,49.00173],[2.32948,49.00201],[2.32834,49.00248],[2.32786,49.00279],[2.32718,49.00316],[2.32651,49.00333],[2.32613,49.00338],[2.32476,49.00391],[2.3239,49.00419],[2.32322,49.00447],[2.32174,49.00521],[2.32061,49.00561],[2.3206,49.00642],[2.32068,49.00676],[2.32088,49.00716],[2.32101,49.00789],[2.32113,49.00802],[2.32138,49.00858],[2.32141,49.00899],[2.32165,49.00929],[2.32201,49.01017],[2.32555,49.00974],[2.32715,49.0097],[2.32773,49.0095],[2.32818,49.00924],[2.32849,49.00914],[2.32871,49.00902],[2.32919,49.00909],[2.32981,49.00892],[2.33059,49.0088],[2.3309,49.00877],[2.33177,49.00847],[2.33242,49.00828],[2.33386,49.00834],[2.33458,49.00803],[2.3351,49.00787],[2.33611,49.00765],[2.3374,49.00732],[2.33779,49.00726],[2.33826,49.00711],[2.3385,49.00699],[2.33872,49.00695],[2.33914,49.00694],[2.33973,49.0068],[2.34038,49.0066],[2.3406,49.00657],[2.34139,49.00636],[2.34218,49.00613],[2.34396,49.00591],[2.34527,49.0057],[2.34583,49.00701],[2.34588,49.00738],[2.34625,49.00867],[2.34708,49.01004],[2.34729,49.01058],[2.34899,49.01186],[2.34942,49.0123],[2.3497,49.01272],[2.34973,49.01284],[2.35178,49.01336],[2.35168,49.01361],[2.35349,49.01408],[2.35408,49.01448],[2.35551,49.01528],[2.3571,49.01599],[2.35722,49.01609],[2.35815,49.01659],[2.35864,49.01693],[2.35993,49.018],[2.36043,49.01827],[2.36068,49.01851],[2.36113,49.01882],[2.36209,49.01931],[2.36288,49.01965],[2.36343,49.02001],[2.36371,49.0201],[2.3634,49.01983],[2.36327,49.01966],[2.36299,49.01912],[2.36276,49.0184],[2.36245,49.01769],[2.36207,49.01627],[2.36237,49.01534],[2.36258,49.01484],[2.36259,49.0144],[2.36256,49.01422],[2.36241,49.01386],[2.36192,49.01295],[2.3617,49.01225],[2.36166,49.01184],[2.3617,49.01126],[2.36174,49.01112],[2.36193,49.01082],[2.36224,49.01043],[2.36305,49.00986],[2.36337,49.00956],[2.36372,49.00945],[2.36384,49.00935],[2.36437,49.00844],[2.36512,49.00665],[2.36527,49.00646],[2.36573,49.00612],[2.36588,49.00596],[2.36633,49.00525],[2.3671,49.00335],[2.36711,49.00293],[2.36695,49.00199],[2.36696,49.00178],[2.36706,49.00147],[2.36724,49.00116],[2.36818,49.00005],[2.36854,48.99921],[2.36854,48.99908],[2.36829,48.9983],[2.3683,48.99774],[2.36853,48.99725],[2.36953,48.99625],[2.36987,48.99558],[2.36994,48.99528],[2.3699,48.99495],[2.36973,48.99487],[2.3689,48.99452],[2.36885,48.99454],[2.36524,48.99313],[2.36652,48.99208],[2.36521,48.99087],[2.36663,48.99024],[2.36607,48.9897],[2.3654,48.98893],[2.36506,48.98864],[2.364,48.98756],[2.36186,48.98681],[2.36097,48.98666],[2.36033,48.98831],[2.36011,48.98901],[2.35944,48.99045],[2.35939,48.99037],[2.35923,48.99029],[2.35744,48.9897],[2.35714,48.98956],[2.35699,48.98943],[2.35695,48.98934],[2.35677,48.98986],[2.35687,48.99128],[2.35687,48.99132],[2.35679,48.99134],[2.35374,48.99119],[2.35024,48.9908],[2.35038,48.99262],[2.35052,48.99342],[2.35025,48.99329],[2.35009,48.99328],[2.34945,48.9933],[2.34866,48.99337],[2.34709,48.99335],[2.34439,48.99363],[2.34327,48.99357],[2.3423,48.99361],[2.34195,48.99371],[2.34133,48.99375],[2.34135,48.99383],[2.341,48.99384],[2.33951,48.99379],[2.33924,48.9936],[2.33927,48.99332],[2.33769,48.99337],[2.33766,48.99331],[2.337,48.99328],[2.3372,48.99303],[2.33729,48.9928]]]}},
{"type":"Feature","properties":{"ID":"COMMUNE_0000000009734035","INSEE_COM":"27213","INSEE_ARR":"1","INSEE_COL":"27D","INSEE_DEP":"27","INSEE_REG":"28","NOM":"Vexin-sur-Epte","CL_DEPART":"Non","CL_REGION":"Non","SIREN_EPCI":"200072312","SIREN_SI":259500684,"NOM_SI":"S.I. ET INTERDEPARTEMENTAL DES EAUX DE BRAY-ET-LU"},"geometry":{"type":"Polygon","coordinates":[[[1.59913,49.22671],[1.60688,49.22141],[1.60974,49.22278],[1.61245,49.22044],[1.61621,49.21761],[1.62102,49.21785],[1.62167,49.21786],[1.62205,49.21782],[1.62163,49.2154],[1.62139,49.21341],[1.62473,49.2116],[1.6248,49.21165],[1.62893,49.2097],[1.63084,49.20876],[1.63239,49.20914],[1.63267,49.20801],[1.63274,49.20753],[1.63578,49.20807],[1.63603,49.20779],[1.63723,49.20574],[1.63758,49.2057],[1.63762,49.20492],[1.63825,49.20488],[1.63829,49.20472],[1.63954,49.20466],[1.63942,49.20438],[1.63831,49.20445],[1.63779,49.20106],[1.63836,49.20096],[1.63948,49.2001],[1.63914,49.1994],[1.63809,49.19666],[1.63793,49.19596],[1.63638,49.19557],[1.6363,49.19484],[1.63467,49.19439],[1.63489,49.19415],[1.63419,49.19391],[1.63443,49.1937],[1.63476,49.19331],[1.63644,49.19397],[1.63623,49.19423],[1.63867,49.19508],[1.63986,49.19544],[1.63995,49.19523],[1.6422,49.1955],[1.64268,49.19554],[1.64279,49.19552],[1.64296,49.19541],[1.64339,49.19505],[1.64427,49.19438],[1.64434,49.19426],[1.64524,49.19454],[1.64587,49.19462],[1.64574,49.19337],[1.64675,49.19336],[1.64754,49.1933],[1.64764,49.19333],[1.65052,49.19315],[1.65221,49.19317],[1.65238,49.19284],[1.65419,49.19244],[1.65411,49.19175],[1.6549,49.19185],[1.65576,49.1918],[1.65558,49.19135],[1.65584,49.19136],[1.65664,49.19114],[1.65655,49.1902],[1.66073,49.18995],[1.66109,49.1899],[1.66116,49.18994],[1.66132,49.18973],[1.66238,49.18869],[1.66327,49.18856],[1.66322,49.18842],[1.66477,49.18816],[1.66471,49.18789],[1.66621,49.18765],[1.66676,49.1875],[1.66735,49.18817],[1.66778,49.18879],[1.66747,49.18884],[1.668,49.1903],[1.67054,49.18991],[1.66988,49.18872],[1.66975,49.18829],[1.66973,49.18807],[1.66942,49.18779],[1.66926,49.18759],[1.66909,49.18726],[1.66903,49.18709],[1.66905,49.18667],[1.66927,49.18574],[1.66941,49.18548],[1.6695,49.18514],[1.66958,49.18503],[1.66966,49.18498],[1.67034,49.18487],[1.67046,49.18481],[1.67081,49.18447],[1.67084,49.18419],[1.67068,49.18361],[1.67066,49.18339],[1.67078,49.18305],[1.67084,49.18236],[1.67094,49.18217],[1.67132,49.18182],[1.67168,49.18124],[1.67171,49.18112],[1.67162,49.18095],[1.6716,49.18082],[1.67166,49.18062],[1.6716,49.1804],[1.67147,49.18025],[1.67137,49.18021],[1.67124,49.18021],[1.67113,49.18025],[1.6708,49.18048],[1.6702,49.18062],[1.66995,49.18063],[1.66969,49.18051],[1.66933,49.18046],[1.66912,49.18031],[1.66904,49.17987],[1.66896,49.17979],[1.66806,49.17979],[1.66769,49.17974],[1.66744,49.17967],[1.66719,49.17948],[1.66708,49.17932],[1.66694,49.17891],[1.66695,49.17876],[1.66705,49.17861],[1.6673,49.17838],[1.66745,49.17813],[1.66754,49.17773],[1.66738,49.17749],[1.66727,49.17743],[1.66668,49.17724],[1.66616,49.1769],[1.66609,49.1768],[1.66624,49.17631],[1.6664,49.17618],[1.6663,49.17571],[1.66634,49.17548],[1.66659,49.17497],[1.66678,49.17477],[1.66713,49.17458],[1.66784,49.17369],[1.66831,49.17326],[1.66837,49.17317],[1.66848,49.17249],[1.66867,49.17227],[1.66871,49.17215],[1.66874,49.17147],[1.66879,49.17135],[1.66916,49.17089],[1.66976,49.1705],[1.67017,49.17014],[1.67027,49.16981],[1.67024,49.16953],[1.67015,49.16944],[1.66909,49.16896],[1.66878,49.16879],[1.66864,49.16825],[1.66838,49.16814],[1.66805,49.16808],[1.66773,49.16797],[1.66761,49.16786],[1.66725,49.16736],[1.66718,49.16732],[1.66671,49.16719],[1.66656,49.1671],[1.66612,49.16645],[1.66557,49.16628],[1.66497,49.16615],[1.66476,49.16604],[1.66457,49.16552],[1.66423,49.1651],[1.66427,49.16392],[1.66424,49.16292],[1.66405,49.16243],[1.66357,49.1617],[1.66323,49.16129],[1.66305,49.16081],[1.66307,49.15998],[1.663,49.15937],[1.66295,49.15926],[1.66268,49.15905],[1.66219,49.15882],[1.66192,49.15874],[1.66164,49.15855],[1.6613,49.15811],[1.6607,49.15759],[1.66058,49.15731],[1.6606,49.15715],[1.66071,49.15703],[1.66159,49.1565],[1.66216,49.15607],[1.66258,49.15583],[1.66284,49.15556],[1.66344,49.15509],[1.66378,49.15451],[1.66444,49.15361],[1.66446,49.15343],[1.6641,49.15317],[1.66271,49.15253],[1.66115,49.15229],[1.66098,49.15222],[1.66017,49.15175],[1.65947,49.15149],[1.65924,49.15117],[1.65879,49.14981],[1.6585,49.14909],[1.65834,49.14894],[1.65813,49.14883],[1.65777,49.1487],[1.65751,49.14866],[1.65711,49.14864],[1.65619,49.14865],[1.65602,49.14862],[1.65583,49.14847],[1.65584,49.14818],[1.65601,49.14795],[1.65607,49.14762],[1.656,49.14746],[1.65579,49.14726],[1.65544,49.1471],[1.65514,49.14701],[1.65492,49.14689],[1.6546,49.14656],[1.65446,49.14633],[1.65454,49.1457],[1.65443,49.14533],[1.65402,49.14509],[1.65313,49.14493],[1.65306,49.14487],[1.65297,49.14468],[1.65301,49.1436],[1.65322,49.14294],[1.65322,49.14274],[1.65307,49.14224],[1.65266,49.14148],[1.65258,49.14149],[1.65241,49.14113],[1.65227,49.14113],[1.65241,49.1407],[1.65293,49.13952],[1.65142,49.13875],[1.65148,49.13808],[1.65296,49.13822],[1.65283,49.1377],[1.65302,49.13772],[1.653,49.13742],[1.65315,49.13693],[1.65265,49.135],[1.65343,49.13493],[1.65378,49.13566],[1.65398,49.13622],[1.65408,49.13664],[1.6546,49.1367],[1.65469,49.13723],[1.65474,49.13732],[1.65501,49.13744],[1.65667,49.13757],[1.65722,49.13687],[1.65734,49.13663],[1.6574,49.13638],[1.65739,49.13585],[1.65748,49.13566],[1.6582,49.13531],[1.65832,49.13519],[1.65836,49.13509],[1.65833,49.13482],[1.65821,49.13466],[1.65805,49.13458],[1.65784,49.13456],[1.65725,49.13463],[1.65679,49.13395],[1.65703,49.13364],[1.65786,49.1331],[1.65785,49.13194],[1.65772,49.13177],[1.65742,49.1316],[1.65709,49.13158],[1.65627,49.13142],[1.65599,49.13132],[1.65573,49.13116],[1.65566,49.13108],[1.65563,49.1309],[1.65576,49.1302],[1.65567,49.12996],[1.65549,49.12992],[1.6549,49.1299],[1.65305,49.12951],[1.65271,49.12935],[1.65265,49.12873],[1.65279,49.12806],[1.65255,49.12762],[1.65225,49.12747],[1.65199,49.12743],[1.65123,49.12739],[1.65063,49.1273],[1.65044,49.1272],[1.65028,49.12706],[1.65018,49.12687],[1.65006,49.12632],[1.64993,49.12519],[1.64981,49.12507],[1.64963,49.12496],[1.64946,49.12491],[1.64819,49.12478],[1.64736,49.12466],[1.64718,49.12459],[1.64679,49.12426],[1.64642,49.12374],[1.64634,49.12334],[1.64643,49.12286],[1.64663,49.12247],[1.64668,49.12223],[1.64669,49.12183],[1.64661,49.12141],[1.64651,49.12131],[1.64617,49.12111],[1.64549,49.12076],[1.6452,49.12058],[1.64513,49.12042],[1.64517,49.11986],[1.64508,49.11969],[1.64454,49.11898],[1.64451,49.11872],[1.64422,49.11821],[1.6438,49.11801],[1.6434,49.11777],[1.64299,49.11747],[1.64281,49.11732],[1.64273,49.11702],[1.64241,49.1166],[1.64218,49.11644],[1.64181,49.11631],[1.64144,49.11623],[1.64068,49.11616],[1.6404,49.11619],[1.64028,49.11627],[1.64019,49.1167],[1.64013,49.11679],[1.64003,49.11683],[1.63985,49.11681],[1.63947,49.1164],[1.63906,49.11611],[1.63888,49.11607],[1.63795,49.11557],[1.63749,49.11528],[1.63667,49.1149],[1.63644,49.11476],[1.63607,49.11446],[1.63579,49.1143],[1.63557,49.11425],[1.63536,49.11425],[1.6352,49.11421],[1.63492,49.11411],[1.63472,49.11398],[1.63453,49.11358],[1.63437,49.1129],[1.63421,49.11272],[1.6337,49.11249],[1.63279,49.11229],[1.63248,49.11218],[1.63229,49.11203],[1.63219,49.11184],[1.63216,49.11168],[1.6322,49.11154],[1.63233,49.11141],[1.63254,49.11131],[1.63304,49.11116],[1.63308,49.11097],[1.63298,49.1108],[1.63242,49.11076],[1.6322,49.1107],[1.6319,49.11057],[1.63135,49.11045],[1.63043,49.11046],[1.63,49.11034],[1.6297,49.11016],[1.62958,49.10999],[1.62947,49.10962],[1.62954,49.10916],[1.62942,49.10852],[1.62958,49.10782],[1.62959,49.10756],[1.62954,49.1074],[1.62944,49.10729],[1.62889,49.10699],[1.62805,49.1064],[1.62756,49.1057],[1.62688,49.10503],[1.62666,49.10471],[1.62654,49.1048],[1.62649,49.10496],[1.6265,49.10513],[1.6227,49.10714],[1.62294,49.10735],[1.6218,49.10802],[1.62334,49.10926],[1.6187,49.11183],[1.61967,49.11253],[1.62058,49.11292],[1.62126,49.11327],[1.62137,49.11336],[1.61784,49.11616],[1.61818,49.11647],[1.61432,49.11767],[1.61264,49.11646],[1.60938,49.11825],[1.60991,49.11975],[1.60982,49.12051],[1.60959,49.12126],[1.60936,49.12297],[1.60489,49.12316],[1.6052,49.12257],[1.60496,49.12252],[1.60525,49.12214],[1.6053,49.12185],[1.60529,49.12156],[1.60138,49.12102],[1.60126,49.12172],[1.59916,49.1215],[1.5991,49.1216],[1.59737,49.12126],[1.59741,49.1211],[1.59672,49.12099],[1.5964,49.12032],[1.59634,49.12011],[1.59563,49.11994],[1.59553,49.12008],[1.59287,49.11945],[1.59116,49.11948],[1.59118,49.11968],[1.59087,49.1197],[1.59093,49.12019],[1.59017,49.12024],[1.59024,49.12084],[1.58936,49.1209],[1.58895,49.12098],[1.58761,49.12847],[1.58769,49.12849],[1.58792,49.12875],[1.58915,49.13132],[1.58924,49.1316],[1.58877,49.13146],[1.5878,49.13131],[1.58744,49.1312],[1.58635,49.13074],[1.58611,49.13059],[1.58575,49.13026],[1.58537,49.12984],[1.58513,49.12966],[1.58522,49.12994],[1.58554,49.13181],[1.58589,49.1334],[1.58593,49.13368],[1.58592,49.13398],[1.58573,49.13411],[1.58574,49.13442],[1.58243,49.13436],[1.58192,49.13594],[1.58288,49.13747],[1.58265,49.1376],[1.58186,49.13993],[1.58094,49.1421],[1.58296,49.14267],[1.58436,49.14311],[1.58515,49.14253],[1.5853,49.1426],[1.58562,49.14284],[1.58472,49.14328],[1.58166,49.14459],[1.58225,49.14482],[1.58281,49.145],[1.58323,49.14517],[1.58352,49.14535],[1.58365,49.14553],[1.58374,49.14574],[1.58378,49.14606],[1.58408,49.14643],[1.58395,49.1467],[1.58398,49.14677],[1.58419,49.14698],[1.58427,49.14702],[1.58487,49.1468],[1.58497,49.14678],[1.58507,49.14682],[1.58559,49.14708],[1.58591,49.14728],[1.58632,49.14758],[1.58672,49.14798],[1.58647,49.14804],[1.5862,49.14803],[1.58571,49.14809],[1.58524,49.14823],[1.58448,49.14854],[1.58419,49.14854],[1.58386,49.14851],[1.58335,49.14856],[1.58215,49.1488],[1.58177,49.14852],[1.58131,49.14829],[1.58125,49.14821],[1.58097,49.14803],[1.58066,49.14799],[1.58026,49.14778],[1.58024,49.14758],[1.58006,49.14753],[1.57952,49.14747],[1.57864,49.1475],[1.57793,49.14756],[1.57779,49.1476],[1.5777,49.14769],[1.57647,49.14945],[1.57632,49.14952],[1.57525,49.1495],[1.57492,49.14948],[1.57363,49.14915],[1.57275,49.14899],[1.57209,49.14881],[1.57146,49.1487],[1.5673,49.14867],[1.56682,49.14863],[1.56521,49.14838],[1.56531,49.14861],[1.56547,49.14876],[1.56455,49.14881],[1.56431,49.14885],[1.56205,49.14953],[1.56025,49.14982],[1.55993,49.15078],[1.55856,49.15066],[1.55861,49.15104],[1.55747,49.15086],[1.55677,49.15152],[1.55571,49.15139],[1.55538,49.15232],[1.55511,49.15276],[1.55313,49.15478],[1.55424,49.15531],[1.55393,49.15621],[1.55383,49.15637],[1.55592,49.15734],[1.55695,49.15786],[1.55563,49.15922],[1.55416,49.16055],[1.55431,49.16074],[1.55376,49.1608],[1.55402,49.16242],[1.55372,49.16473],[1.55369,49.16594],[1.55378,49.16606],[1.5536,49.16623],[1.55378,49.16742],[1.55387,49.16838],[1.55268,49.16857],[1.55168,49.16867],[1.54828,49.16885],[1.54731,49.16887],[1.53935,49.17026],[1.53934,49.16916],[1.53856,49.16731],[1.53629,49.16148],[1.53412,49.16108],[1.53606,49.15766],[1.52965,49.15619],[1.5303,49.15504],[1.5289,49.1546],[1.52658,49.1538],[1.52466,49.15309],[1.52515,49.15243],[1.52202,49.15074],[1.5227,49.1501],[1.51654,49.1474],[1.51474,49.14681],[1.51535,49.14632],[1.5142,49.1457],[1.51465,49.14535],[1.51288,49.1442],[1.51251,49.14442],[1.51077,49.14344],[1.51037,49.14363],[1.51058,49.14381],[1.51027,49.14399],[1.50914,49.14336],[1.5083,49.14282],[1.50795,49.14327],[1.50779,49.14321],[1.50766,49.14308],[1.50732,49.14286],[1.50594,49.14262],[1.5056,49.14244],[1.50516,49.14204],[1.50498,49.14195],[1.50425,49.14134],[1.50384,49.14074],[1.50323,49.14015],[1.50304,49.13987],[1.50313,49.13937],[1.50377,49.13882],[1.50385,49.13868],[1.5036,49.13771],[1.50354,49.13725],[1.5034,49.13693],[1.50329,49.13683],[1.50309,49.13675],[1.50203,49.13621],[1.50135,49.13536],[1.50102,49.1351],[1.50061,49.13489],[1.49947,49.13452],[1.49908,49.13428],[1.49905,49.13422],[1.49911,49.1341],[1.5,49.13391],[1.50023,49.13378],[1.49999,49.13298],[1.49888,49.13175],[1.49832,49.13086],[1.4982,49.13071],[1.49809,49.13064],[1.49693,49.13136],[1.49604,49.13164],[1.49436,49.13231],[1.49399,49.13252],[1.49358,49.13267],[1.49131,49.13324],[1.49113,49.13324],[1.49102,49.13374],[1.49095,49.13446],[1.48946,49.13523],[1.48915,49.13537],[1.48826,49.13568],[1.48784,49.1359],[1.4864,49.13718],[1.48308,49.13982],[1.48188,49.14103],[1.4817,49.14137],[1.48177,49.14145],[1.48305,49.14209],[1.48334,49.14237],[1.48335,49.14245],[1.48327,49.14256],[1.48183,49.14311],[1.48043,49.14352],[1.47989,49.14372],[1.47934,49.14397],[1.47511,49.14545],[1.47593,49.14623],[1.47558,49.14653],[1.4741,49.14757],[1.47366,49.14817],[1.47318,49.14871],[1.47254,49.1492],[1.47052,49.15008],[1.47043,49.1512],[1.47061,49.15191],[1.47021,49.1534],[1.46987,49.15391],[1.4699,49.15406],[1.47092,49.15465],[1.47167,49.15526],[1.47269,49.15597],[1.47329,49.15623],[1.47359,49.15629],[1.47431,49.15638],[1.47463,49.15645],[1.47485,49.15652],[1.47536,49.15683],[1.47722,49.15834],[1.47754,49.15851],[1.47826,49.15909],[1.48088,49.16123],[1.4819,49.16091],[1.48223,49.16074],[1.48313,49.16005],[1.48356,49.15968],[1.48383,49.15935],[1.48402,49.15923],[1.48438,49.15919],[1.48544,49.15932],[1.48581,49.15933],[1.48679,49.15923],[1.48616,49.15875],[1.48635,49.15706],[1.48644,49.15675],[1.48668,49.15629],[1.48711,49.15566],[1.48716,49.15523],[1.48712,49.15488],[1.48718,49.15447],[1.49231,49.15597],[1.49706,49.15727],[1.50086,49.15957],[1.50263,49.16108],[1.50404,49.16171],[1.50652,49.16126],[1.50715,49.16101],[1.50771,49.16141],[1.51122,49.16242],[1.51067,49.163],[1.51157,49.16368],[1.51102,49.16408],[1.51263,49.16513],[1.51325,49.16497],[1.51442,49.16457],[1.5147,49.16445],[1.51521,49.16474],[1.51701,49.16362],[1.51603,49.16303],[1.51847,49.1616],[1.52135,49.15913],[1.5269,49.1619],[1.52669,49.16235],[1.53013,49.16402],[1.52785,49.16603],[1.52913,49.16659],[1.53034,49.16705],[1.53162,49.16774],[1.53366,49.16836],[1.5356,49.16877],[1.53668,49.16888],[1.5358,49.1727],[1.53566,49.1731],[1.53466,49.1729],[1.53073,49.17222],[1.52474,49.17764],[1.52406,49.17732],[1.52393,49.17745],[1.52243,49.18053],[1.52096,49.18374],[1.52241,49.18424],[1.522,49.185],[1.52259,49.18485],[1.51637,49.19544],[1.51516,49.1974],[1.50825,49.20023],[1.50838,49.20062],[1.50687,49.20121],[1.50788,49.20225],[1.50471,49.20351],[1.50526,49.20369],[1.50503,49.20399],[1.50399,49.20493],[1.50331,49.20534],[1.50281,49.20557],[1.50249,49.20586],[1.50218,49.20607],[1.50182,49.20623],[1.50157,49.20626],[1.5012,49.20636],[1.50114,49.20641],[1.50075,49.20656],[1.50033,49.20666],[1.49889,49.20735],[1.49965,49.20791],[1.49907,49.20854],[1.49812,49.20893],[1.49866,49.20941],[1.49907,49.20984],[1.49944,49.21031],[1.4988,49.21053],[1.49778,49.2097],[1.49747,49.20937],[1.49683,49.20884],[1.49652,49.20847],[1.49644,49.20842],[1.49635,49.20799],[1.49636,49.20763],[1.49642,49.20739],[1.49536,49.20738],[1.4951,49.20812],[1.49452,49.20794],[1.49371,49.20872],[1.49467,49.2095],[1.49579,49.21082],[1.49604,49.21148],[1.4963,49.21193],[1.49651,49.21248],[1.49673,49.21287],[1.4971,49.2138],[1.49785,49.21605],[1.49803,49.21687],[1.49799,49.21758],[1.49763,49.21899],[1.4972,49.22172],[1.49708,49.22208],[1.49669,49.22268],[1.49614,49.2238],[1.49489,49.22553],[1.49456,49.22584],[1.4953,49.22603],[1.49587,49.22625],[1.49517,49.22716],[1.49504,49.22765],[1.49477,49.2301],[1.49504,49.23021],[1.49543,49.23027],[1.49554,49.23019],[1.50006,49.23055],[1.50032,49.23083],[1.50187,49.23158],[1.50233,49.23176],[1.50469,49.23231],[1.50641,49.23308],[1.50674,49.23284],[1.50741,49.23247],[1.50887,49.23315],[1.50938,49.23344],[1.50921,49.23389],[1.50835,49.23494],[1.50762,49.23647],[1.5068,49.23795],[1.50613,49.23905],[1.50605,49.23932],[1.50834,49.23979],[1.50867,49.2399],[1.50941,49.24026],[1.50955,49.24003],[1.50978,49.23977],[1.51231,49.24033],[1.51251,49.24035],[1.51828,49.24046],[1.51901,49.23975],[1.52014,49.23978],[1.52411,49.23799],[1.53001,49.23734],[1.53312,49.23694],[1.5338,49.23627],[1.53462,49.23527],[1.53591,49.23451],[1.53622,49.23473],[1.53902,49.23388],[1.53939,49.23411],[1.54153,49.23334],[1.54211,49.23395],[1.54273,49.2338],[1.54328,49.23548],[1.54623,49.23527],[1.5467,49.23539],[1.54666,49.23573],[1.54674,49.23583],[1.54762,49.23617],[1.54841,49.23639],[1.54914,49.23673],[1.54933,49.23674],[1.55132,49.23644],[1.55368,49.23618],[1.55561,49.2358],[1.55582,49.23579],[1.55601,49.23571],[1.55651,49.23559],[1.55774,49.23522],[1.55835,49.23497],[1.56042,49.23371],[1.5611,49.23336],[1.56129,49.23839],[1.56461,49.24048],[1.56595,49.23995],[1.56685,49.23954],[1.56711,49.23938],[1.5675,49.23901],[1.56829,49.23808],[1.56928,49.23679],[1.57038,49.23716],[1.57036,49.23757],[1.57041,49.23772],[1.57266,49.24153],[1.57285,49.24163],[1.5732,49.24175],[1.57501,49.24212],[1.57638,49.24154],[1.58133,49.2455],[1.58232,49.24357],[1.58261,49.24262],[1.58863,49.24013],[1.58764,49.23868],[1.59299,49.23642],[1.59189,49.23482],[1.5911,49.23481],[1.59447,49.2321],[1.59491,49.23189],[1.59573,49.2314],[1.60006,49.22859],[1.59913,49.22671]]]}},
{"type":"Feature","properties":{"ID":"COMMUNE_0000000009733509","INSEE_COM":"95258","INSEE_ARR":"3","INSEE_COL":"95D","INSEE_DEP":"95","INSEE_REG":"11","NOM":"Frouville","CL_DEPART":"Non","CL_REGION":"Non","SIREN_EPCI":"249500430","SIREN_SI":259500320,"NOM_SI":"S.I. D'ALIMENTATION EN EAU POTABLE DE L'EPINE DE BUC"},"geometry":{"type":"Polygon","coordinates":[[[2.12907,49.15387],[2.13338,49.15437],[2.12989,49.15794],[2.12866,49.1573],[2.12692,49.16009],[2.12822,49.16033],[2.1259,49.16281],[2.12691,49.16788],[2.12683,49.16815],[2.12683,49.16895],[2.12692,49.1692],[2.12719,49.1695],[2.12725,49.1697],[2.12728,49.17006],[2.12697,49.17118],[2.12693,49.17178],[2.12741,49.17305],[2.12901,49.17592],[2.1375,49.17455],[2.13913,49.17226],[2.13929,49.17193],[2.13945,49.17084],[2.1421,49.16867],[2.14294,49.16823],[2.14591,49.1669],[2.14632,49.16682],[2.14649,49.16692],[2.14698,49.16684],[2.14837,49.16645],[2.14892,49.16634],[2.15024,49.16742],[2.15343,49.16952],[2.1539,49.17001],[2.15469,49.17074],[2.15515,49.1711],[2.15632,49.17183],[2.15803,49.17263],[2.15812,49.17253],[2.15877,49.17215],[2.15913,49.17167],[2.15965,49.17087],[2.16044,49.16996],[2.1613,49.16923],[2.16203,49.16868],[2.16291,49.1674],[2.16247,49.16715],[2.16383,49.1663],[2.1617,49.16423],[2.16148,49.16335],[2.16103,49.16283],[2.15953,49.15889],[2.15991,49.15728],[2.16051,49.15757],[2.16149,49.15785],[2.16174,49.15803],[2.16236,49.1587],[2.16278,49.15888],[2.16318,49.15903],[2.16329,49.15904],[2.16356,49.15883],[2.16454,49.15833],[2.16498,49.15802],[2.16538,49.15731],[2.16579,49.15616],[2.16583,49.15589],[2.16582,49.15568],[2.16541,49.155],[2.1654,49.15462],[2.16545,49.15431],[2.16488,49.15424],[2.16507,49.1535],[2.16498,49.15307],[2.16505,49.15275],[2.16497,49.15252],[2.16483,49.15222],[2.16435,49.15149],[2.1642,49.15102],[2.16402,49.15007],[2.16386,49.14975],[2.16339,49.14902],[2.16307,49.14827],[2.16354,49.14817],[2.16351,49.1475],[2.16379,49.14622],[2.16405,49.14577],[2.16441,49.14577],[2.1647,49.14433],[2.16489,49.14433],[2.16498,49.144],[2.16527,49.14349],[2.16469,49.14195],[2.1645,49.14197],[2.16292,49.13997],[2.16239,49.13906],[2.16075,49.1394],[2.15971,49.13973],[2.15945,49.13997],[2.15815,49.1408],[2.15788,49.14091],[2.15719,49.14102],[2.15651,49.14138],[2.1561,49.14169],[2.15569,49.14208],[2.15511,49.14244],[2.15439,49.14228],[2.15404,49.14267],[2.15384,49.14282],[2.15331,49.1431],[2.15256,49.14329],[2.15155,49.14371],[2.1504,49.14439],[2.14919,49.14455],[2.14808,49.14425],[2.14661,49.14378],[2.14669,49.14354],[2.14525,49.14348],[2.1451,49.14388],[2.14456,49.14373],[2.14326,49.1441],[2.14148,49.14438],[2.13936,49.14449],[2.13936,49.14509],[2.13999,49.14511],[2.13997,49.14557],[2.13986,49.14629],[2.13893,49.1462],[2.13865,49.14762],[2.13836,49.14765],[2.138,49.14838],[2.13618,49.14824],[2.13566,49.1494],[2.13533,49.14999],[2.13382,49.14977],[2.13175,49.14922],[2.12907,49.15387]]]}},
{"type":"Feature","properties":{"ID":"COMMUNE_0000000009734538","INSEE_COM":"95476","INSEE_ARR":"3","INSEE_COL":"95D","INSEE_DEP":"95","INSEE_REG":"11","NOM":"Osny","CL_DEPART":"Non","CL_REGION":"Non","SIREN_EPCI":"249500109","SIREN_SI":249500109,"NOM_SI":"COMMUNAUTE D'AGGLOMERATION DE CERGY-PONTOISE"},"geometry":{"type":"Polygon","coordinates":[[[2.08073,49.08465],[2.08429,49.08421],[2.08424,49.08366],[2.08549,49.08219],[2.08565,49.08221],[2.08617,49.08236],[2.0867,49.08169],[2.08665,49.08154],[2.08666,49.08106],[2.08656,49.08046],[2.08638,49.08003],[2.0861,49.07906],[2.08608,49.07871],[2.08615,49.0784],[2.0863,49.0781],[2.08662,49.07788],[2.08686,49.07766],[2.08712,49.07753],[2.08747,49.07716],[2.08732,49.0771],[2.0872,49.07659],[2.08721,49.07595],[2.08714,49.07572],[2.08719,49.07537],[2.08711,49.07486],[2.08715,49.07471],[2.0873,49.0745],[2.08775,49.07346],[2.08833,49.07358],[2.08975,49.07279],[2.09109,49.07226],[2.09174,49.07179],[2.09227,49.07151],[2.09255,49.07139],[2.09339,49.07116],[2.09572,49.07007],[2.09393,49.06843],[2.09156,49.06648],[2.08901,49.06395],[2.08902,49.06383],[2.08554,49.06061],[2.0846,49.06001],[2.08288,49.05819],[2.08263,49.05779],[2.08215,49.05786],[2.08184,49.05741],[2.08145,49.05635],[2.0809,49.05602],[2.07947,49.05564],[2.07874,49.05536],[2.07813,49.05491],[2.07788,49.05488],[2.07775,49.0549],[2.07691,49.0551],[2.07681,49.05507],[2.07673,49.05494],[2.07679,49.05448],[2.0767,49.05418],[2.07642,49.0537],[2.07653,49.05337],[2.07688,49.05299],[2.07707,49.0529],[2.07736,49.05284],[2.0781,49.05252],[2.07853,49.0521],[2.07706,49.05079],[2.07608,49.04948],[2.07595,49.04912],[2.07606,49.04906],[2.07599,49.04887],[2.0748,49.04758],[2.07333,49.04811],[2.07288,49.04764],[2.07228,49.04725],[2.07011,49.04886],[2.06851,49.04997],[2.06667,49.05106],[2.06554,49.05164],[2.06434,49.05202],[2.06335,49.05228],[2.06306,49.05244],[2.06247,49.05266],[2.06136,49.05302],[2.05852,49.05382],[2.05846,49.05397],[2.05758,49.05427],[2.05677,49.05443],[2.04682,49.05613],[2.04669,49.05547],[2.0466,49.05402],[2.04408,49.05408],[2.04333,49.05416],[2.04237,49.05433],[2.03953,49.05513],[2.03855,49.05533],[2.03796,49.0554],[2.03728,49.05543],[2.03322,49.0556],[2.03262,49.05559],[2.03118,49.0557],[2.02957,49.05574],[2.02929,49.05577],[2.02869,49.05592],[2.02821,49.05616],[2.02791,49.05647],[2.02926,49.05706],[2.02978,49.05734],[2.03015,49.05763],[2.03034,49.05793],[2.03047,49.05805],[2.03079,49.05822],[2.03104,49.05831],[2.032,49.05832],[2.03291,49.05829],[2.03378,49.0582],[2.03455,49.06274],[2.03509,49.0637],[2.0353,49.06447],[2.03597,49.06572],[2.03655,49.06712],[2.03662,49.06753],[2.03673,49.06767],[2.03689,49.06776],[2.03704,49.06774],[2.03728,49.06795],[2.03722,49.06851],[2.03729,49.06878],[2.03756,49.06917],[2.03768,49.06965],[2.03767,49.06973],[2.03757,49.06981],[2.04012,49.07241],[2.03992,49.07257],[2.0408,49.07358],[2.04142,49.07414],[2.04089,49.07512],[2.04251,49.07679],[2.04276,49.07676],[2.0439,49.07953],[2.04503,49.08162],[2.04533,49.08273],[2.04451,49.08276],[2.04616,49.08316],[2.04641,49.08334],[2.04769,49.08388],[2.04846,49.08413],[2.04894,49.08423],[2.04963,49.08432],[2.05132,49.08448],[2.05154,49.08449],[2.05167,49.08445],[2.0545,49.08487],[2.05731,49.08555],[2.058,49.08567],[2.05946,49.08587],[2.06022,49.086],[2.06227,49.08642],[2.06263,49.08643],[2.06332,49.08632],[2.06361,49.08634],[2.06668,49.08414],[2.0729,49.07864],[2.07518,49.0813],[2.07864,49.08512],[2.08016,49.08476],[2.08073,49.08465]]]}},
{"type":"Feature","properties":{"ID":"COMMUNE_0000000009734001","INSEE_COM":"95341","INSEE_ARR":"3","INSEE_COL":"95D","INSEE_DEP":"95","INSEE_REG":"11","NOM":"Livilliers","CL_DEPART":"Non","CL_REGION":"Non","SIREN_EPCI":"249500430","SIREN_SI":259500791,"NOM_SI":"S.I. DES EAUX D'ENNERY - LIVILLIERS - HEROUVILLE"},"geometry":{"type":"Polygon","coordinates":[[[2.10572,49.11351],[2.10723,49.11289],[2.10959,49.11143],[2.11036,49.11064],[2.11071,49.10971],[2.11023,49.10904],[2.11004,49.10831],[2.10966,49.10542],[2.10943,49.10519],[2.10854,49.10447],[2.11136,49.10307],[2.11054,49.10264],[2.11163,49.10179],[2.11004,49.10076],[2.11028,49.10055],[2.10966,49.10008],[2.11059,49.09914],[2.11194,49.09725],[2.11334,49.09599],[2.11319,49.09593],[2.11714,49.09373],[2.11292,49.09266],[2.10065,49.08942],[2.09251,49.08457],[2.08663,49.08656],[2.08619,49.08555],[2.08622,49.08433],[2.0862,49.0842],[2.0861,49.08398],[2.08605,49.08394],[2.08581,49.08401],[2.08415,49.08423],[2.08417,49.08433],[2.08387,49.08505],[2.08365,49.08575],[2.08387,49.08622],[2.08407,49.087],[2.08454,49.08787],[2.08545,49.08869],[2.08525,49.09023],[2.0853,49.09032],[2.08552,49.09039],[2.08553,49.09044],[2.08483,49.09123],[2.08344,49.09218],[2.08336,49.09239],[2.08336,49.0926],[2.08293,49.09233],[2.08251,49.09221],[2.08204,49.09212],[2.08197,49.09225],[2.08112,49.09299],[2.08079,49.09321],[2.08024,49.09345],[2.08014,49.09353],[2.08011,49.09366],[2.08005,49.09372],[2.07968,49.09392],[2.07945,49.094],[2.07905,49.09412],[2.0782,49.09425],[2.0774,49.09453],[2.07694,49.09472],[2.07564,49.09568],[2.07441,49.09627],[2.07485,49.0966],[2.07383,49.09735],[2.0735,49.09716],[2.07295,49.09728],[2.073,49.09751],[2.07283,49.09754],[2.07282,49.09781],[2.07287,49.09814],[2.07308,49.09827],[2.07308,49.09832],[2.07244,49.09915],[2.07237,49.09918],[2.07231,49.09966],[2.07224,49.09984],[2.07267,49.10075],[2.07324,49.10176],[2.07418,49.10314],[2.0744,49.10343],[2.07557,49.10434],[2.07685,49.10486],[2.07654,49.10507],[2.07694,49.10543],[2.07731,49.10619],[2.07839,49.10674],[2.07891,49.10651],[2.08338,49.10945],[2.08363,49.10919],[2.08978,49.11312],[2.08855,49.11393],[2.09115,49.11555],[2.09112,49.11585],[2.092,49.11635],[2.09436,49.11456],[2.09791,49.11269],[2.10183,49.11229],[2.10272,49.11214],[2.10418,49.11202],[2.10572,49.11351]]]}},
{"type":"Feature","properties":{"ID":"COMMUNE_0000000009735028","INSEE_COM":"95428","INSEE_ARR":"2","INSEE_COL":"95D","INSEE_DEP":"95","INSEE_REG":"11","NOM":"Montmorency","CL_DEPART":"Non","CL_REGION":"Non","SIREN_EPCI":"200056380","SIREN_SI":257500017,"NOM_SI":"S.E.D.I.F."},"geometry":{"type":"Polygon","coordinates":[[[2.32192,49.01064],[2.32201,49.01017],[2.32165,49.00929],[2.32141,49.00899],[2.32138,49.00858],[2.32113,49.00802],[2.32101,49.00789],[2.32088,49.00716],[2.32064,49.00665],[2.3206,49.00642],[2.32061,49.00561],[2.32174,49.00521],[2.32322,49.00447],[2.3239,49.00419],[2.32476,49.00391],[2.32613,49.00338],[2.32651,49.00333],[2.32718,49.00316],[2.32786,49.00279],[2.32834,49.00248],[2.32948,49.00201],[2.33044,49.00173],[2.33082,49.00169],[2.33151,49.00166],[2.33141,49.00161],[2.33136,49.00152],[2.33106,49.00069],[2.33096,49.0006],[2.3308,49.00053],[2.33022,49.00033],[2.33009,49.00022],[2.32993,48.99991],[2.33296,48.99945],[2.33281,48.99826],[2.3324,48.99833],[2.33205,48.99752],[2.33184,48.99683],[2.33164,48.99683],[2.33145,48.99564],[2.33161,48.9956],[2.33242,48.99551],[2.33269,48.99545],[2.33323,48.99521],[2.33476,48.99439],[2.33526,48.99404],[2.33609,48.99338],[2.33649,48.99311],[2.33695,48.99291],[2.33729,48.9928],[2.33704,48.99189],[2.33719,48.99135],[2.33666,48.99012],[2.33643,48.98967],[2.33635,48.98899],[2.33604,48.98901],[2.33551,48.98803],[2.33501,48.9882],[2.33483,48.98791],[2.33467,48.98744],[2.33518,48.98729],[2.33499,48.98685],[2.33505,48.98683],[2.33482,48.98639],[2.33479,48.98616],[2.3348,48.98504],[2.33493,48.98467],[2.33523,48.98466],[2.33526,48.98418],[2.33526,48.98409],[2.33512,48.98396],[2.33497,48.98335],[2.33495,48.98297],[2.33501,48.9828],[2.3351,48.98187],[2.335,48.98183],[2.33505,48.98097],[2.33468,48.98088],[2.33417,48.98082],[2.33413,48.9816],[2.33405,48.98164],[2.33269,48.98195],[2.33197,48.98216],[2.33131,48.98254],[2.33027,48.98259],[2.32975,48.98264],[2.32854,48.98287],[2.32832,48.98293],[2.3282,48.983],[2.3267,48.98304],[2.32553,48.98321],[2.32286,48.98231],[2.3229,48.98221],[2.32255,48.98117],[2.32254,48.98084],[2.3227,48.98043],[2.32209,48.9804],[2.32078,48.98051],[2.31951,48.98087],[2.31898,48.98069],[2.31695,48.97973],[2.31669,48.97966],[2.31658,48.97832],[2.31715,48.97529],[2.31662,48.97328],[2.31663,48.97195],[2.31659,48.97125],[2.31636,48.97119],[2.31543,48.9708],[2.31385,48.96959],[2.31073,48.97183],[2.31057,48.97206],[2.31007,48.97294],[2.3095,48.97373],[2.30832,48.97507],[2.307,48.97737],[2.30698,48.9778],[2.30678,48.97916],[2.30713,48.97893],[2.30785,48.97939],[2.30891,48.98015],[2.30993,48.98114],[2.31084,48.98188],[2.31176,48.98274],[2.31237,48.98343],[2.31161,48.98373],[2.3104,48.98416],[2.30996,48.98428],[2.30943,48.98439],[2.30852,48.98477],[2.30788,48.9852],[2.30717,48.98594],[2.30921,48.98659],[2.3097,48.98683],[2.3116,48.98803],[2.31185,48.98824],[2.31197,48.98902],[2.31273,48.98938],[2.31389,48.98976],[2.31318,48.9906],[2.31292,48.99081],[2.31235,48.99108],[2.312,48.9917],[2.31214,48.99202],[2.31214,48.99221],[2.31102,48.99264],[2.31332,48.99439],[2.31349,48.9947],[2.31317,48.99513],[2.31297,48.99568],[2.31326,48.99576],[2.31319,48.9964],[2.31397,48.99673],[2.31467,48.99673],[2.31556,48.99743],[2.31539,48.99768],[2.3156,48.99786],[2.31529,48.99826],[2.31622,48.99869],[2.3163,48.99863],[2.3166,48.99895],[2.31657,48.99917],[2.31639,48.99943],[2.31562,49.00004],[2.31556,49.00024],[2.31553,49.00082],[2.31543,49.00092],[2.31525,49.001],[2.31448,49.00115],[2.31409,49.00126],[2.3139,49.00135],[2.31345,49.0017],[2.31316,49.00184],[2.31301,49.00188],[2.31216,49.00203],[2.31116,49.00209],[2.31079,49.00209],[2.311,49.00378],[2.31111,49.00395],[2.31123,49.00407],[2.31169,49.00438],[2.31199,49.00449],[2.31268,49.00465],[2.31301,49.00504],[2.31243,49.00534],[2.31179,49.00573],[2.31088,49.00636],[2.31392,49.00797],[2.31326,49.00891],[2.3126,49.00943],[2.31234,49.00967],[2.31224,49.00987],[2.31222,49.01032],[2.31205,49.011],[2.31194,49.0112],[2.31153,49.01155],[2.31138,49.01184],[2.31143,49.01217],[2.31165,49.01292],[2.3118,49.01319],[2.31267,49.0144],[2.31274,49.01482],[2.31399,49.01481],[2.31443,49.01473],[2.31495,49.01427],[2.31509,49.01409],[2.31549,49.01379],[2.31543,49.01363],[2.31546,49.01332],[2.31581,49.0111],[2.31868,49.0118],[2.31912,49.01148],[2.31988,49.01108],[2.32005,49.01097],[2.32016,49.01083],[2.32192,49.01064]]]}},
{"type":"Feature","properties":{"ID":"COMMUNE_0000000009734015","INSEE_COM":"95295","INSEE_ARR":"3","INSEE_COL":"95D","INSEE_DEP":"95","INSEE_REG":"11","NOM":"Guiry-en-Vexin","CL_DEPART":"Non","CL_REGION":"Non","SIREN_EPCI":"200035970","SIREN_SI":259500718,"NOM_SI":"S.I. DES EAUX DE LA SOURCE DE SAINT ROMAIN"},"geometry":{"type":"Polygon","coordinates":[[[1.82761,49.11659],[1.82903,49.11745],[1.82978,49.11797],[1.83013,49.11831],[1.83096,49.11939],[1.8324,49.12088],[1.83339,49.12085],[1.83327,49.1204],[1.8353,49.12029],[1.83538,49.12047],[1.83753,49.12],[1.83771,49.12035],[1.83683,49.1205],[1.84094,49.12106],[1.84292,49.1206],[1.8432,49.12063],[1.84493,49.11899],[1.84836,49.11974],[1.8505,49.12165],[1.85089,49.12148],[1.85154,49.12109],[1.85273,49.12151],[1.85576,49.12248],[1.8573,49.12163],[1.86015,49.12384],[1.86042,49.12419],[1.86486,49.12847],[1.86404,49.12885],[1.86211,49.1296],[1.86287,49.13023],[1.86295,49.13019],[1.86597,49.13242],[1.86849,49.13104],[1.86864,49.13115],[1.87078,49.13],[1.87751,49.12715],[1.87666,49.1271],[1.87564,49.12695],[1.87506,49.12694],[1.87266,49.12518],[1.87381,49.12472],[1.87564,49.12387],[1.87741,49.12314],[1.87807,49.12291],[1.87893,49.12273],[1.87908,49.12268],[1.87952,49.12246],[1.87984,49.12226],[1.88099,49.12168],[1.88258,49.12106],[1.88355,49.12064],[1.8832,49.1201],[1.87943,49.11721],[1.87852,49.11637],[1.87696,49.11475],[1.87148,49.11786],[1.87022,49.11675],[1.86946,49.11628],[1.86813,49.11561],[1.87219,49.11335],[1.86675,49.10909],[1.86439,49.10728],[1.86428,49.10716],[1.86359,49.10671],[1.86336,49.10682],[1.86333,49.10676],[1.86189,49.10579],[1.86103,49.10511],[1.86023,49.10441],[1.85934,49.10357],[1.85639,49.10061],[1.85537,49.09965],[1.85226,49.10043],[1.85164,49.10063],[1.85117,49.10084],[1.85042,49.10032],[1.84963,49.10074],[1.84918,49.10103],[1.84805,49.10201],[1.84748,49.10242],[1.84692,49.10274],[1.84599,49.10313],[1.84505,49.1034],[1.8442,49.10368],[1.84492,49.10427],[1.84373,49.10428],[1.84367,49.10504],[1.84372,49.10553],[1.84313,49.10571],[1.84291,49.10573],[1.84284,49.10578],[1.84268,49.10576],[1.84243,49.10583],[1.84196,49.10572],[1.84127,49.10565],[1.84123,49.10644],[1.84127,49.10671],[1.84074,49.10675],[1.84076,49.10814],[1.8412,49.10844],[1.84119,49.1085],[1.84107,49.10863],[1.84094,49.10873],[1.84091,49.10871],[1.84022,49.10947],[1.84014,49.10962],[1.83954,49.1102],[1.83844,49.1107],[1.837,49.11145],[1.83575,49.11216],[1.83512,49.1124],[1.83458,49.11267],[1.83454,49.11272],[1.83528,49.11405],[1.83538,49.11416],[1.83541,49.11435],[1.83471,49.11469],[1.83423,49.11507],[1.8335,49.11524],[1.83291,49.11549],[1.83087,49.11578],[1.82849,49.1163],[1.82782,49.11649],[1.82771,49.11656],[1.82761,49.11659]]]}},
{"type":"Feature","properties":{"ID":"COMMUNE_0000000009734512","INSEE_COM":"95214","INSEE_ARR":"2","INSEE_COL":"95D","INSEE_DEP":"95","INSEE_REG":"11","NOM":"Épinay-Champlâtreux","CL_DEPART":"Non","CL_REGION":"Non","SIREN_EPCI":"200073013","SIREN_SI":200091940,"NOM_SI":"SMAEP DAMONA"},"geometry":{"type":"Polygon","coordinates":[[[2.42293,49.08699],[2.42259,49.08689],[2.42196,49.08677],[2.42203,49.08381],[2.42074,49.08373],[2.42069,49.08364],[2.41872,49.08353],[2.41871,49.083],[2.41807,49.08303],[2.41692,49.08233],[2.41682,49.0813],[2.41567,49.08134],[2.4151,49.0802],[2.4123,49.08048],[2.41223,49.08038],[2.4048,49.08258],[2.40142,49.08298],[2.3966,49.08664],[2.39623,49.08667],[2.39308,49.0882],[2.39193,49.08863],[2.39032,49.08911],[2.39171,49.09073],[2.38804,49.09049],[2.38814,49.09071],[2.38869,49.09267],[2.38913,49.09379],[2.38939,49.09428],[2.38989,49.09505],[2.39041,49.0957],[2.39096,49.09621],[2.39225,49.09729],[2.3926,49.0975],[2.39298,49.0978],[2.39356,49.09809],[2.39445,49.09912],[2.39463,49.09984],[2.39795,49.10141],[2.39816,49.10141],[2.4007,49.10028],[2.4018,49.0997],[2.40616,49.09777],[2.4063,49.09777],[2.40732,49.09839],[2.4076,49.09839],[2.40869,49.09776],[2.40934,49.09786],[2.4104,49.09821],[2.4112,49.09844],[2.41238,49.09861],[2.41299,49.09887],[2.41322,49.09894],[2.41348,49.09889],[2.41377,49.09816],[2.41416,49.09736],[2.4143,49.09659],[2.41479,49.09623],[2.41472,49.09601],[2.41423,49.09569],[2.41293,49.09547],[2.41245,49.09547],[2.4122,49.09559],[2.4119,49.09556],[2.41071,49.09495],[2.40828,49.0939],[2.40718,49.0935],[2.40697,49.09205],[2.40893,49.09196],[2.40905,49.09232],[2.41169,49.09197],[2.41269,49.09191],[2.41315,49.09198],[2.41402,49.09221],[2.41537,49.09284],[2.41668,49.09379],[2.41716,49.09363],[2.4172,49.09337],[2.41793,49.09382],[2.41947,49.0937],[2.42526,49.09306],[2.42594,49.09316],[2.42621,49.09312],[2.42594,49.09186],[2.42536,49.09165],[2.42423,49.09005],[2.42397,49.08977],[2.42333,49.08927],[2.42299,49.0887],[2.42279,49.08796],[2.42293,49.08699]]]}},
{"type":"Feature","properties":{"ID":"COMMUNE_0000000009735014","INSEE_COM":"95280","INSEE_ARR":"2","INSEE_COL":"95D","INSEE_DEP":"95","INSEE_REG":"11","NOM":"Goussainville","CL_DEPART":"Non","CL_REGION":"Non","SIREN_EPCI":"200055655","SIREN_SI":200091940,"NOM_SI":"SMAEP DAMONA"},"geometry":{"type":"Polygon","coordinates":[[[2.44338,49.01131],[2.44341,49.01175],[2.44338,49.01195],[2.44307,49.01242],[2.44301,49.01267],[2.44292,49.01267],[2.44298,49.01385],[2.44401,49.01486],[2.44357,49.01605],[2.4434,49.0164],[2.44316,49.01719],[2.44301,49.01749],[2.44223,49.0195],[2.44196,49.02037],[2.44094,49.02312],[2.43888,49.02705],[2.43834,49.02819],[2.43807,49.02889],[2.43879,49.02887],[2.44099,49.02894],[2.44106,49.03455],[2.44407,49.03602],[2.44709,49.03741],[2.44676,49.03788],[2.44834,49.03827],[2.45221,49.03851],[2.45366,49.03901],[2.45464,49.03813],[2.45567,49.0386],[2.456,49.03827],[2.45774,49.03882],[2.45971,49.03954],[2.45958,49.03967],[2.45935,49.03984],[2.45798,49.04067],[2.46151,49.04308],[2.4612,49.04335],[2.4599,49.04429],[2.45982,49.04442],[2.45967,49.04453],[2.46006,49.0447],[2.4603,49.04476],[2.4608,49.0448],[2.4612,49.04475],[2.46321,49.04488],[2.46386,49.04485],[2.46404,49.04478],[2.46448,49.04448],[2.46457,49.04452],[2.46472,49.04447],[2.46599,49.04388],[2.4671,49.0435],[2.4674,49.04342],[2.46773,49.04355],[2.46797,49.04347],[2.46825,49.04331],[2.46871,49.0429],[2.46896,49.04274],[2.46871,49.04256],[2.46924,49.04229],[2.46946,49.04221],[2.46992,49.04208],[2.47016,49.04214],[2.47073,49.04199],[2.47099,49.04196],[2.47114,49.04198],[2.47122,49.042],[2.47164,49.04235],[2.47201,49.04274],[2.47271,49.04231],[2.47306,49.04202],[2.47346,49.04177],[2.47391,49.0416],[2.474,49.04163],[2.4742,49.04136],[2.47461,49.04093],[2.47523,49.04126],[2.47539,49.04111],[2.47573,49.04066],[2.47607,49.04083],[2.47682,49.03994],[2.47707,49.03974],[2.47775,49.03926],[2.47881,49.03866],[2.4788,49.03858],[2.47975,49.03794],[2.47957,49.03761],[2.47936,49.03703],[2.47982,49.03685],[2.47957,49.03648],[2.48073,49.03527],[2.47956,49.03466],[2.48013,49.03408],[2.48159,49.03322],[2.48131,49.03306],[2.4824,49.03261],[2.48434,49.03197],[2.48486,49.03164],[2.48509,49.03136],[2.48509,49.03121],[2.48482,49.03071],[2.4852,49.03049],[2.48463,49.02953],[2.48461,49.02924],[2.48473,49.02883],[2.48457,49.02847],[2.48422,49.02815],[2.4839,49.02773],[2.48489,49.0274],[2.48546,49.02759],[2.48561,49.02762],[2.48602,49.0275],[2.4858,49.02711],[2.48536,49.0266],[2.48497,49.02637],[2.48503,49.02621],[2.48538,49.02619],[2.48543,49.02597],[2.48543,49.02577],[2.48658,49.02565],[2.48734,49.02563],[2.48802,49.02564],[2.48977,49.02582],[2.49108,49.02603],[2.49231,49.02617],[2.49236,49.0262],[2.49236,49.02636],[2.49402,49.02646],[2.49363,49.02483],[2.4985,49.02404],[2.49377,49.01661],[2.49356,49.01622],[2.4932,49.01544],[2.4912,49.01025],[2.49041,49.0103],[2.48879,49.01061],[2.48814,49.0107],[2.48424,49.01113],[2.4837,49.01118],[2.48131,49.0113],[2.47925,49.01147],[2.47879,49.01154],[2.47851,49.01064],[2.47747,49.01078],[2.47726,49.00991],[2.47575,49.01004],[2.47538,49.0101],[2.47535,49.01007],[2.47304,49.01043],[2.47245,49.01033],[2.47256,49.00982],[2.4697,49.00835],[2.46947,49.00875],[2.46959,49.009],[2.46983,49.00932],[2.46871,49.00957],[2.46757,49.00959],[2.46754,49.00945],[2.46732,49.0095],[2.46651,49.0095],[2.4662,49.00891],[2.46606,49.00899],[2.46494,49.0094],[2.46443,49.00955],[2.4638,49.00968],[2.46119,49.01044],[2.46111,49.01042],[2.46106,49.00968],[2.45953,49.00955],[2.4585,49.00951],[2.45646,49.00972],[2.45511,49.00999],[2.45347,49.01026],[2.45201,49.01056],[2.44992,49.01083],[2.44925,49.01098],[2.44593,49.0121],[2.44463,49.01246],[2.44403,49.01205],[2.44338,49.01131]]]}},
{"type":"Feature","properties":{"ID":"COMMUNE_0000000009733500","INSEE_COM":"60398","INSEE_ARR":"4","INSEE_COL":"60D","INSEE_DEP":"60","INSEE_REG":"32","NOM":"Le Mesnil-en-Thelle","CL_DEPART":"Non","CL_REGION":"Non","SIREN_EPCI":"200067973","SIREN_SI":256000337,"NOM_SI":"S.I. DES EAUX DU PLATEAU DE LA THELLE (S.I.E.) (60)"},"geometry":{"type":"Polygon","coordinates":[[[2.26425,49.18516],[2.27074,49.18923],[2.27089,49.18926],[2.27273,49.19039],[2.27289,49.19036],[2.27317,49.1898],[2.27371,49.18902],[2.28412,49.18985],[2.28422,49.18954],[2.2842,49.18934],[2.28396,49.18882],[2.28495,49.18859],[2.28593,49.19004],[2.28764,49.18969],[2.28788,49.18974],[2.28835,49.19004],[2.28908,49.19034],[2.28933,49.19011],[2.28997,49.19029],[2.29055,49.18987],[2.29223,49.18899],[2.29253,49.18886],[2.29259,49.18913],[2.29263,49.18918],[2.29285,49.19062],[2.29298,49.19053],[2.29306,49.19054],[2.29321,49.1904],[2.29355,49.19021],[2.29665,49.18905],[2.2963,49.1886],[2.29705,49.18813],[2.29794,49.188],[2.29902,49.18758],[2.29884,49.18717],[2.29842,49.1866],[2.29885,49.1865],[2.29834,49.18557],[2.29887,49.18547],[2.29892,49.18549],[2.30181,49.18497],[2.30077,49.18323],[2.3001,49.18124],[2.30008,49.1803],[2.30003,49.18],[2.29964,49.17882],[2.29954,49.17822],[2.29958,49.17656],[2.29952,49.17596],[2.29663,49.17621],[2.29568,49.17333],[2.29482,49.17341],[2.29454,49.17236],[2.29437,49.17242],[2.29415,49.17171],[2.29245,49.17185],[2.29246,49.17166],[2.29018,49.17154],[2.29026,49.17074],[2.28881,49.17071],[2.28927,49.16914],[2.28949,49.16804],[2.28787,49.16795],[2.28813,49.16737],[2.28697,49.16718],[2.28756,49.16588],[2.28642,49.16582],[2.28649,49.16566],[2.28509,49.16571],[2.28501,49.16481],[2.2852,49.16345],[2.28527,49.16344],[2.2853,49.16251],[2.28536,49.16203],[2.28548,49.16159],[2.28572,49.16109],[2.28623,49.16021],[2.28648,49.15987],[2.28296,49.15967],[2.28248,49.15915],[2.28119,49.15885],[2.27872,49.15876],[2.27865,49.15889],[2.27671,49.15898],[2.27568,49.15877],[2.27542,49.1587],[2.27454,49.15838],[2.27401,49.15813],[2.27125,49.1574],[2.27097,49.15725],[2.2704,49.15703],[2.27012,49.15686],[2.26976,49.15652],[2.26935,49.156],[2.26925,49.156],[2.2687,49.15583],[2.26817,49.15575],[2.2677,49.15593],[2.26567,49.15686],[2.26459,49.15728],[2.26364,49.1577],[2.26195,49.15848],[2.26394,49.15973],[2.26386,49.15977],[2.26477,49.16038],[2.26463,49.16057],[2.26652,49.16163],[2.26667,49.16154],[2.27069,49.16429],[2.27318,49.16628],[2.27363,49.16714],[2.27411,49.16845],[2.27446,49.16914],[2.27462,49.16973],[2.27461,49.17082],[2.27477,49.17154],[2.27491,49.17185],[2.27557,49.17243],[2.26425,49.18516]]]}},
{"type":"Feature","properties":{"ID":"COMMUNE_0000000009735509","INSEE_COM":"95197","INSEE_ARR":"2","INSEE_COL":"95D","INSEE_DEP":"95","INSEE_REG":"11","NOM":"Deuil-la-Barre","CL_DEPART":"Non","CL_REGION":"Non","SIREN_EPCI":"200056380","SIREN_SI":257500017,"NOM_SI":"S.E.D.I.F."},"geometry":{"type":"Polygon","coordinates":[[[2.31067,48.97191],[2.31121,48.97148],[2.31385,48.96959],[2.31543,48.9708],[2.31636,48.97119],[2.31659,48.97125],[2.31663,48.97195],[2.31662,48.97328],[2.31715,48.97529],[2.31658,48.97832],[2.31669,48.97966],[2.31695,48.97973],[2.31898,48.98069],[2.31951,48.98087],[2.32078,48.98051],[2.32209,48.9804],[2.3227,48.98043],[2.32254,48.98084],[2.32255,48.98117],[2.3229,48.98221],[2.32286,48.98231],[2.32553,48.98321],[2.3267,48.98304],[2.3282,48.983],[2.32832,48.98293],[2.32854,48.98287],[2.32975,48.98264],[2.33027,48.98259],[2.33131,48.98254],[2.33197,48.98216],[2.33269,48.98195],[2.33405,48.98164],[2.33413,48.9816],[2.33416,48.98154],[2.33417,48.98082],[2.33468,48.98088],[2.33505,48.98097],[2.33624,48.98114],[2.33666,48.98076],[2.33697,48.98058],[2.33712,48.98069],[2.33727,48.9807],[2.33845,48.98052],[2.33891,48.98058],[2.33937,48.98083],[2.33978,48.98113],[2.34016,48.9815],[2.3407,48.98219],[2.3411,48.98252],[2.34151,48.98279],[2.34203,48.98303],[2.34278,48.98328],[2.34315,48.98198],[2.34364,48.97967],[2.34378,48.97917],[2.34421,48.97806],[2.34375,48.97693],[2.34293,48.9755],[2.34274,48.97492],[2.34148,48.97476],[2.33688,48.97523],[2.33567,48.9753],[2.3359,48.97393],[2.33642,48.97259],[2.33643,48.97243],[2.33626,48.97196],[2.33579,48.97177],[2.33525,48.9715],[2.33433,48.9711],[2.33359,48.97085],[2.33243,48.97057],[2.33077,48.97027],[2.33099,48.96995],[2.33184,48.96902],[2.33352,48.96817],[2.3332,48.96757],[2.33326,48.96744],[2.33355,48.96715],[2.33386,48.96671],[2.33363,48.96633],[2.3347,48.96597],[2.33446,48.96564],[2.33428,48.96548],[2.33336,48.96581],[2.33174,48.96633],[2.33054,48.96499],[2.33093,48.96484],[2.33102,48.96475],[2.33104,48.96465],[2.33102,48.96454],[2.33024,48.96373],[2.33021,48.96364],[2.3302,48.96357],[2.33024,48.96355],[2.33062,48.96339],[2.32955,48.9623],[2.33051,48.96179],[2.33033,48.96163],[2.33146,48.961],[2.33013,48.96029],[2.3297,48.9601],[2.32898,48.95983],[2.32792,48.95952],[2.32574,48.95841],[2.32562,48.95839],[2.32543,48.95829],[2.32269,48.95753],[2.32062,48.95813],[2.31977,48.95847],[2.31909,48.95894],[2.31892,48.95904],[2.31884,48.95905],[2.31795,48.95953],[2.31301,48.96237],[2.31303,48.96245],[2.3131,48.9625],[2.31595,48.96416],[2.31623,48.96472],[2.31675,48.96535],[2.317,48.96589],[2.31524,48.96713],[2.31298,48.96861],[2.31168,48.96939],[2.30973,48.97072],[2.30979,48.9712],[2.31067,48.97191]]]}},
{"type":"Feature","properties":{"ID":"COMMUNE_0000000009735033","INSEE_COM":"95607","INSEE_ARR":"1","INSEE_COL":"95D","INSEE_DEP":"95","INSEE_REG":"11","NOM":"Taverny","CL_DEPART":"Non","CL_REGION":"Non","SIREN_EPCI":"200058485","SIREN_SI":257500017,"NOM_SI":"S.E.D.I.F."},"geometry":{"type":"Polygon","coordinates":[[[2.22655,49.01431],[2.21986,49.00794],[2.219,49.00642],[2.21755,49.0037],[2.21719,49.00297],[2.21716,49.00283],[2.21011,49.00508],[2.20947,49.00533],[2.20793,49.00581],[2.20147,49.00802],[2.2055,49.01298],[2.20315,49.01375],[2.20353,49.01559],[2.20478,49.01788],[2.20538,49.01886],[2.20576,49.01957],[2.20372,49.01979],[2.1979,49.02089],[2.19417,49.02142],[2.19211,49.02167],[2.18958,49.02184],[2.18673,49.02324],[2.18535,49.02403],[2.18475,49.02431],[2.18314,49.02528],[2.18277,49.02544],[2.18612,49.02775],[2.18667,49.02823],[2.18768,49.02872],[2.19089,49.03008],[2.19178,49.03077],[2.1938,49.03124],[2.19468,49.03147],[2.19573,49.03147],[2.19664,49.03156],[2.1971,49.03172],[2.19821,49.03225],[2.1991,49.03213],[2.21101,49.03096],[2.21431,49.03114],[2.21724,49.03123],[2.21741,49.03126],[2.21875,49.03199],[2.21885,49.03188],[2.2201,49.03241],[2.22055,49.03264],[2.22047,49.03271],[2.2212,49.03308],[2.22106,49.03315],[2.22236,49.03359],[2.22481,49.03424],[2.22511,49.03495],[2.226,49.03657],[2.22606,49.03675],[2.22609,49.03752],[2.22619,49.03788],[2.22673,49.03869],[2.22697,49.03889],[2.22749,49.03922],[2.22773,49.03946],[2.22847,49.0408],[2.22917,49.04218],[2.22946,49.04246],[2.22974,49.04259],[2.2302,49.04274],[2.23054,49.04281],[2.23138,49.04287],[2.23137,49.04292],[2.23069,49.04293],[2.23043,49.04297],[2.22987,49.04322],[2.22784,49.04397],[2.22784,49.04415],[2.22743,49.04419],[2.22656,49.04441],[2.22518,49.04487],[2.22354,49.04537],[2.22884,49.04998],[2.2311,49.05191],[2.23198,49.05151],[2.23208,49.0516],[2.23376,49.051],[2.23397,49.05045],[2.23409,49.05033],[2.23424,49.04989],[2.23454,49.04942],[2.23476,49.04923],[2.23628,49.04856],[2.23673,49.04841],[2.23751,49.04777],[2.23775,49.04769],[2.23793,49.04756],[2.23874,49.04674],[2.23892,49.04651],[2.23903,49.04623],[2.23905,49.04603],[2.23947,49.04544],[2.24044,49.04478],[2.24083,49.04458],[2.24148,49.04436],[2.24199,49.04427],[2.2425,49.04428],[2.24304,49.04437],[2.24293,49.04424],[2.24288,49.0441],[2.24289,49.04403],[2.24295,49.04399],[2.25292,49.04138],[2.25301,49.04084],[2.25289,49.0407],[2.25266,49.04052],[2.25213,49.04021],[2.25187,49.04],[2.25171,49.03982],[2.25158,49.03961],[2.25151,49.03941],[2.25151,49.03924],[2.25171,49.03864],[2.25184,49.03797],[2.25203,49.0376],[2.25255,49.03706],[2.25265,49.03676],[2.25288,49.03634],[2.25287,49.03594],[2.25283,49.03583],[2.24449,49.03829],[2.24234,49.02931],[2.24256,49.02831],[2.24269,49.02818],[2.24256,49.0279],[2.24251,49.02727],[2.24091,49.02544],[2.24088,49.02535],[2.24052,49.02498],[2.2403,49.02425],[2.23997,49.0235],[2.23982,49.02337],[2.23934,49.02306],[2.23844,49.02232],[2.23803,49.02207],[2.23747,49.02148],[2.23734,49.02152],[2.23644,49.02047],[2.23625,49.02012],[2.23518,49.01842],[2.23487,49.01846],[2.2343,49.01775],[2.23404,49.01781],[2.23385,49.01754],[2.23295,49.01664],[2.23234,49.01591],[2.23207,49.0157],[2.23171,49.01549],[2.23117,49.01501],[2.23034,49.01458],[2.23026,49.01449],[2.22757,49.01291],[2.22752,49.01305],[2.22654,49.01365],[2.2266,49.01402],[2.22655,49.01431]]]}},
{"type":"Feature","properties":{"ID":"COMMUNE_0000000009734516","INSEE_COM":"95331","INSEE_ARR":"2","INSEE_COL":"95D","INSEE_DEP":"95","INSEE_REG":"11","NOM":"Lassy","CL_DEPART":"Non","CL_REGION":"Non","SIREN_EPCI":"200073013","SIREN_SI":259501419,"NOM_SI":"S.I. D'ADDUCTION D'EAU POTABLE DE BELLEFONTAINE"},"geometry":{"type":"Polygon","coordinates":[[[2.42293,49.08699],[2.42279,49.08796],[2.42299,49.0887],[2.42333,49.08927],[2.42397,49.08977],[2.42423,49.09005],[2.42536,49.09165],[2.42594,49.09186],[2.42676,49.09172],[2.42758,49.09316],[2.42827,49.09302],[2.42889,49.09405],[2.42868,49.09438],[2.42899,49.09504],[2.42936,49.09565],[2.4299,49.0954],[2.43032,49.09514],[2.43066,49.09537],[2.43032,49.09595],[2.43073,49.09609],[2.43051,49.09649],[2.43052,49.09671],[2.43059,49.09683],[2.43123,49.09677],[2.43137,49.09711],[2.43187,49.09785],[2.43288,49.09882],[2.43335,49.09915],[2.43347,49.09923],[2.43376,49.09927],[2.43401,49.09936],[2.43467,49.09968],[2.43546,49.1002],[2.43602,49.10067],[2.43618,49.10085],[2.43719,49.10142],[2.43802,49.10195],[2.43856,49.10222],[2.43952,49.10291],[2.44072,49.10347],[2.44107,49.10374],[2.4421,49.10314],[2.44236,49.10279],[2.44386,49.10163],[2.4448,49.101],[2.44681,49.10056],[2.44975,49.10076],[2.44831,49.09983],[2.44808,49.09973],[2.45111,49.09935],[2.45156,49.09906],[2.45172,49.09902],[2.4516,49.09846],[2.45138,49.09803],[2.45114,49.09776],[2.45092,49.09738],[2.45063,49.09703],[2.45023,49.09637],[2.44939,49.09655],[2.4493,49.09646],[2.45022,49.09611],[2.44947,49.09508],[2.44898,49.0946],[2.44823,49.09446],[2.4466,49.09363],[2.44622,49.09323],[2.44625,49.09273],[2.446,49.09267],[2.44604,49.09248],[2.4447,49.09228],[2.44472,49.09219],[2.44248,49.09185],[2.44216,49.09176],[2.44202,49.09154],[2.44192,49.09126],[2.4416,49.09105],[2.4418,49.09095],[2.4417,49.09047],[2.44193,49.08994],[2.44174,49.08938],[2.44122,49.0894],[2.44132,49.08977],[2.44023,49.08942],[2.4404,49.08915],[2.43894,49.08856],[2.43829,49.08923],[2.43599,49.0882],[2.43554,49.08833],[2.43431,49.08683],[2.43352,49.08706],[2.43315,49.08721],[2.43341,49.08771],[2.43205,49.08799],[2.4321,49.08778],[2.43021,49.08792],[2.42627,49.08803],[2.42612,49.08764],[2.42581,49.08767],[2.42475,49.08762],[2.42483,49.08787],[2.42479,49.08791],[2.42293,49.08699]]]}},
{"type":"Feature","properties":{"ID":"COMMUNE_0000000009734569","INSEE_COM":"95523","INSEE_ARR":"3","INSEE_COL":"95D","INSEE_DEP":"95","INSEE_REG":"11","NOM":"La Roche-Guyon","CL_DEPART":"Non","CL_REGION":"Non","SIREN_EPCI":"249500513","SIREN_SI":0,"NOM_SI":"Compétence exercée par la commune"},"geometry":{"type":"Polygon","coordinates":[[[1.60875,49.07771],[1.61009,49.07804],[1.61006,49.07832],[1.61009,49.07849],[1.61016,49.07863],[1.61029,49.07877],[1.61152,49.07955],[1.61228,49.08011],[1.61262,49.08029],[1.61306,49.08047],[1.61315,49.08027],[1.61329,49.08031],[1.61361,49.08057],[1.61399,49.08043],[1.61537,49.08176],[1.61515,49.08197],[1.61571,49.08234],[1.61694,49.08292],[1.61829,49.08362],[1.62152,49.08515],[1.622,49.0851],[1.62341,49.086],[1.62447,49.08675],[1.62451,49.08681],[1.6245,49.08693],[1.62546,49.08679],[1.62568,49.08718],[1.62593,49.08749],[1.62624,49.08772],[1.62659,49.08789],[1.62743,49.08768],[1.62952,49.08903],[1.62982,49.08877],[1.63014,49.08894],[1.63025,49.08881],[1.63033,49.08882],[1.63046,49.08889],[1.63168,49.08983],[1.63353,49.09058],[1.63289,49.09126],[1.6318,49.09229],[1.63109,49.09284],[1.63086,49.09296],[1.63066,49.09317],[1.63049,49.09329],[1.6302,49.09363],[1.63011,49.09388],[1.63013,49.09393],[1.63084,49.09451],[1.63198,49.09574],[1.63207,49.09588],[1.63222,49.09642],[1.63119,49.09674],[1.63219,49.09836],[1.63154,49.09847],[1.6314,49.09864],[1.6314,49.09878],[1.63149,49.09898],[1.63156,49.09902],[1.6318,49.09939],[1.6329,49.10023],[1.63304,49.1004],[1.63345,49.10068],[1.63501,49.10028],[1.63504,49.10033],[1.63655,49.09994],[1.64031,49.09905],[1.64011,49.09809],[1.64549,49.09756],[1.64561,49.09794],[1.64575,49.09811],[1.64685,49.09886],[1.64716,49.09899],[1.64849,49.10002],[1.64869,49.1001],[1.64895,49.10027],[1.64896,49.10036],[1.64911,49.10049],[1.64876,49.10077],[1.64822,49.10104],[1.64803,49.10109],[1.64731,49.10118],[1.64605,49.10154],[1.64426,49.10177],[1.64387,49.1019],[1.64362,49.10208],[1.64333,49.10233],[1.643,49.10271],[1.64406,49.10303],[1.64386,49.10339],[1.64441,49.10353],[1.64392,49.10438],[1.64355,49.10473],[1.6432,49.10496],[1.64253,49.1053],[1.64249,49.10552],[1.64254,49.1056],[1.64274,49.10573],[1.64379,49.10627],[1.64523,49.10674],[1.64671,49.10706],[1.64745,49.10726],[1.64797,49.1075],[1.64849,49.10783],[1.65007,49.10834],[1.65146,49.10865],[1.65196,49.1087],[1.65216,49.10858],[1.65296,49.10794],[1.65359,49.10694],[1.65411,49.10646],[1.65454,49.10616],[1.65483,49.10601],[1.65649,49.10526],[1.65665,49.10516],[1.65459,49.1052],[1.65331,49.1052],[1.65106,49.10429],[1.6523,49.1032],[1.65246,49.10296],[1.65245,49.10286],[1.65273,49.10255],[1.65374,49.10102],[1.65413,49.10012],[1.65537,49.09878],[1.65558,49.09862],[1.65576,49.0984],[1.65624,49.09757],[1.65631,49.09733],[1.65657,49.09692],[1.65687,49.09663],[1.6572,49.09645],[1.65871,49.096],[1.65859,49.09488],[1.65806,49.09345],[1.65514,49.09473],[1.65242,49.09581],[1.65182,49.09612],[1.65126,49.09742],[1.65101,49.09812],[1.65074,49.09804],[1.65056,49.09795],[1.65006,49.09761],[1.6476,49.09648],[1.64677,49.09549],[1.64546,49.09554],[1.64499,49.09529],[1.64461,49.0935],[1.64434,49.09183],[1.64421,49.09078],[1.6437,49.08773],[1.64351,49.08684],[1.64451,49.08688],[1.64465,49.08597],[1.64476,49.08592],[1.64492,49.08579],[1.64503,49.08544],[1.64499,49.08509],[1.64483,49.08492],[1.64471,49.08489],[1.6449,49.08424],[1.64481,49.08294],[1.64581,49.08285],[1.64619,49.08203],[1.64575,49.08146],[1.64489,49.08151],[1.64445,49.08156],[1.64404,49.08155],[1.6434,49.08134],[1.64267,49.08119],[1.64127,49.08067],[1.64019,49.08036],[1.64009,49.08025],[1.64007,49.08016],[1.64042,49.07933],[1.64033,49.07904],[1.63376,49.07919],[1.63238,49.07897],[1.6295,49.07827],[1.62861,49.07799],[1.62714,49.07733],[1.62481,49.07615],[1.62013,49.07383],[1.61695,49.07235],[1.61543,49.0717],[1.61442,49.07119],[1.61358,49.07186],[1.61229,49.07275],[1.6128,49.07308],[1.61085,49.07407],[1.60984,49.07472],[1.61036,49.07505],[1.61083,49.07542],[1.61019,49.07615],[1.60967,49.07663],[1.60875,49.07771]]]}},
{"type":"Feature","properties":{"ID":"COMMUNE_0000000009734535","INSEE_COM":"95211","INSEE_ARR":"3","INSEE_COL":"95D","INSEE_DEP":"95","INSEE_REG":"11","NOM":"Ennery","CL_DEPART":"Non","CL_REGION":"Non","SIREN_EPCI":"249500430","SIREN_SI":259500791,"NOM_SI":"S.I. DES EAUX D'ENNERY - LIVILLIERS - HEROUVILLE"},"geometry":{"type":"Polygon","coordinates":[[[2.09109,49.07226],[2.08975,49.07279],[2.08833,49.07358],[2.08775,49.07346],[2.0873,49.0745],[2.08715,49.07471],[2.08711,49.07486],[2.08719,49.07537],[2.08714,49.07572],[2.08721,49.07595],[2.0872,49.07659],[2.08732,49.0771],[2.08747,49.07716],[2.08712,49.07753],[2.08686,49.07766],[2.08662,49.07788],[2.0863,49.0781],[2.08615,49.0784],[2.08608,49.07871],[2.0861,49.07906],[2.08638,49.08003],[2.08656,49.08046],[2.08666,49.08106],[2.08665,49.08154],[2.0867,49.08169],[2.08617,49.08236],[2.08565,49.08221],[2.08549,49.08219],[2.08424,49.08366],[2.08429,49.08421],[2.08581,49.08401],[2.08605,49.08394],[2.0861,49.08398],[2.0862,49.0842],[2.08622,49.08433],[2.08619,49.08555],[2.08663,49.08656],[2.09251,49.08457],[2.10065,49.08942],[2.11292,49.09266],[2.11714,49.09373],[2.11903,49.09284],[2.11989,49.09232],[2.11835,49.09057],[2.12646,49.08683],[2.12656,49.08696],[2.12852,49.08629],[2.12907,49.08678],[2.13038,49.08606],[2.129,49.08449],[2.13121,49.08357],[2.13061,49.08318],[2.13254,49.08167],[2.13261,49.08165],[2.13364,49.08076],[2.13128,49.07986],[2.13124,49.07971],[2.13015,49.07929],[2.13006,49.07938],[2.12938,49.07913],[2.12832,49.07865],[2.12601,49.07749],[2.12573,49.07699],[2.12545,49.07622],[2.12522,49.0757],[2.12506,49.0749],[2.12487,49.07444],[2.12479,49.0741],[2.12482,49.07376],[2.12497,49.07345],[2.12512,49.07334],[2.12541,49.07321],[2.1256,49.07318],[2.1258,49.07311],[2.12612,49.07265],[2.12502,49.07231],[2.12395,49.07162],[2.12357,49.07159],[2.12427,49.0707],[2.12392,49.07045],[2.12413,49.07029],[2.12299,49.06876],[2.12215,49.06805],[2.12231,49.06796],[2.12186,49.06754],[2.1229,49.06703],[2.12253,49.06668],[2.12144,49.06596],[2.12099,49.06562],[2.1208,49.06532],[2.12067,49.06494],[2.12038,49.0647],[2.1197,49.06398],[2.11863,49.06321],[2.11779,49.06302],[2.11755,49.06288],[2.11735,49.06271],[2.11718,49.06251],[2.11727,49.06236],[2.11631,49.06174],[2.11626,49.0618],[2.11621,49.06202],[2.11605,49.06208],[2.11571,49.06252],[2.11412,49.06194],[2.11345,49.06134],[2.11363,49.06122],[2.11296,49.06055],[2.11192,49.06076],[2.11026,49.06114],[2.10875,49.06139],[2.10893,49.06115],[2.10909,49.06072],[2.10914,49.06029],[2.10909,49.0599],[2.10824,49.05975],[2.10725,49.05977],[2.10706,49.05992],[2.10672,49.05991],[2.10624,49.06021],[2.1058,49.0602],[2.10544,49.06025],[2.10501,49.06037],[2.10476,49.0608],[2.10494,49.06114],[2.10467,49.06247],[2.10479,49.06288],[2.10506,49.0629],[2.10607,49.06331],[2.10629,49.0635],[2.10644,49.06384],[2.10644,49.06405],[2.10638,49.06433],[2.10563,49.06507],[2.10533,49.06513],[2.10519,49.06417],[2.10376,49.06533],[2.10333,49.06634],[2.10433,49.06715],[2.10216,49.06759],[2.10104,49.06814],[2.09966,49.06911],[2.09905,49.06974],[2.09892,49.0697],[2.09875,49.06996],[2.09872,49.07008],[2.09752,49.07117],[2.09644,49.0716],[2.09621,49.0718],[2.09605,49.07203],[2.09584,49.07217],[2.09413,49.07234],[2.09392,49.07272],[2.09382,49.07268],[2.09369,49.07267],[2.09157,49.0733],[2.09123,49.07318],[2.09126,49.0731],[2.09125,49.07271],[2.09109,49.07226]]]}},
{"type":"Feature","properties":{"ID":"COMMUNE_0000000009735022","INSEE_COM":"95598","INSEE_ARR":"2","INSEE_COL":"95D","INSEE_DEP":"95","INSEE_REG":"11","NOM":"Soisy-sous-Montmorency","CL_DEPART":"Non","CL_REGION":"Non","SIREN_EPCI":"200056380","SIREN_SI":257500017,"NOM_SI":"S.E.D.I.F."},"geometry":{"type":"Polygon","coordinates":[[[2.307,48.97737],[2.3068,48.97748],[2.30553,48.97838],[2.30414,48.97947],[2.30296,48.97866],[2.30102,48.97703],[2.30111,48.97616],[2.30101,48.97614],[2.30142,48.9754],[2.2988,48.9752],[2.29764,48.975],[2.29715,48.97583],[2.29702,48.97588],[2.29625,48.97598],[2.29565,48.97609],[2.29535,48.9762],[2.29447,48.97661],[2.29425,48.97667],[2.29409,48.97665],[2.29387,48.97652],[2.29349,48.97645],[2.29334,48.97638],[2.29164,48.97625],[2.29159,48.97838],[2.29164,48.97861],[2.29175,48.97885],[2.29153,48.97905],[2.29098,48.97942],[2.28944,48.98035],[2.28885,48.98091],[2.28875,48.98109],[2.28759,48.98189],[2.2874,48.98214],[2.28715,48.98226],[2.28685,48.98235],[2.28662,48.98255],[2.28635,48.98288],[2.2856,48.98407],[2.285,48.98463],[2.28438,48.98532],[2.28401,48.98564],[2.28584,48.98704],[2.28538,48.98726],[2.2866,48.9882],[2.28685,48.98806],[2.28752,48.98872],[2.28837,48.98971],[2.289,48.99056],[2.28905,48.99066],[2.28901,48.99067],[2.28904,48.99071],[2.28907,48.99069],[2.28913,48.9908],[2.28932,48.99097],[2.28944,48.99112],[2.2894,48.99113],[2.28975,48.99157],[2.28982,48.99155],[2.2914,48.99362],[2.29285,48.99588],[2.29358,48.99575],[2.29467,48.9956],[2.29576,48.99557],[2.30365,48.99739],[2.30498,48.99943],[2.30511,49.0],[2.30498,49.00054],[2.30502,49.00123],[2.30595,49.0025],[2.30654,49.0023],[2.30754,49.00221],[2.30783,49.0021],[2.30848,49.00178],[2.30871,49.00174],[2.30904,49.00175],[2.31073,49.00209],[2.31092,49.0021],[2.31216,49.00203],[2.31316,49.00184],[2.31345,49.0017],[2.3139,49.00135],[2.31409,49.00126],[2.31448,49.00115],[2.31525,49.001],[2.31543,49.00092],[2.31553,49.00082],[2.31556,49.00024],[2.31562,49.00004],[2.31639,48.99943],[2.3166,48.99907],[2.31655,48.99887],[2.3163,48.99863],[2.31622,48.99869],[2.31529,48.99826],[2.3156,48.99786],[2.31539,48.99768],[2.31556,48.99743],[2.31467,48.99673],[2.31397,48.99673],[2.31319,48.9964],[2.31326,48.99576],[2.31297,48.99568],[2.31317,48.99513],[2.31349,48.9947],[2.31332,48.99439],[2.31102,48.99264],[2.31214,48.99221],[2.31214,48.99202],[2.312,48.9917],[2.31235,48.99108],[2.31292,48.99081],[2.31318,48.9906],[2.31389,48.98976],[2.31273,48.98938],[2.31197,48.98902],[2.31185,48.98824],[2.3116,48.98803],[2.3097,48.98683],[2.30921,48.98659],[2.30717,48.98594],[2.30788,48.9852],[2.30852,48.98477],[2.30943,48.98439],[2.30996,48.98428],[2.3104,48.98416],[2.31161,48.98373],[2.31237,48.98343],[2.31176,48.98274],[2.31084,48.98188],[2.30993,48.98114],[2.30891,48.98015],[2.30785,48.97939],[2.30713,48.97893],[2.30678,48.97916],[2.30698,48.9778],[2.307,48.97737]]]}},
{"type":"Feature","properties":{"ID":"COMMUNE_0000000009733982","INSEE_COM":"95652","INSEE_ARR":"2","INSEE_COL":"95D","INSEE_DEP":"95","INSEE_REG":"11","NOM":"Viarmes","CL_DEPART":"Non","CL_REGION":"Non","SIREN_EPCI":"200073013","SIREN_SI":259500577,"NOM_SI":"S.I. D'EXPLOITATION DES CHAMPS CAPTANTS D'ASNIERES-SUR-OISE (S.I.E.C.C.A.O.)"},"geometry":{"type":"Polygon","coordinates":[[[2.39604,49.11566],[2.39556,49.11454],[2.3953,49.11331],[2.39432,49.11251],[2.39371,49.11219],[2.39181,49.11045],[2.39145,49.11024],[2.38916,49.10987],[2.38739,49.10982],[2.38437,49.10904],[2.38369,49.10899],[2.38352,49.10934],[2.38347,49.10956],[2.38294,49.11016],[2.38026,49.10944],[2.37809,49.10876],[2.36974,49.10634],[2.37003,49.10844],[2.36945,49.10851],[2.36843,49.10855],[2.36742,49.10838],[2.36727,49.10839],[2.36685,49.10833],[2.36542,49.10803],[2.3647,49.10778],[2.36353,49.1075],[2.36202,49.10721],[2.36149,49.10707],[2.36011,49.10763],[2.36095,49.10885],[2.36008,49.10895],[2.36061,49.1098],[2.35834,49.10996],[2.35867,49.11099],[2.35768,49.11095],[2.3578,49.11176],[2.35575,49.1118],[2.35569,49.11198],[2.35526,49.11196],[2.35517,49.11312],[2.35524,49.11359],[2.35535,49.11389],[2.35548,49.11479],[2.35604,49.11603],[2.35623,49.1166],[2.35636,49.11728],[2.35637,49.11751],[2.35646,49.11769],[2.35648,49.11784],[2.3565,49.11851],[2.35646,49.1189],[2.35638,49.1192],[2.35636,49.11963],[2.3564,49.11982],[2.35615,49.1206],[2.35593,49.12079],[2.35459,49.12157],[2.35489,49.1218],[2.35525,49.12201],[2.35574,49.1225],[2.35645,49.12325],[2.35826,49.12535],[2.35967,49.12735],[2.36205,49.13046],[2.36316,49.13184],[2.36398,49.13236],[2.36414,49.1324],[2.36428,49.13251],[2.3649,49.13282],[2.36837,49.13472],[2.36835,49.13477],[2.36954,49.13524],[2.36959,49.13517],[2.37269,49.13611],[2.37324,49.13756],[2.37349,49.13836],[2.37392,49.13845],[2.37575,49.13868],[2.37714,49.13781],[2.37705,49.13772],[2.37822,49.13734],[2.37943,49.13681],[2.38213,49.13554],[2.38239,49.13593],[2.38311,49.13655],[2.38386,49.13708],[2.38409,49.13719],[2.38564,49.13814],[2.38672,49.13861],[2.38685,49.1387],[2.38748,49.13894],[2.38854,49.13925],[2.38921,49.13939],[2.38918,49.13926],[2.38933,49.13898],[2.38976,49.13844],[2.39032,49.13811],[2.39058,49.1379],[2.39086,49.13753],[2.39094,49.13734],[2.39123,49.13721],[2.39132,49.13713],[2.39155,49.13714],[2.39172,49.1371],[2.39204,49.13708],[2.39266,49.1369],[2.39344,49.13676],[2.39378,49.13666],[2.39534,49.13647],[2.39573,49.1364],[2.39646,49.13633],[2.39646,49.13627],[2.39696,49.13628],[2.39757,49.13612],[2.39806,49.13609],[2.39833,49.13613],[2.39861,49.13635],[2.39879,49.13668],[2.39899,49.13666],[2.39911,49.13702],[2.3995,49.13695],[2.40074,49.13662],[2.40154,49.1365],[2.40193,49.13636],[2.40226,49.13633],[2.40277,49.13617],[2.40347,49.13619],[2.40378,49.13618],[2.40402,49.13613],[2.40435,49.13614],[2.40458,49.13609],[2.40496,49.13607],[2.40525,49.13597],[2.4055,49.13593],[2.40582,49.13575],[2.40661,49.1356],[2.40687,49.13551],[2.40717,49.13548],[2.40755,49.13535],[2.40794,49.1353],[2.40811,49.13518],[2.41127,49.13409],[2.41127,49.13355],[2.41245,49.13324],[2.41252,49.1331],[2.41107,49.13117],[2.41058,49.12906],[2.41044,49.12884],[2.40974,49.12784],[2.40932,49.12734],[2.40837,49.1266],[2.40784,49.12631],[2.40667,49.12744],[2.40576,49.12841],[2.4048,49.12868],[2.40287,49.12886],[2.40139,49.12695],[2.39924,49.12738],[2.39851,49.12719],[2.39723,49.12657],[2.39676,49.1267],[2.39663,49.12677],[2.39649,49.12716],[2.39568,49.12703],[2.39499,49.1272],[2.3944,49.12743],[2.3942,49.12803],[2.39391,49.12818],[2.3934,49.12837],[2.3928,49.12845],[2.39174,49.12848],[2.39031,49.12861],[2.38772,49.12894],[2.3866,49.12905],[2.38638,49.12854],[2.38576,49.12844],[2.38585,49.12812],[2.38512,49.128],[2.38517,49.1279],[2.3833,49.12724],[2.38345,49.12714],[2.38392,49.12647],[2.38413,49.1265],[2.38423,49.12618],[2.38463,49.12454],[2.38447,49.12451],[2.38455,49.1243],[2.38471,49.12328],[2.38482,49.123],[2.38502,49.12109],[2.38484,49.1197],[2.38474,49.11943],[2.38457,49.1192],[2.38425,49.11913],[2.38399,49.11892],[2.38369,49.11839],[2.38392,49.11804],[2.38456,49.11776],[2.3847,49.11766],[2.38523,49.1175],[2.38586,49.11737],[2.38624,49.11733],[2.38701,49.11758],[2.38926,49.11727],[2.38914,49.11652],[2.39604,49.11566]]]}},
{"type":"Feature","properties":{"ID":"COMMUNE_0000000009734525","INSEE_COM":"95151","INSEE_ARR":"3","INSEE_COL":"95D","INSEE_DEP":"95","INSEE_REG":"11","NOM":"Chauvry","CL_DEPART":"Non","CL_REGION":"Non","SIREN_EPCI":"249500455","SIREN_SI":257500017,"NOM_SI":"S.E.D.I.F."},"geometry":{"type":"Polygon","coordinates":[[[2.27443,49.06873],[2.27396,49.06799],[2.27352,49.06701],[2.2734,49.06666],[2.27339,49.06636],[2.27345,49.06616],[2.27167,49.06569],[2.2714,49.0642],[2.27187,49.06404],[2.27203,49.06401],[2.27245,49.06401],[2.27312,49.06418],[2.27375,49.06429],[2.27562,49.06456],[2.27665,49.06486],[2.27748,49.06522],[2.27813,49.0654],[2.27857,49.06548],[2.2795,49.06554],[2.27989,49.0657],[2.28044,49.06583],[2.28118,49.06581],[2.28113,49.06543],[2.28117,49.06534],[2.28058,49.06435],[2.28091,49.06432],[2.28011,49.06275],[2.2797,49.06226],[2.27951,49.06192],[2.27947,49.06167],[2.27891,49.06036],[2.27883,49.05955],[2.27908,49.05878],[2.27918,49.05781],[2.2791,49.05555],[2.27904,49.05519],[2.27913,49.05505],[2.27891,49.05435],[2.279,49.05299],[2.27916,49.05275],[2.27986,49.05113],[2.27995,49.051],[2.28027,49.0507],[2.28035,49.05056],[2.2807,49.04942],[2.28072,49.04923],[2.28094,49.04927],[2.28152,49.04926],[2.28174,49.04942],[2.28218,49.04963],[2.28225,49.0498],[2.28302,49.04984],[2.28356,49.04976],[2.2838,49.04968],[2.28482,49.04901],[2.28455,49.04871],[2.28446,49.04844],[2.28449,49.0475],[2.28462,49.04655],[2.28427,49.04617],[2.28397,49.04596],[2.28371,49.04566],[2.28354,49.04553],[2.28305,49.04525],[2.28193,49.04437],[2.28164,49.04413],[2.2812,49.0437],[2.28011,49.04316],[2.27939,49.04293],[2.27805,49.04219],[2.27746,49.042],[2.27671,49.04185],[2.27666,49.0418],[2.2752,49.03985],[2.27497,49.03829],[2.27462,49.03634],[2.26791,49.03845],[2.2659,49.0385],[2.26333,49.03863],[2.26313,49.03873],[2.26135,49.03916],[2.25787,49.04012],[2.2575,49.04019],[2.25666,49.04045],[2.25587,49.04061],[2.25379,49.0412],[2.25358,49.04122],[2.25292,49.04138],[2.25378,49.04173],[2.25945,49.04358],[2.25956,49.04854],[2.25952,49.05001],[2.25954,49.05299],[2.25952,49.05309],[2.25923,49.05348],[2.25999,49.05376],[2.26036,49.05394],[2.26073,49.05437],[2.26103,49.05466],[2.2614,49.05484],[2.26172,49.0551],[2.26231,49.05547],[2.26197,49.05561],[2.26177,49.05577],[2.26166,49.056],[2.26163,49.05638],[2.26173,49.05676],[2.26214,49.05726],[2.26233,49.05755],[2.26246,49.05783],[2.26251,49.05837],[2.26247,49.05872],[2.26205,49.06003],[2.2612,49.06003],[2.26111,49.06021],[2.26109,49.0607],[2.26113,49.06105],[2.26136,49.06174],[2.26149,49.06236],[2.26123,49.0638],[2.26091,49.06455],[2.26061,49.06581],[2.26039,49.06711],[2.26037,49.06804],[2.26027,49.06878],[2.2594,49.06897],[2.25891,49.06913],[2.25863,49.06937],[2.25841,49.06961],[2.25821,49.06988],[2.25798,49.0703],[2.25777,49.07045],[2.25758,49.07054],[2.2572,49.07069],[2.25687,49.07076],[2.25546,49.07084],[2.25545,49.07089],[2.25533,49.07092],[2.25531,49.07097],[2.25528,49.07113],[2.25548,49.07179],[2.25706,49.07236],[2.25661,49.07281],[2.25549,49.07339],[2.25656,49.07512],[2.25706,49.07526],[2.26009,49.07418],[2.26343,49.07313],[2.26375,49.07261],[2.2647,49.07085],[2.26524,49.07005],[2.26561,49.06888],[2.26552,49.06744],[2.2657,49.06714],[2.26587,49.06706],[2.26667,49.06685],[2.26863,49.0665],[2.26864,49.06657],[2.26928,49.06752],[2.26978,49.06818],[2.27052,49.0687],[2.27181,49.06925],[2.27443,49.06873]]]}},
{"type":"Feature","properties":{"ID":"COMMUNE_0000000009734562","INSEE_COM":"95656","INSEE_ARR":"3","INSEE_COL":"95D","INSEE_DEP":"95","INSEE_REG":"11","NOM":"Vienne-en-Arthies","CL_DEPART":"Non","CL_REGION":"Non","SIREN_EPCI":"249500513","SIREN_SI":0,"NOM_SI":"Compétence exercée par la commune"},"geometry":{"type":"Polygon","coordinates":[[[1.74087,49.07267],[1.74104,49.0715],[1.74104,49.07115],[1.74092,49.07111],[1.74073,49.07098],[1.74003,49.07016],[1.73902,49.06922],[1.73813,49.06866],[1.73782,49.06852],[1.73783,49.06826],[1.73777,49.06807],[1.73763,49.06793],[1.73737,49.06778],[1.73669,49.06706],[1.7358,49.06636],[1.73527,49.0666],[1.73491,49.06615],[1.73456,49.06594],[1.73431,49.06565],[1.73429,49.06555],[1.73432,49.0654],[1.73409,49.06525],[1.73449,49.06493],[1.73474,49.06481],[1.73018,49.06254],[1.72986,49.06156],[1.72939,49.05957],[1.72848,49.05994],[1.72799,49.06009],[1.72828,49.05966],[1.72746,49.05902],[1.72621,49.05776],[1.72541,49.05624],[1.7252,49.0559],[1.72486,49.05554],[1.72446,49.05531],[1.72416,49.05505],[1.7239,49.05492],[1.72357,49.05454],[1.72306,49.05413],[1.723,49.05394],[1.72233,49.05294],[1.72165,49.05214],[1.719,49.05346],[1.7174,49.05451],[1.71662,49.05418],[1.71733,49.05336],[1.71614,49.05305],[1.7155,49.05361],[1.71217,49.05308],[1.71189,49.05334],[1.71144,49.05421],[1.71135,49.05465],[1.71129,49.05558],[1.71107,49.05628],[1.71104,49.05683],[1.71111,49.05814],[1.7122,49.05822],[1.71218,49.05864],[1.71141,49.05893],[1.71095,49.05922],[1.71283,49.05947],[1.71413,49.0603],[1.71465,49.06019],[1.7147,49.06032],[1.71483,49.06043],[1.71498,49.06064],[1.71511,49.06132],[1.71509,49.06147],[1.71501,49.06159],[1.71482,49.06175],[1.71477,49.06186],[1.71525,49.06204],[1.71537,49.06222],[1.7151,49.06303],[1.71438,49.06297],[1.71397,49.06411],[1.71389,49.06409],[1.71345,49.06459],[1.71309,49.06475],[1.71282,49.06498],[1.7126,49.06507],[1.71267,49.0652],[1.71159,49.068],[1.71137,49.06827],[1.71063,49.06899],[1.71147,49.06967],[1.71162,49.06985],[1.70975,49.07013],[1.70996,49.0704],[1.71043,49.07072],[1.71076,49.07109],[1.71141,49.07234],[1.71167,49.07275],[1.71011,49.07342],[1.71003,49.07361],[1.71004,49.07392],[1.7099,49.07433],[1.7098,49.07447],[1.70931,49.07494],[1.7084,49.07562],[1.70773,49.07605],[1.70722,49.07629],[1.70671,49.07665],[1.70652,49.07686],[1.70608,49.07754],[1.70608,49.07778],[1.70644,49.07787],[1.70689,49.07755],[1.70742,49.07822],[1.70783,49.0788],[1.70786,49.07891],[1.71385,49.07735],[1.71376,49.07717],[1.71432,49.07707],[1.71437,49.07693],[1.71452,49.07684],[1.71486,49.07681],[1.71518,49.07687],[1.71571,49.07716],[1.71572,49.07726],[1.71606,49.07731],[1.7162,49.07729],[1.71642,49.07716],[1.71665,49.07647],[1.71697,49.07617],[1.71758,49.07596],[1.71798,49.07579],[1.71821,49.07581],[1.71855,49.07578],[1.71902,49.07557],[1.71948,49.07545],[1.71977,49.07543],[1.72021,49.07532],[1.72062,49.07536],[1.72076,49.07548],[1.72084,49.0757],[1.72108,49.07591],[1.72127,49.07597],[1.7217,49.07602],[1.72225,49.076],[1.72286,49.07595],[1.72528,49.07544],[1.72829,49.07465],[1.73054,49.07415],[1.73156,49.07403],[1.73201,49.07402],[1.73216,49.07347],[1.73273,49.07219],[1.7328,49.07192],[1.73281,49.0716],[1.73656,49.07288],[1.73642,49.07306],[1.73707,49.0733],[1.73904,49.07342],[1.74027,49.07356],[1.7405,49.0727],[1.74087,49.07267]]]}},
{"type":"Feature","properties":{"ID":"COMMUNE_0000000009734011","INSEE_COM":"95254","INSEE_ARR":"3","INSEE_COL":"95D","INSEE_DEP":"95","INSEE_REG":"11","NOM":"Frémécourt","CL_DEPART":"Non","CL_REGION":"Non","SIREN_EPCI":"200035970","SIREN_SI":259502649,"NOM_SI":"S.I. DES EAUX DU VAL DE VIOSNE"},"geometry":{"type":"Polygon","coordinates":[[[1.99136,49.1082],[1.98992,49.10877],[1.98909,49.10935],[1.99006,49.10964],[1.99053,49.10993],[1.98613,49.11344],[1.98336,49.11571],[1.98171,49.117],[1.98173,49.11733],[1.97851,49.12047],[1.97906,49.12131],[1.97837,49.12161],[1.9771,49.12232],[1.97666,49.1235],[1.97598,49.12377],[1.97537,49.12481],[1.97538,49.12501],[1.97547,49.12524],[1.97573,49.12552],[1.97632,49.1259],[1.97682,49.1261],[1.97753,49.12626],[1.97943,49.12898],[1.98031,49.13014],[1.9809,49.12993],[1.98219,49.13078],[1.98218,49.13092],[1.98226,49.13096],[1.98304,49.13115],[1.9832,49.13094],[1.98477,49.13161],[1.98567,49.13195],[1.98601,49.13071],[1.98763,49.13056],[1.98833,49.13066],[1.9883,49.13079],[1.98773,49.13146],[1.98923,49.13212],[1.99023,49.13237],[1.99053,49.13227],[1.99085,49.13221],[1.99095,49.13228],[1.99093,49.13241],[1.99215,49.13215],[1.99335,49.13175],[1.99393,49.13202],[1.99458,49.13158],[1.99481,49.13132],[1.99507,49.13119],[1.99584,49.13254],[1.99646,49.13229],[1.99913,49.13513],[2.00036,49.13599],[2.00219,49.1351],[2.00206,49.135],[2.00472,49.13356],[2.00675,49.13235],[2.00745,49.13199],[2.00975,49.13398],[2.01212,49.13219],[2.01204,49.13205],[2.01188,49.13192],[2.0107,49.13114],[2.00687,49.1287],[2.00629,49.12836],[2.00585,49.12815],[2.00788,49.12683],[2.00601,49.12564],[2.00633,49.12508],[2.00531,49.12476],[2.00391,49.12392],[2.00309,49.12347],[2.00348,49.12323],[2.00655,49.12207],[2.00478,49.12026],[2.00404,49.11961],[2.00426,49.11953],[2.00434,49.11962],[2.00478,49.11947],[2.00437,49.11921],[2.00444,49.11916],[2.00549,49.1189],[2.00523,49.1185],[2.00514,49.11842],[2.00474,49.11862],[2.004,49.11812],[2.00383,49.11807],[2.0041,49.1176],[2.00417,49.11718],[2.00442,49.11647],[2.00474,49.11585],[2.00503,49.11482],[2.0047,49.11497],[2.00397,49.11471],[2.00222,49.11527],[2.0024,49.11545],[2.00116,49.11601],[2.00085,49.11576],[1.99994,49.11523],[1.99894,49.11458],[1.99943,49.11434],[2.00007,49.11396],[2.00055,49.11378],[2.00091,49.11357],[1.99613,49.11069],[1.99385,49.11232],[1.99305,49.11167],[1.99434,49.11067],[1.99219,49.10913],[1.99136,49.1082]]]}},
{"type":"Feature","properties":{"ID":"COMMUNE_0000000009734006","INSEE_COM":"95102","INSEE_ARR":"3","INSEE_COL":"95D","INSEE_DEP":"95","INSEE_REG":"11","NOM":"Bréançon","CL_DEPART":"Non","CL_REGION":"Non","SIREN_EPCI":"200035970","SIREN_SI":259502649,"NOM_SI":"S.I. DES EAUX DU VAL DE VIOSNE"},"geometry":{"type":"Polygon","coordinates":[[[2.03027,49.1308],[2.02733,49.13117],[2.02712,49.13025],[2.02712,49.13012],[2.02722,49.13009],[2.02679,49.12917],[2.02499,49.12985],[2.02525,49.13048],[2.02374,49.13107],[2.02183,49.12943],[2.02201,49.1305],[2.01384,49.13254],[2.01313,49.13121],[2.01142,49.13161],[2.01199,49.132],[2.01212,49.13219],[2.00975,49.13398],[2.00745,49.13199],[2.00675,49.13235],[2.00472,49.13356],[2.00206,49.135],[2.00219,49.1351],[2.00036,49.13599],[2.00499,49.13865],[2.00333,49.13878],[2.00332,49.14058],[2.00066,49.1403],[2.00118,49.142],[2.00088,49.14328],[2.00208,49.14372],[2.00207,49.14408],[2.00141,49.14574],[2.00096,49.1461],[2.00091,49.14774],[2.00124,49.14814],[2.00127,49.14893],[2.00028,49.1494],[1.99987,49.14973],[2.00051,49.15005],[2.00161,49.1496],[2.00291,49.14978],[2.00281,49.1502],[2.00291,49.15051],[2.00331,49.15101],[1.99557,49.15558],[1.99802,49.15724],[1.9969,49.15791],[1.99649,49.1584],[1.99638,49.1584],[1.99586,49.1589],[1.99588,49.15897],[1.99606,49.15924],[1.99903,49.16019],[2.00029,49.16044],[2.00189,49.16065],[2.00208,49.16077],[2.00367,49.16082],[2.00658,49.16157],[2.0093,49.1629],[2.0123,49.1662],[2.01274,49.16557],[2.01331,49.16514],[2.01611,49.16369],[2.01686,49.16318],[2.01764,49.16362],[2.02127,49.1636],[2.0216,49.16342],[2.0221,49.16305],[2.02275,49.16249],[2.02281,49.16257],[2.02448,49.1627],[2.02448,49.16252],[2.02499,49.1625],[2.02745,49.16215],[2.02795,49.16218],[2.02876,49.16216],[2.02892,49.16225],[2.02952,49.16221],[2.02957,49.1623],[2.03083,49.162],[2.03212,49.16224],[2.03255,49.16209],[2.03357,49.16245],[2.03375,49.16213],[2.03405,49.1618],[2.03433,49.16155],[2.03462,49.16139],[2.03504,49.16124],[2.03596,49.161],[2.03771,49.16033],[2.03847,49.16108],[2.03945,49.1617],[2.03981,49.16188],[2.04059,49.16258],[2.04134,49.16312],[2.04173,49.16349],[2.04226,49.16391],[2.04271,49.16432],[2.04313,49.16485],[2.04393,49.1646],[2.04401,49.16474],[2.04627,49.16407],[2.04631,49.1642],[2.04688,49.1641],[2.0469,49.16347],[2.04715,49.16343],[2.04751,49.16325],[2.04771,49.16348],[2.04956,49.16256],[2.04909,49.162],[2.04888,49.16208],[2.04842,49.16174],[2.04828,49.16079],[2.04842,49.16077],[2.04844,49.16043],[2.04885,49.159],[2.04886,49.15866],[2.04882,49.15842],[2.04879,49.15753],[2.04957,49.1574],[2.04932,49.15578],[2.04966,49.15575],[2.05116,49.15579],[2.05214,49.15577],[2.05289,49.15565],[2.05387,49.15541],[2.05429,49.1553],[2.05508,49.155],[2.05528,49.15488],[2.05598,49.15425],[2.05626,49.15405],[2.05797,49.15362],[2.05881,49.15347],[2.0589,49.15319],[2.05882,49.15313],[2.05845,49.15314],[2.05767,49.1529],[2.05745,49.15275],[2.05704,49.15265],[2.05653,49.1526],[2.05627,49.15231],[2.05496,49.15137],[2.05466,49.1513],[2.04755,49.14826],[2.04734,49.14819],[2.0469,49.14797],[2.04638,49.14785],[2.04553,49.14795],[2.0441,49.14824],[2.04402,49.14829],[2.04098,49.1456],[2.03581,49.14118],[2.03418,49.13993],[2.03365,49.13961],[2.03488,49.13887],[2.03106,49.13412],[2.03106,49.13382],[2.03044,49.13165],[2.03027,49.1308]]]}},
{"type":"Feature","properties":{"ID":"COMMUNE_0000000009735030","INSEE_COM":"95574","INSEE_ARR":"2","INSEE_COL":"95D","INSEE_DEP":"95","INSEE_REG":"11","NOM":"Saint-Prix","CL_DEPART":"Non","CL_REGION":"Non","SIREN_EPCI":"200056380","SIREN_SI":257500017,"NOM_SI":"S.E.D.I.F."},"geometry":{"type":"Polygon","coordinates":[[[2.29369,49.03041],[2.29388,49.03032],[2.29399,49.03023],[2.2946,49.02997],[2.29732,49.02859],[2.29734,49.02853],[2.29697,49.02788],[2.29495,49.02688],[2.29488,49.02688],[2.2947,49.02698],[2.2941,49.0275],[2.2931,49.02874],[2.29242,49.02663],[2.29211,49.02606],[2.29208,49.02517],[2.29197,49.02476],[2.29176,49.02437],[2.2915,49.02404],[2.29121,49.02378],[2.29023,49.0225],[2.28989,49.02224],[2.28928,49.0216],[2.28909,49.02136],[2.28831,49.02197],[2.28744,49.02156],[2.28732,49.02247],[2.28601,49.02264],[2.28588,49.0203],[2.28548,49.02016],[2.28498,49.02007],[2.2846,49.0199],[2.28421,49.01965],[2.28307,49.01874],[2.28224,49.01814],[2.28108,49.01737],[2.28075,49.01721],[2.28112,49.01684],[2.28112,49.01555],[2.28119,49.0153],[2.28158,49.01447],[2.28165,49.01403],[2.28157,49.01284],[2.28158,49.01218],[2.28153,49.01187],[2.2814,49.01163],[2.28071,49.01061],[2.27976,49.01091],[2.27967,49.0108],[2.27928,49.01093],[2.27892,49.01043],[2.27857,49.00947],[2.2779,49.00857],[2.27745,49.0087],[2.27728,49.00874],[2.27725,49.00873],[2.27707,49.00855],[2.27674,49.00806],[2.27626,49.00766],[2.27555,49.00793],[2.27536,49.00771],[2.2752,49.00777],[2.27493,49.0074],[2.27418,49.00766],[2.27321,49.00644],[2.27297,49.00651],[2.2725,49.00669],[2.26727,49.00156],[2.2667,49.00084],[2.26621,49.00096],[2.26577,49.001],[2.2651,49.00094],[2.26424,49.00083],[2.26422,49.0005],[2.26336,48.99813],[2.26152,48.99874],[2.2608,48.99891],[2.25873,48.99948],[2.25851,48.9995],[2.25824,48.9996],[2.25692,48.99986],[2.25645,48.99989],[2.25613,49.00025],[2.25469,49.00097],[2.25327,49.00162],[2.25221,49.00185],[2.25324,49.00585],[2.25372,49.00637],[2.25565,49.00885],[2.25578,49.01075],[2.25522,49.01284],[2.25611,49.01533],[2.25641,49.01571],[2.25708,49.01626],[2.257,49.01627],[2.26153,49.01925],[2.26214,49.0197],[2.2621,49.01987],[2.26188,49.02023],[2.26184,49.02064],[2.2613,49.02121],[2.26074,49.02157],[2.26035,49.02176],[2.25991,49.0221],[2.25931,49.02245],[2.25929,49.0225],[2.25742,49.02378],[2.25757,49.02412],[2.25556,49.02501],[2.25819,49.04002],[2.26135,49.03916],[2.26313,49.03873],[2.26333,49.03863],[2.2659,49.0385],[2.26791,49.03845],[2.27462,49.03634],[2.27575,49.036],[2.27647,49.03582],[2.2766,49.03582],[2.27685,49.03574],[2.27728,49.03554],[2.27842,49.03517],[2.28291,49.03377],[2.28318,49.03363],[2.28326,49.03354],[2.28343,49.03312],[2.28543,49.03309],[2.28663,49.03261],[2.28791,49.0322],[2.29008,49.03158],[2.29369,49.03041]]]}},
{"type":"Feature","properties":{"ID":"COMMUNE_0000000009734508","INSEE_COM":"95395","INSEE_ARR":"2","INSEE_COL":"95D","INSEE_DEP":"95","INSEE_REG":"11","NOM":"Le Mesnil-Aubry","CL_DEPART":"Non","CL_REGION":"Non","SIREN_EPCI":"200055655","SIREN_SI":200091940,"NOM_SI":"SMAEP DAMONA"},"geometry":{"type":"Polygon","coordinates":[[[2.41326,49.05619],[2.41125,49.05328],[2.41431,49.05147],[2.41626,49.05001],[2.41997,49.04741],[2.4184,49.04649],[2.41807,49.04692],[2.41743,49.04759],[2.41706,49.0479],[2.41637,49.0484],[2.40743,49.04545],[2.40342,49.04416],[2.40286,49.04463],[2.40209,49.04513],[2.40173,49.04546],[2.40163,49.0456],[2.40012,49.04241],[2.39985,49.04194],[2.39969,49.04153],[2.39953,49.04071],[2.39918,49.0397],[2.3975,49.03985],[2.39465,49.03891],[2.39477,49.03911],[2.39471,49.03992],[2.39482,49.04051],[2.39468,49.04054],[2.38275,49.04198],[2.38307,49.04215],[2.38149,49.04188],[2.38025,49.0417],[2.37949,49.04177],[2.37812,49.04201],[2.378,49.04206],[2.37795,49.04209],[2.37802,49.0423],[2.37881,49.04402],[2.37882,49.04413],[2.37869,49.04459],[2.37874,49.04477],[2.37949,49.04635],[2.37966,49.04654],[2.37988,49.04668],[2.37578,49.04878],[2.37287,49.05159],[2.36966,49.05456],[2.372,49.05627],[2.37268,49.05706],[2.37385,49.06033],[2.37548,49.06345],[2.38643,49.06837],[2.38628,49.06775],[2.38582,49.06663],[2.38569,49.06618],[2.39349,49.06858],[2.39413,49.06891],[2.40072,49.06498],[2.39912,49.0636],[2.40159,49.06205],[2.40726,49.05636],[2.40753,49.05633],[2.40852,49.05718],[2.41337,49.05709],[2.41326,49.05619]]]}},
{"type":"Feature","properties":{"ID":"COMMUNE_0000000009734009","INSEE_COM":"95483","INSEE_ARR":"3","INSEE_COL":"95D","INSEE_DEP":"95","INSEE_REG":"11","NOM":"Le Perchay","CL_DEPART":"Non","CL_REGION":"Non","SIREN_EPCI":"200035970","SIREN_SI":259501278,"NOM_SI":"SYNDICAT INTERCOMMUNAL DES EAUX DE LA VIOSNE, DE L’AUBETTE ET DE LA MONTCIENT (SIEVAM)"},"geometry":{"type":"Polygon","coordinates":[[[1.90842,49.11981],[1.90904,49.1209],[1.90893,49.12134],[1.90871,49.12169],[1.90684,49.12327],[1.90629,49.12297],[1.90608,49.12303],[1.90587,49.12303],[1.90566,49.12299],[1.90548,49.12299],[1.90546,49.12303],[1.90549,49.12308],[1.9059,49.12325],[1.90607,49.12336],[1.90663,49.12422],[1.9068,49.1244],[1.90715,49.12467],[1.9076,49.12493],[1.9081,49.12516],[1.90895,49.12547],[1.90956,49.12515],[1.90987,49.12531],[1.91106,49.1253],[1.91341,49.12521],[1.9136,49.12533],[1.91425,49.12599],[1.91518,49.12674],[1.91617,49.12591],[1.9171,49.12611],[1.91746,49.12626],[1.91854,49.12654],[1.91912,49.12661],[1.91993,49.1267],[1.92063,49.12671],[1.9221,49.1268],[1.9233,49.12684],[1.92376,49.1269],[1.92444,49.12706],[1.92463,49.12715],[1.9248,49.12734],[1.92601,49.12772],[1.92744,49.12839],[1.9284,49.12874],[1.9294,49.12898],[1.93052,49.12914],[1.93126,49.1292],[1.93099,49.12957],[1.93153,49.12969],[1.932,49.1297],[1.93222,49.12968],[1.9324,49.12958],[1.93248,49.12928],[1.93315,49.12858],[1.93378,49.12808],[1.9351,49.12713],[1.93598,49.12604],[1.93662,49.12547],[1.93701,49.12517],[1.93773,49.12511],[1.93743,49.12488],[1.93749,49.12481],[1.93799,49.1245],[1.93807,49.12434],[1.93816,49.1239],[1.93828,49.12378],[1.93849,49.12366],[1.93877,49.12358],[1.93977,49.12337],[1.94006,49.12325],[1.94022,49.12309],[1.94026,49.12298],[1.93986,49.12292],[1.93987,49.12284],[1.93911,49.12269],[1.93934,49.12204],[1.93978,49.12211],[1.94003,49.12136],[1.94128,49.12122],[1.94153,49.12117],[1.94171,49.12143],[1.94206,49.12133],[1.94279,49.12102],[1.94337,49.12067],[1.94413,49.12036],[1.94427,49.12025],[1.94524,49.12025],[1.94566,49.1203],[1.94978,49.11937],[1.94994,49.11957],[1.95025,49.11949],[1.95043,49.11929],[1.94952,49.11886],[1.94906,49.11859],[1.94829,49.11803],[1.94779,49.1177],[1.94755,49.11737],[1.94651,49.1163],[1.94605,49.11573],[1.94554,49.1152],[1.94516,49.11493],[1.9438,49.11446],[1.94237,49.1141],[1.9425,49.11363],[1.94314,49.11289],[1.94318,49.11272],[1.94305,49.11255],[1.94214,49.11042],[1.94177,49.11022],[1.94129,49.11005],[1.94002,49.10941],[1.93948,49.10905],[1.93914,49.10877],[1.93819,49.10818],[1.93866,49.10796],[1.9369,49.10666],[1.93671,49.10669],[1.93609,49.10625],[1.93628,49.10612],[1.93558,49.10565],[1.93595,49.10534],[1.93398,49.10399],[1.93329,49.10324],[1.93243,49.10294],[1.93167,49.10261],[1.93001,49.10109],[1.92701,49.10238],[1.92584,49.10282],[1.92418,49.10356],[1.92276,49.10414],[1.91976,49.10545],[1.91551,49.10724],[1.91385,49.10798],[1.91696,49.11111],[1.91432,49.1125],[1.91415,49.11256],[1.91319,49.11265],[1.91554,49.11515],[1.91054,49.11823],[1.90895,49.11925],[1.90879,49.11938],[1.90884,49.11962],[1.90842,49.11981]]]}},
{"type":"Feature","properties":{"ID":"COMMUNE_0000000009735511","INSEE_COM":"95210","INSEE_ARR":"2","INSEE_COL":"95D","INSEE_DEP":"95","INSEE_REG":"11","NOM":"Enghien-les-Bains","CL_DEPART":"Non","CL_REGION":"Non","SIREN_EPCI":"200056380","SIREN_SI":257500017,"NOM_SI":"S.E.D.I.F."},"geometry":{"type":"Polygon","coordinates":[[[2.313,48.96241],[2.31098,48.96216],[2.31089,48.962],[2.31079,48.96193],[2.31037,48.96175],[2.30935,48.9627],[2.30894,48.96351],[2.30752,48.96293],[2.30714,48.96274],[2.30677,48.963],[2.30508,48.96222],[2.30354,48.96367],[2.3031,48.96404],[2.30132,48.96539],[2.3005,48.96573],[2.30046,48.9657],[2.29922,48.96615],[2.29815,48.96665],[2.29733,48.967],[2.29653,48.96742],[2.29368,48.9685],[2.29304,48.96878],[2.29293,48.96899],[2.29302,48.96914],[2.29408,48.96949],[2.29457,48.96955],[2.29498,48.96955],[2.29432,48.96985],[2.29376,48.97023],[2.29341,48.97055],[2.29315,48.97083],[2.29298,48.9711],[2.29297,48.97122],[2.29303,48.97141],[2.29323,48.97158],[2.29388,48.97186],[2.295,48.97217],[2.29539,48.97243],[2.29553,48.97263],[2.29562,48.97288],[2.29566,48.97336],[2.29559,48.97424],[2.29578,48.97449],[2.29586,48.97455],[2.2963,48.97468],[2.29827,48.97513],[2.29948,48.97527],[2.30142,48.9754],[2.30101,48.97614],[2.30111,48.97616],[2.30102,48.97703],[2.30296,48.97866],[2.30414,48.97947],[2.30553,48.97838],[2.3068,48.97748],[2.307,48.97737],[2.30832,48.97507],[2.30923,48.97407],[2.31007,48.97294],[2.31067,48.97191],[2.30979,48.9712],[2.30973,48.97072],[2.31168,48.96939],[2.31298,48.96861],[2.31524,48.96713],[2.317,48.96589],[2.31675,48.96535],[2.31623,48.96472],[2.31591,48.96414],[2.3131,48.9625],[2.313,48.96241]]]}},
{"type":"Feature","properties":{"ID":"COMMUNE_0000000009735020","INSEE_COM":"95019","INSEE_ARR":"2","INSEE_COL":"95D","INSEE_DEP":"95","INSEE_REG":"11","NOM":"Arnouville","CL_DEPART":"Non","CL_REGION":"Non","SIREN_EPCI":"200055655","SIREN_SI":200095909,"NOM_SI":"S.I. D'ALIMENTATION EN EAU POTABLE DE TREMBLAY EN FRANCE/CLAYE SOUILLY"},"geometry":{"type":"Polygon","coordinates":[[[2.42446,48.97485],[2.42422,48.97491],[2.4241,48.97505],[2.42385,48.97522],[2.42345,48.97532],[2.42337,48.97537],[2.42327,48.97546],[2.42307,48.97576],[2.42255,48.9761],[2.42239,48.97625],[2.42234,48.97637],[2.42116,48.97657],[2.42124,48.97676],[2.42109,48.97691],[2.42109,48.97711],[2.41967,48.97753],[2.41908,48.97774],[2.41866,48.97783],[2.41823,48.97796],[2.41816,48.97783],[2.41802,48.97786],[2.41796,48.97782],[2.41779,48.97782],[2.41771,48.97788],[2.41774,48.97796],[2.41763,48.97799],[2.41772,48.97813],[2.4166,48.97847],[2.41754,48.97989],[2.41738,48.97993],[2.41748,48.98012],[2.41719,48.98023],[2.4168,48.98047],[2.41621,48.98071],[2.41535,48.98092],[2.41445,48.98099],[2.41311,48.98103],[2.41227,48.98089],[2.41002,48.98131],[2.40819,48.98222],[2.40759,48.98225],[2.40743,48.98256],[2.40716,48.98276],[2.40443,48.98286],[2.40413,48.98304],[2.40387,48.98223],[2.40138,48.98272],[2.40176,48.98475],[2.40115,48.98478],[2.4023,48.98664],[2.40334,48.98803],[2.40353,48.98796],[2.4046,48.98902],[2.40481,48.98891],[2.40572,48.98981],[2.40629,48.98953],[2.40821,48.99193],[2.40931,48.99366],[2.40987,48.99354],[2.41005,48.99384],[2.41105,48.99367],[2.41187,48.99359],[2.41195,48.99381],[2.4138,48.99377],[2.41403,48.99516],[2.41558,48.99523],[2.41505,48.99649],[2.41448,48.99804],[2.41642,48.99816],[2.41647,48.99862],[2.41699,48.99837],[2.42043,48.99627],[2.42219,48.99452],[2.42117,48.99431],[2.42181,48.99309],[2.42258,48.99318],[2.42314,48.99254],[2.42408,48.98978],[2.42452,48.98873],[2.42548,48.9874],[2.42661,48.98597],[2.42689,48.98538],[2.42728,48.98537],[2.42959,48.98373],[2.43062,48.98288],[2.43217,48.98047],[2.43226,48.98041],[2.43226,48.98033],[2.43236,48.98009],[2.43238,48.97995],[2.43235,48.97988],[2.43217,48.97975],[2.43166,48.9795],[2.43092,48.97894],[2.43047,48.97881],[2.4268,48.97745],[2.42525,48.9768],[2.42522,48.97596],[2.4248,48.97522],[2.42481,48.97494],[2.42446,48.97485]]]}},
{"type":"Feature","properties":{"ID":"COMMUNE_0000000009733978","INSEE_COM":"60172","INSEE_ARR":"4","INSEE_COL":"60D","INSEE_DEP":"60","INSEE_REG":"32","NOM":"Coye-la-Forêt","CL_DEPART":"Non","CL_REGION":"Non","SIREN_EPCI":"246000764","SIREN_SI":259500577,"NOM_SI":"S.I. D'EXPLOITATION DES CHAMPS CAPTANTS D'ASNIERES-SUR-OISE (S.I.E.C.C.A.O.)"},"geometry":{"type":"Polygon","coordinates":[[[2.43548,49.13405],[2.43673,49.13663],[2.43756,49.13861],[2.4389,49.14164],[2.44039,49.14481],[2.44078,49.14591],[2.44138,49.14578],[2.44179,49.14552],[2.44198,49.14551],[2.4424,49.14556],[2.44259,49.14543],[2.44388,49.14516],[2.44421,49.14512],[2.44486,49.14487],[2.44505,49.14484],[2.44554,49.14487],[2.44591,49.14478],[2.4461,49.1447],[2.44655,49.14477],[2.44689,49.14475],[2.44769,49.14459],[2.44773,49.14462],[2.44739,49.14569],[2.4477,49.14572],[2.44792,49.14577],[2.44816,49.1467],[2.44912,49.14668],[2.44904,49.14709],[2.44965,49.14723],[2.45065,49.14722],[2.4517,49.14733],[2.45338,49.1477],[2.45339,49.14764],[2.45393,49.14774],[2.45436,49.14778],[2.45515,49.1478],[2.4546,49.14899],[2.45473,49.149],[2.45546,49.14937],[2.45888,49.14995],[2.46019,49.15021],[2.46145,49.15054],[2.46314,49.15026],[2.46327,49.15027],[2.46346,49.15033],[2.46362,49.15017],[2.46378,49.15016],[2.46551,49.1508],[2.46668,49.15111],[2.46731,49.15132],[2.46758,49.15137],[2.46804,49.15153],[2.46781,49.15183],[2.46743,49.15219],[2.46764,49.15261],[2.46768,49.15275],[2.46766,49.15286],[2.468,49.15307],[2.46891,49.15376],[2.4695,49.15408],[2.47002,49.15444],[2.47076,49.15468],[2.47125,49.15486],[2.47191,49.15521],[2.47207,49.15534],[2.47285,49.15557],[2.47384,49.15578],[2.48111,49.15756],[2.4821,49.15776],[2.48279,49.15794],[2.48289,49.15798],[2.48275,49.15801],[2.48348,49.1586],[2.48416,49.15908],[2.48595,49.15934],[2.48712,49.15973],[2.4879,49.15926],[2.48975,49.15805],[2.49505,49.15859],[2.49568,49.15854],[2.49567,49.1585],[2.49454,49.15797],[2.49451,49.15792],[2.49456,49.15747],[2.49456,49.15667],[2.4953,49.15666],[2.49574,49.15671],[2.49642,49.15683],[2.49704,49.15701],[2.49764,49.15706],[2.49874,49.15703],[2.49925,49.15692],[2.50015,49.15684],[2.50002,49.15665],[2.49948,49.15609],[2.49175,49.14732],[2.49167,49.14719],[2.48473,49.13923],[2.48491,49.13908],[2.4842,49.13872],[2.48431,49.13857],[2.48457,49.13852],[2.48418,49.13637],[2.48263,49.13259],[2.47876,49.13099],[2.47867,49.13101],[2.47761,49.13097],[2.4753,49.13098],[2.47174,49.13508],[2.47154,49.1354],[2.47119,49.13526],[2.47081,49.1353],[2.47063,49.13504],[2.46971,49.13529],[2.4695,49.13468],[2.46883,49.13473],[2.46884,49.13491],[2.46756,49.13501],[2.46763,49.13605],[2.46759,49.1361],[2.4648,49.13611],[2.46484,49.13625],[2.46129,49.13614],[2.46119,49.13676],[2.46114,49.13674],[2.46246,49.13926],[2.45893,49.14085],[2.45887,49.1409],[2.45858,49.14078],[2.45854,49.14081],[2.45785,49.14081],[2.45752,49.14064],[2.45696,49.14054],[2.45592,49.14],[2.45528,49.13974],[2.45435,49.1393],[2.45386,49.13901],[2.45358,49.13881],[2.45374,49.13861],[2.45195,49.13781],[2.45023,49.13721],[2.44858,49.13638],[2.4477,49.13601],[2.44599,49.13562],[2.44313,49.13514],[2.44202,49.1349],[2.4403,49.13418],[2.44,49.13416],[2.43895,49.13428],[2.43842,49.13428],[2.43755,49.13441],[2.43657,49.13427],[2.43548,49.13405]]]}},
{"type":"Feature","properties":{"ID":"COMMUNE_0000000009733510","INSEE_COM":"95023","INSEE_ARR":"3","INSEE_COL":"95D","INSEE_DEP":"95","INSEE_REG":"11","NOM":"Arronville","CL_DEPART":"Non","CL_REGION":"Non","SIREN_EPCI":"249500430","SIREN_SI":259501831,"NOM_SI":"S.I. D'ALIMENTATION EN EAU POTABLE D'ARRONVILLE-BERVILLE"},"geometry":{"type":"Polygon","coordinates":[[[2.07276,49.16993],[2.0751,49.17033],[2.07546,49.17128],[2.07623,49.1731],[2.07635,49.17332],[2.07679,49.17477],[2.0755,49.17462],[2.08138,49.18007],[2.08441,49.18314],[2.08526,49.18478],[2.08545,49.18506],[2.08511,49.18529],[2.084,49.1859],[2.08536,49.18694],[2.08606,49.18797],[2.08829,49.18762],[2.08907,49.18998],[2.08915,49.19034],[2.08986,49.19039],[2.09182,49.19032],[2.09225,49.19037],[2.0931,49.19042],[2.09448,49.19022],[2.09569,49.19009],[2.09677,49.18979],[2.09772,49.18917],[2.10206,49.19044],[2.10302,49.18908],[2.10362,49.18891],[2.10549,49.18958],[2.10671,49.19005],[2.10765,49.19023],[2.10835,49.19045],[2.10888,49.19071],[2.10901,49.19081],[2.10908,49.19093],[2.10912,49.19093],[2.10951,49.19076],[2.1095,49.19059],[2.10956,49.19056],[2.10941,49.1901],[2.10937,49.19007],[2.10998,49.18957],[2.10996,49.18938],[2.10984,49.18918],[2.10953,49.18888],[2.1097,49.18879],[2.11052,49.18747],[2.11063,49.18743],[2.11104,49.18698],[2.11182,49.18729],[2.11282,49.1875],[2.11334,49.18654],[2.11391,49.18667],[2.11422,49.18669],[2.11632,49.18696],[2.11636,49.18691],[2.11763,49.18724],[2.11783,49.18732],[2.11794,49.18721],[2.11851,49.18744],[2.11856,49.1874],[2.12232,49.18896],[2.12305,49.18947],[2.12387,49.18991],[2.125,49.19058],[2.12526,49.19126],[2.1255,49.19164],[2.12559,49.19174],[2.12584,49.19178],[2.12589,49.19167],[2.12599,49.19171],[2.12549,49.19285],[2.12739,49.19322],[2.12797,49.1934],[2.12798,49.19359],[2.12959,49.19292],[2.13065,49.19253],[2.13,49.19156],[2.13184,49.19066],[2.13522,49.19118],[2.13519,49.19072],[2.13524,49.19049],[2.13515,49.1883],[2.13627,49.18338],[2.13684,49.18135],[2.13692,49.1808],[2.13682,49.17999],[2.13648,49.179],[2.14076,49.17892],[2.14087,49.18153],[2.14111,49.18151],[2.14108,49.18231],[2.14118,49.18304],[2.14131,49.18357],[2.14124,49.18589],[2.14178,49.18603],[2.14381,49.18691],[2.1462,49.18781],[2.14681,49.18802],[2.14728,49.18805],[2.14805,49.18503],[2.15209,49.18356],[2.15238,49.18382],[2.15576,49.18275],[2.15601,49.18285],[2.15614,49.18312],[2.15916,49.18152],[2.15909,49.1814],[2.15907,49.18124],[2.16005,49.18063],[2.16108,49.17991],[2.1617,49.17959],[2.16181,49.17968],[2.16242,49.17955],[2.16405,49.17977],[2.16454,49.17953],[2.16502,49.17893],[2.16323,49.1773],[2.1615,49.176],[2.16075,49.17448],[2.16067,49.17437],[2.16039,49.17414],[2.1593,49.1734],[2.15831,49.17278],[2.15632,49.17183],[2.15515,49.1711],[2.15469,49.17074],[2.15409,49.17019],[2.15343,49.16952],[2.15024,49.16742],[2.14892,49.16634],[2.14837,49.16645],[2.14698,49.16684],[2.14649,49.16692],[2.14632,49.16682],[2.14591,49.1669],[2.14294,49.16823],[2.1421,49.16867],[2.13945,49.17084],[2.13929,49.17193],[2.13913,49.17226],[2.1375,49.17455],[2.12901,49.17592],[2.12741,49.17305],[2.12693,49.17178],[2.12697,49.17118],[2.12728,49.17006],[2.12725,49.1697],[2.12719,49.1695],[2.12692,49.1692],[2.12683,49.16895],[2.12683,49.16815],[2.12691,49.16788],[2.1259,49.16281],[2.12822,49.16033],[2.12595,49.15991],[2.1249,49.15974],[2.12236,49.15969],[2.12151,49.15773],[2.11808,49.15515],[2.11777,49.15519],[2.11714,49.15321],[2.11402,49.15428],[2.11112,49.15535],[2.10622,49.15705],[2.10646,49.1574],[2.10637,49.15741],[2.10609,49.15767],[2.10578,49.15789],[2.10557,49.15801],[2.10535,49.15807],[2.1032,49.15835],[2.10227,49.15831],[2.10176,49.15816],[2.09666,49.15836],[2.0954,49.15862],[2.09433,49.15895],[2.09396,49.15922],[2.09364,49.15936],[2.09332,49.1596],[2.09289,49.16012],[2.09285,49.16068],[2.09268,49.16069],[2.09173,49.1603],[2.08872,49.16031],[2.08709,49.16055],[2.0872,49.16158],[2.08723,49.16319],[2.08362,49.1628],[2.08279,49.16296],[2.08154,49.16279],[2.08096,49.16216],[2.08081,49.16179],[2.07877,49.16206],[2.07736,49.16207],[2.07737,49.16339],[2.07554,49.16316],[2.0751,49.16418],[2.07484,49.16513],[2.07311,49.16736],[2.07276,49.16993]]]}},
{"type":"Feature","properties":{"ID":"COMMUNE_0000000009733533","INSEE_COM":"95119","INSEE_ARR":"3","INSEE_COL":"95D","INSEE_DEP":"95","INSEE_REG":"11","NOM":"Buhy","CL_DEPART":"Non","CL_REGION":"Non","SIREN_EPCI":"249500513","SIREN_SI":259500684,"NOM_SI":"S.I. ET INTERDEPARTEMENTAL DES EAUX DE BRAY-ET-LU"},"geometry":{"type":"Polygon","coordinates":[[[1.71553,49.20266],[1.71674,49.20274],[1.71841,49.20278],[1.71887,49.20219],[1.71989,49.20154],[1.72029,49.20199],[1.72046,49.20213],[1.72091,49.20238],[1.72112,49.20245],[1.7215,49.20252],[1.72179,49.20253],[1.72208,49.2025],[1.7222,49.20196],[1.72235,49.2015],[1.72279,49.20143],[1.72253,49.20097],[1.72433,49.2007],[1.72505,49.20078],[1.72524,49.1999],[1.72481,49.19987],[1.72571,49.19611],[1.72581,49.19546],[1.72581,49.19463],[1.72584,49.19462],[1.72587,49.19433],[1.72346,49.19407],[1.72354,49.19228],[1.71973,49.19131],[1.71909,49.18961],[1.72005,49.18921],[1.71868,49.18791],[1.71939,49.18754],[1.71871,49.18645],[1.71931,49.1865],[1.71898,49.18611],[1.71837,49.18522],[1.7182,49.18484],[1.71804,49.18468],[1.71799,49.18464],[1.71753,49.18469],[1.7172,49.1843],[1.71566,49.18412],[1.71547,49.18415],[1.71541,49.18441],[1.71345,49.18452],[1.71342,49.18347],[1.7132,49.18347],[1.71258,49.18356],[1.71156,49.18253],[1.71046,49.18077],[1.71115,49.18046],[1.71167,49.18071],[1.71227,49.18048],[1.71193,49.17972],[1.71239,49.1796],[1.71223,49.1793],[1.71283,49.17908],[1.71296,49.17897],[1.71301,49.17887],[1.71281,49.17875],[1.71188,49.17838],[1.71078,49.17753],[1.70897,49.17706],[1.7084,49.1773],[1.70809,49.1774],[1.70791,49.17741],[1.70635,49.17726],[1.70567,49.17731],[1.70542,49.17845],[1.70502,49.17874],[1.70473,49.17874],[1.70423,49.17866],[1.70344,49.17849],[1.70271,49.17842],[1.70243,49.17847],[1.70229,49.17855],[1.70193,49.17889],[1.7016,49.17947],[1.70132,49.18008],[1.70012,49.18009],[1.69972,49.18008],[1.69878,49.17996],[1.69854,49.17999],[1.69822,49.1802],[1.69786,49.18055],[1.69756,49.18068],[1.69719,49.1816],[1.69537,49.18078],[1.69507,49.18123],[1.69314,49.18009],[1.69127,49.18124],[1.69088,49.18158],[1.69052,49.18183],[1.68983,49.18216],[1.68879,49.18222],[1.6887,49.18216],[1.688,49.18215],[1.68738,49.18253],[1.68694,49.18266],[1.68465,49.18293],[1.6822,49.18406],[1.6816,49.18358],[1.68138,49.18306],[1.68111,49.18291],[1.68082,49.18267],[1.68046,49.1838],[1.68044,49.18415],[1.68029,49.18444],[1.68027,49.18462],[1.68056,49.18466],[1.68113,49.18464],[1.68327,49.18561],[1.68123,49.19043],[1.68094,49.19198],[1.68048,49.1941],[1.68409,49.19688],[1.68449,49.19692],[1.68423,49.19826],[1.6842,49.19868],[1.68624,49.2003],[1.68816,49.20311],[1.68921,49.20264],[1.69036,49.20217],[1.69405,49.20052],[1.69418,49.20061],[1.69431,49.20092],[1.69463,49.20193],[1.6947,49.20246],[1.69469,49.20376],[1.69461,49.20494],[1.69473,49.20664],[1.69934,49.20816],[1.70093,49.20809],[1.7027,49.20628],[1.70201,49.20593],[1.70225,49.20564],[1.70247,49.20551],[1.70276,49.20505],[1.70288,49.20501],[1.70307,49.20471],[1.70338,49.2045],[1.70372,49.20382],[1.70383,49.20367],[1.70379,49.20326],[1.70384,49.20284],[1.70376,49.20255],[1.70377,49.20221],[1.70373,49.20207],[1.70379,49.20113],[1.70417,49.20059],[1.7047,49.20032],[1.7053,49.19996],[1.7055,49.19982],[1.70583,49.19949],[1.70608,49.19929],[1.70809,49.20047],[1.70847,49.20074],[1.70884,49.20095],[1.70929,49.20114],[1.70973,49.20144],[1.71125,49.20185],[1.71163,49.20193],[1.71301,49.20198],[1.71353,49.20203],[1.71484,49.20228],[1.71496,49.20226],[1.71553,49.20266]]]}},
{"type":"Feature","properties":{"ID":"COMMUNE_0000000009734002","INSEE_COM":"95287","INSEE_ARR":"3","INSEE_COL":"95D","INSEE_DEP":"95","INSEE_REG":"11","NOM":"Grisy-les-Plâtres","CL_DEPART":"Non","CL_REGION":"Non","SIREN_EPCI":"200035970","SIREN_SI":259502417,"NOM_SI":"S.I. DE LA SOURCE DE BERVAL"},"geometry":{"type":"Polygon","coordinates":[[[2.0589,49.15319],[2.05973,49.15292],[2.06038,49.15275],[2.06088,49.15255],[2.06088,49.1519],[2.06106,49.15162],[2.0612,49.15117],[2.06107,49.15068],[2.06054,49.14994],[2.06056,49.14898],[2.06047,49.14856],[2.06046,49.14785],[2.0605,49.14758],[2.06085,49.147],[2.06219,49.14568],[2.06295,49.14507],[2.06417,49.14465],[2.06496,49.14427],[2.06483,49.14418],[2.06536,49.14385],[2.0665,49.14341],[2.06679,49.14357],[2.067,49.14345],[2.06732,49.14337],[2.06729,49.14313],[2.06745,49.14305],[2.06717,49.14299],[2.06728,49.14241],[2.06746,49.1424],[2.06752,49.14172],[2.06742,49.14141],[2.06738,49.14092],[2.06701,49.13988],[2.06627,49.13865],[2.06656,49.13851],[2.06632,49.1376],[2.066,49.13704],[2.06584,49.13698],[2.06554,49.13695],[2.06519,49.13664],[2.06493,49.13632],[2.06477,49.13597],[2.0648,49.13567],[2.06498,49.13536],[2.06506,49.13492],[2.06505,49.13481],[2.06467,49.13439],[2.06465,49.13427],[2.06466,49.13303],[2.06398,49.13298],[2.06434,49.13167],[2.06395,49.13145],[2.06237,49.1319],[2.06207,49.13134],[2.06192,49.1309],[2.06098,49.12922],[2.06058,49.12938],[2.05975,49.12793],[2.05958,49.128],[2.05925,49.12778],[2.05867,49.1276],[2.05789,49.12751],[2.0577,49.12762],[2.05772,49.12748],[2.05778,49.1274],[2.05818,49.12707],[2.05763,49.12691],[2.05424,49.125],[2.05401,49.12483],[2.05415,49.12463],[2.05257,49.12379],[2.05311,49.12317],[2.05002,49.1219],[2.05022,49.12149],[2.04945,49.12083],[2.04743,49.12159],[2.04741,49.11962],[2.04721,49.1182],[2.04735,49.11809],[2.04758,49.11767],[2.04769,49.11735],[2.04769,49.11716],[2.04763,49.11683],[2.04732,49.11614],[2.04702,49.11576],[2.04674,49.11553],[2.05038,49.11555],[2.05061,49.11326],[2.04972,49.11325],[2.04964,49.11322],[2.04963,49.11317],[2.05016,49.10933],[2.04709,49.10912],[2.04707,49.10808],[2.04423,49.10829],[2.0442,49.1082],[2.04173,49.10843],[2.04171,49.11075],[2.03767,49.11214],[2.03656,49.11255],[2.04211,49.11436],[2.03712,49.11797],[2.03827,49.11807],[2.03936,49.11937],[2.03728,49.12108],[2.03781,49.1216],[2.03676,49.12307],[2.03605,49.12414],[2.03644,49.12436],[2.03229,49.12638],[2.02973,49.12758],[2.0303,49.13097],[2.03044,49.13165],[2.03106,49.13382],[2.03106,49.13412],[2.03488,49.13887],[2.03365,49.13961],[2.03418,49.13993],[2.03581,49.14118],[2.04098,49.1456],[2.04402,49.14829],[2.0441,49.14824],[2.04553,49.14795],[2.04638,49.14785],[2.0469,49.14797],[2.04734,49.14819],[2.04755,49.14826],[2.05466,49.1513],[2.05496,49.15137],[2.05627,49.15231],[2.05653,49.1526],[2.05704,49.15265],[2.05745,49.15275],[2.05767,49.1529],[2.05845,49.15314],[2.05882,49.15313],[2.0589,49.15319]]]}},
{"type":"Feature","properties":{"ID":"COMMUNE_0000000009733532","INSEE_COM":"95139","INSEE_ARR":"3","INSEE_COL":"95D","INSEE_DEP":"95","INSEE_REG":"11","NOM":"La Chapelle-en-Vexin","CL_DEPART":"Non","CL_REGION":"Non","SIREN_EPCI":"249500513","SIREN_SI":259500981,"NOM_SI":"S.I. D'ALIMENTATION EN EAU POTABLE DU VEXIN OUEST"},"geometry":{"type":"Polygon","coordinates":[[[1.72587,49.19433],[1.72588,49.19417],[1.72688,49.19413],[1.72682,49.19496],[1.72781,49.19507],[1.7278,49.19504],[1.72786,49.19504],[1.72913,49.19522],[1.72989,49.19475],[1.73005,49.1947],[1.73064,49.19477],[1.73108,49.19495],[1.73157,49.19508],[1.73211,49.19519],[1.73255,49.1952],[1.73438,49.19504],[1.73535,49.19505],[1.7359,49.19501],[1.73681,49.19489],[1.73727,49.19479],[1.73727,49.19413],[1.73716,49.19379],[1.73697,49.19344],[1.73644,49.19283],[1.73989,49.19208],[1.73959,49.19122],[1.73944,49.19062],[1.74046,49.19055],[1.74058,49.1894],[1.74025,49.18833],[1.74109,49.18837],[1.74103,49.1876],[1.741,49.18567],[1.74429,49.18331],[1.7401,49.18081],[1.7424,49.17984],[1.7397,49.1776],[1.73559,49.17434],[1.7302,49.17663],[1.72963,49.17685],[1.72872,49.17699],[1.72863,49.17696],[1.72837,49.17694],[1.72743,49.17703],[1.7269,49.17667],[1.7253,49.17728],[1.72511,49.17739],[1.72491,49.17759],[1.72481,49.17764],[1.72451,49.17747],[1.72166,49.17637],[1.72117,49.17611],[1.72082,49.17581],[1.7205,49.1754],[1.72033,49.17527],[1.72011,49.1753],[1.72002,49.17525],[1.72003,49.17521],[1.72081,49.17463],[1.72139,49.17437],[1.72154,49.17424],[1.72183,49.17362],[1.72229,49.17241],[1.7222,49.172],[1.72141,49.17226],[1.72034,49.1727],[1.71911,49.1731],[1.71825,49.17332],[1.71762,49.17414],[1.71601,49.17571],[1.71539,49.17625],[1.7151,49.17644],[1.715,49.17642],[1.714,49.17727],[1.71202,49.17842],[1.71281,49.17875],[1.71301,49.17887],[1.71296,49.17897],[1.71283,49.17908],[1.71223,49.1793],[1.71239,49.1796],[1.71193,49.17972],[1.71227,49.18048],[1.71167,49.18071],[1.71115,49.18046],[1.71046,49.18077],[1.71156,49.18253],[1.71258,49.18356],[1.7132,49.18347],[1.71342,49.18347],[1.71345,49.18452],[1.71541,49.18441],[1.71547,49.18415],[1.71566,49.18412],[1.7172,49.1843],[1.71753,49.18469],[1.71799,49.18464],[1.71804,49.18468],[1.7182,49.18484],[1.71837,49.18522],[1.71898,49.18611],[1.71931,49.1865],[1.71871,49.18645],[1.71939,49.18754],[1.71868,49.18791],[1.72005,49.18921],[1.71909,49.18961],[1.71973,49.19131],[1.72354,49.19228],[1.72346,49.19407],[1.72587,49.19433]]]}},
{"type":"Feature","properties":{"ID":"COMMUNE_0000000009734519","INSEE_COM":"95091","INSEE_ARR":"2","INSEE_COL":"95D","INSEE_DEP":"95","INSEE_REG":"11","NOM":"Bouffémont","CL_DEPART":"Non","CL_REGION":"Non","SIREN_EPCI":"200056380","SIREN_SI":259500494,"NOM_SI":"S.I. D'ALIMENTATION EN EAU POTABLE DE LA REGION DE MONTSOULT"},"geometry":{"type":"Polygon","coordinates":[[[2.32183,49.05087],[2.3244,49.04459],[2.32277,49.04399],[2.32179,49.04354],[2.32134,49.04303],[2.32107,49.04287],[2.31939,49.04147],[2.31898,49.04121],[2.31768,49.04077],[2.31703,49.04048],[2.31253,49.03764],[2.31226,49.03743],[2.31107,49.03882],[2.31027,49.03998],[2.30836,49.03859],[2.30761,49.03829],[2.30725,49.0385],[2.30692,49.03878],[2.30612,49.0382],[2.30571,49.03725],[2.30151,49.03684],[2.30153,49.03647],[2.30128,49.03515],[2.30115,49.03474],[2.30113,49.03426],[2.30097,49.03404],[2.2992,49.03511],[2.29837,49.03411],[2.29821,49.03311],[2.29731,49.0324],[2.29577,49.03209],[2.29556,49.032],[2.29514,49.03168],[2.29501,49.0315],[2.29416,49.03085],[2.29369,49.03041],[2.29008,49.03158],[2.28791,49.0322],[2.28663,49.03261],[2.28543,49.03309],[2.28343,49.03312],[2.28326,49.03354],[2.28318,49.03363],[2.28291,49.03377],[2.27842,49.03517],[2.27728,49.03554],[2.27685,49.03574],[2.2766,49.03582],[2.27647,49.03582],[2.27575,49.036],[2.27462,49.03634],[2.27497,49.03829],[2.2752,49.03985],[2.27666,49.0418],[2.27671,49.04185],[2.27746,49.042],[2.27805,49.04219],[2.27939,49.04293],[2.28011,49.04316],[2.2812,49.0437],[2.28164,49.04413],[2.28193,49.04437],[2.28305,49.04525],[2.28354,49.04553],[2.28371,49.04566],[2.28397,49.04596],[2.28427,49.04617],[2.28462,49.04655],[2.28447,49.04781],[2.28446,49.04844],[2.28455,49.04871],[2.28477,49.04897],[2.28579,49.04991],[2.28587,49.05002],[2.28619,49.05023],[2.28634,49.05002],[2.29027,49.04631],[2.2937,49.048],[2.29482,49.04869],[2.29511,49.04851],[2.29531,49.04866],[2.29651,49.04936],[2.29698,49.0496],[2.29746,49.04981],[2.29852,49.0501],[2.2999,49.0503],[2.30076,49.0489],[2.30078,49.0487],[2.30071,49.04858],[2.3006,49.04848],[2.30148,49.0481],[2.30251,49.04771],[2.30369,49.04731],[2.30407,49.04713],[2.3043,49.04698],[2.30628,49.04698],[2.3068,49.04694],[2.30674,49.04721],[2.30823,49.04766],[2.30867,49.04782],[2.31135,49.04894],[2.31256,49.0494],[2.31596,49.04941],[2.31698,49.04939],[2.31712,49.04942],[2.31723,49.04964],[2.31747,49.04984],[2.31761,49.04992],[2.32048,49.05065],[2.32183,49.05087]]]}},
{"type":"Feature","properties":{"ID":"COMMUNE_0000000009733527","INSEE_COM":"95554","INSEE_ARR":"3","INSEE_COL":"95D","INSEE_DEP":"95","INSEE_REG":"11","NOM":"Saint-Gervais","CL_DEPART":"Non","CL_REGION":"Non","SIREN_EPCI":"249500513","SIREN_SI":259500981,"NOM_SI":"S.I. D'ALIMENTATION EN EAU POTABLE DU VEXIN OUEST"},"geometry":{"type":"Polygon","coordinates":[[[1.77639,49.18488],[1.77696,49.185],[1.77752,49.18403],[1.77923,49.18423],[1.77915,49.18434],[1.7809,49.18454],[1.78093,49.18432],[1.78298,49.18504],[1.78415,49.18551],[1.7848,49.18582],[1.7867,49.18416],[1.78637,49.18308],[1.7877,49.18226],[1.78863,49.18149],[1.7897,49.18179],[1.79094,49.17997],[1.79363,49.18027],[1.79378,49.17949],[1.79426,49.1795],[1.7965,49.17975],[1.79776,49.17994],[1.79794,49.17525],[1.79791,49.17442],[1.7965,49.16736],[1.79891,49.16608],[1.79704,49.16473],[1.7963,49.16424],[1.79599,49.16414],[1.79539,49.16352],[1.79623,49.16324],[1.79617,49.16284],[1.79599,49.16238],[1.79566,49.16237],[1.79547,49.16243],[1.79516,49.16239],[1.79367,49.1624],[1.79307,49.16246],[1.79262,49.16258],[1.79224,49.16182],[1.7917,49.16194],[1.79011,49.16268],[1.79007,49.16283],[1.78991,49.16286],[1.78974,49.16244],[1.78944,49.16192],[1.78842,49.16093],[1.78803,49.16135],[1.78752,49.16114],[1.78689,49.16047],[1.78674,49.16038],[1.78329,49.15861],[1.78316,49.15864],[1.78322,49.15923],[1.78309,49.1598],[1.7828,49.16046],[1.78259,49.16081],[1.78217,49.16137],[1.77991,49.16376],[1.77797,49.16287],[1.77772,49.16301],[1.77469,49.16165],[1.77444,49.16221],[1.77417,49.16261],[1.77389,49.16291],[1.77362,49.16306],[1.77148,49.16196],[1.77076,49.16156],[1.76985,49.16117],[1.77362,49.15773],[1.77428,49.15755],[1.77429,49.15738],[1.77393,49.15722],[1.77615,49.15603],[1.77599,49.15596],[1.77545,49.15547],[1.77541,49.15529],[1.77546,49.15511],[1.77577,49.15475],[1.77658,49.15406],[1.77706,49.15373],[1.77674,49.15367],[1.77661,49.1536],[1.77619,49.15349],[1.77526,49.15309],[1.77372,49.15225],[1.77342,49.15214],[1.77309,49.15211],[1.77258,49.15268],[1.77053,49.15216],[1.77045,49.15223],[1.76934,49.15199],[1.76829,49.15171],[1.76794,49.15158],[1.76788,49.15159],[1.76783,49.15164],[1.76775,49.15158],[1.76756,49.15153],[1.75627,49.14962],[1.75635,49.14946],[1.75684,49.14893],[1.75604,49.14884],[1.7555,49.14875],[1.75391,49.14843],[1.75295,49.14816],[1.75257,49.1481],[1.75275,49.14753],[1.75276,49.14527],[1.75242,49.14527],[1.75198,49.14535],[1.74941,49.14583],[1.74876,49.14601],[1.74791,49.14635],[1.74749,49.14648],[1.74635,49.14673],[1.74386,49.14713],[1.74356,49.14654],[1.74312,49.14666],[1.74203,49.14684],[1.74126,49.1472],[1.73861,49.1474],[1.73888,49.1483],[1.73945,49.1509],[1.73984,49.15186],[1.74001,49.15204],[1.74085,49.15257],[1.74103,49.15272],[1.74128,49.153],[1.74157,49.15353],[1.74173,49.15401],[1.74138,49.15452],[1.74173,49.15456],[1.7415,49.15525],[1.7414,49.15535],[1.74128,49.15647],[1.74109,49.15713],[1.74025,49.15866],[1.7432,49.16136],[1.74426,49.1625],[1.7442,49.16253],[1.74491,49.16322],[1.74275,49.16407],[1.73985,49.16491],[1.73797,49.16552],[1.73772,49.16537],[1.73706,49.16483],[1.73579,49.16548],[1.735,49.16582],[1.73402,49.16611],[1.73267,49.16665],[1.73254,49.16635],[1.73185,49.16643],[1.73014,49.16737],[1.72625,49.16571],[1.72618,49.16565],[1.72593,49.1657],[1.72562,49.16566],[1.72473,49.16545],[1.72357,49.16509],[1.72244,49.16479],[1.72108,49.16583],[1.72043,49.16531],[1.71767,49.16629],[1.71909,49.16786],[1.72056,49.16918],[1.72083,49.1697],[1.72105,49.16997],[1.7214,49.17026],[1.7222,49.172],[1.72229,49.17241],[1.72183,49.17362],[1.72154,49.17424],[1.72139,49.17437],[1.72081,49.17463],[1.72003,49.17521],[1.72002,49.17525],[1.72011,49.1753],[1.72033,49.17527],[1.7205,49.1754],[1.72082,49.17581],[1.72117,49.17611],[1.72166,49.17637],[1.72451,49.17747],[1.72481,49.17764],[1.72491,49.17759],[1.72511,49.17739],[1.7253,49.17728],[1.7269,49.17667],[1.72743,49.17703],[1.72837,49.17694],[1.72863,49.17696],[1.72872,49.17699],[1.72963,49.17685],[1.7302,49.17663],[1.73559,49.17434],[1.7397,49.1776],[1.7424,49.17984],[1.75093,49.17624],[1.75184,49.17581],[1.75236,49.17547],[1.75318,49.17532],[1.75486,49.17459],[1.76695,49.18003],[1.76717,49.18009],[1.77686,49.18415],[1.77639,49.18488]]]}},
{"type":"Feature","properties":{"ID":"COMMUNE_0000000009735039","INSEE_COM":"95051","INSEE_ARR":"1","INSEE_COL":"95D","INSEE_DEP":"95","INSEE_REG":"11","NOM":"Beauchamp","CL_DEPART":"Non","CL_REGION":"Non","SIREN_EPCI":"200058485","SIREN_SI":257500017,"NOM_SI":"S.E.D.I.F."},"geometry":{"type":"Polygon","coordinates":[[[2.215,49.00353],[2.21448,49.00293],[2.21324,49.00169],[2.21192,49.00223],[2.20859,49.00343],[2.20042,49.00647],[2.19923,49.00694],[2.19711,49.00768],[2.19698,49.00775],[2.19381,49.0086],[2.19364,49.00864],[2.1935,49.00862],[2.17298,49.01417],[2.17326,49.0145],[2.17342,49.01481],[2.17478,49.01679],[2.17503,49.0167],[2.17676,49.01877],[2.17748,49.0197],[2.17754,49.01988],[2.17805,49.02046],[2.17852,49.02109],[2.1791,49.02164],[2.17958,49.02234],[2.18075,49.02375],[2.18116,49.02415],[2.18277,49.02544],[2.18314,49.02528],[2.18475,49.02431],[2.18535,49.02403],[2.18673,49.02324],[2.18958,49.02184],[2.19211,49.02167],[2.19417,49.02142],[2.1979,49.02089],[2.20372,49.01979],[2.20576,49.01957],[2.20538,49.01886],[2.20478,49.01788],[2.20353,49.01559],[2.20315,49.01375],[2.2055,49.01298],[2.20147,49.00802],[2.20793,49.00581],[2.20947,49.00533],[2.21011,49.00508],[2.215,49.00353]]]}},
{"type":"Feature","properties":{"ID":"COMMUNE_0000000009733977","INSEE_COM":"60482","INSEE_ARR":"4","INSEE_COL":"60D","INSEE_DEP":"60","INSEE_REG":"32","NOM":"Orry-la-Ville","CL_DEPART":"Non","CL_REGION":"Non","SIREN_EPCI":"246000764","SIREN_SI":259500577,"NOM_SI":"S.I. D'EXPLOITATION DES CHAMPS CAPTANTS D'ASNIERES-SUR-OISE (S.I.E.C.C.A.O.)"},"geometry":{"type":"Polygon","coordinates":[[[2.49908,49.12224],[2.48731,49.12565],[2.47531,49.12846],[2.47751,49.13098],[2.47867,49.13101],[2.47876,49.13099],[2.48263,49.13259],[2.48418,49.13637],[2.48457,49.13852],[2.48431,49.13857],[2.4842,49.13872],[2.48491,49.13908],[2.48473,49.13923],[2.49167,49.14719],[2.49175,49.14732],[2.49948,49.15609],[2.50002,49.15665],[2.50015,49.15684],[2.49925,49.15692],[2.49874,49.15703],[2.49764,49.15706],[2.49704,49.15701],[2.49642,49.15683],[2.49574,49.15671],[2.4953,49.15666],[2.49456,49.15667],[2.49456,49.15747],[2.49451,49.15792],[2.49454,49.15797],[2.49567,49.1585],[2.49854,49.1583],[2.50004,49.15829],[2.50157,49.15832],[2.50176,49.15836],[2.50384,49.15916],[2.50482,49.15948],[2.50712,49.15935],[2.50746,49.15915],[2.50814,49.15867],[2.50841,49.15842],[2.50927,49.15866],[2.51623,49.15958],[2.52332,49.16046],[2.52406,49.16054],[2.52418,49.16047],[2.5243,49.16051],[2.52476,49.15933],[2.52591,49.1568],[2.52427,49.15514],[2.52365,49.15429],[2.52367,49.15425],[2.52372,49.15429],[2.52397,49.15424],[2.52411,49.15425],[2.52478,49.15454],[2.5252,49.15468],[2.52573,49.15478],[2.52912,49.155],[2.52991,49.15499],[2.53095,49.15475],[2.53161,49.15453],[2.53191,49.15438],[2.53277,49.15381],[2.53374,49.1534],[2.53355,49.15277],[2.53317,49.15213],[2.53307,49.15212],[2.53287,49.15166],[2.53253,49.15058],[2.53306,49.15046],[2.53269,49.14942],[2.53358,49.14929],[2.53325,49.14868],[2.53237,49.14646],[2.53257,49.14643],[2.53446,49.1497],[2.53506,49.14947],[2.53647,49.14851],[2.54199,49.14525],[2.54109,49.14387],[2.53811,49.13959],[2.53585,49.1399],[2.53336,49.14013],[2.53255,49.13995],[2.53108,49.13948],[2.52859,49.1388],[2.5286,49.13869],[2.52669,49.13839],[2.52676,49.13729],[2.52719,49.13733],[2.52639,49.13555],[2.5256,49.13561],[2.52526,49.13451],[2.52443,49.13445],[2.52407,49.13389],[2.52344,49.13235],[2.52253,49.13144],[2.52395,49.13092],[2.52676,49.12996],[2.52714,49.12864],[2.52726,49.12865],[2.5278,49.12742],[2.52817,49.12749],[2.52775,49.12586],[2.52567,49.12441],[2.52416,49.12344],[2.5237,49.123],[2.51849,49.12727],[2.5181,49.1276],[2.51803,49.12776],[2.5179,49.12766],[2.51752,49.12764],[2.51729,49.12758],[2.51526,49.12685],[2.51482,49.12666],[2.51432,49.12635],[2.51437,49.12633],[2.51377,49.12567],[2.51351,49.12333],[2.51044,49.12339],[2.50623,49.12451],[2.50336,49.12498],[2.50329,49.12497],[2.49908,49.12224]]]}},
{"type":"Feature","properties":{"ID":"COMMUNE_0000000009734557","INSEE_COM":"95543","INSEE_ARR":"3","INSEE_COL":"95D","INSEE_DEP":"95","INSEE_REG":"11","NOM":"Saint-Cyr-en-Arthies","CL_DEPART":"Non","CL_REGION":"Non","SIREN_EPCI":"249500513","SIREN_SI":257801175,"NOM_SI":"SYNDICAT INTERCOMMUNAL DES EAUX DE LA VIOSNE, DE L’AUBETTE ET DE LA MONTCIENT (SIEVAM)"},"geometry":{"type":"Polygon","coordinates":[[[1.73549,49.04874],[1.73347,49.0496],[1.73186,49.05051],[1.7313,49.05117],[1.73078,49.05157],[1.73065,49.05181],[1.73053,49.05221],[1.73039,49.05244],[1.7303,49.0525],[1.728,49.05331],[1.7277,49.05354],[1.72698,49.05385],[1.7255,49.0539],[1.7252,49.05394],[1.72501,49.05459],[1.72389,49.05491],[1.72416,49.05505],[1.72446,49.05531],[1.72486,49.05554],[1.72505,49.05573],[1.72541,49.05624],[1.72621,49.05776],[1.72746,49.05902],[1.72828,49.05966],[1.72799,49.06009],[1.72848,49.05994],[1.72939,49.05957],[1.72986,49.06156],[1.73018,49.06254],[1.73474,49.06481],[1.73449,49.06493],[1.73409,49.06525],[1.73432,49.0654],[1.73429,49.06555],[1.73431,49.06565],[1.73456,49.06594],[1.73491,49.06615],[1.73527,49.0666],[1.7358,49.06636],[1.73669,49.06706],[1.73737,49.06778],[1.73763,49.06793],[1.73777,49.06807],[1.73783,49.06826],[1.73782,49.06852],[1.73813,49.06866],[1.73902,49.06922],[1.74003,49.07016],[1.74073,49.07098],[1.74092,49.07111],[1.74104,49.07115],[1.74104,49.0715],[1.74087,49.07267],[1.7421,49.07275],[1.74345,49.0732],[1.74398,49.07318],[1.74449,49.0732],[1.74554,49.07315],[1.74541,49.07286],[1.74633,49.07284],[1.74765,49.07041],[1.74766,49.06949],[1.74778,49.06938],[1.74821,49.06838],[1.74826,49.06837],[1.74828,49.06681],[1.74826,49.06633],[1.74819,49.06601],[1.74979,49.06549],[1.75062,49.06527],[1.75087,49.06513],[1.75101,49.06519],[1.75127,49.06518],[1.75237,49.06502],[1.75326,49.06497],[1.7542,49.06505],[1.7555,49.06523],[1.75579,49.06484],[1.75592,49.06476],[1.7567,49.06391],[1.75706,49.06408],[1.75773,49.06346],[1.75842,49.0638],[1.75926,49.06309],[1.75692,49.06166],[1.75611,49.06139],[1.75349,49.06009],[1.75424,49.0597],[1.75482,49.05955],[1.75672,49.05851],[1.7572,49.05832],[1.75749,49.05799],[1.75386,49.05654],[1.75314,49.05603],[1.75273,49.0562],[1.74956,49.05355],[1.75056,49.05087],[1.75119,49.04797],[1.74923,49.04806],[1.74927,49.04814],[1.748,49.04844],[1.74779,49.04792],[1.74618,49.04817],[1.74579,49.04753],[1.73934,49.04824],[1.73549,49.04874]]]}},
{"type":"Feature","properties":{"ID":"COMMUNE_0000000009733025","INSEE_COM":"60212","INSEE_ARR":"4","INSEE_COL":"60D","INSEE_DEP":"60","INSEE_REG":"32","NOM":"Ercuis","CL_DEPART":"Non","CL_REGION":"Non","SIREN_EPCI":"200067973","SIREN_SI":256000335,"NOM_SI":"S.I. DES EAUX DU PLATEAU DE LA THELLE (S.I.E.) (60)"},"geometry":{"type":"Polygon","coordinates":[[[2.30136,49.22176],[2.30018,49.22203],[2.29737,49.22259],[2.29729,49.2227],[2.29692,49.22717],[2.29646,49.22957],[2.29629,49.22987],[2.2958,49.23049],[2.29491,49.23194],[2.29407,49.23273],[2.2922,49.23428],[2.29638,49.23666],[2.2963,49.23689],[2.29508,49.23806],[2.29928,49.24044],[2.29924,49.24058],[2.2986,49.24134],[2.30429,49.24461],[2.29883,49.25084],[2.29898,49.25101],[2.29926,49.25118],[2.30129,49.25194],[2.30134,49.2519],[2.3026,49.25251],[2.30281,49.25231],[2.30292,49.25236],[2.30336,49.25257],[2.30318,49.25263],[2.30502,49.25369],[2.30605,49.25286],[2.30621,49.25294],[2.30635,49.2528],[2.30713,49.2531],[2.3074,49.25296],[2.30713,49.25286],[2.30775,49.25262],[2.30851,49.2524],[2.30734,49.25181],[2.31341,49.24645],[2.30934,49.24412],[2.30941,49.24408],[2.30954,49.24413],[2.3101,49.24374],[2.30982,49.24362],[2.3105,49.24302],[2.31106,49.24233],[2.3113,49.24181],[2.31137,49.24121],[2.31127,49.24067],[2.31112,49.24034],[2.31094,49.24009],[2.31044,49.23955],[2.31086,49.23932],[2.31254,49.23853],[2.31619,49.23664],[2.3192,49.23504],[2.31721,49.23223],[2.31795,49.23164],[2.31848,49.23127],[2.31913,49.2309],[2.31953,49.2306],[2.32157,49.22934],[2.32297,49.2288],[2.32347,49.22856],[2.32351,49.22854],[2.32346,49.22849],[2.3262,49.22666],[2.32625,49.22669],[2.32885,49.22461],[2.32886,49.22457],[2.32911,49.22434],[2.3281,49.22405],[2.32813,49.22388],[2.32615,49.22322],[2.32587,49.22323],[2.32486,49.22307],[2.32457,49.22305],[2.3225,49.22331],[2.32245,49.22313],[2.32101,49.22324],[2.32052,49.2233],[2.31898,49.22357],[2.31838,49.2237],[2.31818,49.22377],[2.31696,49.22382],[2.3166,49.22371],[2.31548,49.22347],[2.31547,49.2233],[2.31287,49.22324],[2.31279,49.22346],[2.31137,49.2234],[2.31149,49.22284],[2.31146,49.22282],[2.30954,49.22268],[2.30865,49.22256],[2.30728,49.22235],[2.30726,49.22223],[2.30671,49.22215],[2.30659,49.22228],[2.30352,49.22203],[2.30231,49.22145],[2.30136,49.22176]]]}},
{"type":"Feature","properties":{"ID":"COMMUNE_0000000009734533","INSEE_COM":"95500","INSEE_ARR":"3","INSEE_COL":"95D","INSEE_DEP":"95","INSEE_REG":"11","NOM":"Pontoise","CL_DEPART":"Oui","CL_REGION":"Non","SIREN_EPCI":"249500109","SIREN_SI":249500109,"NOM_SI":"COMMUNAUTE D'AGGLOMERATION DE CERGY-PONTOISE"},"geometry":{"type":"Polygon","coordinates":[[[2.12038,49.0647],[2.12156,49.06394],[2.12483,49.06554],[2.12503,49.06534],[2.12517,49.06541],[2.12584,49.0649],[2.12593,49.06495],[2.12701,49.064],[2.12521,49.06315],[2.12312,49.06204],[2.12249,49.06174],[2.12012,49.06037],[2.11969,49.06008],[2.118,49.05867],[2.1177,49.0584],[2.11647,49.05703],[2.11513,49.05586],[2.11356,49.05468],[2.11136,49.05325],[2.11066,49.05276],[2.11045,49.05257],[2.11,49.05193],[2.10987,49.05182],[2.10929,49.05144],[2.10859,49.05105],[2.10736,49.05043],[2.10353,49.04881],[2.10294,49.04774],[2.10077,49.04642],[2.09864,49.04313],[2.09842,49.04269],[2.09835,49.04211],[2.0984,49.04097],[2.0983,49.03967],[2.09824,49.03954],[2.09753,49.03867],[2.09732,49.03836],[2.09664,49.03772],[2.09645,49.03749],[2.09519,49.03539],[2.09434,49.03384],[2.09372,49.03221],[2.09307,49.0303],[2.09241,49.02822],[2.09191,49.02643],[2.09082,49.02428],[2.09018,49.02441],[2.09045,49.02487],[2.08997,49.02501],[2.09027,49.0254],[2.09068,49.02619],[2.0909,49.02671],[2.09106,49.02739],[2.09108,49.02802],[2.09098,49.02852],[2.09082,49.02884],[2.09092,49.029],[2.09049,49.02955],[2.08999,49.02928],[2.0898,49.02913],[2.08931,49.02865],[2.08913,49.02875],[2.08882,49.02882],[2.08772,49.0289],[2.0874,49.02905],[2.08708,49.02879],[2.08667,49.02862],[2.08645,49.02856],[2.08605,49.02852],[2.08545,49.02856],[2.0851,49.02868],[2.08475,49.02885],[2.08452,49.02905],[2.08435,49.02932],[2.08404,49.03037],[2.08382,49.03062],[2.08356,49.03084],[2.08382,49.03125],[2.0842,49.03221],[2.08438,49.0325],[2.08472,49.03278],[2.08546,49.03321],[2.08443,49.03377],[2.08287,49.03483],[2.08588,49.03719],[2.08669,49.03786],[2.0875,49.03847],[2.08543,49.03924],[2.08266,49.04042],[2.08069,49.04143],[2.08002,49.04182],[2.07903,49.04243],[2.07647,49.04417],[2.07228,49.04725],[2.07288,49.04764],[2.07333,49.04811],[2.0748,49.04758],[2.07599,49.04887],[2.07606,49.04906],[2.07595,49.04912],[2.07608,49.04948],[2.07706,49.05079],[2.07853,49.0521],[2.0781,49.05252],[2.07736,49.05284],[2.07707,49.0529],[2.07688,49.05299],[2.07653,49.05337],[2.07642,49.0537],[2.0767,49.05418],[2.07679,49.05448],[2.07673,49.05474],[2.07676,49.055],[2.07685,49.0551],[2.07691,49.0551],[2.07775,49.0549],[2.07788,49.05488],[2.07813,49.05491],[2.07874,49.05536],[2.07947,49.05564],[2.0809,49.05602],[2.08145,49.05635],[2.08184,49.05741],[2.08215,49.05786],[2.08263,49.05779],[2.08288,49.05819],[2.0846,49.06001],[2.08554,49.06061],[2.08902,49.06383],[2.08901,49.06395],[2.09156,49.06648],[2.09393,49.06843],[2.09572,49.07007],[2.09339,49.07116],[2.09255,49.07139],[2.09227,49.07151],[2.09174,49.07179],[2.09109,49.07226],[2.09125,49.07271],[2.09126,49.0731],[2.09123,49.07318],[2.09157,49.0733],[2.09369,49.07267],[2.09382,49.07268],[2.09392,49.07272],[2.09413,49.07234],[2.09584,49.07217],[2.09605,49.07203],[2.09621,49.0718],[2.09644,49.0716],[2.09752,49.07117],[2.09872,49.07008],[2.09875,49.06996],[2.09892,49.0697],[2.09905,49.06974],[2.09966,49.06911],[2.10104,49.06814],[2.10216,49.06759],[2.10433,49.06715],[2.10333,49.06634],[2.10376,49.06533],[2.10519,49.06417],[2.10533,49.06513],[2.10563,49.06507],[2.10638,49.06433],[2.10644,49.06405],[2.10644,49.06384],[2.10629,49.0635],[2.10607,49.06331],[2.10506,49.0629],[2.10479,49.06288],[2.10467,49.06247],[2.10494,49.06114],[2.10476,49.0608],[2.10501,49.06037],[2.10544,49.06025],[2.1058,49.0602],[2.10624,49.06021],[2.10672,49.05991],[2.10706,49.05992],[2.10725,49.05977],[2.10824,49.05975],[2.10909,49.0599],[2.10914,49.06029],[2.10909,49.06072],[2.10893,49.06115],[2.10875,49.06139],[2.11026,49.06114],[2.11192,49.06076],[2.11296,49.06055],[2.11363,49.06122],[2.11345,49.06134],[2.11412,49.06194],[2.11571,49.06252],[2.11605,49.06208],[2.11621,49.06202],[2.11626,49.0618],[2.11631,49.06174],[2.11727,49.06236],[2.11718,49.06251],[2.11735,49.06271],[2.11755,49.06288],[2.11779,49.06302],[2.11863,49.06321],[2.1197,49.06398],[2.12038,49.0647]]]}},
{"type":"Feature","properties":{"ID":"COMMUNE_0000000009733996","INSEE_COM":"95627","INSEE_ARR":"3","INSEE_COL":"95D","INSEE_DEP":"95","INSEE_REG":"11","NOM":"Vallangoujard","CL_DEPART":"Non","CL_REGION":"Non","SIREN_EPCI":"249500430","SIREN_SI":259500320,"NOM_SI":"S.I. D'ALIMENTATION EN EAU POTABLE DE L'EPINE DE BUC"},"geometry":{"type":"Polygon","coordinates":[[[2.10572,49.11351],[2.10418,49.11202],[2.10272,49.11214],[2.10183,49.11229],[2.09791,49.11269],[2.09436,49.11456],[2.092,49.11635],[2.09223,49.11661],[2.09345,49.11777],[2.09383,49.11892],[2.09356,49.11995],[2.09328,49.12023],[2.0933,49.12032],[2.09301,49.12047],[2.0929,49.12066],[2.09303,49.12194],[2.09302,49.12215],[2.09331,49.12453],[2.09343,49.12689],[2.0927,49.12689],[2.09296,49.1277],[2.0933,49.12807],[2.09268,49.12823],[2.0924,49.12859],[2.09161,49.12901],[2.09131,49.12851],[2.08952,49.12888],[2.0896,49.12898],[2.08858,49.12932],[2.08878,49.12965],[2.08909,49.13005],[2.08976,49.13113],[2.08837,49.13132],[2.08845,49.13157],[2.08863,49.13153],[2.08934,49.13471],[2.08909,49.13501],[2.0892,49.13552],[2.08984,49.13747],[2.08809,49.13773],[2.08828,49.13833],[2.08547,49.13892],[2.08542,49.13998],[2.0855,49.14209],[2.08872,49.14185],[2.08894,49.14286],[2.0894,49.14285],[2.08949,49.14334],[2.09035,49.14326],[2.09086,49.14319],[2.09123,49.1431],[2.0914,49.14369],[2.09111,49.1451],[2.09186,49.14581],[2.09083,49.14584],[2.09091,49.14675],[2.08941,49.14685],[2.08969,49.14761],[2.0878,49.14793],[2.08807,49.14882],[2.08763,49.14891],[2.08756,49.14875],[2.08737,49.14879],[2.08725,49.14865],[2.08586,49.14909],[2.08471,49.1493],[2.08499,49.15261],[2.0864,49.15221],[2.08802,49.15169],[2.09097,49.15069],[2.09203,49.15044],[2.09269,49.15032],[2.09485,49.15],[2.0954,49.15001],[2.0967,49.15019],[2.09864,49.15045],[2.09932,49.15059],[2.10305,49.15077],[2.10996,49.14601],[2.11204,49.14608],[2.11236,49.14572],[2.11241,49.14557],[2.11239,49.14541],[2.112,49.14456],[2.11164,49.14411],[2.112,49.14372],[2.11269,49.14324],[2.11129,49.14274],[2.11156,49.14253],[2.11252,49.14227],[2.11351,49.14194],[2.11464,49.1421],[2.11516,49.14227],[2.11547,49.14247],[2.11582,49.14109],[2.11592,49.14092],[2.11609,49.14087],[2.11738,49.14106],[2.11813,49.14114],[2.11969,49.1415],[2.11964,49.14171],[2.12077,49.14202],[2.12048,49.14256],[2.12104,49.14269],[2.12085,49.14296],[2.12095,49.14315],[2.12197,49.14403],[2.1218,49.1441],[2.123,49.14485],[2.12607,49.14281],[2.1255,49.14231],[2.13086,49.14183],[2.13046,49.13998],[2.13012,49.13864],[2.12953,49.1386],[2.12921,49.13861],[2.12809,49.13876],[2.12778,49.1371],[2.12646,49.13721],[2.12536,49.13645],[2.12488,49.13556],[2.12455,49.13543],[2.12396,49.13556],[2.1235,49.13597],[2.12189,49.13621],[2.1217,49.13607],[2.12143,49.13546],[2.12122,49.13549],[2.12065,49.13426],[2.1207,49.13422],[2.12089,49.13422],[2.12056,49.13324],[2.12141,49.13315],[2.11881,49.12816],[2.11784,49.12799],[2.11769,49.12794],[2.11426,49.12283],[2.10849,49.12364],[2.10514,49.11966],[2.10687,49.11886],[2.10954,49.1178],[2.10765,49.11649],[2.10471,49.11398],[2.10572,49.11351]]]}},
{"type":"Feature","properties":{"ID":"COMMUNE_0000000009735017","INSEE_COM":"95205","INSEE_ARR":"2","INSEE_COL":"95D","INSEE_DEP":"95","INSEE_REG":"11","NOM":"Écouen","CL_DEPART":"Non","CL_REGION":"Non","SIREN_EPCI":"200055655","SIREN_SI":257500017,"NOM_SI":"S.E.D.I.F."},"geometry":{"type":"Polygon","coordinates":[[[2.41002,49.02415],[2.40978,49.02415],[2.4093,49.02391],[2.40908,49.02378],[2.40885,49.02356],[2.40786,49.02316],[2.40677,49.02259],[2.40536,49.02166],[2.40437,49.02117],[2.40334,49.02075],[2.40183,49.01996],[2.3999,49.01876],[2.39865,49.01787],[2.39744,49.0172],[2.39683,49.01675],[2.3963,49.01621],[2.39442,49.01656],[2.39338,49.01547],[2.39333,49.01524],[2.39327,49.0152],[2.39314,49.0149],[2.3931,49.01466],[2.3931,49.01434],[2.39331,49.01415],[2.39219,49.01405],[2.39095,49.0141],[2.39054,49.01416],[2.38994,49.01416],[2.38841,49.0141],[2.38726,49.01402],[2.38522,49.01412],[2.38498,49.01339],[2.38282,49.01372],[2.38287,49.01389],[2.3828,49.01412],[2.38204,49.01426],[2.382,49.01436],[2.38109,49.0143],[2.38104,49.01421],[2.37973,49.01367],[2.37855,49.01344],[2.37812,49.01323],[2.37781,49.01303],[2.37753,49.0129],[2.37704,49.01268],[2.37688,49.01265],[2.37459,49.01272],[2.37428,49.01261],[2.37395,49.01263],[2.3734,49.01258],[2.37328,49.01254],[2.37272,49.01223],[2.37252,49.01217],[2.37175,49.01217],[2.37135,49.01225],[2.37045,49.01196],[2.37011,49.01189],[2.36978,49.01192],[2.36961,49.01198],[2.36926,49.01219],[2.36915,49.01222],[2.36802,49.01226],[2.36788,49.01251],[2.36779,49.01259],[2.36775,49.01258],[2.36736,49.01241],[2.36605,49.01162],[2.36581,49.01154],[2.36529,49.01144],[2.36511,49.01137],[2.36409,49.01043],[2.36337,49.00956],[2.36305,49.00986],[2.36224,49.01043],[2.36193,49.01082],[2.36174,49.01112],[2.3617,49.01126],[2.36167,49.01204],[2.36192,49.01295],[2.3625,49.01405],[2.36259,49.01456],[2.36258,49.01484],[2.36237,49.01534],[2.36207,49.01627],[2.36245,49.01769],[2.36276,49.0184],[2.36299,49.01912],[2.36327,49.01966],[2.3634,49.01983],[2.36371,49.0201],[2.36354,49.02006],[2.36401,49.02082],[2.36407,49.02135],[2.3639,49.02209],[2.36379,49.02237],[2.36395,49.02287],[2.36431,49.02308],[2.36494,49.0242],[2.36633,49.02564],[2.36641,49.02582],[2.36671,49.02617],[2.36866,49.02828],[2.36904,49.02858],[2.37051,49.02962],[2.37079,49.02988],[2.37107,49.03038],[2.37112,49.03063],[2.37111,49.03083],[2.37092,49.0312],[2.37092,49.03147],[2.37179,49.03383],[2.37177,49.0342],[2.37315,49.03558],[2.37395,49.03755],[2.37467,49.03765],[2.37528,49.03778],[2.37692,49.03844],[2.37839,49.03924],[2.38275,49.04198],[2.39482,49.04051],[2.39471,49.03992],[2.39477,49.03911],[2.39465,49.03891],[2.3975,49.03985],[2.39918,49.0397],[2.39911,49.03946],[2.39912,49.03933],[2.39933,49.03899],[2.3997,49.0386],[2.40063,49.03785],[2.40086,49.03748],[2.40093,49.03717],[2.40094,49.03686],[2.4006,49.03603],[2.40046,49.03581],[2.40052,49.03517],[2.40074,49.03429],[2.40092,49.03378],[2.40132,49.03301],[2.40291,49.03096],[2.40313,49.03074],[2.40455,49.02956],[2.40562,49.02833],[2.40586,49.02766],[2.40607,49.02735],[2.40653,49.02691],[2.40668,49.02662],[2.40693,49.02637],[2.40702,49.02618],[2.40747,49.02567],[2.40833,49.02505],[2.40864,49.0249],[2.40901,49.02466],[2.40904,49.02467],[2.41002,49.02415]]]}},
{"type":"Feature","properties":{"ID":"COMMUNE_0000000009735052","INSEE_COM":"95074","INSEE_ARR":"3","INSEE_COL":"95D","INSEE_DEP":"95","INSEE_REG":"11","NOM":"Boisemont","CL_DEPART":"Non","CL_REGION":"Non","SIREN_EPCI":"249500109","SIREN_SI":249500109,"NOM_SI":"COMMUNAUTE D'AGGLOMERATION DE CERGY-PONTOISE"},"geometry":{"type":"Polygon","coordinates":[[[2.00728,49.00836],[2.00618,49.00936],[2.00486,49.01009],[2.0047,49.01015],[2.00457,49.01013],[1.99621,49.01739],[1.99415,49.01922],[1.99219,49.02104],[1.99144,49.02376],[1.99241,49.02388],[1.9932,49.02391],[1.99564,49.02367],[1.99661,49.02363],[1.99847,49.02367],[1.99847,49.02392],[1.99891,49.02393],[1.99889,49.02409],[1.99935,49.02409],[1.99908,49.02719],[2.0007,49.02717],[2.0045,49.02779],[2.01002,49.02734],[2.01102,49.01918],[2.01159,49.01757],[2.01229,49.01743],[2.0137,49.0175],[2.01383,49.01736],[2.01374,49.01557],[2.01498,49.01442],[2.01512,49.0142],[2.01468,49.01401],[2.01343,49.01357],[2.01118,49.01259],[2.00927,49.01169],[2.0087,49.01148],[2.0094,49.0108],[2.01039,49.00949],[2.01022,49.00947],[2.00996,49.00936],[2.00895,49.0087],[2.00842,49.00843],[2.00822,49.00837],[2.00728,49.00836]]]}},
{"type":"Feature","properties":{"ID":"COMMUNE_0000000009734021","INSEE_COM":"95355","INSEE_ARR":"3","INSEE_COL":"95D","INSEE_DEP":"95","INSEE_REG":"11","NOM":"Magny-en-Vexin","CL_DEPART":"Non","CL_REGION":"Non","SIREN_EPCI":"249500513","SIREN_SI":259500981,"NOM_SI":"S.I. D'ALIMENTATION EN EAU POTABLE DU VEXIN OUEST"},"geometry":{"type":"Polygon","coordinates":[[[1.83571,49.14067],[1.83118,49.14258],[1.83031,49.14139],[1.82958,49.14094],[1.82296,49.14362],[1.81904,49.13873],[1.79992,49.14624],[1.7979,49.14702],[1.7965,49.14751],[1.79557,49.14776],[1.79472,49.14789],[1.79385,49.14801],[1.79097,49.14829],[1.79095,49.14798],[1.79102,49.14791],[1.79127,49.14727],[1.79071,49.14727],[1.79015,49.1468],[1.78948,49.1464],[1.78999,49.14605],[1.78914,49.14547],[1.78898,49.14512],[1.78898,49.14467],[1.78904,49.14435],[1.78923,49.14382],[1.79015,49.14255],[1.79041,49.14249],[1.79064,49.14238],[1.79085,49.14202],[1.79113,49.1418],[1.79139,49.14173],[1.79172,49.14157],[1.78769,49.14019],[1.78759,49.14278],[1.78601,49.1421],[1.78542,49.14198],[1.7844,49.14197],[1.78434,49.14317],[1.78461,49.14338],[1.78441,49.144],[1.78405,49.14452],[1.78401,49.14539],[1.78375,49.14546],[1.78002,49.14755],[1.78057,49.1479],[1.77921,49.14881],[1.77736,49.14994],[1.77698,49.14977],[1.77667,49.14969],[1.77619,49.15007],[1.77678,49.15044],[1.77709,49.15053],[1.77678,49.1509],[1.7767,49.15095],[1.7773,49.1512],[1.77676,49.15129],[1.77641,49.15185],[1.77611,49.15223],[1.77611,49.15229],[1.77567,49.15223],[1.77527,49.15213],[1.77483,49.15197],[1.77451,49.15193],[1.77428,49.15213],[1.77457,49.15224],[1.77528,49.15259],[1.77574,49.15275],[1.77551,49.15297],[1.77529,49.1531],[1.77619,49.15349],[1.77661,49.1536],[1.77674,49.15367],[1.77706,49.15373],[1.77658,49.15406],[1.77577,49.15475],[1.77546,49.15511],[1.77541,49.15529],[1.77545,49.15547],[1.77599,49.15596],[1.77615,49.15603],[1.77393,49.15722],[1.77429,49.15738],[1.77428,49.15755],[1.77362,49.15773],[1.76985,49.16117],[1.77076,49.16156],[1.77148,49.16196],[1.77362,49.16306],[1.77389,49.16291],[1.77417,49.16261],[1.77444,49.16221],[1.77469,49.16165],[1.77772,49.16301],[1.77797,49.16287],[1.77991,49.16376],[1.78217,49.16137],[1.78259,49.16081],[1.7828,49.16046],[1.78309,49.1598],[1.78322,49.15923],[1.78316,49.15864],[1.78329,49.15861],[1.78674,49.16038],[1.78689,49.16047],[1.78752,49.16114],[1.78803,49.16135],[1.78842,49.16093],[1.78944,49.16192],[1.78974,49.16244],[1.78991,49.16286],[1.79007,49.16283],[1.79011,49.16268],[1.7917,49.16194],[1.79224,49.16182],[1.79262,49.16258],[1.79307,49.16246],[1.79367,49.1624],[1.79516,49.16239],[1.79547,49.16243],[1.79566,49.16237],[1.79599,49.16238],[1.79617,49.16284],[1.79623,49.16324],[1.79539,49.16352],[1.79599,49.16414],[1.7963,49.16424],[1.79704,49.16473],[1.79891,49.16608],[1.7965,49.16736],[1.79791,49.17442],[1.79794,49.17525],[1.79776,49.17994],[1.7965,49.17975],[1.79426,49.1795],[1.79378,49.17949],[1.79363,49.18027],[1.79394,49.1803],[1.7935,49.18265],[1.79399,49.18273],[1.79499,49.18482],[1.79528,49.18492],[1.79547,49.18526],[1.80308,49.18511],[1.80305,49.18371],[1.80309,49.1837],[1.80304,49.18307],[1.80331,49.18185],[1.80121,49.18177],[1.80102,49.18229],[1.79997,49.1823],[1.80026,49.18041],[1.80228,49.18079],[1.80355,49.18095],[1.80355,49.17996],[1.80628,49.18013],[1.80738,49.17995],[1.80831,49.17959],[1.8116,49.17878],[1.81308,49.17834],[1.81408,49.17638],[1.81448,49.17613],[1.8113,49.17493],[1.81178,49.17397],[1.81338,49.1744],[1.8139,49.17363],[1.81596,49.17387],[1.81565,49.17495],[1.8172,49.1752],[1.81724,49.17519],[1.81734,49.17528],[1.81732,49.17558],[1.81921,49.17588],[1.81952,49.17695],[1.82205,49.17801],[1.82352,49.17872],[1.82649,49.17952],[1.82682,49.17965],[1.82811,49.17835],[1.82924,49.1777],[1.83076,49.17726],[1.83192,49.17735],[1.83253,49.17601],[1.83423,49.17591],[1.83492,49.17689],[1.83585,49.17641],[1.83482,49.17544],[1.83472,49.17446],[1.83551,49.17411],[1.83542,49.17396],[1.83582,49.17378],[1.83612,49.17359],[1.8363,49.17356],[1.8367,49.1734],[1.83727,49.17311],[1.83745,49.1728],[1.83741,49.17173],[1.83738,49.1716],[1.83685,49.17099],[1.83622,49.17043],[1.83596,49.17014],[1.83588,49.16998],[1.83574,49.16943],[1.83568,49.16855],[1.83538,49.16802],[1.83512,49.16734],[1.83508,49.16707],[1.83518,49.16675],[1.83523,49.16632],[1.83518,49.16605],[1.83501,49.16577],[1.83433,49.16521],[1.83359,49.16417],[1.83353,49.16369],[1.83345,49.16352],[1.83311,49.16308],[1.83328,49.16293],[1.83328,49.16238],[1.8328,49.16238],[1.83339,49.16129],[1.83456,49.16137],[1.83496,49.16123],[1.83512,49.16067],[1.83462,49.16058],[1.83723,49.15695],[1.83555,49.15696],[1.83388,49.15291],[1.83845,49.15283],[1.83717,49.14979],[1.83665,49.14846],[1.83637,49.14813],[1.83821,49.1476],[1.83726,49.14622],[1.84178,49.14492],[1.83827,49.13964],[1.83571,49.14067]]]}},
{"type":"Feature","properties":{"ID":"COMMUNE_0000000009734558","INSEE_COM":"95008","INSEE_ARR":"3","INSEE_COL":"95D","INSEE_DEP":"95","INSEE_REG":"11","NOM":"Aincourt","CL_DEPART":"Non","CL_REGION":"Non","SIREN_EPCI":"249500513","SIREN_SI":257801175,"NOM_SI":"SYNDICAT INTERCOMMUNAL DES EAUX DE LA VIOSNE, DE L’AUBETTE ET DE LA MONTCIENT (SIEVAM)"},"geometry":{"type":"Polygon","coordinates":[[[1.79682,49.07207],[1.79745,49.07036],[1.79776,49.06924],[1.79773,49.06927],[1.79856,49.06669],[1.79961,49.06669],[1.79996,49.06433],[1.7965,49.06373],[1.79507,49.06337],[1.79543,49.0633],[1.79563,49.0632],[1.79651,49.06291],[1.79672,49.0628],[1.79702,49.06276],[1.79709,49.06272],[1.79727,49.06242],[1.79263,49.06067],[1.79435,49.05856],[1.79093,49.05779],[1.78872,49.05793],[1.78575,49.05768],[1.78585,49.05737],[1.78371,49.05722],[1.78364,49.05673],[1.78174,49.05674],[1.78071,49.05665],[1.77946,49.05663],[1.77776,49.05711],[1.77592,49.05747],[1.77517,49.05766],[1.77504,49.05765],[1.77466,49.05754],[1.77324,49.05703],[1.77161,49.05746],[1.77073,49.05765],[1.77032,49.05769],[1.76991,49.05767],[1.76903,49.0575],[1.76845,49.05807],[1.76741,49.05789],[1.76671,49.05928],[1.76542,49.06001],[1.76488,49.05967],[1.76443,49.05929],[1.76166,49.06188],[1.76148,49.06274],[1.76108,49.06242],[1.75991,49.06351],[1.75926,49.06309],[1.75842,49.0638],[1.75773,49.06346],[1.75706,49.06408],[1.7567,49.06391],[1.75592,49.06476],[1.75579,49.06484],[1.7555,49.06523],[1.7542,49.06505],[1.75326,49.06497],[1.75237,49.06502],[1.75127,49.06518],[1.75101,49.06519],[1.75087,49.06513],[1.75062,49.06527],[1.74979,49.06549],[1.74819,49.06601],[1.74826,49.06633],[1.74828,49.06681],[1.74826,49.06837],[1.74821,49.06838],[1.74778,49.06938],[1.74766,49.06949],[1.74765,49.07041],[1.74617,49.07312],[1.7461,49.07337],[1.74622,49.07398],[1.74644,49.0745],[1.74666,49.07477],[1.74706,49.07592],[1.74756,49.07662],[1.74784,49.07635],[1.75107,49.07923],[1.75395,49.08013],[1.75517,49.08179],[1.75494,49.08358],[1.75488,49.08368],[1.75507,49.0843],[1.75509,49.08467],[1.7549,49.08602],[1.75486,49.08663],[1.75495,49.08695],[1.75491,49.08768],[1.75507,49.0877],[1.75681,49.08766],[1.75694,49.08763],[1.75794,49.08763],[1.75825,49.08749],[1.76041,49.08742],[1.76136,49.08711],[1.76187,49.08708],[1.76203,49.08699],[1.76358,49.08674],[1.76501,49.08702],[1.7684,49.08697],[1.76977,49.08736],[1.77041,49.0876],[1.77053,49.08772],[1.77073,49.08839],[1.77107,49.08868],[1.77203,49.08871],[1.77398,49.08996],[1.77625,49.08985],[1.77764,49.08985],[1.77733,49.08933],[1.77699,49.08832],[1.77749,49.08707],[1.77958,49.08699],[1.78181,49.08714],[1.7885,49.08399],[1.7895,49.08364],[1.78993,49.08338],[1.79102,49.08287],[1.79199,49.08246],[1.79277,49.08228],[1.7938,49.08164],[1.79528,49.07917],[1.79546,49.07855],[1.79514,49.07834],[1.79572,49.07783],[1.7965,49.0725],[1.79682,49.07207]]]}},
{"type":"Feature","properties":{"ID":"COMMUNE_0000000009733997","INSEE_COM":"95446","INSEE_ARR":"3","INSEE_COL":"95D","INSEE_DEP":"95","INSEE_REG":"11","NOM":"Nesles-la-Vallée","CL_DEPART":"Non","CL_REGION":"Non","SIREN_EPCI":"249500430","SIREN_SI":0,"NOM_SI":"Compétence exercée par la commune"},"geometry":{"type":"Polygon","coordinates":[[[2.19004,49.16101],[2.19483,49.14997],[2.19572,49.14803],[2.19707,49.14477],[2.19765,49.14355],[2.19469,49.14298],[2.1927,49.14265],[2.19052,49.14225],[2.18993,49.14189],[2.19015,49.14171],[2.18979,49.13973],[2.18961,49.13937],[2.18971,49.13876],[2.19005,49.13789],[2.18998,49.13784],[2.1898,49.13781],[2.18976,49.1377],[2.19007,49.13674],[2.19059,49.13599],[2.19079,49.1358],[2.19114,49.13556],[2.1908,49.13542],[2.19307,49.13469],[2.19143,49.13292],[2.19409,49.13128],[2.19339,49.13075],[2.19332,49.13061],[2.19348,49.13049],[2.19287,49.13016],[2.1925,49.12992],[2.1931,49.1295],[2.19318,49.12947],[2.19317,49.12894],[2.19366,49.12854],[2.19306,49.12797],[2.19219,49.12726],[2.19252,49.12713],[2.1926,49.12721],[2.19349,49.12682],[2.1934,49.12674],[2.19459,49.1262],[2.19575,49.12572],[2.19418,49.1243],[2.19507,49.12384],[2.1952,49.12395],[2.19611,49.12347],[2.19757,49.12191],[2.19637,49.12123],[2.19779,49.11986],[2.19708,49.1195],[2.19943,49.11819],[2.19923,49.11794],[2.19592,49.11526],[2.19517,49.11572],[2.19493,49.11556],[2.19462,49.11572],[2.19326,49.11473],[2.19294,49.11493],[2.18941,49.11337],[2.18916,49.1133],[2.18843,49.11324],[2.18828,49.11319],[2.18627,49.11244],[2.18545,49.1121],[2.18567,49.11198],[2.18548,49.11173],[2.18528,49.11138],[2.18475,49.11097],[2.18513,49.11068],[2.1843,49.11038],[2.18374,49.11035],[2.18418,49.11018],[2.1835,49.10977],[2.18335,49.10964],[2.18385,49.10948],[2.18245,49.10904],[2.18218,49.10916],[2.1809,49.1086],[2.17995,49.10977],[2.17903,49.10945],[2.1789,49.10961],[2.17876,49.10956],[2.17852,49.10953],[2.17839,49.10974],[2.17784,49.10954],[2.17675,49.1092],[2.17663,49.10932],[2.17626,49.10921],[2.17616,49.10926],[2.1752,49.10889],[2.17469,49.1097],[2.17434,49.10963],[2.17424,49.10985],[2.17271,49.10954],[2.17228,49.10966],[2.17249,49.10903],[2.16518,49.10845],[2.16517,49.10755],[2.16051,49.10743],[2.1604,49.10742],[2.15904,49.10691],[2.15937,49.10497],[2.15979,49.10364],[2.15456,49.10543],[2.1509,49.10383],[2.14981,49.10427],[2.14964,49.10429],[2.15073,49.10496],[2.15086,49.1065],[2.15163,49.10762],[2.15183,49.10785],[2.15137,49.10817],[2.1484,49.10977],[2.14793,49.11019],[2.14727,49.11063],[2.14687,49.111],[2.1467,49.11119],[2.14663,49.11137],[2.14658,49.11169],[2.14523,49.1125],[2.13981,49.11466],[2.13933,49.1139],[2.13504,49.11585],[2.1356,49.11691],[2.13607,49.11797],[2.14062,49.11588],[2.14618,49.12233],[2.14563,49.12264],[2.1486,49.12576],[2.14918,49.12744],[2.15093,49.1278],[2.15116,49.12798],[2.15123,49.128],[2.15169,49.12836],[2.15217,49.12898],[2.15326,49.12971],[2.15526,49.13136],[2.15386,49.13138],[2.15403,49.1323],[2.15461,49.13349],[2.15564,49.13487],[2.15574,49.13493],[2.15629,49.13627],[2.15659,49.13617],[2.15683,49.13605],[2.15779,49.13714],[2.15737,49.13727],[2.15696,49.13732],[2.15763,49.13813],[2.15771,49.13813],[2.15814,49.1388],[2.15825,49.13887],[2.15835,49.13886],[2.15929,49.13859],[2.15971,49.13973],[2.16075,49.1394],[2.16239,49.13906],[2.16292,49.13997],[2.1645,49.14197],[2.16469,49.14195],[2.16497,49.14269],[2.16696,49.14253],[2.16682,49.14184],[2.16871,49.1409],[2.16933,49.14069],[2.17042,49.14073],[2.17039,49.14128],[2.17229,49.14121],[2.17233,49.14121],[2.17233,49.14125],[2.17323,49.14122],[2.17306,49.14145],[2.17381,49.14225],[2.17348,49.1426],[2.17393,49.14309],[2.17407,49.14298],[2.17511,49.14404],[2.17654,49.14503],[2.17903,49.14602],[2.18161,49.14694],[2.18309,49.14662],[2.18371,49.14638],[2.18393,49.14624],[2.18409,49.14619],[2.18421,49.14609],[2.18532,49.14679],[2.18556,49.14652],[2.18568,49.14645],[2.18587,49.14626],[2.18704,49.14878],[2.18665,49.15117],[2.18574,49.153],[2.18499,49.15403],[2.18441,49.1537],[2.18416,49.15423],[2.18406,49.15496],[2.18423,49.15559],[2.18459,49.15631],[2.18468,49.15654],[2.18471,49.15675],[2.18437,49.15873],[2.18581,49.15954],[2.18561,49.15977],[2.18524,49.15993],[2.18508,49.16004],[2.18485,49.16027],[2.18484,49.16041],[2.18492,49.16053],[2.18564,49.16107],[2.18632,49.16201],[2.18635,49.16212],[2.1863,49.16226],[2.18712,49.16321],[2.1892,49.16424],[2.18962,49.16402],[2.18963,49.16222],[2.18969,49.16181],[2.18985,49.16134],[2.19004,49.16101]]]}},
{"type":"Feature","properties":{"ID":"COMMUNE_0000000009735023","INSEE_COM":"95369","INSEE_ARR":"2","INSEE_COL":"95D","INSEE_DEP":"95","INSEE_REG":"11","NOM":"Margency","CL_DEPART":"Non","CL_REGION":"Non","SIREN_EPCI":"200056380","SIREN_SI":257500017,"NOM_SI":"S.E.D.I.F."},"geometry":{"type":"Polygon","coordinates":[[[2.29014,48.9968],[2.28927,48.997],[2.28838,48.99715],[2.28645,48.99743],[2.28467,48.99748],[2.28115,48.99816],[2.28118,48.99827],[2.28134,48.99847],[2.28164,48.99868],[2.28172,48.99882],[2.28186,48.99887],[2.28199,48.99899],[2.28211,48.99927],[2.28301,48.9997],[2.28321,48.99986],[2.28352,49.00041],[2.28361,49.00092],[2.28386,49.00148],[2.28336,49.00157],[2.28227,49.00193],[2.28204,49.00212],[2.2819,49.00237],[2.28191,49.00244],[2.28199,49.00251],[2.2821,49.00269],[2.28261,49.00279],[2.28299,49.00304],[2.28396,49.00267],[2.28433,49.00257],[2.28919,49.00589],[2.29033,49.00653],[2.29079,49.0066],[2.29092,49.00658],[2.2915,49.00638],[2.29222,49.00623],[2.29336,49.00608],[2.29416,49.00593],[2.29455,49.0059],[2.29494,49.0059],[2.29451,49.00451],[2.29478,49.00447],[2.29486,49.00374],[2.29723,49.00346],[2.29712,49.00335],[2.29613,49.00262],[2.29597,49.00243],[2.29593,49.00226],[2.29496,49.00059],[2.29435,48.99983],[2.29409,48.99962],[2.29369,48.99941],[2.29286,48.99913],[2.29235,48.99902],[2.29212,48.9989],[2.29178,48.99862],[2.29062,48.9974],[2.29014,48.9968]]]}},
{"type":"Feature","properties":{"ID":"COMMUNE_0000000009734542","INSEE_COM":"95658","INSEE_ARR":"3","INSEE_COL":"95D","INSEE_DEP":"95","INSEE_REG":"11","NOM":"Vigny","CL_DEPART":"Non","CL_REGION":"Non","SIREN_EPCI":"200035970","SIREN_SI":259501278,"NOM_SI":"SYNDICAT INTERCOMMUNAL DES EAUX DE LA VIOSNE, DE L’AUBETTE ET DE LA MONTCIENT (SIEVAM)"},"geometry":{"type":"Polygon","coordinates":[[[1.90424,49.07465],[1.90502,49.07565],[1.9056,49.07629],[1.90836,49.07887],[1.90916,49.07955],[1.90973,49.07999],[1.91155,49.08117],[1.91343,49.08289],[1.91437,49.08249],[1.91503,49.08314],[1.91526,49.08354],[1.91529,49.08371],[1.91524,49.08377],[1.91473,49.08393],[1.91482,49.0841],[1.91513,49.08444],[1.91518,49.08445],[1.91627,49.08544],[1.91642,49.08539],[1.91791,49.08673],[1.918,49.08668],[1.91836,49.08688],[1.91883,49.08753],[1.91905,49.08776],[1.91971,49.08833],[1.91995,49.08862],[1.92278,49.09144],[1.92185,49.09478],[1.92574,49.09448],[1.93519,49.09225],[1.93602,49.09178],[1.94142,49.0913],[1.94158,49.09149],[1.94577,49.0892],[1.94609,49.08904],[1.94623,49.08899],[1.94653,49.08826],[1.94654,49.08796],[1.94695,49.08782],[1.94817,49.08706],[1.94875,49.08762],[1.9512,49.08577],[1.95327,49.08452],[1.95339,49.08431],[1.95506,49.083],[1.95204,49.08139],[1.95229,49.08111],[1.95249,49.08079],[1.95335,49.07969],[1.9539,49.07908],[1.953,49.07832],[1.95249,49.07861],[1.94882,49.07556],[1.94781,49.07598],[1.9471,49.07542],[1.94734,49.07534],[1.94706,49.07489],[1.94647,49.07501],[1.94539,49.07366],[1.94196,49.07078],[1.94055,49.0712],[1.9397,49.0705],[1.93952,49.07044],[1.9391,49.07015],[1.93864,49.06991],[1.93646,49.06841],[1.93588,49.06873],[1.93495,49.0692],[1.93465,49.06931],[1.93375,49.06978],[1.92355,49.06743],[1.92314,49.06756],[1.92245,49.0677],[1.9221,49.06781],[1.92148,49.06815],[1.92114,49.06842],[1.92104,49.06858],[1.92094,49.06884],[1.92093,49.06907],[1.92043,49.06916],[1.91974,49.06914],[1.919,49.06924],[1.91849,49.06918],[1.91816,49.0691],[1.91814,49.06937],[1.91784,49.06942],[1.917,49.06895],[1.91558,49.068],[1.91356,49.06928],[1.91274,49.07014],[1.91223,49.07052],[1.90888,49.07218],[1.90855,49.07239],[1.90679,49.0733],[1.90446,49.07458],[1.90424,49.07465]]]}},
{"type":"Feature","properties":{"ID":"COMMUNE_0000000009733984","INSEE_COM":"95149","INSEE_ARR":"2","INSEE_COL":"95D","INSEE_DEP":"95","INSEE_REG":"11","NOM":"Chaumontel","CL_DEPART":"Non","CL_REGION":"Non","SIREN_EPCI":"200073013","SIREN_SI":259500577,"NOM_SI":"S.I. D'EXPLOITATION DES CHAMPS CAPTANTS D'ASNIERES-SUR-OISE (S.I.E.C.C.A.O.)"},"geometry":{"type":"Polygon","coordinates":[[[2.43548,49.13405],[2.43657,49.13427],[2.43755,49.13441],[2.43842,49.13428],[2.43895,49.13428],[2.44,49.13416],[2.4403,49.13418],[2.44202,49.1349],[2.44313,49.13514],[2.44599,49.13562],[2.4477,49.13601],[2.44858,49.13638],[2.45023,49.13721],[2.45195,49.13781],[2.45374,49.13861],[2.45358,49.13881],[2.45435,49.1393],[2.45528,49.13974],[2.45592,49.14],[2.45696,49.14054],[2.45752,49.14064],[2.45785,49.14081],[2.45854,49.14081],[2.45858,49.14078],[2.45887,49.1409],[2.45893,49.14085],[2.46246,49.13926],[2.46114,49.13674],[2.46105,49.13672],[2.46096,49.13661],[2.46032,49.13622],[2.45902,49.13568],[2.45723,49.13458],[2.45664,49.13183],[2.45615,49.13165],[2.45555,49.13152],[2.45452,49.13108],[2.45309,49.13072],[2.45227,49.13061],[2.45153,49.13018],[2.44962,49.1297],[2.44866,49.12908],[2.44783,49.12834],[2.44753,49.12811],[2.44432,49.12383],[2.4435,49.124],[2.44291,49.12272],[2.44236,49.12139],[2.44216,49.12146],[2.44122,49.12163],[2.44022,49.12176],[2.43957,49.12187],[2.43875,49.12024],[2.43849,49.12017],[2.43843,49.11988],[2.43746,49.1192],[2.43658,49.1187],[2.43598,49.11828],[2.43695,49.11756],[2.43667,49.1174],[2.43651,49.11724],[2.43644,49.11631],[2.43604,49.11607],[2.43552,49.11642],[2.435,49.11615],[2.43483,49.11596],[2.43446,49.11579],[2.43361,49.11551],[2.43165,49.11496],[2.43065,49.11451],[2.43061,49.11468],[2.43062,49.11489],[2.43103,49.11614],[2.43134,49.11796],[2.43127,49.11857],[2.43116,49.11887],[2.42996,49.11845],[2.429,49.11823],[2.42822,49.11775],[2.42797,49.11775],[2.42788,49.11781],[2.4273,49.11881],[2.42691,49.11889],[2.42572,49.11852],[2.42559,49.1186],[2.42547,49.11868],[2.42527,49.11899],[2.42542,49.11925],[2.42572,49.11941],[2.42537,49.11959],[2.42399,49.12001],[2.42408,49.12013],[2.42378,49.12034],[2.42357,49.12017],[2.4223,49.12132],[2.42095,49.12205],[2.42281,49.1232],[2.42153,49.12427],[2.42194,49.12447],[2.42165,49.12472],[2.42118,49.12502],[2.41934,49.1255],[2.41843,49.12453],[2.41829,49.12447],[2.41776,49.12435],[2.41651,49.12451],[2.41641,49.12421],[2.41604,49.12365],[2.41592,49.12312],[2.4155,49.12266],[2.41534,49.12258],[2.41396,49.12294],[2.41319,49.1237],[2.41272,49.12399],[2.41198,49.12429],[2.41092,49.12483],[2.41145,49.12545],[2.41359,49.12702],[2.41484,49.12809],[2.41779,49.12728],[2.41881,49.12964],[2.41943,49.1295],[2.42002,49.12999],[2.41763,49.13155],[2.41872,49.13279],[2.41956,49.13367],[2.42076,49.13306],[2.42184,49.134],[2.42296,49.13365],[2.42351,49.13352],[2.42417,49.13372],[2.42469,49.13413],[2.4252,49.13447],[2.42555,49.13481],[2.42584,49.13491],[2.42652,49.13487],[2.42761,49.13487],[2.42785,49.13484],[2.42852,49.13487],[2.42852,49.13533],[2.43133,49.13537],[2.43167,49.13343],[2.43172,49.13346],[2.43336,49.13383],[2.4336,49.13377],[2.43388,49.13378],[2.43548,49.13405]]]}},
{"type":"Feature","properties":{"ID":"COMMUNE_0000000009734537","INSEE_COM":"95510","INSEE_ARR":"3","INSEE_COL":"95D","INSEE_DEP":"95","INSEE_REG":"11","NOM":"Puiseux-Pontoise","CL_DEPART":"Non","CL_REGION":"Non","SIREN_EPCI":"249500109","SIREN_SI":249500109,"NOM_SI":"COMMUNAUTE D'AGGLOMERATION DE CERGY-PONTOISE"},"geometry":{"type":"Polygon","coordinates":[[[2.01527,49.07758],[2.01599,49.07744],[2.01645,49.07707],[2.01687,49.0768],[2.01728,49.07671],[2.01759,49.07653],[2.01794,49.07648],[2.01834,49.07623],[2.01901,49.07565],[2.01927,49.07554],[2.01958,49.07542],[2.01988,49.07541],[2.02069,49.07499],[2.02119,49.07489],[2.02233,49.07443],[2.02343,49.07414],[2.0242,49.07403],[2.02515,49.07395],[2.02619,49.07392],[2.02695,49.07397],[2.02732,49.07402],[2.02722,49.07386],[2.02673,49.07387],[2.02675,49.07364],[2.02548,49.07363],[2.02545,49.07293],[2.02603,49.07287],[2.0265,49.07285],[2.02634,49.07262],[2.02713,49.07247],[2.02663,49.07193],[2.02648,49.07168],[2.02637,49.07138],[2.0263,49.07111],[2.0263,49.07073],[2.02636,49.0698],[2.02629,49.06956],[2.02602,49.06913],[2.0256,49.06863],[2.025,49.06821],[2.02248,49.06685],[2.02228,49.0667],[2.02404,49.06611],[2.0259,49.06553],[2.02657,49.06526],[2.02731,49.06506],[2.0276,49.06486],[2.02773,49.0647],[2.02815,49.06388],[2.02851,49.06359],[2.0287,49.0639],[2.02889,49.06408],[2.02921,49.06451],[2.02948,49.06496],[2.0296,49.06528],[2.02975,49.0655],[2.03022,49.06593],[2.03046,49.06622],[2.03117,49.0667],[2.03134,49.06728],[2.03186,49.0673],[2.03446,49.06584],[2.03381,49.06469],[2.03361,49.0644],[2.03309,49.06375],[2.03257,49.06331],[2.03396,49.06294],[2.03455,49.06274],[2.03378,49.0582],[2.03291,49.05829],[2.032,49.05832],[2.03104,49.05831],[2.03079,49.05822],[2.03056,49.05811],[2.03034,49.05793],[2.03015,49.05763],[2.02989,49.05742],[2.02943,49.05715],[2.0258,49.05552],[2.02538,49.05524],[2.02504,49.05494],[2.02487,49.05473],[2.02453,49.05417],[2.01966,49.05465],[2.01944,49.05442],[2.01763,49.05472],[2.0174,49.05487],[2.01513,49.05511],[2.01401,49.05531],[2.01323,49.05551],[2.01124,49.05607],[2.00625,49.05741],[2.00406,49.05787],[2.00282,49.05824],[2.00254,49.05833],[2.0022,49.05851],[1.99246,49.06121],[1.9948,49.06336],[1.99596,49.06456],[1.99916,49.0675],[2.00397,49.06567],[2.0039,49.06555],[2.00519,49.06511],[2.0069,49.06504],[2.00877,49.06577],[2.00935,49.06554],[2.00972,49.06577],[2.01056,49.0655],[2.01145,49.06689],[2.01169,49.06683],[2.0124,49.06785],[2.01383,49.06956],[2.01313,49.06975],[2.01294,49.07062],[2.01275,49.07217],[2.01279,49.0728],[2.01298,49.07367],[2.0127,49.07374],[2.01296,49.07433],[2.01357,49.07545],[2.01452,49.07649],[2.01527,49.07758]]]}},
{"type":"Feature","properties":{"ID":"COMMUNE_0000000009734503","INSEE_COM":"95371","INSEE_ARR":"2","INSEE_COL":"95D","INSEE_DEP":"95","INSEE_REG":"11","NOM":"Marly-la-Ville","CL_DEPART":"Non","CL_REGION":"Non","SIREN_EPCI":"200055655","SIREN_SI":259501419,"NOM_SI":"S.I. D'ADDUCTION D'EAU POTABLE DE BELLEFONTAINE"},"geometry":{"type":"Polygon","coordinates":[[[2.52298,49.06269],[2.52013,49.0634],[2.51989,49.06343],[2.51923,49.06362],[2.51814,49.06381],[2.51729,49.06392],[2.5148,49.06417],[2.51286,49.06441],[2.51007,49.06465],[2.50866,49.06484],[2.50704,49.06466],[2.50717,49.06533],[2.50119,49.06681],[2.49974,49.06713],[2.49958,49.0672],[2.49894,49.07118],[2.49892,49.07153],[2.49899,49.07176],[2.49906,49.07224],[2.49904,49.07287],[2.49896,49.07305],[2.49738,49.073],[2.49625,49.0741],[2.49583,49.07404],[2.49525,49.07374],[2.49076,49.07375],[2.49154,49.07692],[2.4914,49.07698],[2.49054,49.0772],[2.48571,49.07842],[2.48641,49.07998],[2.48729,49.0821],[2.48654,49.08222],[2.48432,49.08246],[2.48474,49.08358],[2.48504,49.08371],[2.48669,49.08526],[2.4869,49.08515],[2.48893,49.08641],[2.48932,49.08669],[2.48959,49.08708],[2.48984,49.08753],[2.49006,49.08822],[2.48971,49.08902],[2.48856,49.08911],[2.48841,49.08948],[2.48768,49.0894],[2.4865,49.0894],[2.48759,49.09038],[2.48772,49.09063],[2.48817,49.09136],[2.48797,49.09141],[2.48895,49.09357],[2.48851,49.0936],[2.48817,49.09371],[2.48805,49.09378],[2.48781,49.09405],[2.48767,49.09431],[2.48773,49.09432],[2.48791,49.09445],[2.48854,49.09461],[2.48923,49.09483],[2.4893,49.09488],[2.4897,49.09496],[2.48992,49.09492],[2.49004,49.09501],[2.49066,49.09514],[2.49177,49.09524],[2.49191,49.0952],[2.49213,49.09509],[2.49228,49.09506],[2.49247,49.09492],[2.49268,49.0949],[2.49295,49.09475],[2.4935,49.09464],[2.49359,49.09457],[2.49364,49.09447],[2.49432,49.09439],[2.49492,49.09439],[2.49534,49.09442],[2.49563,49.09453],[2.49602,49.09428],[2.49657,49.09409],[2.49686,49.09392],[2.49709,49.09386],[2.49724,49.09414],[2.49835,49.09363],[2.49886,49.09357],[2.49917,49.09357],[2.49936,49.09359],[2.4992,49.0942],[2.50004,49.09416],[2.5004,49.09418],[2.5034,49.09457],[2.50999,49.09514],[2.51079,49.09527],[2.51401,49.09591],[2.51681,49.09681],[2.51892,49.09755],[2.52077,49.0984],[2.52096,49.09829],[2.5212,49.09825],[2.52436,49.09804],[2.52457,49.09807],[2.52474,49.09802],[2.52466,49.09189],[2.5245,49.09051],[2.52472,49.08732],[2.52377,49.08731],[2.52358,49.08594],[2.52451,49.0839],[2.52465,49.0824],[2.52481,49.08137],[2.52623,49.08128],[2.52667,49.08034],[2.52947,49.08056],[2.52848,49.07066],[2.5283,49.06986],[2.52804,49.06929],[2.52775,49.06881],[2.52298,49.06269]]]}},
{"type":"Feature","properties":{"ID":"COMMUNE_0000000009734522","INSEE_COM":"95660","INSEE_ARR":"2","INSEE_COL":"95D","INSEE_DEP":"95","INSEE_REG":"11","NOM":"Villaines-sous-Bois","CL_DEPART":"Non","CL_REGION":"Non","SIREN_EPCI":"200073013","SIREN_SI":200091940,"NOM_SI":"SMAEP DAMONA"},"geometry":{"type":"Polygon","coordinates":[[[2.37026,49.07276],[2.36726,49.06833],[2.36467,49.0689],[2.35395,49.06978],[2.35415,49.07],[2.35231,49.07096],[2.35063,49.07177],[2.34605,49.0741],[2.34418,49.07261],[2.34415,49.07325],[2.34399,49.07448],[2.34178,49.07408],[2.3417,49.07493],[2.34143,49.07607],[2.33944,49.07642],[2.33923,49.07691],[2.34087,49.07736],[2.34306,49.07773],[2.34384,49.07791],[2.34466,49.07816],[2.34553,49.0785],[2.34603,49.07866],[2.34704,49.07887],[2.34858,49.07925],[2.34938,49.08076],[2.34958,49.08078],[2.34967,49.08106],[2.35135,49.08014],[2.3513,49.0801],[2.35202,49.07975],[2.35244,49.07946],[2.35259,49.07958],[2.35293,49.07953],[2.35335,49.07961],[2.35471,49.07981],[2.35598,49.08004],[2.35746,49.08026],[2.35801,49.08041],[2.35998,49.08108],[2.36264,49.08182],[2.36056,49.07985],[2.37037,49.07566],[2.36866,49.0731],[2.37026,49.07276]]]}},
{"type":"Feature","properties":{"ID":"COMMUNE_0000000009733497","INSEE_COM":"95058","INSEE_ARR":"3","INSEE_COL":"95D","INSEE_DEP":"95","INSEE_REG":"11","NOM":"Bernes-sur-Oise","CL_DEPART":"Non","CL_REGION":"Non","SIREN_EPCI":"249500489","SIREN_SI":259500072,"NOM_SI":"S.I. DE L'EAU ET DU GAZ"},"geometry":{"type":"Polygon","coordinates":[[[2.312,49.15012],[2.31093,49.15029],[2.30933,49.1506],[2.30804,49.15077],[2.3063,49.15087],[2.30293,49.15098],[2.30167,49.15111],[2.29965,49.15144],[2.2979,49.15166],[2.29675,49.15169],[2.29572,49.15164],[2.29467,49.15146],[2.29395,49.15127],[2.29271,49.15288],[2.29082,49.15506],[2.29011,49.15577],[2.28942,49.15653],[2.28885,49.15719],[2.28878,49.15734],[2.28849,49.15754],[2.28826,49.15779],[2.28741,49.15766],[2.2871,49.15909],[2.28651,49.15977],[2.28648,49.15987],[2.28605,49.1605],[2.28548,49.16159],[2.2853,49.16251],[2.28527,49.16344],[2.2852,49.16345],[2.28501,49.16481],[2.28509,49.16571],[2.28649,49.16566],[2.28642,49.16582],[2.28756,49.16588],[2.28697,49.16718],[2.28813,49.16737],[2.28787,49.16795],[2.28949,49.16804],[2.28927,49.16914],[2.28881,49.17071],[2.29026,49.17074],[2.29018,49.17154],[2.29246,49.17166],[2.29245,49.17185],[2.29415,49.17171],[2.29437,49.17242],[2.29454,49.17236],[2.29482,49.17341],[2.29568,49.17333],[2.29663,49.17621],[2.29952,49.17596],[2.29958,49.17656],[2.29954,49.17822],[2.29964,49.17882],[2.30003,49.18],[2.30008,49.1803],[2.3001,49.18124],[2.30077,49.18323],[2.30127,49.18404],[2.30445,49.18394],[2.30433,49.18365],[2.30479,49.18361],[2.30575,49.18343],[2.30621,49.18482],[2.30823,49.18461],[2.30846,49.18541],[2.31041,49.18496],[2.31043,49.18499],[2.31052,49.18496],[2.31159,49.18438],[2.31224,49.18351],[2.31238,49.18342],[2.30954,49.18134],[2.30902,49.18121],[2.31305,49.17579],[2.31274,49.17564],[2.3132,49.17363],[2.31436,49.16961],[2.31323,49.16955],[2.3127,49.16949],[2.31304,49.16529],[2.31301,49.16269],[2.31323,49.16267],[2.31278,49.159],[2.31391,49.15888],[2.31394,49.15871],[2.31362,49.15409],[2.31328,49.15418],[2.31261,49.15274],[2.31288,49.15265],[2.31306,49.15268],[2.312,49.15012]]]}},
{"type":"Feature","properties":{"ID":"COMMUNE_0000000009734549","INSEE_COM":"95610","INSEE_ARR":"3","INSEE_COL":"95D","INSEE_DEP":"95","INSEE_REG":"11","NOM":"Théméricourt","CL_DEPART":"Non","CL_REGION":"Non","SIREN_EPCI":"200035970","SIREN_SI":259501278,"NOM_SI":"SYNDICAT INTERCOMMUNAL DES EAUX DE LA VIOSNE, DE L’AUBETTE ET DE LA MONTCIENT (SIEVAM)"},"geometry":{"type":"Polygon","coordinates":[[[1.89689,49.06597],[1.89475,49.06709],[1.89648,49.06876],[1.89406,49.06995],[1.89387,49.06972],[1.89081,49.0712],[1.89106,49.07141],[1.89059,49.07187],[1.89398,49.07501],[1.88796,49.07775],[1.88901,49.07866],[1.89105,49.08025],[1.89266,49.08168],[1.88919,49.0832],[1.88754,49.08398],[1.88675,49.08425],[1.88996,49.08656],[1.88935,49.08671],[1.88947,49.08689],[1.89055,49.08811],[1.89064,49.08806],[1.89097,49.08835],[1.89001,49.08878],[1.88934,49.08903],[1.8883,49.08923],[1.891,49.09251],[1.89048,49.09251],[1.89,49.09261],[1.88999,49.09293],[1.89043,49.09519],[1.89221,49.09523],[1.89267,49.09596],[1.89318,49.09658],[1.89359,49.09643],[1.89476,49.09742],[1.8954,49.09788],[1.89514,49.10028],[1.89513,49.10044],[1.8952,49.10056],[1.89349,49.1015],[1.89389,49.10176],[1.89518,49.10275],[1.89721,49.10425],[1.89886,49.1051],[1.89939,49.10542],[1.90025,49.10621],[1.90155,49.10762],[1.90418,49.10902],[1.90587,49.11131],[1.90925,49.1099],[1.91158,49.10887],[1.91412,49.10788],[1.91551,49.10724],[1.91976,49.10545],[1.92276,49.10414],[1.92418,49.10356],[1.92584,49.10282],[1.92605,49.10276],[1.92549,49.1021],[1.92518,49.10182],[1.92398,49.10128],[1.92185,49.09478],[1.92278,49.09144],[1.91995,49.08862],[1.91971,49.08833],[1.91905,49.08776],[1.91883,49.08753],[1.91836,49.08688],[1.918,49.08668],[1.91791,49.08673],[1.91642,49.08539],[1.91627,49.08544],[1.91518,49.08445],[1.91513,49.08444],[1.91482,49.0841],[1.91473,49.08393],[1.91524,49.08377],[1.91529,49.08371],[1.91526,49.08354],[1.91503,49.08314],[1.91437,49.08249],[1.91343,49.08289],[1.91155,49.08117],[1.90973,49.07999],[1.90883,49.07928],[1.9062,49.07687],[1.90514,49.07579],[1.90444,49.07492],[1.90197,49.07143],[1.90077,49.06982],[1.90056,49.06969],[1.90055,49.06961],[1.90047,49.06964],[1.90031,49.06961],[1.89998,49.06936],[1.89978,49.06915],[1.89965,49.06894],[1.89952,49.06846],[1.89925,49.06811],[1.89886,49.06777],[1.89883,49.06761],[1.89918,49.06691],[1.89932,49.06638],[1.8993,49.06612],[1.89915,49.06572],[1.89915,49.06548],[1.89921,49.06536],[1.89875,49.06509],[1.89689,49.06597]]]}},
{"type":"Feature","properties":{"ID":"COMMUNE_0000000009734028","INSEE_COM":"95150","INSEE_ARR":"3","INSEE_COL":"95D","INSEE_DEP":"95","INSEE_REG":"11","NOM":"Chaussy","CL_DEPART":"Non","CL_REGION":"Non","SIREN_EPCI":"249500513","SIREN_SI":259500981,"NOM_SI":"S.I. D'ALIMENTATION EN EAU POTABLE DU VEXIN OUEST"},"geometry":{"type":"Polygon","coordinates":[[[1.67448,49.13932],[1.67452,49.13925],[1.67473,49.13914],[1.67511,49.13907],[1.67566,49.13893],[1.67776,49.13892],[1.67894,49.13885],[1.67875,49.13808],[1.68014,49.13722],[1.68018,49.13715],[1.68099,49.13682],[1.68191,49.13632],[1.68256,49.13603],[1.68287,49.1357],[1.6829,49.13561],[1.68283,49.13552],[1.68833,49.13085],[1.68877,49.13052],[1.69046,49.12943],[1.69128,49.12885],[1.69191,49.12849],[1.69239,49.12826],[1.69434,49.12752],[1.69486,49.12728],[1.6958,49.12676],[1.69604,49.12659],[1.69606,49.12651],[1.69669,49.12637],[1.69793,49.12615],[1.69839,49.126],[1.69871,49.12594],[1.69997,49.1258],[1.70114,49.12571],[1.70125,49.1257],[1.70136,49.12564],[1.70168,49.12562],[1.7028,49.12547],[1.7033,49.12546],[1.70533,49.12513],[1.70607,49.12523],[1.70719,49.12505],[1.7075,49.12504],[1.71543,49.12379],[1.71622,49.1237],[1.71623,49.1236],[1.71783,49.12358],[1.72022,49.12338],[1.72688,49.11825],[1.72706,49.11835],[1.72836,49.11711],[1.73308,49.11337],[1.73345,49.11368],[1.73413,49.11443],[1.73471,49.11487],[1.73543,49.11446],[1.73564,49.11459],[1.73671,49.11422],[1.7383,49.11456],[1.7392,49.11357],[1.74004,49.11246],[1.74057,49.11213],[1.74076,49.1118],[1.74094,49.11166],[1.74105,49.11134],[1.74167,49.1105],[1.74232,49.10984],[1.74359,49.10889],[1.74397,49.10856],[1.7452,49.10776],[1.7441,49.10655],[1.74411,49.10637],[1.74438,49.10597],[1.74483,49.1057],[1.74555,49.10547],[1.74409,49.10041],[1.74391,49.10005],[1.74363,49.09972],[1.74238,49.09944],[1.74094,49.09915],[1.73857,49.10117],[1.72085,49.09712],[1.71161,49.09509],[1.7093,49.09422],[1.7076,49.09375],[1.70593,49.09335],[1.70395,49.09227],[1.70323,49.09129],[1.70095,49.092],[1.70094,49.09207],[1.70063,49.09226],[1.69929,49.09277],[1.70068,49.09495],[1.70129,49.09583],[1.69921,49.09562],[1.69875,49.0957],[1.69703,49.09614],[1.69668,49.09572],[1.69501,49.09612],[1.69616,49.09821],[1.6938,49.09919],[1.69277,49.10073],[1.69265,49.1005],[1.69209,49.1007],[1.69095,49.10121],[1.69035,49.10142],[1.69012,49.10153],[1.68991,49.10199],[1.68992,49.10222],[1.68982,49.10244],[1.68975,49.10307],[1.68966,49.1033],[1.68983,49.10348],[1.69004,49.10387],[1.69088,49.10454],[1.6889,49.10521],[1.68954,49.10664],[1.68758,49.10736],[1.68512,49.10788],[1.68477,49.10721],[1.68388,49.1069],[1.68301,49.10678],[1.68002,49.10729],[1.67776,49.1078],[1.6766,49.10803],[1.6751,49.1083],[1.67434,49.1084],[1.67432,49.10925],[1.67424,49.10964],[1.6739,49.11036],[1.67229,49.1122],[1.6717,49.11272],[1.66935,49.11532],[1.66942,49.11547],[1.66964,49.11791],[1.66978,49.11849],[1.66999,49.11909],[1.67057,49.12054],[1.67078,49.1216],[1.67078,49.12199],[1.67086,49.12254],[1.67098,49.12314],[1.6711,49.12345],[1.67128,49.12425],[1.6714,49.12624],[1.67136,49.12684],[1.67121,49.12743],[1.67154,49.12906],[1.67168,49.1295],[1.67193,49.13012],[1.67201,49.1302],[1.67251,49.13037],[1.6725,49.13047],[1.67227,49.13083],[1.67326,49.13145],[1.67407,49.13208],[1.67577,49.13378],[1.6743,49.13434],[1.67483,49.13492],[1.67261,49.13579],[1.67208,49.13602],[1.67185,49.13615],[1.6715,49.13659],[1.67086,49.13761],[1.67027,49.13847],[1.6701,49.13862],[1.67001,49.1388],[1.67073,49.13916],[1.67346,49.13938],[1.67448,49.13932]]]}},
{"type":"Feature","properties":{"ID":"COMMUNE_0000000009733513","INSEE_COM":"95298","INSEE_ARR":"3","INSEE_COL":"95D","INSEE_DEP":"95","INSEE_REG":"11","NOM":"Haravilliers","CL_DEPART":"Non","CL_REGION":"Non","SIREN_EPCI":"200035970","SIREN_SI":259502649,"NOM_SI":"S.I. DES EAUX DU VAL DE VIOSNE"},"geometry":{"type":"Polygon","coordinates":[[[1.99897,49.17519],[1.99912,49.17541],[1.99968,49.17565],[2.0,49.17576],[2.00154,49.17579],[2.00268,49.17602],[2.00474,49.17719],[2.00626,49.17834],[2.00675,49.17861],[2.01077,49.18132],[2.01498,49.18424],[2.02107,49.18836],[2.02178,49.18881],[2.02566,49.18883],[2.02842,49.18796],[2.03135,49.1885],[2.03217,49.18871],[2.03264,49.18889],[2.03301,49.18862],[2.03357,49.1881],[2.03421,49.18862],[2.0345,49.18902],[2.03463,49.18961],[2.035,49.19001],[2.03567,49.19048],[2.03542,49.1906],[2.03595,49.19111],[2.03624,49.19099],[2.0367,49.19133],[2.03755,49.19185],[2.038,49.19217],[2.03818,49.19184],[2.03821,49.1914],[2.03952,49.1913],[2.03919,49.19065],[2.04042,49.19007],[2.04049,49.19023],[2.04108,49.19008],[2.04158,49.19003],[2.04184,49.19058],[2.04338,49.19038],[2.046,49.1901],[2.04573,49.18855],[2.04574,49.18814],[2.04641,49.1856],[2.0484,49.18425],[2.0487,49.18381],[2.05053,49.1844],[2.05204,49.18508],[2.0533,49.18428],[2.05532,49.18393],[2.05592,49.18353],[2.05624,49.18322],[2.05777,49.18195],[2.05827,49.18161],[2.06077,49.18055],[2.06226,49.17982],[2.06515,49.17856],[2.07044,49.17615],[2.0712,49.17572],[2.07229,49.17494],[2.07289,49.1744],[2.07304,49.17421],[2.07322,49.17424],[2.07384,49.17404],[2.07635,49.17332],[2.07623,49.1731],[2.07546,49.17128],[2.0751,49.17033],[2.07276,49.16993],[2.06858,49.17021],[2.06658,49.16913],[2.06558,49.16868],[2.06427,49.16792],[2.06216,49.16657],[2.06164,49.16671],[2.06082,49.16526],[2.06061,49.16529],[2.06021,49.16448],[2.05726,49.16385],[2.05742,49.16344],[2.05454,49.16293],[2.05185,49.1626],[2.04956,49.16256],[2.04771,49.16348],[2.04751,49.16325],[2.04715,49.16343],[2.0469,49.16347],[2.04688,49.1641],[2.04631,49.1642],[2.04627,49.16407],[2.04401,49.16474],[2.04393,49.1646],[2.04313,49.16485],[2.04271,49.16432],[2.04226,49.16391],[2.04173,49.16349],[2.04134,49.16312],[2.04059,49.16258],[2.03981,49.16188],[2.03945,49.1617],[2.03847,49.16108],[2.03771,49.16033],[2.03596,49.161],[2.03504,49.16124],[2.03462,49.16139],[2.03433,49.16155],[2.03405,49.1618],[2.03375,49.16213],[2.03357,49.16245],[2.03255,49.16209],[2.03212,49.16224],[2.03083,49.162],[2.02957,49.1623],[2.02952,49.16221],[2.02892,49.16225],[2.02876,49.16216],[2.02795,49.16218],[2.02745,49.16215],[2.02499,49.1625],[2.02448,49.16252],[2.02448,49.1627],[2.02281,49.16257],[2.02275,49.16249],[2.0221,49.16305],[2.0216,49.16342],[2.02127,49.1636],[2.01764,49.16362],[2.01686,49.16318],[2.01611,49.16369],[2.01331,49.16514],[2.01274,49.16557],[2.01243,49.16603],[2.01142,49.16729],[2.01174,49.1674],[2.01028,49.16902],[2.01036,49.16912],[2.01017,49.16916],[2.0071,49.17307],[2.00666,49.17313],[2.00619,49.17314],[2.00482,49.17292],[2.00449,49.1732],[2.00385,49.17339],[2.00292,49.1735],[2.00243,49.17303],[2.00182,49.1734],[2.0016,49.17331],[2.00087,49.17389],[2.00091,49.17398],[1.99897,49.17519]]]}},
{"type":"Feature","properties":{"ID":"COMMUNE_0000000009733505","INSEE_COM":"60139","INSEE_ARR":"4","INSEE_COL":"60D","INSEE_DEP":"60","INSEE_REG":"32","NOM":"Chambly","CL_DEPART":"Non","CL_REGION":"Non","SIREN_EPCI":"200067973","SIREN_SI":256000333,"NOM_SI":"S.I. DES EAUX DU PLATEAU DE LA THELLE (S.I.E.) (60)"},"geometry":{"type":"Polygon","coordinates":[[[2.24132,49.15159],[2.23881,49.15198],[2.23859,49.15181],[2.23695,49.15188],[2.23355,49.15155],[2.23356,49.15266],[2.23314,49.15254],[2.23179,49.15243],[2.23213,49.15162],[2.23211,49.15143],[2.2293,49.15153],[2.22465,49.15197],[2.22329,49.1521],[2.2223,49.15226],[2.21805,49.15356],[2.21739,49.15373],[2.21741,49.15377],[2.21684,49.15389],[2.21685,49.15413],[2.22307,49.1597],[2.22425,49.16238],[2.22501,49.16253],[2.22632,49.1629],[2.22799,49.16353],[2.22867,49.16371],[2.22922,49.1638],[2.23045,49.16377],[2.23001,49.16426],[2.23144,49.16468],[2.23147,49.16473],[2.233,49.16538],[2.23291,49.16547],[2.23433,49.16603],[2.23382,49.16652],[2.23539,49.16699],[2.23475,49.16726],[2.23448,49.16757],[2.23399,49.16804],[2.23368,49.16832],[2.23327,49.16861],[2.23246,49.16936],[2.23209,49.16992],[2.23177,49.17029],[2.23151,49.17049],[2.23008,49.17122],[2.22929,49.17158],[2.22777,49.1721],[2.22626,49.17254],[2.226,49.17264],[2.22574,49.17281],[2.22488,49.17351],[2.22448,49.17371],[2.22377,49.17399],[2.22251,49.17596],[2.22155,49.17715],[2.22082,49.17819],[2.22005,49.17919],[2.21985,49.17949],[2.21982,49.17959],[2.21994,49.17948],[2.22037,49.17924],[2.22132,49.17876],[2.22481,49.17711],[2.22513,49.17697],[2.22529,49.17695],[2.22536,49.17688],[2.22555,49.17684],[2.22553,49.17694],[2.22589,49.17684],[2.226,49.17706],[2.22619,49.17721],[2.22711,49.17765],[2.22537,49.17907],[2.22472,49.1797],[2.22459,49.17997],[2.22433,49.18033],[2.22392,49.18076],[2.22368,49.18119],[2.22345,49.18231],[2.22476,49.18288],[2.22504,49.18306],[2.22489,49.18334],[2.22474,49.18349],[2.22473,49.18354],[2.22476,49.18361],[2.22494,49.18375],[2.22474,49.18423],[2.22488,49.18433],[2.22488,49.18481],[2.22497,49.18495],[2.22576,49.18562],[2.22687,49.18643],[2.22809,49.18694],[2.2278,49.18722],[2.22895,49.18783],[2.22898,49.18781],[2.2301,49.18832],[2.23178,49.18917],[2.23193,49.1893],[2.23218,49.18945],[2.23223,49.18944],[2.23451,49.19062],[2.23439,49.19095],[2.2456,49.19491],[2.2472,49.19549],[2.24719,49.19551],[2.24757,49.19558],[2.25033,49.19642],[2.25269,49.19723],[2.2528,49.19685],[2.25306,49.19634],[2.25322,49.19581],[2.25359,49.19524],[2.25382,49.19466],[2.254,49.19392],[2.2547,49.19372],[2.25449,49.19343],[2.25426,49.19296],[2.25353,49.19123],[2.25326,49.19039],[2.25291,49.18978],[2.25232,49.1876],[2.25592,49.18583],[2.25673,49.18521],[2.25706,49.18471],[2.25795,49.18308],[2.25849,49.18225],[2.26418,49.18524],[2.27557,49.17243],[2.27491,49.17185],[2.27477,49.17154],[2.27461,49.17082],[2.27462,49.16973],[2.27446,49.16914],[2.27411,49.16845],[2.27363,49.16714],[2.27318,49.16628],[2.27069,49.16429],[2.26667,49.16154],[2.26652,49.16163],[2.26463,49.16057],[2.26477,49.16038],[2.26386,49.15977],[2.26394,49.15973],[2.26195,49.15848],[2.26215,49.15838],[2.26079,49.1573],[2.25946,49.15661],[2.25986,49.15615],[2.2599,49.15605],[2.25981,49.15572],[2.25986,49.15544],[2.25992,49.15537],[2.26008,49.15533],[2.25971,49.15514],[2.25876,49.15578],[2.25378,49.15263],[2.25145,49.15324],[2.25036,49.15349],[2.24899,49.1535],[2.24773,49.15344],[2.24652,49.15345],[2.24553,49.15339],[2.24187,49.15341],[2.24167,49.15241],[2.24132,49.15159]]]}},
{"type":"Feature","properties":{"ID":"COMMUNE_0000000009734502","INSEE_COM":"95509","INSEE_ARR":"2","INSEE_COL":"95D","INSEE_DEP":"95","INSEE_REG":"11","NOM":"Puiseux-en-France","CL_DEPART":"Non","CL_REGION":"Non","SIREN_EPCI":"200055655","SIREN_SI":200091940,"NOM_SI":"SMAEP DAMONA"},"geometry":{"type":"Polygon","coordinates":[[[2.48168,49.05534],[2.48266,49.05551],[2.4752,49.06472],[2.47376,49.06603],[2.47215,49.06798],[2.47208,49.06821],[2.47214,49.0683],[2.47235,49.06999],[2.47238,49.0706],[2.47227,49.07102],[2.47234,49.07106],[2.47278,49.07197],[2.47307,49.07229],[2.47347,49.07258],[2.47412,49.0729],[2.47433,49.07303],[2.47477,49.0734],[2.47567,49.07495],[2.47617,49.07551],[2.47675,49.07608],[2.47731,49.0766],[2.47948,49.07815],[2.47979,49.07844],[2.48034,49.0795],[2.48152,49.08225],[2.48222,49.08341],[2.48279,49.08452],[2.48296,49.08496],[2.48323,49.08593],[2.48352,49.08658],[2.48382,49.0875],[2.48387,49.08792],[2.48386,49.08874],[2.48396,49.089],[2.48405,49.08909],[2.48421,49.08913],[2.48521,49.08923],[2.48592,49.08939],[2.48619,49.08935],[2.4865,49.0894],[2.48768,49.0894],[2.48841,49.08948],[2.48856,49.08911],[2.48971,49.08902],[2.49006,49.08822],[2.48984,49.08753],[2.48959,49.08708],[2.48932,49.08669],[2.48893,49.08641],[2.4869,49.08515],[2.48669,49.08526],[2.48504,49.08371],[2.48474,49.08358],[2.48432,49.08246],[2.48654,49.08222],[2.48729,49.0821],[2.48641,49.07998],[2.48571,49.07842],[2.49054,49.0772],[2.4914,49.07698],[2.49154,49.07692],[2.49076,49.07375],[2.49525,49.07374],[2.49583,49.07404],[2.49625,49.0741],[2.49738,49.073],[2.49896,49.07305],[2.49904,49.07287],[2.49906,49.07224],[2.49899,49.07176],[2.49892,49.07153],[2.49894,49.07118],[2.49958,49.0672],[2.49984,49.0671],[2.50119,49.06681],[2.50717,49.06533],[2.507,49.06442],[2.50675,49.0622],[2.50665,49.06075],[2.50565,49.06074],[2.5056,49.05966],[2.50387,49.05952],[2.50389,49.0583],[2.50392,49.05819],[2.50416,49.0578],[2.50107,49.05592],[2.49961,49.05494],[2.49953,49.05501],[2.49895,49.05478],[2.49902,49.05454],[2.49739,49.05408],[2.49622,49.054],[2.49558,49.05391],[2.49512,49.05379],[2.49483,49.05376],[2.49379,49.05385],[2.49373,49.05362],[2.49348,49.05322],[2.49261,49.05224],[2.49212,49.0512],[2.49015,49.0517],[2.4899,49.05171],[2.48865,49.05338],[2.48188,49.05404],[2.48168,49.05534]]]}},
{"type":"Feature","properties":{"ID":"COMMUNE_0000000009734513","INSEE_COM":"95682","INSEE_ARR":"2","INSEE_COL":"95D","INSEE_DEP":"95","INSEE_REG":"11","NOM":"Villiers-le-Sec","CL_DEPART":"Non","CL_REGION":"Non","SIREN_EPCI":"200073013","SIREN_SI":200091940,"NOM_SI":"SMAEP DAMONA"},"geometry":{"type":"Polygon","coordinates":[[[2.3962,49.08669],[2.3966,49.08664],[2.40142,49.08298],[2.4048,49.08258],[2.40515,49.08248],[2.39943,49.07658],[2.39784,49.075],[2.39482,49.07185],[2.39564,49.07181],[2.39759,49.07158],[2.39413,49.06891],[2.39349,49.06858],[2.38569,49.06618],[2.38582,49.06663],[2.38628,49.06775],[2.38643,49.06837],[2.37548,49.06345],[2.37309,49.06502],[2.37078,49.06641],[2.36726,49.06833],[2.37026,49.07276],[2.3722,49.07236],[2.37552,49.07175],[2.3756,49.07185],[2.37578,49.0724],[2.37583,49.07261],[2.37586,49.07307],[2.37578,49.07358],[2.37563,49.07403],[2.37509,49.07505],[2.37964,49.07818],[2.3962,49.08669]]]}},
{"type":"Feature","properties":{"ID":"COMMUNE_0000000009733986","INSEE_COM":"95456","INSEE_ARR":"3","INSEE_COL":"95D","INSEE_DEP":"95","INSEE_REG":"11","NOM":"Noisy-sur-Oise","CL_DEPART":"Non","CL_REGION":"Non","SIREN_EPCI":"249500489","SIREN_SI":259500577,"NOM_SI":"S.I. D'EXPLOITATION DES CHAMPS CAPTANTS D'ASNIERES-SUR-OISE (S.I.E.C.C.A.O.)"},"geometry":{"type":"Polygon","coordinates":[[[2.32272,49.14655],[2.32378,49.14507],[2.32448,49.14426],[2.32581,49.14309],[2.32702,49.1423],[2.32758,49.14206],[2.32822,49.1419],[2.32879,49.14184],[2.32949,49.1419],[2.33113,49.1423],[2.3323,49.14263],[2.3336,49.14317],[2.33724,49.1453],[2.33855,49.14594],[2.33888,49.14605],[2.34008,49.14298],[2.3402,49.14196],[2.34087,49.13993],[2.34085,49.13876],[2.34079,49.13804],[2.34122,49.13546],[2.34092,49.13344],[2.3411,49.13212],[2.3405,49.13191],[2.33991,49.13163],[2.33924,49.131],[2.3386,49.13017],[2.33803,49.12916],[2.3374,49.12817],[2.33687,49.12691],[2.33671,49.12664],[2.3367,49.12648],[2.33675,49.12629],[2.33659,49.12598],[2.33659,49.12455],[2.33614,49.12434],[2.33679,49.12331],[2.33557,49.1228],[2.33438,49.12227],[2.33406,49.12209],[2.33316,49.12225],[2.32006,49.12486],[2.31888,49.1261],[2.31801,49.12711],[2.31596,49.12961],[2.31816,49.13164],[2.3173,49.13278],[2.31699,49.13307],[2.31622,49.13392],[2.31559,49.13488],[2.31553,49.13507],[2.31551,49.13552],[2.31595,49.13687],[2.31599,49.13772],[2.31651,49.13766],[2.31596,49.13906],[2.31575,49.13905],[2.31564,49.13926],[2.31527,49.13925],[2.31505,49.13997],[2.31491,49.14076],[2.31317,49.1407],[2.31314,49.14133],[2.31327,49.1419],[2.31363,49.14265],[2.31403,49.14297],[2.31466,49.1433],[2.31499,49.14344],[2.31519,49.14349],[2.31536,49.1435],[2.31644,49.14327],[2.31675,49.14361],[2.31689,49.14369],[2.317,49.1438],[2.31713,49.14413],[2.31761,49.14413],[2.31794,49.14416],[2.31817,49.14413],[2.31862,49.14402],[2.31873,49.14419],[2.31934,49.14395],[2.31998,49.14507],[2.32169,49.14452],[2.3215,49.14467],[2.3211,49.14506],[2.32272,49.14655]]]}},
{"type":"Feature","properties":{"ID":"COMMUNE_0000000009734019","INSEE_COM":"95054","INSEE_ARR":"3","INSEE_COL":"95D","INSEE_DEP":"95","INSEE_REG":"11","NOM":"Le Bellay-en-Vexin","CL_DEPART":"Non","CL_REGION":"Non","SIREN_EPCI":"200035970","SIREN_SI":259502649,"NOM_SI":"S.I. DES EAUX DU VAL DE VIOSNE"},"geometry":{"type":"Polygon","coordinates":[[[1.88288,49.13792],[1.88116,49.13781],[1.88056,49.13877],[1.87997,49.13867],[1.87986,49.13905],[1.8794,49.13897],[1.87942,49.1389],[1.87672,49.13836],[1.87655,49.13862],[1.87539,49.13998],[1.87468,49.14066],[1.87316,49.14011],[1.87271,49.14067],[1.87224,49.1407],[1.87157,49.1405],[1.87079,49.13993],[1.87036,49.13966],[1.86703,49.13828],[1.86572,49.1397],[1.8625,49.13993],[1.8552,49.14021],[1.85788,49.14378],[1.85789,49.1439],[1.85762,49.1451],[1.86047,49.14619],[1.86141,49.1465],[1.86085,49.14712],[1.86284,49.15009],[1.86285,49.15322],[1.86868,49.15599],[1.87002,49.15656],[1.8727,49.15732],[1.87182,49.1602],[1.87352,49.16052],[1.87616,49.16124],[1.87762,49.1615],[1.87835,49.16156],[1.87892,49.16157],[1.88164,49.16143],[1.88284,49.16141],[1.88285,49.16152],[1.88615,49.16228],[1.88713,49.16248],[1.88936,49.16274],[1.89011,49.16291],[1.89123,49.16325],[1.89192,49.16183],[1.89267,49.16199],[1.89293,49.16153],[1.89371,49.1617],[1.89372,49.16137],[1.89395,49.16056],[1.8947,49.16066],[1.89491,49.16002],[1.89715,49.16015],[1.89719,49.15902],[1.8953,49.15883],[1.8953,49.15862],[1.89468,49.15855],[1.89207,49.15885],[1.89208,49.15954],[1.89193,49.15955],[1.89166,49.15902],[1.89107,49.15899],[1.89128,49.15679],[1.89264,49.15697],[1.89309,49.14931],[1.89258,49.1491],[1.89093,49.1494],[1.89252,49.14586],[1.89326,49.14402],[1.88915,49.14355],[1.88818,49.14319],[1.88837,49.14245],[1.88886,49.14118],[1.88893,49.14066],[1.88515,49.13967],[1.88577,49.13871],[1.88288,49.13792]]]}},
{"type":"Feature","properties":{"ID":"COMMUNE_0000000009735051","INSEE_COM":"95388","INSEE_ARR":"3","INSEE_COL":"95D","INSEE_DEP":"95","INSEE_REG":"11","NOM":"Menucourt","CL_DEPART":"Non","CL_REGION":"Non","SIREN_EPCI":"249500109","SIREN_SI":249500109,"NOM_SI":"COMMUNAUTE D'AGGLOMERATION DE CERGY-PONTOISE"},"geometry":{"type":"Polygon","coordinates":[[[1.95673,49.02182],[1.9562,49.02217],[1.95595,49.02237],[1.95542,49.02289],[1.95499,49.0242],[1.95486,49.02488],[1.95438,49.0257],[1.95841,49.0265],[1.95859,49.02773],[1.95887,49.02804],[1.96029,49.02942],[1.96017,49.03279],[1.96028,49.03327],[1.96089,49.03481],[1.96347,49.03491],[1.96665,49.03491],[1.97194,49.03465],[1.97194,49.03476],[1.97333,49.03474],[1.97427,49.0347],[1.9743,49.03465],[1.97623,49.03471],[1.97666,49.03558],[1.97892,49.0357],[1.98031,49.0356],[1.98244,49.03522],[1.9854,49.03419],[1.98558,49.03432],[1.9867,49.03426],[1.98726,49.03419],[1.98779,49.03407],[1.98793,49.03402],[1.98919,49.03266],[1.99029,49.03196],[1.99087,49.03155],[1.99107,49.03151],[1.9908,49.03109],[1.99097,49.03101],[1.9924,49.03009],[1.99284,49.02964],[1.99355,49.02838],[1.99289,49.02811],[1.99258,49.0279],[1.99213,49.02749],[1.99183,49.02706],[1.99122,49.0263],[1.99144,49.02376],[1.99219,49.02104],[1.99168,49.021],[1.98938,49.02058],[1.98606,49.0198],[1.98268,49.01924],[1.97966,49.01894],[1.97883,49.01897],[1.97413,49.01948],[1.97352,49.01982],[1.97252,49.02057],[1.96921,49.02159],[1.96905,49.02169],[1.96812,49.02212],[1.96732,49.02237],[1.96685,49.02258],[1.96671,49.02274],[1.96669,49.02287],[1.96569,49.0239],[1.96558,49.02394],[1.96539,49.02409],[1.96531,49.02421],[1.96457,49.02492],[1.96428,49.02525],[1.96406,49.02542],[1.96372,49.02496],[1.96335,49.02458],[1.96317,49.02447],[1.96204,49.02393],[1.96176,49.02365],[1.96156,49.02326],[1.96135,49.02314],[1.9602,49.02308],[1.9599,49.02294],[1.95931,49.02252],[1.9587,49.02227],[1.95673,49.02182]]]}},
{"type":"Feature","properties":{"ID":"COMMUNE_0000000009735040","INSEE_COM":"95488","INSEE_ARR":"1","INSEE_COL":"95D","INSEE_DEP":"95","INSEE_REG":"11","NOM":"Pierrelaye","CL_DEPART":"Non","CL_REGION":"Non","SIREN_EPCI":"200058485","SIREN_SI":257500017,"NOM_SI":"S.E.D.I.F."},"geometry":{"type":"Polygon","coordinates":[[[2.16819,49.03146],[2.17362,49.02946],[2.17606,49.02845],[2.17732,49.02801],[2.17766,49.02786],[2.17877,49.02751],[2.17951,49.02722],[2.18006,49.02698],[2.18033,49.02681],[2.18057,49.02674],[2.18074,49.0266],[2.18136,49.02625],[2.18197,49.02592],[2.18228,49.02578],[2.18277,49.02544],[2.18116,49.02415],[2.18075,49.02375],[2.17958,49.02234],[2.1791,49.02164],[2.17852,49.02109],[2.17805,49.02046],[2.17754,49.01988],[2.17748,49.0197],[2.17676,49.01877],[2.17503,49.0167],[2.17478,49.01679],[2.17342,49.01481],[2.17326,49.0145],[2.17298,49.01417],[2.1935,49.00862],[2.19364,49.00864],[2.19572,49.00809],[2.19698,49.00775],[2.19711,49.00768],[2.19313,49.00549],[2.19133,49.00474],[2.18777,49.00336],[2.18233,49.00085],[2.18209,49.00077],[2.16835,49.00804],[2.16108,49.01223],[2.16091,49.01205],[2.15922,49.0126],[2.15817,49.01289],[2.1577,49.01307],[2.15624,49.01349],[2.1554,49.01211],[2.1548,49.01042],[2.15465,49.01012],[2.1545,49.00935],[2.1545,49.00894],[2.15468,49.00755],[2.15477,49.00636],[2.15485,49.00596],[2.15505,49.00548],[2.15551,49.00485],[2.15521,49.00494],[2.15375,49.0058],[2.15266,49.00626],[2.15128,49.00677],[2.15086,49.00697],[2.15035,49.00717],[2.14863,49.00799],[2.14766,49.00857],[2.14742,49.00865],[2.14717,49.0088],[2.14684,49.00895],[2.14474,49.01022],[2.14248,49.01146],[2.14162,49.01202],[2.14114,49.0124],[2.13994,49.01296],[2.13935,49.01334],[2.13685,49.01528],[2.13107,49.02038],[2.13054,49.02088],[2.12864,49.02287],[2.13556,49.02702],[2.13797,49.02796],[2.13971,49.02867],[2.13981,49.02875],[2.14075,49.02908],[2.14924,49.03247],[2.15174,49.03377],[2.15565,49.03622],[2.15701,49.03589],[2.15825,49.03551],[2.15886,49.03529],[2.16285,49.03367],[2.16457,49.0329],[2.16598,49.03237],[2.16819,49.03146]]]}},
{"type":"Feature","properties":{"ID":"COMMUNE_0000000009734000","INSEE_COM":"95308","INSEE_ARR":"3","INSEE_COL":"95D","INSEE_DEP":"95","INSEE_REG":"11","NOM":"Hérouville-en-Vexin","CL_DEPART":"Non","CL_REGION":"Non","SIREN_EPCI":"249500430","SIREN_SI":259500791,"NOM_SI":"S.I. DES EAUX D'ENNERY - LIVILLIERS - HEROUVILLE"},"geometry":{"type":"Polygon","coordinates":[[[2.11714,49.09373],[2.11319,49.09593],[2.11334,49.09599],[2.11194,49.09725],[2.11059,49.09914],[2.10966,49.10008],[2.11028,49.10055],[2.11004,49.10076],[2.11163,49.10179],[2.11054,49.10264],[2.11136,49.10307],[2.10854,49.10447],[2.10943,49.10519],[2.10966,49.10542],[2.11004,49.10831],[2.11023,49.10904],[2.11071,49.10971],[2.11036,49.11064],[2.10959,49.11143],[2.10822,49.11226],[2.1077,49.11262],[2.10723,49.11289],[2.10572,49.11351],[2.10471,49.11398],[2.10765,49.11649],[2.10954,49.1178],[2.10687,49.11886],[2.10514,49.11966],[2.10849,49.12364],[2.11426,49.12283],[2.11329,49.12141],[2.11328,49.12134],[2.11336,49.12129],[2.11709,49.12051],[2.12267,49.1192],[2.12393,49.11899],[2.12388,49.11914],[2.12507,49.11878],[2.12894,49.11816],[2.12935,49.11791],[2.13536,49.11646],[2.13504,49.11585],[2.13933,49.1139],[2.13981,49.11466],[2.14523,49.1125],[2.14658,49.11169],[2.14663,49.11137],[2.1467,49.11119],[2.14687,49.111],[2.14727,49.11063],[2.14793,49.11019],[2.1484,49.10977],[2.15137,49.10817],[2.15183,49.10785],[2.15163,49.10762],[2.15086,49.1065],[2.15073,49.10496],[2.14964,49.10429],[2.14981,49.10427],[2.14975,49.10405],[2.14851,49.10297],[2.14806,49.10236],[2.14767,49.10148],[2.14713,49.10143],[2.14711,49.10059],[2.14661,49.0999],[2.14549,49.09934],[2.14495,49.09902],[2.14367,49.09803],[2.14239,49.09695],[2.14489,49.09548],[2.14629,49.09488],[2.1465,49.09472],[2.14874,49.09259],[2.14779,49.09217],[2.14787,49.09208],[2.14582,49.09139],[2.14535,49.09206],[2.14386,49.0917],[2.14396,49.09155],[2.14333,49.09135],[2.1426,49.09213],[2.13821,49.09056],[2.13777,49.0907],[2.13363,49.08828],[2.13378,49.08823],[2.13296,49.08764],[2.13332,49.08756],[2.13089,49.08578],[2.12907,49.08678],[2.12852,49.08629],[2.12656,49.08696],[2.12646,49.08683],[2.11835,49.09057],[2.11989,49.09232],[2.11903,49.09284],[2.11714,49.09373]]]}},
{"type":"Feature","properties":{"ID":"COMMUNE_0000000009734545","INSEE_COM":"95183","INSEE_ARR":"3","INSEE_COL":"95D","INSEE_DEP":"95","INSEE_REG":"11","NOM":"Courdimanche","CL_DEPART":"Non","CL_REGION":"Non","SIREN_EPCI":"249500109","SIREN_SI":249500109,"NOM_SI":"COMMUNAUTE D'AGGLOMERATION DE CERGY-PONTOISE"},"geometry":{"type":"Polygon","coordinates":[[[1.99468,49.06059],[2.0022,49.05851],[2.00254,49.05833],[2.00282,49.05824],[2.00406,49.05787],[2.00625,49.05741],[2.01072,49.05621],[2.01001,49.05557],[2.00839,49.05519],[2.0067,49.05489],[2.00416,49.05418],[2.00324,49.05379],[2.00228,49.05327],[1.99998,49.05178],[2.00477,49.05028],[2.00445,49.04969],[2.00695,49.0492],[2.00669,49.04863],[2.00832,49.04831],[2.00812,49.0477],[2.00789,49.04731],[2.00837,49.04721],[2.00847,49.04683],[2.00902,49.04674],[2.0082,49.04609],[2.00755,49.04543],[2.00704,49.04457],[2.01043,49.04387],[2.01103,49.04347],[2.0136,49.04162],[2.01612,49.04016],[2.01593,49.03971],[2.01604,49.03966],[2.0145,49.03925],[2.01077,49.03737],[2.01121,49.03502],[2.01129,49.03431],[2.01142,49.03401],[2.01154,49.03355],[2.01175,49.032],[2.01284,49.02721],[2.01253,49.02712],[2.01201,49.02704],[2.01007,49.02688],[2.01002,49.02734],[2.0045,49.02779],[2.0007,49.02717],[1.99908,49.02719],[1.99935,49.02409],[1.99889,49.02409],[1.99891,49.02393],[1.99847,49.02392],[1.99847,49.02367],[1.99661,49.02363],[1.99564,49.02367],[1.9932,49.02391],[1.99241,49.02388],[1.99144,49.02376],[1.99122,49.0263],[1.99183,49.02706],[1.99213,49.02749],[1.99258,49.0279],[1.99289,49.02811],[1.99355,49.02838],[1.99284,49.02964],[1.9924,49.03009],[1.99097,49.03101],[1.9908,49.03109],[1.99107,49.03151],[1.99087,49.03155],[1.99029,49.03196],[1.98919,49.03266],[1.98793,49.03402],[1.98779,49.03407],[1.98726,49.03419],[1.9867,49.03426],[1.98558,49.03432],[1.9854,49.03419],[1.98371,49.03478],[1.98428,49.03562],[1.98451,49.03555],[1.98462,49.03772],[1.9836,49.0378],[1.98521,49.03932],[1.98428,49.03987],[1.9854,49.04211],[1.98691,49.04718],[1.98771,49.05033],[1.98801,49.05093],[1.98819,49.05114],[1.98894,49.05185],[1.99216,49.05561],[1.99289,49.05674],[1.99468,49.06059]]]}},
{"type":"Feature","properties":{"ID":"COMMUNE_0000000009734023","INSEE_COM":"95270","INSEE_ARR":"3","INSEE_COL":"95D","INSEE_DEP":"95","INSEE_REG":"11","NOM":"Genainville","CL_DEPART":"Non","CL_REGION":"Non","SIREN_EPCI":"249500513","SIREN_SI":259500981,"NOM_SI":"S.I. D'ALIMENTATION EN EAU POTABLE DU VEXIN OUEST"},"geometry":{"type":"Polygon","coordinates":[[[1.75384,49.09003],[1.75373,49.09002],[1.75265,49.09043],[1.75256,49.0905],[1.75139,49.09097],[1.75098,49.0911],[1.74272,49.09432],[1.74099,49.09916],[1.74238,49.09944],[1.74363,49.09972],[1.74391,49.10005],[1.74409,49.10041],[1.74555,49.10547],[1.74483,49.1057],[1.74438,49.10597],[1.74411,49.10637],[1.7441,49.10655],[1.7452,49.10776],[1.74397,49.10856],[1.74359,49.10889],[1.74232,49.10984],[1.74167,49.1105],[1.74105,49.11134],[1.74094,49.11166],[1.74076,49.1118],[1.74057,49.11213],[1.74004,49.11246],[1.7392,49.11357],[1.7383,49.11456],[1.73804,49.11517],[1.73787,49.11543],[1.73767,49.11565],[1.73677,49.11633],[1.73564,49.1167],[1.73481,49.11702],[1.73487,49.11706],[1.73385,49.11784],[1.73297,49.11865],[1.73246,49.11941],[1.73228,49.11979],[1.73009,49.12437],[1.72998,49.12484],[1.73066,49.12527],[1.73056,49.12575],[1.73148,49.12619],[1.73144,49.12626],[1.73146,49.12634],[1.73174,49.12681],[1.73092,49.12762],[1.73088,49.12851],[1.73448,49.12956],[1.73971,49.13346],[1.73951,49.1342],[1.74033,49.1344],[1.73946,49.1362],[1.74059,49.13651],[1.74063,49.13683],[1.74113,49.13709],[1.74105,49.13755],[1.7417,49.13777],[1.74171,49.1379],[1.74414,49.13815],[1.74548,49.13838],[1.74611,49.13703],[1.7467,49.13711],[1.74679,49.13698],[1.74784,49.13598],[1.74837,49.13556],[1.74856,49.13568],[1.74887,49.13579],[1.74921,49.13553],[1.75002,49.13604],[1.75089,49.13533],[1.75165,49.13523],[1.75377,49.13421],[1.75444,49.13376],[1.75468,49.13366],[1.75521,49.13399],[1.7554,49.13408],[1.7556,49.134],[1.7559,49.13384],[1.7566,49.13331],[1.75747,49.1328],[1.758,49.13256],[1.75873,49.13297],[1.76137,49.13504],[1.76303,49.13393],[1.76641,49.13189],[1.76694,49.13231],[1.76992,49.13081],[1.76976,49.13066],[1.77006,49.13049],[1.76955,49.12998],[1.77029,49.12999],[1.7707,49.1298],[1.7719,49.1294],[1.77164,49.12911],[1.77199,49.12898],[1.7714,49.12843],[1.77029,49.1276],[1.76951,49.12758],[1.7694,49.1273],[1.76747,49.12521],[1.76675,49.12356],[1.76883,49.1231],[1.77555,49.12143],[1.77639,49.12126],[1.77753,49.12095],[1.77758,49.12093],[1.77707,49.12003],[1.77739,49.11989],[1.7785,49.11954],[1.77941,49.11921],[1.78145,49.11854],[1.78153,49.11804],[1.78131,49.11795],[1.78033,49.11769],[1.78017,49.1176],[1.77962,49.11686],[1.77958,49.11633],[1.77965,49.11565],[1.77965,49.11514],[1.77963,49.11455],[1.77955,49.11415],[1.77698,49.10821],[1.7769,49.10765],[1.76766,49.10465],[1.76752,49.1047],[1.76312,49.1045],[1.76277,49.10401],[1.76226,49.10399],[1.7623,49.1029],[1.75953,49.10291],[1.75895,49.10044],[1.75869,49.09966],[1.75873,49.09956],[1.75869,49.09948],[1.75739,49.0986],[1.7576,49.0985],[1.75485,49.09611],[1.75546,49.09562],[1.75606,49.09502],[1.75363,49.09303],[1.75369,49.09136],[1.75384,49.09003]]]}},
{"type":"Feature","properties":{"ID":"COMMUNE_0000000009734005","INSEE_COM":"95177","INSEE_ARR":"3","INSEE_COL":"95D","INSEE_DEP":"95","INSEE_REG":"11","NOM":"Cormeilles-en-Vexin","CL_DEPART":"Non","CL_REGION":"Non","SIREN_EPCI":"200035970","SIREN_SI":259502649,"NOM_SI":"S.I. DES EAUX DU VAL DE VIOSNE"},"geometry":{"type":"Polygon","coordinates":[[[2.01142,49.13161],[2.01313,49.13121],[2.01384,49.13254],[2.02201,49.1305],[2.02183,49.12943],[2.02374,49.13107],[2.02525,49.13048],[2.02499,49.12985],[2.02679,49.12917],[2.02722,49.13009],[2.02712,49.13012],[2.02712,49.13025],[2.02733,49.13117],[2.03027,49.1308],[2.02973,49.12758],[2.03229,49.12638],[2.03644,49.12436],[2.03605,49.12414],[2.03676,49.12307],[2.03781,49.1216],[2.03728,49.12108],[2.03936,49.11937],[2.03827,49.11807],[2.03712,49.11797],[2.04211,49.11436],[2.03656,49.11255],[2.03767,49.11214],[2.04171,49.11075],[2.04173,49.10843],[2.0442,49.1082],[2.04186,49.10349],[2.04183,49.10334],[2.04188,49.10313],[2.04215,49.10236],[2.04212,49.10214],[2.04196,49.10184],[2.04187,49.10172],[2.04128,49.10144],[2.03977,49.10092],[2.03959,49.10007],[2.036,49.10059],[2.03614,49.10105],[2.03328,49.10143],[2.03251,49.09913],[2.03139,49.09929],[2.03054,49.09796],[2.0297,49.09825],[2.02867,49.09855],[2.02707,49.09655],[2.02216,49.09826],[2.02258,49.0991],[2.02233,49.09917],[2.02247,49.10002],[2.02196,49.10028],[2.02224,49.10033],[2.0212,49.10069],[2.01753,49.10187],[2.0156,49.09925],[2.00534,49.10244],[2.00308,49.10014],[2.00116,49.10111],[1.99968,49.09978],[1.99919,49.09944],[1.999,49.09939],[1.99846,49.09983],[1.99866,49.09999],[1.99851,49.10016],[1.99857,49.10023],[1.99839,49.10036],[1.99797,49.10013],[1.99521,49.10193],[1.99407,49.10276],[1.99202,49.10316],[1.99145,49.1027],[1.99069,49.10303],[1.99182,49.10416],[1.99228,49.10471],[1.99288,49.10555],[1.98999,49.10659],[1.99038,49.10714],[1.99219,49.10913],[1.99434,49.11067],[1.99305,49.11167],[1.99348,49.11202],[1.99385,49.11232],[1.99613,49.11069],[2.00091,49.11357],[2.00055,49.11378],[2.00007,49.11396],[1.99943,49.11434],[1.99894,49.11458],[1.99994,49.11523],[2.00085,49.11576],[2.00116,49.11601],[2.0024,49.11545],[2.00222,49.11527],[2.00397,49.11471],[2.0047,49.11497],[2.00503,49.11482],[2.00474,49.11585],[2.00442,49.11647],[2.00417,49.11718],[2.0041,49.1176],[2.00383,49.11807],[2.004,49.11812],[2.00474,49.11862],[2.00514,49.11842],[2.00523,49.1185],[2.00549,49.1189],[2.00444,49.11916],[2.00437,49.11921],[2.00478,49.11947],[2.00434,49.11962],[2.00426,49.11953],[2.00404,49.11961],[2.00478,49.12026],[2.00655,49.12207],[2.00348,49.12323],[2.00309,49.12347],[2.00391,49.12392],[2.00531,49.12476],[2.00633,49.12508],[2.00601,49.12564],[2.00788,49.12683],[2.00585,49.12815],[2.00629,49.12836],[2.00687,49.1287],[2.01142,49.13161]]]}},
{"type":"Feature","properties":{"ID":"COMMUNE_0000000009734536","INSEE_COM":"95039","INSEE_ARR":"3","INSEE_COL":"95D","INSEE_DEP":"95","INSEE_REG":"11","NOM":"Auvers-sur-Oise","CL_DEPART":"Non","CL_REGION":"Non","SIREN_EPCI":"249500430","SIREN_SI":257500017,"NOM_SI":"S.E.D.I.F."},"geometry":{"type":"Polygon","coordinates":[[[2.12701,49.064],[2.12593,49.06495],[2.12584,49.0649],[2.12517,49.06541],[2.12503,49.06534],[2.12483,49.06554],[2.12156,49.06394],[2.12038,49.0647],[2.1207,49.06498],[2.1208,49.06532],[2.12099,49.06562],[2.12144,49.06596],[2.12253,49.06668],[2.1229,49.06703],[2.12186,49.06754],[2.12231,49.06796],[2.12215,49.06805],[2.12299,49.06876],[2.12413,49.07029],[2.12392,49.07045],[2.12427,49.0707],[2.12357,49.07159],[2.12395,49.07162],[2.12502,49.07231],[2.12612,49.07265],[2.1258,49.07311],[2.1256,49.07318],[2.12541,49.07321],[2.12512,49.07334],[2.12497,49.07345],[2.12485,49.07365],[2.12479,49.07398],[2.12482,49.07431],[2.12506,49.0749],[2.12522,49.0757],[2.12545,49.07622],[2.12573,49.07699],[2.12597,49.07745],[2.12601,49.07749],[2.12832,49.07865],[2.12938,49.07913],[2.13006,49.07938],[2.13015,49.07929],[2.13124,49.07971],[2.13128,49.07986],[2.13364,49.08076],[2.13261,49.08165],[2.13254,49.08167],[2.13061,49.08318],[2.13121,49.08357],[2.129,49.08449],[2.13038,49.08606],[2.13089,49.08578],[2.13332,49.08756],[2.13296,49.08764],[2.13378,49.08823],[2.13363,49.08828],[2.13777,49.0907],[2.13821,49.09056],[2.1426,49.09213],[2.14333,49.09135],[2.14396,49.09155],[2.14386,49.0917],[2.14535,49.09206],[2.14582,49.09139],[2.14787,49.09208],[2.14779,49.09217],[2.14874,49.09259],[2.1465,49.09472],[2.14629,49.09488],[2.14489,49.09548],[2.14239,49.09695],[2.14367,49.09803],[2.14495,49.09902],[2.14549,49.09934],[2.14661,49.0999],[2.14711,49.10059],[2.14713,49.10143],[2.14767,49.10148],[2.14806,49.10236],[2.14822,49.10261],[2.14851,49.10297],[2.14975,49.10405],[2.14981,49.10427],[2.1509,49.10383],[2.15456,49.10543],[2.16144,49.10308],[2.16253,49.10214],[2.16387,49.10065],[2.16429,49.10026],[2.16498,49.09954],[2.16512,49.09932],[2.16752,49.09751],[2.16932,49.0957],[2.17151,49.093],[2.17251,49.09118],[2.17173,49.09083],[2.17353,49.08817],[2.17216,49.08774],[2.17153,49.08757],[2.17177,49.08689],[2.17194,49.08665],[2.17804,49.08068],[2.17943,49.07946],[2.17961,49.07942],[2.17967,49.07937],[2.1799,49.0791],[2.18126,49.07784],[2.18186,49.07722],[2.1823,49.07669],[2.1842,49.07734],[2.18444,49.07745],[2.18525,49.07797],[2.18665,49.07854],[2.18779,49.07771],[2.18701,49.07726],[2.18868,49.0761],[2.18888,49.0762],[2.19015,49.07538],[2.19061,49.07562],[2.19096,49.07584],[2.19122,49.0757],[2.19115,49.07564],[2.19168,49.07525],[2.19187,49.07507],[2.19194,49.07511],[2.19338,49.07384],[2.1918,49.07309],[2.19084,49.0727],[2.18924,49.07223],[2.18569,49.07129],[2.18464,49.0711],[2.18208,49.07076],[2.18056,49.07051],[2.17963,49.07029],[2.17897,49.0701],[2.17831,49.06978],[2.17758,49.06933],[2.1707,49.06477],[2.16994,49.06438],[2.16939,49.06423],[2.16827,49.06412],[2.16718,49.06417],[2.16578,49.06432],[2.16438,49.06455],[2.16348,49.06464],[2.16255,49.06467],[2.15857,49.06444],[2.15809,49.06468],[2.15753,49.06489],[2.15651,49.06514],[2.15371,49.06571],[2.15027,49.06655],[2.1495,49.06669],[2.14835,49.06683],[2.14724,49.06693],[2.14521,49.06701],[2.14346,49.06696],[2.14269,49.06691],[2.142,49.06678],[2.14179,49.06667],[2.14157,49.06646],[2.14038,49.06643],[2.13973,49.06647],[2.13872,49.06661],[2.13697,49.06699],[2.13637,49.06708],[2.13549,49.06712],[2.1347,49.0671],[2.134,49.06703],[2.13289,49.0668],[2.13217,49.06659],[2.13159,49.06637],[2.13106,49.06612],[2.12998,49.06538],[2.12921,49.0649],[2.12868,49.06466],[2.12701,49.064]]]}},
{"type":"Feature","properties":{"ID":"COMMUNE_0000000009733988","INSEE_COM":"95452","INSEE_ARR":"3","INSEE_COL":"95D","INSEE_DEP":"95","INSEE_REG":"11","NOM":"Nointel","CL_DEPART":"Non","CL_REGION":"Non","SIREN_EPCI":"249500489","SIREN_SI":259500080,"NOM_SI":"S.I. DES EAUX DE MOURS - NOINTEL ET PRESLES"},"geometry":{"type":"Polygon","coordinates":[[[2.27953,49.12576],[2.27893,49.12572],[2.27882,49.12578],[2.27856,49.12585],[2.2785,49.12595],[2.27826,49.12603],[2.2779,49.12635],[2.27782,49.12652],[2.27759,49.12665],[2.27749,49.12676],[2.27703,49.12699],[2.27792,49.12722],[2.27798,49.12729],[2.2772,49.12876],[2.27718,49.12933],[2.27693,49.13096],[2.27691,49.13225],[2.27701,49.13279],[2.27746,49.13371],[2.27755,49.13379],[2.27824,49.13526],[2.28091,49.13679],[2.28242,49.13569],[2.2829,49.13566],[2.28296,49.13587],[2.28702,49.1366],[2.2872,49.13666],[2.28734,49.13645],[2.28873,49.1367],[2.28881,49.13625],[2.28895,49.13588],[2.2891,49.13557],[2.28928,49.13531],[2.29014,49.13565],[2.29053,49.13575],[2.29158,49.13592],[2.29232,49.13616],[2.29301,49.1352],[2.29314,49.13519],[2.29402,49.13496],[2.29563,49.13447],[2.29675,49.13604],[2.29587,49.1363],[2.29703,49.13662],[2.29781,49.13744],[2.29853,49.13841],[2.29874,49.13854],[2.30025,49.13719],[2.30265,49.13528],[2.30357,49.1345],[2.30387,49.13442],[2.30537,49.13305],[2.30585,49.1325],[2.30396,49.1321],[2.30689,49.12917],[2.30862,49.12753],[2.30946,49.12662],[2.31344,49.12274],[2.30559,49.12027],[2.29341,49.12272],[2.29322,49.12211],[2.29176,49.12245],[2.29193,49.12208],[2.29095,49.12238],[2.28967,49.1226],[2.28934,49.12261],[2.28919,49.12309],[2.28831,49.12356],[2.28815,49.12368],[2.28708,49.12414],[2.28654,49.12441],[2.28507,49.12529],[2.2822,49.12413],[2.28266,49.12581],[2.28261,49.12619],[2.28243,49.12672],[2.28189,49.12647],[2.28006,49.12551],[2.27994,49.12564],[2.27971,49.12575],[2.27953,49.12576]]]}},
{"type":"Feature","properties":{"ID":"COMMUNE_0000000009733979","INSEE_COM":"60142","INSEE_ARR":"4","INSEE_COL":"60D","INSEE_DEP":"60","INSEE_REG":"32","NOM":"La Chapelle-en-Serval","CL_DEPART":"Non","CL_REGION":"Non","SIREN_EPCI":"246000764","SIREN_SI":259500577,"NOM_SI":"S.I. D'EXPLOITATION DES CHAMPS CAPTANTS D'ASNIERES-SUR-OISE (S.I.E.C.C.A.O.)"},"geometry":{"type":"Polygon","coordinates":[[[2.49007,49.10625],[2.49077,49.10822],[2.49137,49.11042],[2.49142,49.11108],[2.49122,49.11142],[2.50301,49.11767],[2.50297,49.11777],[2.49908,49.12224],[2.50329,49.12497],[2.50336,49.12498],[2.50623,49.12451],[2.51044,49.12339],[2.51351,49.12333],[2.51377,49.12567],[2.51437,49.12633],[2.51432,49.12635],[2.51482,49.12666],[2.51526,49.12685],[2.51729,49.12758],[2.51752,49.12764],[2.5179,49.12766],[2.51803,49.12776],[2.5181,49.1276],[2.51849,49.12727],[2.5237,49.123],[2.52416,49.12344],[2.52567,49.12441],[2.52775,49.12586],[2.52817,49.12749],[2.5278,49.12742],[2.52726,49.12865],[2.52714,49.12864],[2.52676,49.12996],[2.52395,49.13092],[2.52253,49.13144],[2.52344,49.13235],[2.52407,49.13389],[2.52443,49.13445],[2.52526,49.13451],[2.5256,49.13561],[2.52639,49.13555],[2.52719,49.13733],[2.52676,49.13729],[2.52669,49.13839],[2.5286,49.13869],[2.52859,49.1388],[2.53108,49.13948],[2.53255,49.13995],[2.53336,49.14013],[2.53585,49.1399],[2.53811,49.13959],[2.54097,49.14369],[2.54238,49.14584],[2.54258,49.14577],[2.54289,49.145],[2.54328,49.1445],[2.54386,49.14422],[2.54533,49.14334],[2.54563,49.1432],[2.54707,49.14203],[2.54751,49.14171],[2.54759,49.14169],[2.54779,49.1415],[2.54783,49.14142],[2.54794,49.14136],[2.54795,49.14129],[2.54806,49.14124],[2.54821,49.14106],[2.5486,49.14072],[2.54898,49.14054],[2.54902,49.14046],[2.54928,49.14035],[2.54937,49.14024],[2.54959,49.14033],[2.54983,49.1402],[2.5499,49.14019],[2.54983,49.13998],[2.54996,49.13992],[2.5504,49.13986],[2.55044,49.13981],[2.55058,49.13977],[2.55073,49.13977],[2.55114,49.13968],[2.55124,49.1397],[2.55129,49.13966],[2.55228,49.13948],[2.55241,49.13972],[2.55238,49.13975],[2.55264,49.13995],[2.55322,49.1406],[2.55352,49.14056],[2.55363,49.14074],[2.55371,49.14073],[2.55498,49.14284],[2.55798,49.14121],[2.55904,49.14059],[2.55949,49.14039],[2.56205,49.14029],[2.55584,49.13111],[2.55306,49.12694],[2.55299,49.1269],[2.55245,49.12602],[2.547,49.124],[2.54224,49.12229],[2.54207,49.12225],[2.53904,49.12184],[2.53858,49.12174],[2.53852,49.12176],[2.53791,49.12133],[2.53675,49.12011],[2.5362,49.11995],[2.53486,49.11964],[2.53474,49.11966],[2.5346,49.11959],[2.53427,49.11954],[2.53296,49.11951],[2.53251,49.11356],[2.53126,49.09946],[2.52821,49.1004],[2.52707,49.10083],[2.52678,49.10088],[2.5254,49.10092],[2.52512,49.10102],[2.52483,49.10108],[2.52133,49.10175],[2.52014,49.102],[2.51636,49.1029],[2.51583,49.10309],[2.51483,49.10335],[2.51163,49.10405],[2.51039,49.10429],[2.51005,49.10372],[2.50993,49.10363],[2.5098,49.10359],[2.50879,49.10354],[2.50809,49.10358],[2.50782,49.10363],[2.50707,49.10384],[2.50613,49.10373],[2.50505,49.10375],[2.5039,49.1039],[2.50007,49.10448],[2.49908,49.10448],[2.49906,49.10484],[2.49899,49.10491],[2.4987,49.10497],[2.49807,49.10507],[2.49665,49.1052],[2.49558,49.10538],[2.49384,49.10552],[2.49165,49.10603],[2.49101,49.10614],[2.49007,49.10625]]]}},
{"type":"Feature","properties":{"ID":"COMMUNE_0000000009734497","INSEE_COM":"95641","INSEE_ARR":"2","INSEE_COL":"95D","INSEE_DEP":"95","INSEE_REG":"11","NOM":"Vémars","CL_DEPART":"Non","CL_REGION":"Non","SIREN_EPCI":"200055655","SIREN_SI":257701151,"NOM_SI":"SMAEP DE LA GÖELE"},"geometry":{"type":"Polygon","coordinates":[[[2.58298,49.08066],[2.58336,49.08075],[2.58356,49.07983],[2.5847,49.07994],[2.58467,49.08037],[2.58641,49.08055],[2.58661,49.07983],[2.59036,49.08003],[2.5903,49.0799],[2.58989,49.07941],[2.58971,49.07906],[2.59015,49.07789],[2.58999,49.0778],[2.58965,49.0777],[2.58917,49.07751],[2.58836,49.07674],[2.58765,49.07636],[2.58763,49.07637],[2.58714,49.07601],[2.58711,49.07578],[2.58657,49.075],[2.58643,49.07468],[2.58597,49.07407],[2.58579,49.07364],[2.58553,49.07329],[2.58533,49.07285],[2.58481,49.07193],[2.58411,49.07127],[2.58328,49.07019],[2.58269,49.06956],[2.58205,49.06907],[2.58044,49.06803],[2.57834,49.06678],[2.57814,49.0667],[2.57753,49.06619],[2.5766,49.06577],[2.57662,49.06574],[2.5755,49.06498],[2.57531,49.06467],[2.57506,49.06436],[2.5745,49.06389],[2.57305,49.06238],[2.57256,49.06191],[2.57095,49.06058],[2.57183,49.0588],[2.57304,49.05676],[2.57408,49.05431],[2.57618,49.05481],[2.57725,49.05514],[2.57903,49.0558],[2.58077,49.05622],[2.58421,49.05742],[2.58571,49.05805],[2.58647,49.05692],[2.5859,49.05662],[2.58672,49.05585],[2.58572,49.05536],[2.58456,49.05334],[2.58476,49.05293],[2.58451,49.05283],[2.58654,49.05104],[2.58806,49.04989],[2.59335,49.0482],[2.595,49.04775],[2.59454,49.04724],[2.59416,49.04714],[2.59311,49.04716],[2.59168,49.04714],[2.58899,49.0472],[2.58879,49.0472],[2.5887,49.04717],[2.58853,49.04702],[2.58662,49.04698],[2.58385,49.04708],[2.58207,49.04696],[2.58025,49.04672],[2.57821,49.04663],[2.57714,49.04668],[2.577,49.04643],[2.57631,49.04582],[2.5753,49.04477],[2.57484,49.04435],[2.57446,49.044],[2.57378,49.0435],[2.57318,49.04296],[2.57075,49.04067],[2.56933,49.03958],[2.56723,49.04077],[2.56776,49.04137],[2.56919,49.04096],[2.5699,49.04214],[2.568,49.04335],[2.56919,49.04428],[2.56852,49.04555],[2.56958,49.04571],[2.56995,49.04669],[2.57081,49.04802],[2.5702,49.04888],[2.56997,49.04993],[2.56725,49.04881],[2.56825,49.04823],[2.56735,49.0474],[2.5661,49.04685],[2.56632,49.0467],[2.56548,49.04594],[2.56283,49.04705],[2.56216,49.04842],[2.56133,49.04849],[2.5612,49.04839],[2.56083,49.04793],[2.55975,49.04846],[2.55938,49.04834],[2.55813,49.04921],[2.55705,49.04888],[2.55637,49.0496],[2.55589,49.04955],[2.55607,49.05025],[2.556,49.0503],[2.55419,49.04995],[2.55336,49.05132],[2.55205,49.05095],[2.55199,49.05151],[2.55089,49.05159],[2.55116,49.05265],[2.55037,49.05271],[2.54995,49.05321],[2.55013,49.05497],[2.55016,49.05501],[2.55075,49.05499],[2.55076,49.05542],[2.55068,49.05622],[2.55075,49.05636],[2.55098,49.05646],[2.55173,49.05669],[2.55137,49.05707],[2.55258,49.05775],[2.55423,49.05904],[2.55367,49.05957],[2.55012,49.05713],[2.54971,49.05714],[2.55116,49.0602],[2.55266,49.06039],[2.54981,49.06284],[2.54805,49.06552],[2.54825,49.06553],[2.54821,49.06638],[2.54776,49.06782],[2.54712,49.0677],[2.5469,49.06815],[2.54726,49.07021],[2.54623,49.07041],[2.54657,49.07102],[2.54754,49.07075],[2.54855,49.07273],[2.54857,49.07294],[2.54874,49.07339],[2.54878,49.07388],[2.54889,49.07426],[2.54859,49.07426],[2.54916,49.07671],[2.54852,49.07684],[2.54896,49.07842],[2.54994,49.07972],[2.55134,49.07904],[2.55244,49.07974],[2.55358,49.07878],[2.55505,49.0783],[2.55723,49.07847],[2.55737,49.07831],[2.56086,49.07846],[2.56559,49.07651],[2.56749,49.0772],[2.56886,49.07552],[2.57273,49.07651],[2.57288,49.07659],[2.57261,49.07676],[2.57234,49.077],[2.57724,49.07851],[2.57657,49.07948],[2.57913,49.08033],[2.57936,49.08004],[2.5797,49.07991],[2.57991,49.07978],[2.58244,49.08051],[2.58245,49.08045],[2.58298,49.08066]]]}},
{"type":"Feature","properties":{"ID":"COMMUNE_0000000009733504","INSEE_COM":"60259","INSEE_ARR":"4","INSEE_COL":"60D","INSEE_DEP":"60","INSEE_REG":"32","NOM":"Fresnoy-en-Thelle","CL_DEPART":"Non","CL_REGION":"Non","SIREN_EPCI":"200067973","SIREN_SI":256000336,"NOM_SI":"S.I. DES EAUX DU PLATEAU DE LA THELLE (S.I.E.) (60)"},"geometry":{"type":"Polygon","coordinates":[[[2.23064,49.20521],[2.23082,49.20517],[2.23152,49.20515],[2.23377,49.20543],[2.23755,49.20583],[2.2393,49.20621],[2.2392,49.20646],[2.23979,49.20665],[2.24209,49.20763],[2.24182,49.20791],[2.24165,49.2082],[2.24178,49.20873],[2.24334,49.20864],[2.24379,49.20967],[2.24575,49.21374],[2.24913,49.21435],[2.24921,49.21417],[2.24919,49.21391],[2.24927,49.21338],[2.24948,49.21276],[2.2498,49.21224],[2.25583,49.21201],[2.25644,49.21293],[2.25732,49.21276],[2.25714,49.21244],[2.25711,49.21225],[2.2569,49.21199],[2.25683,49.21163],[2.25739,49.21159],[2.25735,49.21109],[2.2573,49.21099],[2.25725,49.20934],[2.25705,49.20843],[2.26114,49.20843],[2.26243,49.20855],[2.26508,49.20861],[2.26643,49.20869],[2.26724,49.20883],[2.2674,49.20871],[2.26909,49.20916],[2.26956,49.20932],[2.26959,49.20938],[2.2702,49.20954],[2.27026,49.20952],[2.27253,49.20708],[2.27369,49.20802],[2.27475,49.20725],[2.27477,49.20723],[2.27435,49.20697],[2.27323,49.20661],[2.27607,49.20362],[2.27507,49.20353],[2.2753,49.2029],[2.27667,49.2031],[2.27841,49.20366],[2.27871,49.20378],[2.2804,49.20493],[2.28055,49.20485],[2.28184,49.19958],[2.28283,49.19946],[2.28451,49.19909],[2.28575,49.20154],[2.28581,49.2028],[2.28821,49.20218],[2.28744,49.20099],[2.28709,49.20109],[2.28575,49.19889],[2.28581,49.19882],[2.28535,49.19746],[2.28539,49.19745],[2.2854,49.19741],[2.28534,49.19714],[2.28499,49.19656],[2.28491,49.19633],[2.28494,49.19633],[2.28486,49.19604],[2.28498,49.19561],[2.28478,49.19507],[2.28473,49.19455],[2.28467,49.1944],[2.28439,49.19417],[2.28413,49.19381],[2.28378,49.19343],[2.28354,49.19304],[2.2831,49.19304],[2.28272,49.193],[2.28269,49.19298],[2.28281,49.19275],[2.28303,49.19192],[2.28314,49.19167],[2.2834,49.19127],[2.28412,49.18985],[2.27371,49.18902],[2.27317,49.1898],[2.27289,49.19036],[2.27273,49.19039],[2.27089,49.18926],[2.27074,49.18923],[2.26425,49.18516],[2.26418,49.18524],[2.25849,49.18225],[2.25795,49.18308],[2.25706,49.18471],[2.25673,49.18521],[2.25592,49.18583],[2.25232,49.1876],[2.25291,49.18978],[2.25326,49.19039],[2.25353,49.19123],[2.25426,49.19296],[2.25449,49.19343],[2.2547,49.19372],[2.254,49.19392],[2.25382,49.19466],[2.25359,49.19524],[2.25322,49.19581],[2.25306,49.19634],[2.2528,49.19685],[2.25269,49.19723],[2.25109,49.19668],[2.24584,49.20399],[2.24388,49.20404],[2.24227,49.20397],[2.24175,49.20391],[2.24063,49.20367],[2.2378,49.2029],[2.23716,49.2028],[2.23683,49.20282],[2.23544,49.20302],[2.23469,49.20302],[2.23302,49.20298],[2.23258,49.20306],[2.23216,49.20317],[2.23051,49.20337],[2.23064,49.20521]]]}},
{"type":"Feature","properties":{"ID":"COMMUNE_0000000009734518","INSEE_COM":"95409","INSEE_ARR":"2","INSEE_COL":"95D","INSEE_DEP":"95","INSEE_REG":"11","NOM":"Moisselles","CL_DEPART":"Non","CL_REGION":"Non","SIREN_EPCI":"200056380","SIREN_SI":259500494,"NOM_SI":"S.I. D'ALIMENTATION EN EAU POTABLE DE LA REGION DE MONTSOULT"},"geometry":{"type":"Polygon","coordinates":[[[2.3244,49.04459],[2.32183,49.05087],[2.32306,49.05109],[2.32318,49.05115],[2.32323,49.05203],[2.32408,49.05179],[2.32481,49.05168],[2.32502,49.05168],[2.32539,49.05172],[2.32671,49.05194],[2.32714,49.05199],[2.32805,49.05189],[2.32891,49.05171],[2.32939,49.05157],[2.33083,49.05072],[2.33428,49.04929],[2.33472,49.04969],[2.33461,49.04974],[2.33451,49.0497],[2.33436,49.05013],[2.33456,49.05016],[2.33454,49.05021],[2.33547,49.05036],[2.33507,49.05141],[2.33585,49.05151],[2.33652,49.05131],[2.33575,49.05029],[2.33666,49.05047],[2.33682,49.05053],[2.33779,49.05101],[2.33879,49.05062],[2.33837,49.05003],[2.33787,49.04943],[2.33946,49.04887],[2.33978,49.0493],[2.34444,49.04766],[2.34466,49.04797],[2.34715,49.04709],[2.35168,49.04485],[2.35269,49.04273],[2.35084,49.04116],[2.34973,49.04048],[2.34857,49.04127],[2.34803,49.04158],[2.34707,49.042],[2.34442,49.04015],[2.34359,49.03976],[2.34024,49.03842],[2.33932,49.04076],[2.33747,49.04486],[2.33728,49.04514],[2.33722,49.04549],[2.33724,49.0458],[2.33578,49.04494],[2.33546,49.04478],[2.33487,49.04438],[2.33423,49.04477],[2.33489,49.04524],[2.33143,49.04716],[2.33083,49.04672],[2.33041,49.04647],[2.32911,49.04528],[2.32772,49.04466],[2.32748,49.04501],[2.32482,49.04413],[2.3244,49.04459]]]}},
{"type":"Feature","properties":{"ID":"COMMUNE_0000000009733976","INSEE_COM":"95250","INSEE_ARR":"2","INSEE_COL":"95D","INSEE_DEP":"95","INSEE_REG":"11","NOM":"Fosses","CL_DEPART":"Non","CL_REGION":"Non","SIREN_EPCI":"200055655","SIREN_SI":259501419,"NOM_SI":"S.I. D'ADDUCTION D'EAU POTABLE DE BELLEFONTAINE"},"geometry":{"type":"Polygon","coordinates":[[[2.48409,49.10701],[2.48463,49.107],[2.48821,49.10665],[2.48908,49.10651],[2.48988,49.10632],[2.49007,49.10625],[2.49101,49.10614],[2.49165,49.10603],[2.49384,49.10552],[2.49558,49.10538],[2.49665,49.1052],[2.49807,49.10507],[2.4987,49.10497],[2.49899,49.10491],[2.49906,49.10484],[2.49908,49.10448],[2.50007,49.10448],[2.5039,49.1039],[2.50505,49.10375],[2.50613,49.10373],[2.50707,49.10384],[2.50782,49.10363],[2.50809,49.10358],[2.50879,49.10354],[2.5098,49.10359],[2.50993,49.10363],[2.51005,49.10372],[2.51039,49.10429],[2.51163,49.10405],[2.51483,49.10335],[2.51583,49.10309],[2.51636,49.1029],[2.52014,49.102],[2.52133,49.10175],[2.52483,49.10108],[2.52512,49.10102],[2.5254,49.10092],[2.52678,49.10088],[2.52707,49.10083],[2.52821,49.1004],[2.53126,49.09946],[2.53093,49.09584],[2.52988,49.09618],[2.52831,49.09649],[2.52624,49.09764],[2.52457,49.09807],[2.52436,49.09804],[2.5212,49.09825],[2.52096,49.09829],[2.52077,49.0984],[2.51892,49.09755],[2.51681,49.09681],[2.51401,49.09591],[2.51079,49.09527],[2.50999,49.09514],[2.5034,49.09457],[2.5004,49.09418],[2.50004,49.09416],[2.4992,49.0942],[2.49936,49.09359],[2.49896,49.09357],[2.49835,49.09363],[2.49724,49.09414],[2.49709,49.09386],[2.49697,49.09389],[2.49686,49.09392],[2.49657,49.09409],[2.49602,49.09428],[2.49563,49.09453],[2.49534,49.09442],[2.49492,49.09439],[2.49432,49.09439],[2.49364,49.09447],[2.49359,49.09457],[2.4935,49.09464],[2.49295,49.09475],[2.49283,49.09483],[2.49268,49.0949],[2.49247,49.09492],[2.49228,49.09506],[2.49213,49.09509],[2.49191,49.0952],[2.49166,49.09524],[2.49046,49.09511],[2.49004,49.09501],[2.48992,49.09492],[2.4897,49.09496],[2.4893,49.09488],[2.48923,49.09483],[2.48854,49.09461],[2.48791,49.09445],[2.48773,49.09432],[2.48741,49.09425],[2.48728,49.09425],[2.48714,49.09433],[2.48683,49.09433],[2.48576,49.09449],[2.48563,49.09449],[2.48546,49.0944],[2.48516,49.0943],[2.485,49.09434],[2.48466,49.09433],[2.48388,49.09438],[2.48382,49.0945],[2.48293,49.09458],[2.48272,49.0945],[2.48217,49.0945],[2.48108,49.09469],[2.48095,49.0946],[2.48075,49.09455],[2.48052,49.09464],[2.48038,49.09464],[2.4803,49.09457],[2.48028,49.09435],[2.48012,49.09436],[2.47975,49.09426],[2.47932,49.09405],[2.47925,49.09406],[2.47923,49.09413],[2.47855,49.0941],[2.47825,49.09425],[2.47821,49.09577],[2.47782,49.0958],[2.47782,49.09604],[2.47808,49.09691],[2.47811,49.09697],[2.47834,49.09695],[2.47839,49.09718],[2.47744,49.09723],[2.47794,49.09825],[2.4787,49.10017],[2.47835,49.10022],[2.47816,49.10028],[2.47894,49.10237],[2.47963,49.10365],[2.47993,49.10504],[2.48029,49.10623],[2.48175,49.10644],[2.48362,49.10679],[2.48401,49.10688],[2.48409,49.10701]]]}},
{"type":"Feature","properties":{"ID":"COMMUNE_0000000009733517","INSEE_COM":"95447","INSEE_ARR":"3","INSEE_COL":"95D","INSEE_DEP":"95","INSEE_REG":"11","NOM":"Neuilly-en-Vexin","CL_DEPART":"Non","CL_REGION":"Non","SIREN_EPCI":"200035970","SIREN_SI":259502649,"NOM_SI":"S.I. DES EAUX DU VAL DE VIOSNE"},"geometry":{"type":"Polygon","coordinates":[[[1.9993,49.17569],[1.99897,49.17519],[1.99804,49.17489],[1.99701,49.17442],[1.99579,49.17412],[1.99546,49.17407],[1.99522,49.17399],[1.99235,49.17277],[1.99253,49.17259],[1.9916,49.17213],[1.9927,49.17115],[1.99182,49.17051],[1.99266,49.16984],[1.99155,49.16836],[1.99113,49.16871],[1.9909,49.16882],[1.99064,49.16891],[1.98971,49.169],[1.98938,49.1693],[1.98741,49.1684],[1.98668,49.16782],[1.98625,49.16724],[1.9857,49.16628],[1.98573,49.16611],[1.98565,49.16572],[1.98415,49.16592],[1.98393,49.16592],[1.984,49.16571],[1.98346,49.16575],[1.98352,49.16551],[1.98379,49.16524],[1.98217,49.16435],[1.97995,49.16508],[1.97919,49.16436],[1.97913,49.16423],[1.97896,49.1643],[1.97795,49.16426],[1.97786,49.16448],[1.97747,49.16503],[1.97617,49.16672],[1.97475,49.1664],[1.97453,49.16659],[1.97395,49.16726],[1.97367,49.1675],[1.9724,49.16682],[1.97198,49.16723],[1.97191,49.16778],[1.97154,49.16847],[1.97044,49.16989],[1.96933,49.17024],[1.96849,49.17063],[1.96834,49.17073],[1.96765,49.17138],[1.96743,49.17154],[1.96485,49.17304],[1.96236,49.1746],[1.96369,49.17572],[1.96428,49.17636],[1.96473,49.17693],[1.96499,49.17717],[1.9654,49.17746],[1.96618,49.17788],[1.96817,49.17912],[1.96952,49.18001],[1.97104,49.18095],[1.97166,49.18138],[1.97268,49.18263],[1.97307,49.18293],[1.97331,49.18305],[1.97358,49.18386],[1.97445,49.18359],[1.97513,49.18366],[1.97544,49.18359],[1.97644,49.1833],[1.97705,49.18302],[1.97758,49.18285],[1.97759,49.18273],[1.97894,49.18249],[1.97932,49.18229],[1.97989,49.18206],[1.98131,49.18165],[1.98235,49.18158],[1.98254,49.18134],[1.98308,49.18032],[1.98332,49.18002],[1.98349,49.17993],[1.98393,49.17977],[1.98424,49.17971],[1.98573,49.17956],[1.98659,49.17936],[1.987,49.1793],[1.98794,49.17902],[1.9889,49.17846],[1.98864,49.17786],[1.98914,49.17757],[1.98932,49.1774],[1.98957,49.17723],[1.98998,49.17701],[1.99086,49.17661],[1.99209,49.1764],[1.99218,49.1762],[1.99368,49.17694],[1.99537,49.177],[1.9962,49.17681],[1.99716,49.17608],[1.99935,49.17587],[1.9993,49.17569]]]}},
{"type":"Feature","properties":{"ID":"COMMUNE_0000000009734514","INSEE_COM":"95365","INSEE_ARR":"2","INSEE_COL":"95D","INSEE_DEP":"95","INSEE_REG":"11","NOM":"Mareil-en-France","CL_DEPART":"Non","CL_REGION":"Non","SIREN_EPCI":"200073013","SIREN_SI":200091940,"NOM_SI":"SMAEP DAMONA"},"geometry":{"type":"Polygon","coordinates":[[[2.41326,49.05619],[2.41337,49.05709],[2.40852,49.05718],[2.40753,49.05633],[2.40726,49.05636],[2.40159,49.06205],[2.39912,49.0636],[2.40072,49.06498],[2.39413,49.06891],[2.39759,49.07158],[2.39564,49.07181],[2.39482,49.07185],[2.39784,49.075],[2.39943,49.07658],[2.40515,49.08248],[2.41223,49.08038],[2.4123,49.08048],[2.4151,49.0802],[2.41567,49.08134],[2.41682,49.0813],[2.41692,49.08233],[2.41807,49.08303],[2.41871,49.083],[2.41872,49.08353],[2.42069,49.08364],[2.42074,49.08373],[2.42269,49.08385],[2.42262,49.08264],[2.42276,49.08239],[2.42333,49.08231],[2.42364,49.08225],[2.42419,49.08207],[2.42441,49.08205],[2.42458,49.08206],[2.4247,49.08211],[2.42616,49.08226],[2.42622,49.08225],[2.42634,49.08208],[2.4265,49.08205],[2.42783,49.08206],[2.42801,49.082],[2.42792,49.0816],[2.42892,49.08138],[2.42897,49.08127],[2.42913,49.08118],[2.4295,49.08077],[2.42965,49.08068],[2.4298,49.07983],[2.42939,49.07874],[2.42922,49.07845],[2.42998,49.0781],[2.43043,49.07797],[2.43088,49.0779],[2.43088,49.07764],[2.43093,49.07762],[2.43191,49.07753],[2.43223,49.07746],[2.43909,49.07536],[2.43939,49.0753],[2.43947,49.075],[2.44015,49.07332],[2.44016,49.07312],[2.4401,49.07278],[2.44,49.07252],[2.43985,49.07236],[2.43833,49.07138],[2.44151,49.07134],[2.44168,49.07065],[2.44168,49.0705],[2.44151,49.06986],[2.44136,49.06881],[2.44135,49.06762],[2.44021,49.06768],[2.43893,49.0679],[2.43749,49.06621],[2.4366,49.06507],[2.43454,49.06259],[2.42369,49.05848],[2.42358,49.05765],[2.41562,49.05773],[2.41556,49.05604],[2.41468,49.05607],[2.41326,49.05619]]]}},
{"type":"Feature","properties":{"ID":"COMMUNE_0000000009735520","INSEE_COM":"95063","INSEE_ARR":"1","INSEE_COL":"95D","INSEE_DEP":"95","INSEE_REG":"11","NOM":"Bezons","CL_DEPART":"Non","CL_REGION":"Non","SIREN_EPCI":"200058519","SIREN_SI":257500017,"NOM_SI":"S.E.D.I.F."},"geometry":{"type":"Polygon","coordinates":[[[2.23114,48.92773],[2.2246,48.92329],[2.2191,48.91979],[2.2142,48.91656],[2.21316,48.9157],[2.21214,48.91469],[2.2112,48.91398],[2.20829,48.91206],[2.20767,48.91169],[2.20598,48.91084],[2.20357,48.9099],[2.2022,48.90933],[2.20121,48.90896],[2.20047,48.90862],[2.19821,48.91204],[2.19942,48.91262],[2.20023,48.91296],[2.20064,48.91325],[2.20113,48.91341],[2.20386,48.91454],[2.20082,48.91801],[2.1998,48.91873],[2.19919,48.91897],[2.20234,48.92095],[2.20472,48.92183],[2.20517,48.92203],[2.20501,48.92225],[2.20511,48.92225],[2.20479,48.92271],[2.20492,48.92275],[2.20438,48.92362],[2.20462,48.92368],[2.20407,48.92455],[2.20432,48.92451],[2.20398,48.92507],[2.20462,48.92522],[2.20367,48.92659],[2.20363,48.92657],[2.20307,48.92741],[2.20317,48.92741],[2.20378,48.9276],[2.20256,48.92924],[2.20284,48.92932],[2.20221,48.93022],[2.20251,48.93032],[2.20175,48.93129],[2.20193,48.93135],[2.20133,48.93209],[2.20009,48.93391],[2.19928,48.93527],[2.20102,48.93609],[2.20169,48.93587],[2.20208,48.93565],[2.20212,48.93579],[2.2021,48.93591],[2.20164,48.93772],[2.20158,48.93779],[2.20208,48.93762],[2.20215,48.9377],[2.20298,48.93775],[2.20294,48.93829],[2.20301,48.9383],[2.20292,48.93846],[2.20278,48.93996],[2.20507,48.94006],[2.20544,48.94014],[2.20567,48.94026],[2.20593,48.94047],[2.20664,48.94129],[2.20681,48.94138],[2.20692,48.94038],[2.2069,48.93942],[2.20731,48.93948],[2.20829,48.93957],[2.20832,48.939],[2.21036,48.93893],[2.21034,48.938],[2.21103,48.93802],[2.21319,48.93765],[2.21352,48.93776],[2.21354,48.9377],[2.21411,48.93705],[2.21505,48.9374],[2.21515,48.93721],[2.21551,48.93736],[2.21586,48.93737],[2.21589,48.93716],[2.21605,48.93716],[2.21625,48.9369],[2.21729,48.93722],[2.21743,48.93652],[2.2172,48.93597],[2.2197,48.93484],[2.22002,48.93485],[2.22113,48.93478],[2.22173,48.93466],[2.222,48.93463],[2.22328,48.93297],[2.22322,48.93293],[2.22458,48.93084],[2.22444,48.9308],[2.22566,48.92921],[2.22786,48.93042],[2.23114,48.92773]]]}},
{"type":"Feature","properties":{"ID":"COMMUNE_0000000009733995","INSEE_COM":"95628","INSEE_ARR":"3","INSEE_COL":"95D","INSEE_DEP":"95","INSEE_REG":"11","NOM":"Valmondois","CL_DEPART":"Non","CL_REGION":"Non","SIREN_EPCI":"249500430","SIREN_SI":257500017,"NOM_SI":"S.E.D.I.F."},"geometry":{"type":"Polygon","coordinates":[[[2.20925,49.09351],[2.20889,49.09222],[2.20832,49.09105],[2.20553,49.09158],[2.204,49.09179],[2.20133,49.09235],[2.20078,49.09201],[2.20032,49.09192],[2.1999,49.09192],[2.19761,49.09207],[2.19705,49.09222],[2.19642,49.09267],[2.19592,49.09184],[2.19529,49.09233],[2.19502,49.09271],[2.19476,49.09278],[2.19451,49.09275],[2.19475,49.0921],[2.19599,49.091],[2.19611,49.09066],[2.1959,49.08978],[2.19515,49.08874],[2.19501,49.08832],[2.19476,49.08839],[2.19245,49.08924],[2.19239,49.08924],[2.19236,49.08927],[2.19091,49.08995],[2.18934,49.08887],[2.18923,49.08876],[2.18622,49.0869],[2.18525,49.08615],[2.18485,49.08643],[2.1837,49.08564],[2.18235,49.08625],[2.18145,49.08677],[2.18091,49.08697],[2.1807,49.08708],[2.18013,49.08752],[2.17743,49.08659],[2.17734,49.08676],[2.1764,49.08798],[2.17504,49.08753],[2.17444,49.08842],[2.17353,49.08817],[2.17173,49.09083],[2.17251,49.09118],[2.17151,49.093],[2.16932,49.0957],[2.16752,49.09751],[2.16512,49.09932],[2.16498,49.09954],[2.16429,49.10026],[2.16387,49.10065],[2.16271,49.10197],[2.1616,49.10295],[2.16144,49.10308],[2.15979,49.10364],[2.15937,49.10497],[2.15904,49.10691],[2.1604,49.10742],[2.16051,49.10743],[2.16517,49.10755],[2.16518,49.10845],[2.17249,49.10903],[2.17228,49.10966],[2.17271,49.10954],[2.17424,49.10985],[2.17434,49.10963],[2.17469,49.1097],[2.1752,49.10889],[2.17616,49.10926],[2.17626,49.10921],[2.17663,49.10932],[2.17675,49.1092],[2.17784,49.10954],[2.17839,49.10974],[2.17852,49.10953],[2.17876,49.10956],[2.1789,49.10961],[2.17903,49.10945],[2.17995,49.10977],[2.1809,49.1086],[2.18134,49.10816],[2.18156,49.10805],[2.18228,49.1078],[2.18331,49.10731],[2.18351,49.10713],[2.18363,49.10697],[2.18437,49.10691],[2.18561,49.10694],[2.18561,49.10678],[2.18568,49.1067],[2.18608,49.10646],[2.18627,49.10628],[2.18629,49.10567],[2.18636,49.10546],[2.18658,49.10506],[2.18669,49.10477],[2.18668,49.10466],[2.1865,49.1042],[2.18564,49.10297],[2.18623,49.10289],[2.18647,49.10289],[2.18692,49.10319],[2.18745,49.10349],[2.18798,49.10373],[2.18855,49.1041],[2.18894,49.10448],[2.18901,49.10425],[2.18902,49.10397],[2.18878,49.10329],[2.18855,49.10163],[2.18867,49.10139],[2.18879,49.10125],[2.18979,49.10087],[2.19123,49.10005],[2.19193,49.09949],[2.19337,49.09851],[2.1936,49.09841],[2.19418,49.09798],[2.1952,49.09733],[2.19747,49.09571],[2.19798,49.09532],[2.19834,49.0948],[2.19848,49.09467],[2.19866,49.09462],[2.19911,49.0947],[2.20001,49.09479],[2.20009,49.09483],[2.2003,49.09509],[2.20038,49.09513],[2.20052,49.09536],[2.20071,49.0953],[2.20027,49.09479],[2.203,49.0944],[2.20331,49.09438],[2.20316,49.09376],[2.20351,49.09389],[2.20366,49.09386],[2.20368,49.09364],[2.20424,49.09367],[2.20417,49.09349],[2.20419,49.0934],[2.20433,49.09333],[2.20448,49.09333],[2.20476,49.0935],[2.20486,49.09352],[2.20526,49.09348],[2.20529,49.09351],[2.20524,49.09371],[2.2053,49.09377],[2.20564,49.09365],[2.20577,49.0937],[2.20586,49.09364],[2.20585,49.09346],[2.20597,49.09345],[2.20615,49.09348],[2.20622,49.09363],[2.2064,49.09362],[2.20653,49.09365],[2.20665,49.09383],[2.20677,49.09382],[2.20686,49.09373],[2.20691,49.09373],[2.20734,49.09391],[2.20754,49.09396],[2.20784,49.09388],[2.20794,49.09378],[2.20797,49.09358],[2.20812,49.0935],[2.20823,49.0935],[2.20859,49.09363],[2.20925,49.09351]]]}},
{"type":"Feature","properties":{"ID":"COMMUNE_0000000009734025","INSEE_COM":"95046","INSEE_ARR":"3","INSEE_COL":"95D","INSEE_DEP":"95","INSEE_REG":"11","NOM":"Banthelu","CL_DEPART":"Non","CL_REGION":"Non","SIREN_EPCI":"249500513","SIREN_SI":259500718,"NOM_SI":"S.I. DES EAUX DE LA SOURCE DE SAINT ROMAIN"},"geometry":{"type":"Polygon","coordinates":[[[1.81321,49.14102],[1.81904,49.13873],[1.82296,49.14362],[1.82958,49.14094],[1.83031,49.14139],[1.83118,49.14258],[1.83571,49.14067],[1.83512,49.13993],[1.83456,49.13909],[1.83353,49.13923],[1.83388,49.13789],[1.83545,49.13743],[1.83591,49.13805],[1.83781,49.13725],[1.83713,49.13667],[1.83771,49.13639],[1.83663,49.1352],[1.83773,49.13479],[1.83538,49.13232],[1.83413,49.13082],[1.83565,49.13016],[1.83662,49.12977],[1.83669,49.12961],[1.83509,49.12783],[1.83328,49.12833],[1.83063,49.12571],[1.83095,49.12553],[1.8315,49.12443],[1.83129,49.12435],[1.83177,49.12375],[1.82951,49.1219],[1.83162,49.12007],[1.83088,49.11931],[1.83013,49.11831],[1.82978,49.11797],[1.82903,49.11745],[1.82679,49.11608],[1.82632,49.11584],[1.82569,49.11565],[1.82533,49.11559],[1.8239,49.11556],[1.8245,49.11521],[1.82473,49.11504],[1.82527,49.11429],[1.82244,49.11264],[1.81622,49.10891],[1.81647,49.10879],[1.81535,49.10793],[1.80896,49.11095],[1.80825,49.11009],[1.80115,49.11263],[1.80079,49.11231],[1.8005,49.11193],[1.79645,49.11419],[1.79593,49.11352],[1.79312,49.11494],[1.79645,49.1179],[1.79246,49.11967],[1.79231,49.12173],[1.79239,49.12276],[1.7925,49.1233],[1.79266,49.12378],[1.79295,49.12429],[1.79299,49.12427],[1.79385,49.12563],[1.79415,49.12641],[1.79579,49.12773],[1.7965,49.12857],[1.79757,49.12943],[1.79823,49.13011],[1.79863,49.1314],[1.7994,49.1323],[1.80086,49.13187],[1.80155,49.13146],[1.80205,49.13089],[1.80256,49.13069],[1.80272,49.1307],[1.80386,49.13021],[1.80477,49.13111],[1.80381,49.13168],[1.80509,49.13263],[1.80477,49.13293],[1.80493,49.13306],[1.80429,49.13353],[1.80606,49.13475],[1.80475,49.13586],[1.80371,49.13633],[1.80291,49.13673],[1.80259,49.13695],[1.80229,49.13722],[1.802,49.1374],[1.80274,49.13785],[1.80399,49.13854],[1.80452,49.13818],[1.80594,49.13903],[1.80798,49.13995],[1.80967,49.14094],[1.8109,49.1402],[1.81166,49.13993],[1.81216,49.13968],[1.81244,49.13998],[1.81321,49.14102]]]}},
{"type":"Feature","properties":{"ID":"COMMUNE_0000000009733994","INSEE_COM":"95134","INSEE_ARR":"3","INSEE_COL":"95D","INSEE_DEP":"95","INSEE_REG":"11","NOM":"Champagne-sur-Oise","CL_DEPART":"Non","CL_REGION":"Non","SIREN_EPCI":"249500489","SIREN_SI":259500338,"NOM_SI":"S.I. POUR L'ALIMENTATION EN EAU POTABLE DE LA REGION DE L'ISLE-ADAM"},"geometry":{"type":"Polygon","coordinates":[[[2.23505,49.13047],[2.23407,49.12997],[2.23353,49.12973],[2.23271,49.12958],[2.23154,49.1294],[2.22933,49.12923],[2.22639,49.12848],[2.22413,49.12812],[2.22204,49.12754],[2.22041,49.12701],[2.21995,49.12672],[2.21943,49.12623],[2.21726,49.12396],[2.2158,49.12493],[2.21528,49.12513],[2.21493,49.12531],[2.21485,49.12532],[2.21467,49.12522],[2.21439,49.12536],[2.21389,49.12544],[2.2138,49.1255],[2.21356,49.12559],[2.2129,49.1258],[2.21313,49.12594],[2.21474,49.12671],[2.21458,49.12691],[2.21485,49.12732],[2.21498,49.1276],[2.21504,49.12813],[2.21499,49.12838],[2.21523,49.12889],[2.21547,49.12905],[2.21422,49.12944],[2.21324,49.12969],[2.2134,49.13008],[2.21264,49.13023],[2.21246,49.13004],[2.21242,49.131],[2.21136,49.13109],[2.21145,49.13137],[2.21146,49.13181],[2.21154,49.1321],[2.21173,49.13242],[2.21213,49.13282],[2.21217,49.13291],[2.21211,49.13311],[2.2119,49.13334],[2.21172,49.13348],[2.2113,49.13372],[2.21143,49.13419],[2.21199,49.13558],[2.21202,49.13586],[2.21195,49.13614],[2.21193,49.1367],[2.21159,49.13705],[2.21143,49.13735],[2.21116,49.13767],[2.2116,49.13837],[2.2115,49.13839],[2.21213,49.13977],[2.21206,49.14021],[2.21185,49.14055],[2.21174,49.14113],[2.21184,49.14268],[2.21174,49.14309],[2.21181,49.14346],[2.21133,49.14412],[2.21095,49.14456],[2.21068,49.14483],[2.21019,49.14523],[2.20965,49.1458],[2.20531,49.14886],[2.20549,49.14898],[2.20456,49.15003],[2.20078,49.15419],[2.19388,49.16152],[2.1923,49.16497],[2.19404,49.16563],[2.19507,49.16621],[2.1967,49.16693],[2.1969,49.16706],[2.19705,49.16645],[2.19844,49.16646],[2.19909,49.16495],[2.20038,49.16337],[2.20225,49.16215],[2.20566,49.15945],[2.20655,49.15847],[2.20668,49.15818],[2.20835,49.15731],[2.21089,49.15657],[2.21141,49.15625],[2.21308,49.15553],[2.21423,49.1551],[2.21496,49.15487],[2.21573,49.15449],[2.21667,49.15422],[2.21685,49.15413],[2.21684,49.15389],[2.21741,49.15377],[2.21739,49.15373],[2.21805,49.15356],[2.2223,49.15226],[2.22329,49.1521],[2.22465,49.15197],[2.2293,49.15153],[2.23211,49.15143],[2.23213,49.15162],[2.23179,49.15243],[2.23314,49.15254],[2.23356,49.15266],[2.23355,49.15155],[2.23695,49.15188],[2.23859,49.15181],[2.23881,49.15198],[2.24132,49.15159],[2.24098,49.15087],[2.24069,49.14997],[2.24048,49.14949],[2.24402,49.14905],[2.24399,49.14896],[2.25115,49.14768],[2.25266,49.14708],[2.25202,49.14681],[2.25226,49.14638],[2.25444,49.14393],[2.25523,49.14429],[2.25557,49.14448],[2.25732,49.14266],[2.25818,49.14294],[2.25919,49.14166],[2.25842,49.14132],[2.25913,49.13998],[2.25844,49.13974],[2.26113,49.13673],[2.26161,49.13711],[2.26377,49.13599],[2.2628,49.13448],[2.262,49.13386],[2.25992,49.1325],[2.25888,49.13205],[2.25737,49.13187],[2.25437,49.13168],[2.25093,49.1314],[2.24254,49.13088],[2.24116,49.1309],[2.23828,49.13104],[2.23702,49.13104],[2.23636,49.1309],[2.23505,49.13047]]]}},
{"type":"Feature","properties":{"ID":"COMMUNE_0000000009734527","INSEE_COM":"95392","INSEE_ARR":"3","INSEE_COL":"95D","INSEE_DEP":"95","INSEE_REG":"11","NOM":"Mériel","CL_DEPART":"Non","CL_REGION":"Non","SIREN_EPCI":"249500455","SIREN_SI":257500017,"NOM_SI":"S.E.D.I.F."},"geometry":{"type":"Polygon","coordinates":[[[2.18924,49.07223],[2.19084,49.0727],[2.1918,49.07309],[2.19338,49.07384],[2.1949,49.0746],[2.19546,49.07495],[2.19659,49.07581],[2.19814,49.07718],[2.19904,49.07804],[2.20038,49.07952],[2.20116,49.08071],[2.20187,49.08194],[2.20388,49.08415],[2.20527,49.08548],[2.20562,49.08592],[2.20635,49.08708],[2.20753,49.08678],[2.20884,49.08676],[2.20922,49.08656],[2.2122,49.08617],[2.21292,49.0862],[2.21301,49.08623],[2.2137,49.08798],[2.21408,49.08791],[2.2143,49.08834],[2.21379,49.08856],[2.2137,49.08868],[2.21369,49.0888],[2.21418,49.08956],[2.21678,49.08871],[2.21774,49.08855],[2.21838,49.08849],[2.22036,49.08823],[2.22078,49.08821],[2.2207,49.08791],[2.2228,49.08747],[2.22513,49.08679],[2.22708,49.08656],[2.22839,49.08686],[2.22991,49.08775],[2.23114,49.08776],[2.23207,49.08798],[2.23465,49.08871],[2.23486,49.08855],[2.23575,49.08771],[2.23585,49.08755],[2.2346,49.0811],[2.23457,49.08074],[2.2339,49.07714],[2.23381,49.07705],[2.23378,49.0768],[2.23394,49.07664],[2.23384,49.07646],[2.23341,49.07618],[2.23187,49.07668],[2.22997,49.07735],[2.2296,49.07742],[2.22936,49.07742],[2.22693,49.0768],[2.22506,49.07602],[2.22485,49.07553],[2.22467,49.0754],[2.2245,49.07548],[2.22403,49.07547],[2.22248,49.07328],[2.22201,49.07251],[2.22174,49.07217],[2.22049,49.07036],[2.21842,49.06719],[2.21731,49.06636],[2.21647,49.06565],[2.2159,49.06556],[2.21466,49.06578],[2.21456,49.06535],[2.21447,49.06527],[2.21008,49.06572],[2.21009,49.06587],[2.20621,49.0657],[2.20272,49.06494],[2.20244,49.06497],[2.20009,49.0649],[2.19996,49.06494],[2.19962,49.0653],[2.19944,49.06537],[2.19939,49.06545],[2.19806,49.06584],[2.19669,49.0672],[2.19583,49.06745],[2.1957,49.06745],[2.19524,49.06736],[2.1951,49.06773],[2.19468,49.06812],[2.19346,49.06894],[2.19291,49.06936],[2.19212,49.06984],[2.1916,49.07023],[2.19106,49.07071],[2.19094,49.07075],[2.19007,49.07139],[2.18971,49.07159],[2.18955,49.07182],[2.18942,49.07191],[2.18924,49.07223]]]}},
{"type":"Feature","properties":{"ID":"COMMUNE_0000000009734022","INSEE_COM":"95309","INSEE_ARR":"3","INSEE_COL":"95D","INSEE_DEP":"95","INSEE_REG":"11","NOM":"Hodent","CL_DEPART":"Non","CL_REGION":"Non","SIREN_EPCI":"249500513","SIREN_SI":259500981,"NOM_SI":"S.I. D'ALIMENTATION EN EAU POTABLE DU VEXIN OUEST"},"geometry":{"type":"Polygon","coordinates":[[[1.78403,49.14498],[1.7837,49.14474],[1.78326,49.14493],[1.78194,49.14405],[1.78268,49.14366],[1.78227,49.14338],[1.78192,49.14352],[1.78061,49.14271],[1.77928,49.14339],[1.77797,49.14244],[1.77924,49.14132],[1.77809,49.14082],[1.77967,49.13993],[1.77999,49.13971],[1.77978,49.13959],[1.77937,49.13948],[1.77847,49.13902],[1.77793,49.13863],[1.77771,49.13851],[1.77757,49.13841],[1.7775,49.13831],[1.77673,49.13771],[1.77648,49.1378],[1.77622,49.13786],[1.77549,49.13719],[1.77495,49.13645],[1.77553,49.13609],[1.77466,49.13538],[1.77358,49.13592],[1.7732,49.13565],[1.77167,49.13637],[1.77133,49.13607],[1.7713,49.13552],[1.76964,49.13393],[1.76931,49.1341],[1.76794,49.13311],[1.76641,49.13189],[1.76303,49.13393],[1.76137,49.13504],[1.75873,49.13297],[1.758,49.13256],[1.75747,49.1328],[1.7566,49.13331],[1.7559,49.13384],[1.7556,49.134],[1.7554,49.13408],[1.75521,49.13399],[1.75468,49.13366],[1.75444,49.13376],[1.75377,49.13421],[1.75165,49.13523],[1.75089,49.13533],[1.75002,49.13604],[1.74921,49.13553],[1.74887,49.13579],[1.74856,49.13568],[1.74837,49.13556],[1.74784,49.13598],[1.74679,49.13698],[1.7467,49.13711],[1.74611,49.13703],[1.74548,49.13838],[1.74414,49.13815],[1.74151,49.13788],[1.74123,49.13789],[1.74084,49.13785],[1.74144,49.14061],[1.74191,49.14382],[1.7424,49.1451],[1.74253,49.14514],[1.7423,49.14548],[1.74228,49.14557],[1.74214,49.14564],[1.74187,49.1457],[1.74167,49.14584],[1.74203,49.14684],[1.74312,49.14666],[1.74356,49.14654],[1.74386,49.14713],[1.74635,49.14673],[1.74749,49.14648],[1.74791,49.14635],[1.74876,49.14601],[1.74941,49.14583],[1.75198,49.14535],[1.75242,49.14527],[1.75276,49.14527],[1.75275,49.14753],[1.75257,49.1481],[1.75295,49.14816],[1.75391,49.14843],[1.7555,49.14875],[1.75604,49.14884],[1.75684,49.14893],[1.75635,49.14946],[1.75627,49.14962],[1.76756,49.15153],[1.76775,49.15158],[1.76783,49.15164],[1.76788,49.15159],[1.76794,49.15158],[1.76829,49.15171],[1.76934,49.15199],[1.77045,49.15223],[1.77053,49.15216],[1.77258,49.15268],[1.77309,49.15211],[1.77342,49.15214],[1.77372,49.15225],[1.77526,49.15309],[1.77529,49.1531],[1.77551,49.15297],[1.77574,49.15275],[1.77528,49.15259],[1.77457,49.15224],[1.77428,49.15213],[1.77451,49.15193],[1.77483,49.15197],[1.77527,49.15213],[1.77567,49.15223],[1.77611,49.15229],[1.77611,49.15223],[1.77641,49.15185],[1.77676,49.15129],[1.7773,49.1512],[1.7767,49.15095],[1.77678,49.1509],[1.77709,49.15053],[1.77678,49.15044],[1.77619,49.15007],[1.77667,49.14969],[1.77698,49.14977],[1.77736,49.14994],[1.77921,49.14881],[1.78057,49.1479],[1.78002,49.14755],[1.78375,49.14546],[1.78401,49.14539],[1.78403,49.14498]]]}},
{"type":"Feature","properties":{"ID":"COMMUNE_0000000009734529","INSEE_COM":"95120","INSEE_ARR":"3","INSEE_COL":"95D","INSEE_DEP":"95","INSEE_REG":"11","NOM":"Butry-sur-Oise","CL_DEPART":"Non","CL_REGION":"Non","SIREN_EPCI":"249500430","SIREN_SI":257500017,"NOM_SI":"S.E.D.I.F."},"geometry":{"type":"Polygon","coordinates":[[[2.20832,49.09105],[2.20635,49.08708],[2.20562,49.08592],[2.20527,49.08548],[2.20388,49.08415],[2.20187,49.08194],[2.20116,49.08071],[2.20038,49.07952],[2.19904,49.07804],[2.19814,49.07718],[2.19659,49.07581],[2.19546,49.07495],[2.1949,49.0746],[2.19338,49.07384],[2.19194,49.07511],[2.19187,49.07507],[2.19168,49.07525],[2.19115,49.07564],[2.19122,49.0757],[2.19096,49.07584],[2.19061,49.07562],[2.19015,49.07538],[2.18888,49.0762],[2.18868,49.0761],[2.18701,49.07726],[2.18779,49.07771],[2.18665,49.07854],[2.18525,49.07797],[2.18444,49.07745],[2.1842,49.07734],[2.1823,49.07669],[2.18186,49.07722],[2.18126,49.07784],[2.1799,49.0791],[2.17967,49.07937],[2.17961,49.07942],[2.17943,49.07946],[2.17804,49.08068],[2.17194,49.08665],[2.17177,49.08689],[2.17153,49.08757],[2.17216,49.08774],[2.17309,49.08805],[2.17444,49.08842],[2.17504,49.08753],[2.1764,49.08798],[2.17734,49.08676],[2.17743,49.08659],[2.18013,49.08752],[2.1807,49.08708],[2.18091,49.08697],[2.18145,49.08677],[2.18235,49.08625],[2.1837,49.08564],[2.18485,49.08643],[2.18525,49.08615],[2.18622,49.0869],[2.18923,49.08876],[2.18934,49.08887],[2.19091,49.08995],[2.19236,49.08927],[2.19239,49.08924],[2.19245,49.08924],[2.19476,49.08839],[2.19501,49.08832],[2.19515,49.08874],[2.1959,49.08978],[2.19611,49.09066],[2.19599,49.091],[2.19475,49.0921],[2.19451,49.09275],[2.19476,49.09278],[2.19502,49.09271],[2.19529,49.09233],[2.19592,49.09184],[2.19642,49.09267],[2.19705,49.09222],[2.19761,49.09207],[2.1999,49.09192],[2.20032,49.09192],[2.20078,49.09201],[2.20133,49.09235],[2.204,49.09179],[2.20553,49.09158],[2.20832,49.09105]]]}},
{"type":"Feature","properties":{"ID":"COMMUNE_0000000009735508","INSEE_COM":"95555","INSEE_ARR":"2","INSEE_COL":"95D","INSEE_DEP":"95","INSEE_REG":"11","NOM":"Saint-Gratien","CL_DEPART":"Non","CL_REGION":"Non","SIREN_EPCI":"200056380","SIREN_SI":257500017,"NOM_SI":"S.E.D.I.F."},"geometry":{"type":"Polygon","coordinates":[[[2.27384,48.97678],[2.27504,48.97621],[2.27579,48.97591],[2.27611,48.97582],[2.27647,48.97579],[2.27678,48.97583],[2.27808,48.9762],[2.28003,48.97651],[2.282,48.97695],[2.28235,48.97707],[2.2826,48.97721],[2.28263,48.97751],[2.2833,48.97748],[2.28962,48.97698],[2.28987,48.97722],[2.28984,48.97724],[2.28993,48.97733],[2.29114,48.97697],[2.29163,48.97677],[2.29164,48.97625],[2.29334,48.97638],[2.29349,48.97645],[2.29387,48.97652],[2.29409,48.97665],[2.2942,48.97668],[2.29447,48.97661],[2.29535,48.9762],[2.29565,48.97609],[2.29625,48.97598],[2.29702,48.97588],[2.29715,48.97583],[2.29764,48.975],[2.29598,48.97459],[2.29586,48.97455],[2.29569,48.9744],[2.2956,48.97428],[2.29559,48.97418],[2.29565,48.97303],[2.29559,48.97273],[2.29539,48.97243],[2.295,48.97217],[2.29397,48.97189],[2.29346,48.9717],[2.29315,48.97152],[2.29303,48.97141],[2.29298,48.97128],[2.29297,48.97116],[2.29302,48.97103],[2.29326,48.9707],[2.29359,48.97038],[2.29415,48.96995],[2.29498,48.96955],[2.29457,48.96955],[2.29408,48.96949],[2.29302,48.96914],[2.29293,48.96899],[2.29304,48.96878],[2.29432,48.96825],[2.29653,48.96742],[2.29733,48.967],[2.29815,48.96665],[2.29888,48.96631],[2.29209,48.96273],[2.29033,48.96171],[2.28893,48.95943],[2.28833,48.95838],[2.28836,48.95938],[2.28843,48.95983],[2.28827,48.95985],[2.28304,48.95945],[2.28278,48.96009],[2.28018,48.95968],[2.27997,48.95966],[2.27977,48.9597],[2.27986,48.95984],[2.27992,48.96008],[2.27973,48.9612],[2.27931,48.96118],[2.27923,48.96183],[2.27844,48.96184],[2.27654,48.96204],[2.27653,48.96349],[2.2761,48.96348],[2.27628,48.96404],[2.27547,48.96408],[2.27449,48.96405],[2.27419,48.96397],[2.27452,48.96501],[2.27526,48.96491],[2.27533,48.96525],[2.27396,48.96538],[2.27361,48.96544],[2.27421,48.96714],[2.27496,48.96699],[2.27528,48.9674],[2.27607,48.96854],[2.27507,48.96881],[2.27526,48.96924],[2.27381,48.96986],[2.27395,48.97012],[2.273,48.97031],[2.27354,48.97116],[2.27345,48.97116],[2.27405,48.97229],[2.2735,48.97243],[2.27355,48.97255],[2.27109,48.97306],[2.2722,48.97451],[2.27164,48.97484],[2.27339,48.97668],[2.27366,48.97659],[2.27384,48.97678]]]}},
{"type":"Feature","properties":{"ID":"COMMUNE_0000000009734550","INSEE_COM":"95592","INSEE_ARR":"3","INSEE_COL":"95D","INSEE_DEP":"95","INSEE_REG":"11","NOM":"Seraincourt","CL_DEPART":"Non","CL_REGION":"Non","SIREN_EPCI":"200035970","SIREN_SI":257801084,"NOM_SI":"SYNDICAT INTERCOMMUNAL DES EAUX DE LA VIOSNE, DE L’AUBETTE ET DE LA MONTCIENT (SIEVAM)"},"geometry":{"type":"Polygon","coordinates":[[[1.88174,49.01973],[1.88047,49.01993],[1.87986,49.01999],[1.87953,49.01995],[1.87941,49.01991],[1.87891,49.01988],[1.87856,49.01982],[1.87797,49.01958],[1.87755,49.01937],[1.87613,49.01795],[1.87564,49.01742],[1.87555,49.01725],[1.87555,49.01716],[1.87374,49.01784],[1.87161,49.01903],[1.87053,49.01954],[1.86992,49.01906],[1.86969,49.01878],[1.8684,49.0175],[1.86789,49.01669],[1.86763,49.01685],[1.86684,49.01632],[1.86327,49.01466],[1.86138,49.01401],[1.85928,49.01384],[1.85927,49.01403],[1.85969,49.01446],[1.86034,49.01499],[1.86047,49.01517],[1.86052,49.01532],[1.86036,49.016],[1.86028,49.01679],[1.86016,49.01724],[1.86045,49.01809],[1.86052,49.01814],[1.86111,49.01834],[1.86134,49.01832],[1.86143,49.0184],[1.86156,49.01905],[1.86175,49.01948],[1.86193,49.01967],[1.86217,49.02003],[1.86237,49.02017],[1.86267,49.02027],[1.86289,49.02044],[1.86292,49.02054],[1.86289,49.02071],[1.86327,49.02089],[1.8638,49.02125],[1.86398,49.02134],[1.86496,49.02163],[1.86517,49.02172],[1.86514,49.02179],[1.86493,49.02201],[1.8646,49.02223],[1.86335,49.02283],[1.86279,49.02306],[1.86199,49.02326],[1.86187,49.02324],[1.86176,49.02331],[1.86159,49.02335],[1.86003,49.02365],[1.85927,49.02383],[1.85959,49.025],[1.85944,49.02502],[1.8595,49.02552],[1.85969,49.02553],[1.85973,49.0258],[1.85976,49.02643],[1.85973,49.0265],[1.85982,49.02743],[1.85972,49.02798],[1.85939,49.02931],[1.85932,49.02992],[1.85912,49.03046],[1.85885,49.03139],[1.85879,49.03195],[1.8588,49.0324],[1.8583,49.03242],[1.85666,49.03237],[1.85592,49.03242],[1.855,49.03254],[1.85248,49.03316],[1.85216,49.0332],[1.85156,49.03321],[1.85107,49.03329],[1.85154,49.03443],[1.85186,49.03537],[1.85206,49.03534],[1.85259,49.03531],[1.8532,49.03518],[1.85379,49.0351],[1.85478,49.03506],[1.8553,49.03507],[1.85534,49.03563],[1.85516,49.03565],[1.85515,49.03663],[1.85554,49.03653],[1.85562,49.03654],[1.85576,49.03764],[1.85589,49.03764],[1.85652,49.03825],[1.85786,49.04047],[1.85909,49.04157],[1.86122,49.04915],[1.86152,49.04968],[1.86506,49.05749],[1.86586,49.05737],[1.86644,49.05733],[1.86666,49.05736],[1.86705,49.05723],[1.86724,49.05705],[1.86723,49.05687],[1.86714,49.05668],[1.8677,49.05655],[1.86768,49.05609],[1.86753,49.05528],[1.86753,49.05483],[1.86797,49.05484],[1.86796,49.05478],[1.86811,49.05478],[1.86884,49.05481],[1.86917,49.0548],[1.86924,49.05404],[1.8693,49.05397],[1.87243,49.05611],[1.87271,49.05564],[1.87498,49.05575],[1.87501,49.056],[1.8763,49.05548],[1.87916,49.05776],[1.87801,49.05821],[1.88095,49.06049],[1.88183,49.06022],[1.88308,49.05949],[1.88397,49.05887],[1.88403,49.05895],[1.88806,49.06186],[1.8889,49.06154],[1.89394,49.06385],[1.89352,49.06416],[1.89625,49.0663],[1.89689,49.06597],[1.89875,49.06509],[1.89921,49.06536],[1.8996,49.06488],[1.8997,49.06465],[1.89969,49.06426],[1.89966,49.06408],[1.89937,49.06335],[1.89959,49.06226],[1.89772,49.06176],[1.89911,49.06013],[1.90061,49.05862],[1.90132,49.05877],[1.90185,49.05801],[1.90194,49.0578],[1.902,49.05757],[1.902,49.05694],[1.90223,49.0562],[1.90289,49.05544],[1.90315,49.05505],[1.90342,49.05453],[1.90384,49.05353],[1.90609,49.05114],[1.90653,49.05123],[1.90818,49.04857],[1.90846,49.04818],[1.90572,49.04716],[1.90621,49.04652],[1.90659,49.04611],[1.90357,49.04485],[1.90296,49.04454],[1.90082,49.04335],[1.90176,49.04221],[1.89576,49.0405],[1.89129,49.03937],[1.89114,49.03931],[1.89417,49.03729],[1.89077,49.03628],[1.88817,49.03577],[1.88744,49.03558],[1.88646,49.03518],[1.88328,49.03371],[1.88456,49.03131],[1.88439,49.03113],[1.88457,49.03105],[1.88227,49.02823],[1.88215,49.02778],[1.88165,49.02564],[1.8817,49.0248],[1.88174,49.01973]]]}},
{"type":"Feature","properties":{"ID":"COMMUNE_0000000009733975","INSEE_COM":"60432","INSEE_ARR":"4","INSEE_COL":"60D","INSEE_DEP":"60","INSEE_REG":"32","NOM":"Mortefontaine","CL_DEPART":"Non","CL_REGION":"Non","SIREN_EPCI":"246000764","SIREN_SI":259500577,"NOM_SI":"S.I. D'EXPLOITATION DES CHAMPS CAPTANTS D'ASNIERES-SUR-OISE (S.I.E.C.C.A.O.)"},"geometry":{"type":"MultiPolygon","coordinates":[[[[2.58035,49.08966],[2.57906,49.09075],[2.57917,49.09081],[2.57883,49.09118],[2.57897,49.09141],[2.57911,49.09156],[2.57893,49.09159],[2.57872,49.09174],[2.57858,49.09198],[2.57808,49.09214],[2.57709,49.0926],[2.57654,49.09264],[2.57625,49.09277],[2.57507,49.09317],[2.57456,49.0934],[2.57383,49.09346],[2.57214,49.09338],[2.5731,49.09444],[2.57334,49.09434],[2.57325,49.09408],[2.57396,49.09373],[2.57437,49.09446],[2.57548,49.09431],[2.57592,49.09535],[2.57698,49.09636],[2.57762,49.09713],[2.57807,49.09673],[2.57908,49.09746],[2.57923,49.0977],[2.57974,49.09776],[2.58047,49.09731],[2.58098,49.0971],[2.5809,49.09699],[2.58127,49.0966],[2.58147,49.09644],[2.58188,49.09531],[2.58206,49.09537],[2.5826,49.09473],[2.58317,49.09506],[2.58327,49.0949],[2.58323,49.09489],[2.58336,49.09455],[2.58351,49.09438],[2.58341,49.09433],[2.58379,49.09407],[2.58425,49.09403],[2.58456,49.09405],[2.58514,49.09446],[2.58562,49.09431],[2.58544,49.09426],[2.58563,49.09395],[2.58662,49.09479],[2.58677,49.09471],[2.587,49.09492],[2.58715,49.09498],[2.58796,49.09548],[2.58883,49.09473],[2.58794,49.09384],[2.58755,49.0935],[2.5884,49.09292],[2.58825,49.09274],[2.58859,49.09252],[2.58855,49.0923],[2.58923,49.09212],[2.58964,49.09183],[2.58875,49.09146],[2.58821,49.09095],[2.58673,49.09036],[2.5871,49.08986],[2.58697,49.08982],[2.58788,49.08831],[2.5879,49.08822],[2.58783,49.08704],[2.58775,49.08705],[2.58662,49.08637],[2.58527,49.08504],[2.58466,49.08478],[2.58411,49.08518],[2.58224,49.08612],[2.58129,49.08677],[2.58251,49.08742],[2.58221,49.08778],[2.58346,49.0886],[2.58288,49.08872],[2.58216,49.08895],[2.58139,49.08926],[2.58135,49.08933],[2.58035,49.08966]]],[[[2.61938,49.09463],[2.61875,49.09482],[2.61834,49.09452],[2.61749,49.09412],[2.61671,49.09392],[2.61589,49.09389],[2.61533,49.09395],[2.61321,49.09456],[2.61305,49.09458],[2.61232,49.09457],[2.6118,49.09459],[2.61005,49.09497],[2.60981,49.09539],[2.60901,49.09605],[2.60842,49.0967],[2.60812,49.09697],[2.60611,49.09831],[2.60558,49.09857],[2.60483,49.0989],[2.60204,49.09988],[2.60163,49.10005],[2.60115,49.10035],[2.60053,49.10103],[2.60009,49.10145],[2.59989,49.10158],[2.59831,49.10239],[2.59799,49.10252],[2.59772,49.10256],[2.59742,49.10264],[2.5964,49.10297],[2.59595,49.10318],[2.59408,49.10421],[2.59337,49.10449],[2.59236,49.10484],[2.59153,49.10509],[2.59233,49.10588],[2.5955,49.10631],[2.59644,49.10652],[2.59719,49.10672],[2.59767,49.10692],[2.59821,49.10727],[2.59964,49.10863],[2.5996,49.10865],[2.59992,49.10897],[2.59939,49.10919],[2.59987,49.10965],[2.60022,49.10989],[2.59974,49.11011],[2.60039,49.11068],[2.59987,49.11094],[2.60013,49.11118],[2.59919,49.11183],[2.59884,49.11164],[2.59861,49.11161],[2.59772,49.11091],[2.59746,49.11112],[2.59698,49.11086],[2.59659,49.11115],[2.59658,49.11118],[2.59672,49.11126],[2.59553,49.11213],[2.59591,49.1125],[2.5961,49.11312],[2.59662,49.11359],[2.59603,49.11364],[2.59357,49.11484],[2.59342,49.11503],[2.59194,49.11556],[2.59162,49.11607],[2.59156,49.11748],[2.59042,49.11845],[2.58926,49.11934],[2.58891,49.11966],[2.58856,49.1202],[2.5881,49.12073],[2.58687,49.12119],[2.58451,49.12114],[2.58398,49.12162],[2.58427,49.12284],[2.58428,49.12309],[2.58444,49.12318],[2.58484,49.12364],[2.58462,49.12466],[2.58499,49.12565],[2.58721,49.12773],[2.58727,49.12786],[2.58746,49.12794],[2.58747,49.12819],[2.58743,49.1283],[2.58719,49.12863],[2.58716,49.12873],[2.58722,49.12933],[2.58694,49.12978],[2.58644,49.13033],[2.58642,49.13058],[2.58858,49.13002],[2.58905,49.12993],[2.58965,49.1305],[2.59029,49.13103],[2.5905,49.13115],[2.59145,49.13136],[2.59113,49.13232],[2.59148,49.13224],[2.59171,49.13228],[2.59191,49.13221],[2.59201,49.13221],[2.59209,49.13212],[2.59254,49.13202],[2.59303,49.13196],[2.59308,49.13122],[2.5935,49.13098],[2.5942,49.13075],[2.59472,49.13062],[2.59489,49.13054],[2.59614,49.13076],[2.59582,49.1313],[2.59567,49.13144],[2.59525,49.13169],[2.59554,49.132],[2.59474,49.13258],[2.59253,49.13435],[2.59149,49.13491],[2.58973,49.13562],[2.58755,49.13669],[2.58757,49.13687],[2.58784,49.13694],[2.58769,49.13732],[2.58757,49.13775],[2.58831,49.13809],[2.58748,49.13895],[2.58603,49.14018],[2.58673,49.14089],[2.58671,49.14093],[2.58734,49.14158],[2.58921,49.14325],[2.59086,49.14484],[2.58935,49.14575],[2.58884,49.14713],[2.58834,49.14979],[2.59358,49.1513],[2.59737,49.15242],[2.60112,49.15086],[2.60401,49.14956],[2.60758,49.148],[2.60775,49.1479],[2.60857,49.148],[2.61206,49.14828],[2.61567,49.14628],[2.61525,49.14528],[2.61486,49.14417],[2.61312,49.14267],[2.61228,49.14175],[2.61169,49.14117],[2.61726,49.1377],[2.61864,49.13665],[2.61955,49.13601],[2.62265,49.13354],[2.6231,49.13334],[2.62346,49.1331],[2.62373,49.13288],[2.624,49.13254],[2.62415,49.13226],[2.62424,49.13198],[2.62427,49.13177],[2.6242,49.13144],[2.62264,49.12937],[2.62245,49.12743],[2.62243,49.12739],[2.62222,49.12732],[2.62247,49.12717],[2.62231,49.12657],[2.62261,49.12619],[2.62232,49.1259],[2.62315,49.12545],[2.62301,49.12507],[2.62356,49.12421],[2.6238,49.12412],[2.62613,49.12433],[2.62648,49.12427],[2.62671,49.12404],[2.62678,49.1238],[2.62663,49.12378],[2.6266,49.12372],[2.62668,49.12366],[2.62678,49.12367],[2.62674,49.12333],[2.62663,49.12331],[2.62667,49.12312],[2.62664,49.12296],[2.62697,49.12277],[2.62695,49.12264],[2.6266,49.12258],[2.62661,49.12249],[2.62683,49.12242],[2.62706,49.1224],[2.6277,49.12251],[2.62781,49.12264],[2.62821,49.12261],[2.62837,49.12254],[2.62916,49.1225],[2.62933,49.12241],[2.63017,49.12223],[2.63229,49.12201],[2.63335,49.12201],[2.63356,49.12197],[2.63383,49.12196],[2.6342,49.12167],[2.63444,49.12161],[2.63467,49.12139],[2.63475,49.121],[2.63502,49.12042],[2.63508,49.12018],[2.63554,49.11949],[2.63556,49.11935],[2.63617,49.11861],[2.63665,49.11703],[2.6366,49.11687],[2.63672,49.11671],[2.63721,49.11679],[2.63735,49.11687],[2.6379,49.11654],[2.63836,49.11652],[2.63879,49.11664],[2.63892,49.11629],[2.63906,49.11542],[2.63804,49.11414],[2.63695,49.11377],[2.63669,49.11362],[2.63613,49.11307],[2.63471,49.11154],[2.63362,49.11046],[2.63322,49.10853],[2.63186,49.10659],[2.63207,49.1055],[2.63178,49.10472],[2.63118,49.10391],[2.63058,49.10322],[2.63099,49.10304],[2.63075,49.10279],[2.63022,49.1025],[2.62916,49.10281],[2.62899,49.10258],[2.62712,49.1025],[2.62769,49.10184],[2.62761,49.10179],[2.6269,49.10141],[2.62619,49.10113],[2.6253,49.10095],[2.62421,49.10059],[2.62474,49.10027],[2.62513,49.10013],[2.62493,49.09995],[2.6244,49.09971],[2.62481,49.09948],[2.62493,49.09927],[2.62498,49.09907],[2.62494,49.09887],[2.62469,49.0982],[2.62438,49.09789],[2.6241,49.09795],[2.62392,49.09777],[2.62349,49.09698],[2.62307,49.09605],[2.62209,49.0948],[2.62008,49.09528],[2.61938,49.09463]]]]}},
{"type":"Feature","properties":{"ID":"COMMUNE_0000000009735521","INSEE_COM":"95018","INSEE_ARR":"1","INSEE_COL":"95D","INSEE_DEP":"95","INSEE_REG":"11","NOM":"Argenteuil","CL_DEPART":"Non","CL_REGION":"Non","SIREN_EPCI":"200054781/200057990","SIREN_SI":257500017,"NOM_SI":"S.E.D.I.F."},"geometry":{"type":"Polygon","coordinates":[[[2.28833,48.95838],[2.28972,48.95586],[2.29228,48.95139],[2.29183,48.95127],[2.29097,48.95097],[2.28792,48.95071],[2.28505,48.95037],[2.28149,48.94975],[2.279,48.94904],[2.27508,48.948],[2.27247,48.9474],[2.27067,48.94706],[2.26909,48.94669],[2.26861,48.94653],[2.26671,48.94573],[2.26518,48.94498],[2.26316,48.9442],[2.26178,48.94376],[2.26092,48.94344],[2.25982,48.94295],[2.25898,48.94254],[2.25791,48.94192],[2.25708,48.94137],[2.25558,48.94019],[2.251,48.93832],[2.24727,48.9366],[2.24587,48.93583],[2.24264,48.93342],[2.24177,48.93285],[2.23888,48.93156],[2.23768,48.93108],[2.23609,48.9304],[2.23301,48.92877],[2.23114,48.92773],[2.22786,48.93042],[2.22566,48.92921],[2.22444,48.9308],[2.22458,48.93084],[2.22322,48.93293],[2.22328,48.93297],[2.222,48.93463],[2.22173,48.93466],[2.22113,48.93478],[2.22002,48.93485],[2.2197,48.93484],[2.2172,48.93597],[2.21743,48.93652],[2.21729,48.93722],[2.21625,48.9369],[2.21605,48.93716],[2.21589,48.93716],[2.21586,48.93737],[2.21551,48.93736],[2.21515,48.93721],[2.21505,48.9374],[2.21411,48.93705],[2.21354,48.9377],[2.21352,48.93776],[2.21319,48.93765],[2.21103,48.93802],[2.21034,48.938],[2.21036,48.93893],[2.20832,48.939],[2.20829,48.93957],[2.20731,48.93948],[2.2069,48.93942],[2.20692,48.94038],[2.20681,48.94138],[2.20664,48.94129],[2.20609,48.94065],[2.20576,48.94135],[2.20528,48.9414],[2.20536,48.9421],[2.20563,48.94298],[2.20601,48.94463],[2.20608,48.94613],[2.20627,48.94612],[2.20595,48.94952],[2.20587,48.94986],[2.20585,48.95041],[2.20534,48.95595],[2.20485,48.95601],[2.20332,48.95657],[2.20418,48.95769],[2.20444,48.95797],[2.20496,48.95838],[2.20521,48.95873],[2.2065,48.96027],[2.21149,48.96475],[2.21279,48.96407],[2.21352,48.96373],[2.21635,48.96671],[2.21725,48.96764],[2.21778,48.96812],[2.2185,48.96901],[2.21875,48.96889],[2.21951,48.96953],[2.22014,48.97015],[2.22065,48.97003],[2.22272,48.97242],[2.22312,48.97233],[2.22407,48.97194],[2.2251,48.97129],[2.22543,48.97112],[2.22573,48.97103],[2.23037,48.97013],[2.23024,48.96955],[2.23117,48.96879],[2.23141,48.96842],[2.23175,48.96749],[2.23304,48.96788],[2.23375,48.968],[2.23461,48.9682],[2.23556,48.96832],[2.23608,48.9683],[2.23657,48.96822],[2.23762,48.96793],[2.23805,48.96772],[2.23839,48.96763],[2.2387,48.9675],[2.24014,48.9672],[2.24045,48.96717],[2.24105,48.96688],[2.24149,48.9669],[2.24205,48.96681],[2.24245,48.96672],[2.24278,48.96658],[2.24303,48.96685],[2.24352,48.96723],[2.24363,48.96713],[2.24378,48.96707],[2.24453,48.96695],[2.24446,48.96687],[2.24535,48.96673],[2.24537,48.96678],[2.24564,48.9667],[2.24592,48.96668],[2.24588,48.96659],[2.24692,48.96631],[2.24735,48.96612],[2.24733,48.9661],[2.24807,48.9659],[2.24941,48.96533],[2.24927,48.96525],[2.24818,48.96416],[2.24912,48.96397],[2.24909,48.96388],[2.25002,48.9637],[2.24999,48.96365],[2.25363,48.96349],[2.2537,48.96369],[2.25441,48.96347],[2.2546,48.96373],[2.25471,48.9637],[2.25471,48.96367],[2.25516,48.9636],[2.25685,48.96342],[2.25694,48.96367],[2.2582,48.96352],[2.25879,48.96343],[2.25886,48.96342],[2.25895,48.96346],[2.26074,48.96295],[2.2611,48.96288],[2.26207,48.9626],[2.26325,48.96233],[2.26374,48.962],[2.26405,48.96215],[2.26447,48.96203],[2.2646,48.96216],[2.26505,48.96299],[2.26553,48.96291],[2.26563,48.96295],[2.26568,48.96311],[2.26573,48.96313],[2.26678,48.96311],[2.26779,48.96318],[2.26784,48.96345],[2.26781,48.96366],[2.26843,48.96385],[2.26881,48.96393],[2.26882,48.96395],[2.27116,48.96411],[2.27128,48.96417],[2.27134,48.9643],[2.27308,48.96424],[2.2731,48.96365],[2.27368,48.96378],[2.27449,48.96405],[2.27547,48.96408],[2.27628,48.96404],[2.2761,48.96348],[2.27653,48.96349],[2.27654,48.96204],[2.27844,48.96184],[2.27923,48.96183],[2.27931,48.96118],[2.27973,48.9612],[2.27992,48.96008],[2.27986,48.95984],[2.27977,48.9597],[2.27997,48.95966],[2.28018,48.95968],[2.28278,48.96009],[2.28304,48.95945],[2.28827,48.95985],[2.28843,48.95983],[2.28836,48.95938],[2.28833,48.95838]]]}},
{"type":"Feature","properties":{"ID":"COMMUNE_0000000009735011","INSEE_COM":"95527","INSEE_ARR":"2","INSEE_COL":"95D","INSEE_DEP":"95","INSEE_REG":"11","NOM":"Roissy-en-France","CL_DEPART":"Non","CL_REGION":"Non","SIREN_EPCI":"200055655","SIREN_SI":200091940,"NOM_SI":"SMAEP DAMONA"},"geometry":{"type":"Polygon","coordinates":[[[2.48935,49.00545],[2.4932,49.01544],[2.49356,49.01622],[2.49377,49.01661],[2.50003,49.02643],[2.50269,49.02577],[2.50262,49.02561],[2.50632,49.02485],[2.50726,49.02675],[2.50895,49.02649],[2.50981,49.02844],[2.50968,49.02872],[2.51867,49.02735],[2.5238,49.02699],[2.52918,49.02674],[2.52883,49.02437],[2.53131,49.02408],[2.53136,49.02419],[2.53494,49.02384],[2.53466,49.02171],[2.5354,49.02165],[2.53535,49.02068],[2.53476,49.01985],[2.53445,49.01986],[2.53428,49.01851],[2.53633,49.01844],[2.53737,49.01846],[2.5379,49.01644],[2.53832,49.01516],[2.5381,49.01509],[2.53881,49.01264],[2.54027,49.01167],[2.54074,49.01141],[2.54226,49.01166],[2.54485,49.01197],[2.54474,49.01369],[2.54522,49.01368],[2.54506,49.01469],[2.54908,49.01495],[2.54936,49.01339],[2.55009,49.01198],[2.55337,49.01191],[2.55349,49.01088],[2.55346,49.01014],[2.55308,49.00678],[2.54882,49.0067],[2.54926,49.00316],[2.54808,49.00309],[2.54782,49.00505],[2.54694,49.00502],[2.54695,49.00492],[2.54408,49.00475],[2.54404,49.00564],[2.54115,49.00566],[2.5412,49.00629],[2.53839,49.00622],[2.53837,49.00532],[2.53573,49.00525],[2.53548,49.00659],[2.53443,49.00625],[2.53219,49.00524],[2.53107,49.00311],[2.5302,49.0023],[2.53048,49.00198],[2.53044,49.00191],[2.52964,49.002],[2.52915,49.00043],[2.52787,49.00045],[2.52441,48.99625],[2.52323,48.99425],[2.52278,48.99214],[2.52045,48.99228],[2.52015,48.9911],[2.51892,48.99095],[2.5192,48.98784],[2.51692,48.98761],[2.51701,48.98611],[2.51656,48.98613],[2.51621,48.9861],[2.51226,48.98605],[2.51426,48.98294],[2.51449,48.98265],[2.51472,48.98223],[2.51053,48.98062],[2.51074,48.98038],[2.50923,48.97982],[2.50882,48.98059],[2.50634,48.98031],[2.50672,48.97988],[2.50486,48.97879],[2.50376,48.97947],[2.50188,48.97853],[2.50103,48.97915],[2.50002,48.97977],[2.50056,48.98065],[2.50058,48.98081],[2.50132,48.98181],[2.50182,48.98279],[2.5024,48.98411],[2.50395,48.98677],[2.50285,48.98703],[2.50113,48.98728],[2.50003,48.98748],[2.4995,48.98763],[2.49836,48.98805],[2.49662,48.98841],[2.49533,48.98875],[2.49491,48.98895],[2.49358,48.98977],[2.49321,48.9899],[2.49133,48.99007],[2.49074,48.99018],[2.48939,48.99051],[2.48865,48.99061],[2.48851,48.99072],[2.48785,48.99046],[2.48871,48.99567],[2.48618,48.99602],[2.48406,48.99668],[2.48576,48.99933],[2.48685,48.999],[2.48796,48.99887],[2.48851,49.00014],[2.4886,49.00014],[2.4886,49.00022],[2.48928,49.0002],[2.48926,49.00101],[2.48913,49.00097],[2.48917,49.00116],[2.48877,49.00113],[2.48912,49.00195],[2.48898,49.00194],[2.48903,49.0021],[2.48812,49.0022],[2.48901,49.0045],[2.48904,49.00464],[2.489,49.00477],[2.48935,49.00545]]]}},
{"type":"Feature","properties":{"ID":"COMMUNE_0000000009733991","INSEE_COM":"95480","INSEE_ARR":"3","INSEE_COL":"95D","INSEE_DEP":"95","INSEE_REG":"11","NOM":"Parmain","CL_DEPART":"Non","CL_REGION":"Non","SIREN_EPCI":"249500455","SIREN_SI":259500338,"NOM_SI":"S.I. POUR L'ALIMENTATION EN EAU POTABLE DE LA REGION DE L'ISLE-ADAM"},"geometry":{"type":"Polygon","coordinates":[[[2.1809,49.1086],[2.18218,49.10916],[2.18245,49.10904],[2.18385,49.10948],[2.18335,49.10964],[2.1835,49.10977],[2.18418,49.11018],[2.18374,49.11035],[2.1843,49.11038],[2.18513,49.11068],[2.18475,49.11097],[2.18528,49.11138],[2.18548,49.11173],[2.18567,49.11198],[2.18545,49.1121],[2.18627,49.11244],[2.18828,49.11319],[2.18843,49.11324],[2.18916,49.1133],[2.18941,49.11337],[2.19294,49.11493],[2.19326,49.11473],[2.19462,49.11572],[2.19493,49.11556],[2.19517,49.11572],[2.19592,49.11526],[2.19923,49.11794],[2.19943,49.11819],[2.19708,49.1195],[2.19779,49.11986],[2.19637,49.12123],[2.19757,49.12191],[2.19611,49.12347],[2.1952,49.12395],[2.19507,49.12384],[2.19418,49.1243],[2.19575,49.12572],[2.19459,49.1262],[2.1934,49.12674],[2.19349,49.12682],[2.1926,49.12721],[2.19252,49.12713],[2.19219,49.12726],[2.19306,49.12797],[2.19366,49.12854],[2.19317,49.12894],[2.19318,49.12947],[2.1931,49.1295],[2.1925,49.12992],[2.19287,49.13016],[2.19348,49.13049],[2.19332,49.13061],[2.19339,49.13075],[2.19409,49.13128],[2.19143,49.13292],[2.19307,49.13469],[2.1908,49.13542],[2.19114,49.13556],[2.19079,49.1358],[2.19059,49.13599],[2.19007,49.13674],[2.18976,49.13777],[2.18983,49.13782],[2.19002,49.13785],[2.19005,49.13789],[2.18971,49.13876],[2.18961,49.13937],[2.18979,49.13973],[2.19015,49.14171],[2.18993,49.14189],[2.19052,49.14225],[2.1927,49.14265],[2.19469,49.14298],[2.19765,49.14355],[2.19707,49.14477],[2.19572,49.14803],[2.19483,49.14997],[2.19233,49.15574],[2.19809,49.15661],[2.19846,49.15665],[2.20078,49.15419],[2.20549,49.14898],[2.20531,49.14886],[2.20965,49.1458],[2.21019,49.14523],[2.21068,49.14483],[2.21095,49.14456],[2.21133,49.14412],[2.21181,49.14346],[2.21174,49.14309],[2.21184,49.14268],[2.21174,49.14113],[2.21185,49.14055],[2.21206,49.14021],[2.21213,49.13977],[2.2115,49.13839],[2.2116,49.13837],[2.21116,49.13767],[2.21143,49.13735],[2.21159,49.13705],[2.21193,49.1367],[2.21195,49.13614],[2.21202,49.13586],[2.21199,49.13558],[2.21143,49.13419],[2.2113,49.13372],[2.21172,49.13348],[2.2119,49.13334],[2.21211,49.13311],[2.21217,49.13291],[2.21213,49.13282],[2.21173,49.13242],[2.21154,49.1321],[2.21146,49.13181],[2.21145,49.13137],[2.21136,49.13109],[2.21242,49.131],[2.21246,49.13004],[2.21264,49.13023],[2.2134,49.13008],[2.21324,49.12969],[2.21422,49.12944],[2.21547,49.12905],[2.21523,49.12889],[2.21499,49.12838],[2.21504,49.12813],[2.21498,49.1276],[2.21485,49.12732],[2.21458,49.12691],[2.21474,49.12671],[2.21313,49.12594],[2.2129,49.1258],[2.21356,49.12559],[2.2138,49.1255],[2.21389,49.12544],[2.21439,49.12536],[2.21467,49.12522],[2.21485,49.12532],[2.21493,49.12531],[2.21528,49.12513],[2.2158,49.12493],[2.21726,49.12396],[2.21659,49.12331],[2.21595,49.12275],[2.21521,49.12217],[2.21453,49.12192],[2.21376,49.1217],[2.21337,49.1215],[2.21284,49.12116],[2.21245,49.12077],[2.21233,49.12061],[2.21178,49.11959],[2.21132,49.11712],[2.21128,49.11628],[2.21121,49.11593],[2.21054,49.11497],[2.20964,49.11306],[2.20937,49.11212],[2.20889,49.10943],[2.20902,49.10859],[2.20884,49.10579],[2.20885,49.10507],[2.20897,49.10257],[2.20912,49.10099],[2.20925,49.09993],[2.20975,49.09738],[2.20982,49.09666],[2.2097,49.09554],[2.20925,49.09351],[2.20859,49.09363],[2.20823,49.0935],[2.20812,49.0935],[2.20797,49.09358],[2.20794,49.09378],[2.20784,49.09388],[2.20754,49.09396],[2.20734,49.09391],[2.20691,49.09373],[2.20686,49.09373],[2.20677,49.09382],[2.20665,49.09383],[2.20653,49.09365],[2.2064,49.09362],[2.20622,49.09363],[2.20615,49.09348],[2.20597,49.09345],[2.20585,49.09346],[2.20586,49.09364],[2.20577,49.0937],[2.20564,49.09365],[2.2053,49.09377],[2.20524,49.09371],[2.20529,49.09351],[2.20526,49.09348],[2.20486,49.09352],[2.20476,49.0935],[2.20448,49.09333],[2.20433,49.09333],[2.20419,49.0934],[2.20417,49.09349],[2.20424,49.09367],[2.20368,49.09364],[2.20366,49.09386],[2.20351,49.09389],[2.20316,49.09376],[2.20331,49.09438],[2.203,49.0944],[2.20027,49.09479],[2.20071,49.0953],[2.20052,49.09536],[2.20038,49.09513],[2.2003,49.09509],[2.20009,49.09483],[2.20001,49.09479],[2.19911,49.0947],[2.19866,49.09462],[2.19848,49.09467],[2.19834,49.0948],[2.19798,49.09532],[2.19747,49.09571],[2.1952,49.09733],[2.19418,49.09798],[2.1936,49.09841],[2.19337,49.09851],[2.19193,49.09949],[2.19123,49.10005],[2.18979,49.10087],[2.18879,49.10125],[2.18867,49.10139],[2.18855,49.10163],[2.18878,49.10329],[2.18902,49.10397],[2.18901,49.10425],[2.18894,49.10448],[2.18855,49.1041],[2.18798,49.10373],[2.18745,49.10349],[2.18692,49.10319],[2.18647,49.10289],[2.18623,49.10289],[2.18564,49.10297],[2.1865,49.1042],[2.18668,49.10466],[2.18669,49.10477],[2.18658,49.10506],[2.18636,49.10546],[2.18629,49.10567],[2.18627,49.10628],[2.18608,49.10646],[2.18568,49.1067],[2.18561,49.10678],[2.18561,49.10694],[2.18437,49.10691],[2.18363,49.10697],[2.18351,49.10713],[2.18331,49.10731],[2.18228,49.1078],[2.18156,49.10805],[2.18134,49.10816],[2.1809,49.1086]]]}},
{"type":"Feature","properties":{"ID":"COMMUNE_0000000009734017","INSEE_COM":"95169","INSEE_ARR":"3","INSEE_COL":"95D","INSEE_DEP":"95","INSEE_REG":"11","NOM":"Commeny","CL_DEPART":"Non","CL_REGION":"Non","SIREN_EPCI":"200035970","SIREN_SI":259501278,"NOM_SI":"SYNDICAT INTERCOMMUNAL DES EAUX DE LA VIOSNE, DE L’AUBETTE ET DE LA MONTCIENT (SIEVAM)"},"geometry":{"type":"Polygon","coordinates":[[[1.86703,49.13828],[1.87036,49.13966],[1.87079,49.13993],[1.87157,49.1405],[1.87224,49.1407],[1.87271,49.14067],[1.87316,49.14011],[1.87468,49.14066],[1.87539,49.13998],[1.87655,49.13862],[1.87672,49.13836],[1.87942,49.1389],[1.8794,49.13897],[1.87986,49.13905],[1.87997,49.13867],[1.88056,49.13877],[1.88116,49.13781],[1.88288,49.13792],[1.88249,49.13779],[1.88301,49.1367],[1.88408,49.13693],[1.88537,49.13461],[1.88444,49.13441],[1.88524,49.13298],[1.88797,49.13354],[1.88814,49.13362],[1.88827,49.13344],[1.8883,49.13319],[1.88981,49.13362],[1.89139,49.13278],[1.89268,49.13347],[1.8935,49.13308],[1.89199,49.13228],[1.89606,49.13027],[1.89551,49.12982],[1.89437,49.1292],[1.89652,49.12765],[1.89894,49.12827],[1.89967,49.1284],[1.90068,49.12854],[1.90139,49.12856],[1.90183,49.12852],[1.90283,49.12832],[1.90361,49.12823],[1.90366,49.12817],[1.90396,49.12802],[1.90431,49.12802],[1.90517,49.12815],[1.90588,49.12819],[1.90789,49.12791],[1.90858,49.12788],[1.90914,49.12776],[1.9098,49.12754],[1.91064,49.12695],[1.91104,49.12655],[1.91117,49.12646],[1.9117,49.12635],[1.91198,49.12632],[1.91237,49.12633],[1.9138,49.12651],[1.9143,49.1266],[1.9151,49.12682],[1.91518,49.12674],[1.91425,49.12599],[1.9136,49.12533],[1.91341,49.12521],[1.91106,49.1253],[1.90987,49.12531],[1.90956,49.12515],[1.90895,49.12547],[1.9081,49.12516],[1.9076,49.12493],[1.90715,49.12467],[1.9068,49.1244],[1.90663,49.12422],[1.90607,49.12336],[1.9059,49.12325],[1.90549,49.12308],[1.90546,49.12303],[1.90548,49.12299],[1.90566,49.12299],[1.90587,49.12303],[1.90608,49.12303],[1.90629,49.12297],[1.90684,49.12327],[1.90871,49.12169],[1.90893,49.12134],[1.90904,49.1209],[1.90842,49.11981],[1.90884,49.11962],[1.90879,49.11938],[1.91054,49.11823],[1.91554,49.11515],[1.91319,49.11265],[1.91415,49.11256],[1.91432,49.1125],[1.91696,49.11111],[1.91385,49.10798],[1.91158,49.10887],[1.90925,49.1099],[1.90541,49.11151],[1.9049,49.1117],[1.90444,49.11183],[1.90317,49.11239],[1.90249,49.11265],[1.90046,49.11353],[1.89818,49.11458],[1.89639,49.11524],[1.89299,49.11663],[1.89048,49.11454],[1.88983,49.11488],[1.88934,49.11509],[1.88724,49.11621],[1.88708,49.11628],[1.88681,49.11605],[1.88135,49.11868],[1.8832,49.1201],[1.88355,49.12064],[1.88258,49.12106],[1.88099,49.12168],[1.87984,49.12226],[1.87952,49.12246],[1.87908,49.12268],[1.87893,49.12273],[1.87807,49.12291],[1.87741,49.12314],[1.87564,49.12387],[1.87381,49.12472],[1.87266,49.12518],[1.87506,49.12694],[1.87564,49.12695],[1.87666,49.1271],[1.87751,49.12715],[1.87078,49.13],[1.86864,49.13115],[1.86849,49.13104],[1.86597,49.13242],[1.86655,49.13282],[1.86812,49.13381],[1.86913,49.13528],[1.86794,49.13641],[1.86753,49.13752],[1.86736,49.13785],[1.86703,49.13828]]]}}
]
}
